scenario,scenario_name,run_id,seed,submitted_tx,routed_tx,finality_certificates,receipts,reward_events,total_reward,quarantine_events,reconfiguration_events,evidence_events,active_validators,quarantined_validators,finality_success_rate,receipt_success_rate,throughput,mean_finality_latency,mean_receipt_latency,cross_shard_ratio,shard1_load,shard2_load,shard_load_std,reward_gini,reward_hhi,owner_concentration,nakamoto_coefficient,malicious_committee_probability
Q1,Normal Qtum mobile contract request,1,5436,182,182,177,176,528,2640,0,2,541,12,0,97.2527,96.7033,1.76,17.6156,23.1524,9.3407,77.5842,77.3748,0.1047,25.0,30.0072,39.5455,1,0.0
Q1,Normal Qtum mobile contract request,2,5437,232,232,230,227,681,3405,0,2,694,12,0,99.1379,97.8448,2.27,17.6737,23.2295,11.2069,99.0904,98.9244,0.083,41.1674,42.109,60.0,1,0.0
Q1,Normal Qtum mobile contract request,3,5438,200,200,197,196,588,2940,0,2,597,12,0,98.5,98.0,1.96,17.4995,23.0425,9.0,100.8366,100.178,0.3293,26.9048,22.0023,30.3061,2,0.0
Q1,Normal Qtum mobile contract request,4,5439,244,244,240,233,699,3495,0,2,728,12,0,98.3607,95.4918,2.33,17.7165,23.1901,10.2459,92.6465,92.3747,0.1359,32.1717,28.0074,39.5708,1,0.0
Q1,Normal Qtum mobile contract request,5,5440,240,240,237,232,696,3480,0,2,717,12,0,98.75,96.6667,2.32,17.8302,23.3373,13.75,105.3738,104.9834,0.1952,27.4713,22.0262,31.0345,2,0.0
Q1,Normal Qtum mobile contract request,6,5441,211,211,207,205,615,3075,0,2,629,12,0,98.1043,97.1564,2.05,17.6403,23.0404,11.3744,103.904,103.375,0.2645,28.6016,22.1513,32.4878,2,0.0
Q1,Normal Qtum mobile contract request,7,5442,235,235,233,231,693,3465,0,2,703,12,0,99.1489,98.2979,2.31,17.3981,22.9664,11.0638,92.6177,92.6752,0.0288,28.9899,22.2181,32.987,2,0.0
Q1,Normal Qtum mobile contract request,8,5443,201,201,201,198,594,2970,0,2,603,12,0,100.0,98.5075,1.98,17.6403,23.0827,10.4478,88.046,88.6682,0.3111,32.0808,28.0016,39.798,1,0.0
Q1,Normal Qtum mobile contract request,9,5444,191,191,190,185,555,2775,0,2,572,12,0,99.4764,96.8586,1.85,17.7612,23.1658,14.1361,83.5699,83.8618,0.1459,32.4757,28.0566,41.1892,1,0.0
Q1,Normal Qtum mobile contract request,10,5445,251,251,248,245,735,3675,0,2,750,12,0,98.8048,97.6096,2.45,17.6574,23.1904,12.749,95.8869,95.9262,0.0196,30.1905,22.5018,34.5306,1,0.0
Q1,Normal Qtum mobile contract request,11,5446,211,211,207,204,612,3060,0,2,629,12,0,98.1043,96.6825,2.04,17.7941,23.2993,13.7441,86.9091,87.0084,0.0496,32.6275,28.0984,41.5686,1,0.0
Q1,Normal Qtum mobile contract request,12,5447,218,218,214,208,624,3120,0,2,650,12,0,98.1651,95.4128,2.08,17.9897,23.5263,16.055,107.938,108.1367,0.0994,40.7692,42.0473,60.0,1,0.0
Q1,Normal Qtum mobile contract request,13,5448,257,257,254,249,747,3735,0,2,768,12,0,98.8327,96.8872,2.49,17.6341,23.1567,11.284,98.9303,99.3535,0.2116,29.5716,22.341,33.7349,1,0.0
Q1,Normal Qtum mobile contract request,14,5449,193,193,192,187,561,2805,0,2,578,12,0,99.4819,96.8912,1.87,17.2633,22.7322,6.7358,78.2338,78.251,0.0086,29.287,22.2774,33.369,1,0.0
Q1,Normal Qtum mobile contract request,15,5450,207,207,207,198,594,2970,0,2,621,12,0,100.0,95.6522,1.98,17.6849,23.2567,12.5604,81.9471,82.4005,0.2267,32.8081,28.1632,37.9798,1,0.0
Q1,Normal Qtum mobile contract request,16,5451,219,219,215,215,645,3225,0,2,653,12,0,98.1735,98.1735,2.15,17.57,23.1057,10.0457,80.9717,80.4914,0.2402,27.4264,22.0233,30.9767,2,0.0
Q1,Normal Qtum mobile contract request,17,5452,218,218,214,210,630,3150,0,2,650,12,0,98.1651,96.3303,2.1,17.5374,23.1348,7.3394,95.3934,95.5964,0.1015,30.8889,22.7204,35.4286,1,0.0
Q1,Normal Qtum mobile contract request,18,5453,239,239,236,234,702,3510,0,2,714,12,0,98.7448,97.9079,2.34,17.5975,23.0467,10.0418,85.1398,84.4648,0.3375,28.4615,22.1302,32.3077,2,0.0
Q1,Normal Qtum mobile contract request,19,5454,254,254,251,244,732,3660,0,2,759,12,0,98.8189,96.063,2.44,17.8886,23.4004,13.3858,109.7239,109.5866,0.0686,27.8142,22.0532,31.4754,2,0.0
Q1,Normal Qtum mobile contract request,20,5455,203,203,203,198,594,2970,0,2,609,12,0,100.0,97.5369,1.98,17.5671,22.9927,7.8818,97.5916,97.3269,0.1324,29.7306,22.3793,33.9394,1,0.0
Q1,Normal Qtum mobile contract request,21,5456,248,248,248,244,732,3660,0,2,744,12,0,100.0,98.3871,2.44,17.6155,23.0909,11.6935,102.0081,102.223,0.1074,42.7541,40.1185,60.0,1,0.0
Q1,Normal Qtum mobile contract request,22,5457,237,237,232,229,687,3435,0,2,706,12,0,97.8903,96.6245,2.29,17.9408,23.3753,14.7679,116.1136,115.2735,0.42,32.524,28.0686,41.31,1,0.0
Q1,Normal Qtum mobile contract request,23,5458,209,209,204,201,603,3015,0,2,622,12,0,97.6077,96.1722,2.01,17.5843,23.032,8.6124,84.2759,84.4831,0.1036,26.9453,24.6777,35.5224,1,0.0
Q1,Normal Qtum mobile contract request,24,5459,205,205,201,198,594,2970,0,2,611,12,0,98.0488,96.5854,1.98,17.5425,23.1076,12.6829,87.4841,87.0618,0.2111,25.7778,24.2469,33.3333,1,0.0
Q1,Normal Qtum mobile contract request,25,5460,181,181,176,172,516,2580,0,2,538,12,0,97.2376,95.0276,1.72,17.4549,23.0067,8.2873,81.1594,81.2464,0.0435,40.3721,40.0022,60.0,1,0.0
Q1,Normal Qtum mobile contract request,26,5461,221,221,219,216,648,3240,0,2,661,12,0,99.095,97.7376,2.16,17.7787,23.3696,13.5747,99.5236,99.3521,0.0858,32.284,23.275,37.2222,1,0.0
Q1,Normal Qtum mobile contract request,27,5462,221,221,216,212,636,3180,0,2,658,12,0,97.7376,95.9276,2.12,17.7387,23.1492,11.7647,92.805,92.3187,0.2432,25.0,30.8423,44.9057,1,0.0
Q1,Normal Qtum mobile contract request,28,5463,235,235,231,225,675,3375,0,2,701,12,0,98.2979,95.7447,2.25,17.6296,23.0902,8.9362,109.7761,109.2437,0.2662,28.0148,22.0734,31.7333,2,0.0
Q1,Normal Qtum mobile contract request,29,5464,237,237,232,230,690,3450,0,2,706,12,0,97.8903,97.0464,2.3,17.6704,23.1815,11.3924,95.8935,95.7671,0.0632,40.2783,40.0012,60.0,1,0.0
Q1,Normal Qtum mobile contract request,30,5465,259,259,255,246,738,3690,0,2,773,12,0,98.4556,94.9807,2.46,17.6645,23.1379,10.4247,112.2565,112.3481,0.0458,26.3415,24.4283,34.3902,1,0.0
Q1,Normal Qtum mobile contract request,31,5466,193,193,191,186,558,2790,0,2,577,12,0,98.9637,96.3731,1.86,17.7984,23.2273,13.4715,99.0144,98.6082,0.2031,28.4229,22.1246,32.2581,2,0.0
Q1,Normal Qtum mobile contract request,32,5467,255,255,252,247,741,3705,0,2,762,12,0,98.8235,96.8627,2.47,17.5771,23.0414,10.1961,102.9442,102.4168,0.2637,33.5223,28.5793,36.1943,1,0.0
Q1,Normal Qtum mobile contract request,33,5468,259,259,256,252,756,3780,0,2,774,12,0,98.8417,97.2973,2.52,17.7929,23.3003,14.2857,109.2108,108.8144,0.1982,32.381,28.0363,39.0476,1,0.0
Q1,Normal Qtum mobile contract request,34,5469,235,235,230,226,678,3390,0,2,700,12,0,97.8723,96.1702,2.26,17.5896,22.9763,11.4894,89.867,89.9253,0.0291,25.1327,24.1002,32.1239,2,0.0
Q1,Normal Qtum mobile contract request,35,5470,220,220,215,211,633,3165,0,2,655,12,0,97.7273,95.9091,2.11,17.7484,23.2253,14.0909,101.7581,101.3222,0.2179,25.0,30.3852,36.6825,1,0.0
Q1,Normal Qtum mobile contract request,36,5471,221,221,220,216,648,3240,0,2,662,12,0,99.5475,97.7376,2.16,17.5904,22.996,11.7647,93.2708,93.35,0.0396,44.1481,40.2689,60.0,1,0.0
Q1,Normal Qtum mobile contract request,37,5472,215,215,212,211,633,3165,0,2,642,12,0,98.6047,98.1395,2.11,17.5517,23.0891,11.1628,87.4333,87.0296,0.2018,41.4408,40.0324,60.0,1,0.0
Q1,Normal Qtum mobile contract request,38,5473,188,188,186,180,540,2700,0,2,562,12,0,98.9362,95.7447,1.8,17.7999,23.2696,10.6383,86.3429,86.4626,0.0598,33.6667,23.98,39.0,1,0.0
Q1,Normal Qtum mobile contract request,39,5474,205,205,204,199,597,2985,0,2,614,12,0,99.5122,97.0732,1.99,17.8733,23.2655,13.6585,79.236,78.7776,0.2292,24.402,24.0126,30.7538,2,0.0
Q1,Normal Qtum mobile contract request,40,5475,234,234,231,222,666,3330,0,2,699,12,0,98.7179,94.8718,2.22,17.449,22.9394,8.1197,100.3524,100.7741,0.2108,26.1622,24.3652,34.0541,1,0.0
Q1,Normal Qtum mobile contract request,41,5476,235,235,230,224,672,3360,0,2,700,12,0,97.8723,95.3191,2.24,17.7259,23.1382,11.4894,109.9715,110.235,0.1317,24.4286,24.0143,30.8036,2,0.0
Q1,Normal Qtum mobile contract request,42,5477,206,206,199,193,579,2895,0,2,611,12,0,96.6019,93.6893,1.93,17.5479,23.0475,10.6796,94.0958,94.0721,0.0118,32.1244,28.0039,39.6891,1,0.0
Q1,Normal Qtum mobile contract request,43,5478,237,237,236,230,690,3450,0,2,710,12,0,99.5781,97.0464,2.3,17.5587,23.0962,10.5485,105.04,105.5521,0.256,25.113,24.0968,32.087,2,0.0
Q1,Normal Qtum mobile contract request,44,5479,186,186,184,181,543,2715,0,2,556,12,0,98.9247,97.3118,1.81,18.2474,23.7823,18.2796,91.1412,91.5307,0.1947,35.0552,35.1358,46.7403,1,0.0
Q1,Normal Qtum mobile contract request,45,5480,234,234,231,228,684,3420,0,2,699,12,0,98.7179,97.4359,2.28,17.4738,22.8826,11.1111,101.2753,101.2535,0.0109,32.6023,23.4237,37.6316,1,0.0
Q1,Normal Qtum mobile contract request,46,5481,232,232,227,224,672,3360,0,2,691,12,0,97.8448,96.5517,2.24,17.7407,23.2762,10.7759,97.1085,97.2742,0.0829,26.0,24.3125,33.75,1,0.0
Q1,Normal Qtum mobile contract request,47,5482,193,193,190,184,552,2760,0,2,576,12,0,98.4456,95.3368,1.84,17.9115,23.395,13.4715,98.7903,98.7132,0.0385,32.1739,28.0076,40.4348,1,0.0
Q1,Normal Qtum mobile contract request,48,5483,188,188,186,183,549,2745,0,2,562,12,0,98.9362,97.3404,1.83,17.6574,23.1191,11.1702,93.0918,92.9834,0.0542,27.235,24.8176,36.0656,1,0.0
Q1,Normal Qtum mobile contract request,49,5484,195,195,190,188,564,2820,0,2,580,12,0,97.4359,96.4103,1.88,17.6942,23.1402,12.3077,95.0412,95.1648,0.0618,27.4043,24.9054,36.383,1,0.0
Q1,Normal Qtum mobile contract request,50,5485,243,243,242,240,720,3600,0,2,728,12,0,99.5885,98.7654,2.4,17.6476,23.1153,13.1687,93.0288,92.902,0.0634,26.9333,24.6722,35.5,1,0.0
Q1,Normal Qtum mobile contract request,51,5486,192,192,187,184,552,2760,0,2,571,12,0,97.3958,95.8333,1.84,17.6619,23.1705,10.9375,102.1462,101.7431,0.2016,24.5217,24.0213,30.9783,2,0.0
Q1,Normal Qtum mobile contract request,52,5487,250,250,247,239,717,3585,0,2,747,12,0,98.8,95.6,2.39,17.6729,23.1543,10.8,95.9395,95.6804,0.1296,29.6932,22.3701,33.8912,1,0.0
Q1,Normal Qtum mobile contract request,53,5488,195,195,192,188,564,2820,0,2,582,12,0,98.4615,96.4103,1.88,17.9605,23.4225,14.8718,91.5825,91.8047,0.1111,26.5532,24.5093,34.7872,1,0.0
Q1,Normal Qtum mobile contract request,54,5489,210,210,206,202,606,3030,0,2,626,12,0,98.0952,96.1905,2.02,17.6608,23.1637,11.4286,88.7151,88.9637,0.1243,33.7426,28.7591,44.3564,1,0.0
Q1,Normal Qtum mobile contract request,55,5490,226,226,221,217,651,3255,0,2,673,12,0,97.7876,96.0177,2.17,17.6314,23.0665,10.177,82.1818,82.6,0.2091,32.1843,28.0085,39.5392,1,0.0
Q1,Normal Qtum mobile contract request,56,5491,257,257,254,248,744,3720,0,2,768,12,0,98.8327,96.4981,2.48,17.639,23.126,12.8405,107.2732,107.5467,0.1368,33.0323,28.2664,37.4194,1,0.0
Q1,Normal Qtum mobile contract request,57,5492,260,260,258,250,750,3750,0,2,778,12,0,99.2308,96.1538,2.5,17.5875,23.0688,11.5385,96.0581,96.6429,0.2924,33.408,28.4956,43.52,1,0.0
Q1,Normal Qtum mobile contract request,58,5493,225,225,223,216,648,3240,0,2,673,12,0,99.1111,96.0,2.16,17.6777,23.1019,11.5556,104.8216,104.6208,0.1004,24.7407,24.0429,31.3889,2,0.0
Q1,Normal Qtum mobile contract request,59,5494,180,180,177,175,525,2625,0,2,537,12,0,98.3333,97.2222,1.75,18.0998,23.6439,17.2222,82.4537,82.9806,0.2635,34.3314,29.3589,45.8286,1,0.0
Q1,Normal Qtum mobile contract request,60,5495,190,190,186,181,543,2715,0,2,566,12,0,97.8947,95.2632,1.81,17.8013,23.2771,14.7368,89.7866,89.4555,0.1655,25.0,30.3594,36.7956,1,0.0
Q1,Normal Qtum mobile contract request,61,5496,224,224,219,211,633,3165,0,2,667,12,0,97.7679,94.1964,2.11,17.7334,23.2602,12.5,98.8579,99.1134,0.1278,30.316,22.5381,34.6919,1,0.0
Q1,Normal Qtum mobile contract request,62,5497,236,236,231,223,669,3345,0,2,703,12,0,97.8814,94.4915,2.23,17.5338,23.0262,11.4407,99.5845,99.2091,0.1877,33.4709,28.5409,36.3229,1,0.0
Q1,Normal Qtum mobile contract request,63,5498,192,192,187,180,540,2700,0,2,571,12,0,97.3958,93.75,1.8,17.9973,23.6055,18.2292,84.8663,84.4854,0.1904,27.1852,22.0109,30.6667,2,0.0
Q1,Normal Qtum mobile contract request,64,5499,183,183,181,176,528,2640,0,2,547,12,0,98.9071,96.1749,1.76,17.9039,23.5003,15.847,97.4172,97.6446,0.1137,26.9091,24.6612,35.4545,1,0.0
Q1,Normal Qtum mobile contract request,65,5500,214,214,210,204,612,3060,0,2,638,12,0,98.1308,95.3271,2.04,17.9313,23.5331,15.8879,100.6411,100.9194,0.1392,32.549,28.0754,41.3725,1,0.0
Q1,Normal Qtum mobile contract request,66,5501,233,233,224,215,645,3225,0,2,690,12,0,96.1373,92.2747,2.15,17.9167,23.5649,15.0215,98.1202,98.4535,0.1667,31.3333,22.88,36.0,1,0.0
Q1,Normal Qtum mobile contract request,67,5502,258,258,253,248,744,3720,0,2,769,12,0,98.062,96.124,2.48,17.8433,23.373,13.1783,103.2516,102.8723,0.1897,41.5484,40.0375,60.0,1,0.0
Q1,Normal Qtum mobile contract request,68,5503,236,236,232,227,681,3405,0,2,704,12,0,98.3051,96.1864,2.27,17.7237,23.2528,13.1356,100.3443,100.6845,0.1701,33.3744,28.4723,36.5639,1,0.0
Q1,Normal Qtum mobile contract request,69,5504,250,250,247,243,729,3645,0,2,747,12,0,98.8,97.2,2.43,17.8562,23.3837,13.6,105.4346,105.7896,0.1775,30.6036,22.6263,35.0617,1,0.0
Q1,Normal Qtum mobile contract request,70,5505,223,223,218,214,642,3210,0,2,664,12,0,97.7578,95.9641,2.14,17.7444,23.2839,12.1076,87.6868,88.1611,0.2372,27.757,22.048,31.4019,2,0.0
Q1,Normal Qtum mobile contract request,71,5506,241,241,238,237,711,3555,0,2,720,12,0,98.7552,98.3402,2.37,17.5509,23.0392,9.9585,97.7601,97.9808,0.1104,26.962,22.0035,30.3797,2,0.0
Q1,Normal Qtum mobile contract request,72,5507,223,223,217,212,636,3180,0,2,663,12,0,97.3094,95.0673,2.12,17.8897,23.397,13.9013,91.1613,91.1849,0.0118,32.5283,28.0698,38.6792,1,0.0
Q1,Normal Qtum mobile contract request,73,5508,223,223,216,214,642,3210,0,2,662,12,0,96.861,95.9641,2.14,17.6752,23.1088,12.5561,91.4943,91.9317,0.2187,32.5234,28.0685,38.6916,1,0.0
Q1,Normal Qtum mobile contract request,74,5509,181,181,181,176,528,2640,0,2,543,12,0,100.0,97.2376,1.76,17.6888,23.0849,10.4972,79.9373,79.8095,0.0639,30.6439,22.6392,35.1136,1,0.0
Q1,Normal Qtum mobile contract request,75,5510,231,231,225,220,660,3300,0,2,687,12,0,97.4026,95.2381,2.2,17.7114,23.2637,13.4199,101.8076,101.977,0.0847,33.3091,28.4284,43.2727,1,0.0
Q1,Normal Qtum mobile contract request,76,5511,236,236,233,230,690,3450,0,2,705,12,0,98.7288,97.4576,2.3,17.6049,23.0147,10.1695,91.1681,90.8885,0.1398,30.3188,22.539,34.6957,1,0.0
Q1,Normal Qtum mobile contract request,77,5512,187,187,186,185,555,2775,0,2,560,12,0,99.4652,98.9305,1.85,17.7334,23.2844,13.369,87.7046,88.4246,0.36,27.8018,22.0521,31.4595,2,0.0
Q1,Normal Qtum mobile contract request,78,5513,225,225,222,220,660,3300,0,2,672,12,0,98.6667,97.7778,2.2,17.92,23.5268,13.7778,105.0173,105.0104,0.0034,31.3333,22.88,36.0,1,0.0
Q1,Normal Qtum mobile contract request,79,5514,192,192,192,189,567,2835,0,2,576,12,0,100.0,98.4375,1.89,17.7502,23.3418,11.9792,90.6287,90.2845,0.1721,25.1005,24.0946,32.0635,2,0.0
Q1,Normal Qtum mobile contract request,80,5515,202,202,199,198,594,2970,0,2,603,12,0,98.5149,98.0198,1.98,17.864,23.3625,12.3762,104.9559,105.13,0.087,32.0808,28.0016,39.798,1,0.0
Q1,Normal Qtum mobile contract request,81,5516,203,203,199,193,579,2895,0,2,605,12,0,98.0296,95.0739,1.93,17.6496,23.0271,10.3448,100.3974,100.4708,0.0367,33.658,28.6533,36.0622,1,0.0
Q1,Normal Qtum mobile contract request,82,5517,221,221,218,215,645,3225,0,2,660,12,0,98.6425,97.2851,2.15,17.665,23.2753,9.0498,91.112,91.0144,0.0488,32.6357,23.4397,37.6744,1,0.0
Q1,Normal Qtum mobile contract request,83,5518,243,243,239,236,708,3540,0,2,725,12,0,98.3539,97.1193,2.36,17.5992,23.0782,10.6996,102.8293,102.8408,0.0058,34.1808,24.2815,39.661,1,0.0
Q1,Normal Qtum mobile contract request,84,5519,257,257,251,248,744,3720,0,2,765,12,0,97.6654,96.4981,2.48,17.6837,23.2253,12.8405,116.9888,117.4274,0.2193,32.3226,28.026,40.8065,1,0.0
Q1,Normal Qtum mobile contract request,85,5520,236,236,234,228,684,3420,0,2,706,12,0,99.1525,96.6102,2.28,17.8155,23.3412,12.7119,104.4624,104.9566,0.2471,24.9825,24.0754,31.8421,2,0.0
Q1,Normal Qtum mobile contract request,86,5521,180,180,179,175,525,2625,0,2,539,12,0,99.4444,97.2222,1.75,17.7937,23.2933,11.1111,85.8274,86.0802,0.1264,33.0514,28.2764,37.3714,1,0.0
Q1,Normal Qtum mobile contract request,87,5522,180,180,176,171,513,2565,0,2,536,12,0,97.7778,95.0,1.71,17.6707,23.0851,11.6667,76.5813,76.2461,0.1676,41.7778,40.0494,60.0,1,0.0
Q1,Normal Qtum mobile contract request,88,5523,225,225,223,220,660,3300,0,2,673,12,0,99.1111,97.7778,2.2,17.7165,23.2368,10.2222,100.198,100.5027,0.1523,33.3818,28.4774,43.4545,1,0.0
Q1,Normal Qtum mobile contract request,89,5524,210,210,208,203,609,3045,0,2,628,12,0,99.0476,96.6667,2.03,17.8647,23.4073,13.3333,96.6852,96.7034,0.0091,32.9064,28.2054,37.734,1,0.0
Q1,Normal Qtum mobile contract request,90,5525,233,233,231,224,672,3360,0,2,697,12,0,99.1416,96.1373,2.24,17.6484,23.205,12.0172,105.6914,105.4792,0.1061,32.0714,28.0013,39.8214,1,0.0
Q1,Normal Qtum mobile contract request,91,5526,238,238,235,233,699,3495,0,2,711,12,0,98.7395,97.8992,2.33,17.5478,23.1161,9.6639,104.8789,104.6404,0.1192,33.2017,28.361,43.0043,1,0.0
Q1,Normal Qtum mobile contract request,92,5527,217,217,214,211,633,3165,0,2,648,12,0,98.6175,97.235,2.11,17.6084,23.1383,11.0599,80.9062,80.5438,0.1812,26.7773,22.0005,30.1422,2,0.0
Q1,Normal Qtum mobile contract request,93,5528,239,239,234,230,690,3450,0,2,712,12,0,97.9079,96.2343,2.3,17.5268,22.9972,9.6234,106.9186,106.6557,0.1314,32.9739,28.2371,42.4348,1,0.0
Q1,Normal Qtum mobile contract request,94,5529,236,236,231,224,672,3360,0,2,703,12,0,97.8814,94.9153,2.24,17.5149,23.0316,9.322,114.7419,114.8376,0.0479,32.1429,28.0051,40.3571,1,0.0
Q1,Normal Qtum mobile contract request,95,5530,208,208,207,206,618,3090,0,2,623,12,0,99.5192,99.0385,2.06,17.7725,23.0517,12.5,84.8993,84.5231,0.1881,32.6214,28.0965,38.4466,1,0.0
Q1,Normal Qtum mobile contract request,96,5531,228,228,223,220,660,3300,0,2,679,12,0,97.807,96.4912,2.2,17.6249,23.0714,10.0877,98.3118,98.017,0.1474,27.0909,22.0073,30.5455,2,0.0
Q1,Normal Qtum mobile contract request,97,5532,251,251,244,240,720,3600,0,2,746,12,0,97.2112,95.6175,2.4,17.7447,23.2493,14.3426,110.354,110.4802,0.0631,30.5556,22.6111,35.0,1,0.0
Q1,Normal Qtum mobile contract request,98,5533,251,251,251,241,723,3615,0,2,753,12,0,100.0,96.0159,2.41,17.7724,23.1795,13.1474,94.7324,94.3295,0.2014,30.0553,22.464,34.3568,1,0.0
Q1,Normal Qtum mobile contract request,99,5534,218,218,215,209,627,3135,0,2,651,12,0,98.6239,95.8716,2.09,17.7709,23.2734,12.3853,92.2029,91.708,0.2474,42.5263,40.0997,60.0,1,0.0
Q1,Normal Qtum mobile contract request,100,5535,196,196,196,194,582,2910,0,2,588,12,0,100.0,98.9796,1.94,17.5307,23.008,8.6735,91.365,91.6213,0.1281,41.3918,42.155,60.0,1,0.0
Q2,High-load Qtum mobile dApp,1,3474,382,382,376,363,1089,5445,0,2,1140,16,0,98.4293,95.0262,3.3539,17.7212,23.2073,14.3979,131.0572,131.5262,0.2345,26.7309,22.0002,30.0826,2,0.0
Q2,High-load Qtum mobile dApp,2,3475,501,501,496,489,1467,7335,0,2,1498,16,0,99.002,97.6048,3.4449,18.1694,23.7371,19.5609,155.741,155.7117,0.0147,28.1459,22.0884,31.9018,2,0.0
Q2,High-load Qtum mobile dApp,3,3476,450,450,445,441,1323,6615,0,2,1345,16,0,98.8889,98.0,3.4588,18.1016,23.5802,19.7778,144.2097,144.5393,0.1648,40.3265,40.0017,60.0,1,0.0
Q2,High-load Qtum mobile dApp,4,3477,476,476,470,457,1371,6855,0,2,1422,16,0,98.7395,96.0084,3.3885,18.0512,23.5791,17.2269,177.4495,177.5099,0.0302,24.1751,24.0024,30.3282,2,0.0
Q2,High-load Qtum mobile dApp,5,3478,480,480,465,451,1353,6765,0,2,1425,16,0,96.875,93.9583,3.3162,18.3578,23.9099,22.7083,172.5351,172.7084,0.0866,24.6741,24.0355,31.2639,2,0.0
Q2,High-load Qtum mobile dApp,6,3479,396,396,393,386,1158,5790,0,2,1185,16,0,99.2424,97.4747,3.4403,18.0529,23.5623,17.1717,144.9315,145.1451,0.1068,30.3886,34.0067,40.5181,1,0.0
Q2,High-load Qtum mobile dApp,7,3480,363,363,355,347,1041,5205,0,2,1081,16,0,97.7961,95.5923,3.3738,18.3213,23.7949,20.9366,131.147,131.3732,0.1131,27.9443,22.066,31.6427,2,0.0
Q2,High-load Qtum mobile dApp,8,3481,510,510,501,489,1467,7335,0,2,1521,16,0,98.2353,95.8824,3.3841,18.0006,23.5209,18.2353,177.163,177.2289,0.0329,28.3367,22.1127,32.1472,2,0.0
Q2,High-load Qtum mobile dApp,9,3482,484,484,475,465,1395,6975,0,2,1443,16,0,98.1405,96.0744,3.3909,18.1047,23.6199,19.2149,181.2316,181.5484,0.1584,32.5333,28.0711,41.3333,1,0.0
Q2,High-load Qtum mobile dApp,10,3483,478,478,472,458,1374,6870,0,2,1428,16,0,98.7448,95.8159,3.3817,18.0524,23.5254,17.9916,175.6229,175.5812,0.0208,27.278,22.0151,30.786,2,0.0
Q2,High-load Qtum mobile dApp,11,3484,464,464,461,451,1353,6765,0,2,1389,16,0,99.3534,97.1983,3.4305,18.1728,23.7351,19.6121,151.4001,150.8014,0.2993,27.2358,22.0131,30.7317,2,0.0
Q2,High-load Qtum mobile dApp,12,3485,470,470,460,452,1356,6780,0,2,1400,16,0,97.8723,96.1702,3.3942,18.088,23.5895,18.9362,179.6215,179.4051,0.1082,26.7699,22.0004,30.1327,2,0.0
Q2,High-load Qtum mobile dApp,13,3486,393,393,384,377,1131,5655,0,2,1170,16,0,97.7099,95.9288,3.3857,18.1118,23.6059,19.5929,150.56,151.3312,0.3856,25.5703,24.1926,32.9443,2,0.0
Q2,High-load Qtum mobile dApp,14,3487,419,419,416,411,1233,6165,0,2,1254,16,0,99.284,98.0907,3.462,17.9362,23.5028,15.0358,160.7102,160.7369,0.0134,32.1752,28.0077,39.562,1,0.0
Q2,High-load Qtum mobile dApp,15,3488,409,409,400,395,1185,5925,0,2,1218,16,0,97.7995,96.577,3.4086,17.9201,23.4945,18.0929,154.4178,154.8806,0.2314,24.6076,24.0288,31.1392,2,0.0
Q2,High-load Qtum mobile dApp,16,3489,401,401,398,391,1173,5865,0,2,1200,16,0,99.2519,97.5062,3.4414,18.0242,23.5823,17.7057,141.2037,141.1346,0.0346,32.3478,28.0302,40.8696,1,0.0
Q2,High-load Qtum mobile dApp,17,3490,437,437,427,413,1239,6195,0,2,1301,16,0,97.7117,94.508,3.3356,18.0117,23.4765,17.849,156.4829,156.1019,0.1905,29.435,22.3097,33.5593,1,0.0
Q2,High-load Qtum mobile dApp,18,3491,466,466,455,449,1347,6735,0,2,1387,16,0,97.6395,96.3519,3.4007,17.9595,23.4951,16.309,167.7672,167.176,0.2956,32.5523,28.0763,38.6192,1,0.0
Q2,High-load Qtum mobile dApp,19,3492,367,367,352,348,1044,5220,0,2,1086,16,0,95.9128,94.8229,3.3467,18.0645,23.6026,18.5286,146.0663,146.2866,0.1102,27.8736,22.0589,31.5517,2,0.0
Q2,High-load Qtum mobile dApp,20,3493,383,383,380,371,1113,5565,0,2,1146,16,0,99.2167,96.8668,3.4188,17.9689,23.4629,15.1436,143.6402,143.8244,0.0921,26.8553,22.0014,30.2426,2,0.0
Q2,High-load Qtum mobile dApp,21,3494,460,460,454,445,1335,6675,0,2,1374,16,0,98.6957,96.7391,3.4143,18.0957,23.5247,17.8261,175.4841,175.2797,0.1022,26.7191,22.0001,30.0674,2,0.0
Q2,High-load Qtum mobile dApp,22,3495,414,414,406,394,1182,5910,0,2,1234,16,0,98.0676,95.1691,3.3589,18.0164,23.4649,16.9082,149.7331,149.9196,0.0932,42.2741,40.0808,60.0,1,0.0
Q2,High-load Qtum mobile dApp,23,3496,479,479,466,457,1371,6855,0,2,1424,16,0,97.286,95.4071,3.3673,17.9029,23.484,17.119,160.362,160.1153,0.1234,28.5558,22.1442,32.4289,2,0.0
Q2,High-load Qtum mobile dApp,24,3497,386,386,376,371,1113,5565,0,2,1148,16,0,97.4093,96.114,3.3923,18.5092,23.9948,24.8705,141.8114,141.3761,0.2177,28.4906,22.1344,32.345,2,0.0
Q2,High-load Qtum mobile dApp,25,3498,475,475,463,450,1350,6750,0,2,1413,16,0,97.4737,94.7368,3.3437,18.1687,23.6697,21.4737,151.0157,151.0834,0.0338,26.6667,22.0,30.0,2,0.0
Q2,High-load Qtum mobile dApp,26,3499,381,381,372,366,1098,5490,0,2,1134,16,0,97.6378,96.063,3.3905,17.9656,23.4462,17.0604,143.372,143.9226,0.2753,32.3934,28.0387,39.0164,1,0.0
Q2,High-load Qtum mobile dApp,27,3500,480,480,474,464,1392,6960,0,2,1434,16,0,98.75,96.6667,3.4118,18.0144,23.4661,18.75,151.1666,151.848,0.3407,27.6724,22.0409,31.2931,2,0.0
Q2,High-load Qtum mobile dApp,28,3501,448,448,436,424,1272,6360,0,2,1332,16,0,97.3214,94.6429,3.3403,18.5275,24.0053,24.3304,160.3368,160.0772,0.1298,25.0,30.1246,38.1132,1,0.0
Q2,High-load Qtum mobile dApp,29,3502,461,461,454,444,1332,6660,0,2,1376,16,0,98.4816,96.3124,3.3993,18.0615,23.577,18.6551,156.5053,156.0126,0.2464,27.9279,22.0643,31.6216,2,0.0
Q2,High-load Qtum mobile dApp,30,3503,461,461,451,440,1320,6600,0,2,1373,16,0,97.8308,95.4447,3.3686,18.2459,23.722,21.2581,161.6597,161.4014,0.1292,30.0606,22.4655,34.3636,1,0.0
Q2,High-load Qtum mobile dApp,31,3504,419,419,414,405,1215,6075,0,2,1252,16,0,98.8067,96.6587,3.4115,18.04,23.592,18.1384,149.8364,149.762,0.0372,26.963,24.6859,35.5556,1,0.0
Q2,High-load Qtum mobile dApp,32,3505,499,499,484,470,1410,7050,0,2,1482,16,0,96.994,94.1884,3.3243,18.0849,23.4836,20.2405,174.947,175.1023,0.0776,29.4468,22.3123,33.5745,1,0.0
Q2,High-load Qtum mobile dApp,33,3506,507,507,499,488,1464,7320,0,2,1513,16,0,98.4221,96.2525,3.3971,18.096,23.5979,19.3294,187.7347,187.6186,0.0581,30.2459,34.0027,40.3279,1,0.0
Q2,High-load Qtum mobile dApp,34,3507,476,476,468,454,1362,6810,0,2,1420,16,0,98.3193,95.3782,3.3663,17.8921,23.4677,15.7563,161.2394,161.8075,0.2841,25.1278,24.0994,32.1145,2,0.0
Q2,High-load Qtum mobile dApp,35,3508,482,482,472,461,1383,6915,0,2,1436,16,0,97.9253,95.6432,3.3756,18.2862,23.7589,21.1618,167.7731,168.075,0.1509,28.8431,22.1914,32.7983,2,0.0
Q2,High-load Qtum mobile dApp,36,3509,487,487,480,473,1419,7095,0,2,1454,16,0,98.5626,97.1253,3.428,18.2775,23.7443,21.7659,183.3521,182.6013,0.3754,32.0507,28.0006,39.8732,1,0.0
Q2,High-load Qtum mobile dApp,37,3510,510,510,505,499,1497,7485,0,2,1525,16,0,99.0196,97.8431,3.4533,17.9808,23.5106,17.0588,187.0459,187.6211,0.2876,24.0321,24.0001,30.0601,2,0.0
Q2,High-load Qtum mobile dApp,38,3511,427,427,420,411,1233,6165,0,2,1274,16,0,98.3607,96.2529,3.3972,18.0442,23.5928,16.6276,153.5054,153.2118,0.1468,33.1484,28.3297,42.871,1,0.0
Q2,High-load Qtum mobile dApp,39,3512,492,492,488,477,1431,7155,0,2,1472,16,0,99.187,96.9512,3.4218,17.979,23.5081,17.8862,157.0965,156.6355,0.2305,26.7156,22.0001,30.0629,2,0.0
Q2,High-load Qtum mobile dApp,40,3513,416,416,405,395,1185,5925,0,2,1237,16,0,97.3558,94.9519,3.3512,18.175,23.6441,20.4327,152.1616,152.1131,0.0242,29.0886,22.237,33.1139,2,0.0
Q2,High-load Qtum mobile dApp,41,3514,442,442,433,422,1266,6330,0,2,1317,16,0,97.9638,95.4751,3.3697,18.1444,23.6455,18.552,157.6671,158.3111,0.322,29.763,22.3874,33.981,1,0.0
Q2,High-load Qtum mobile dApp,42,3515,437,437,433,427,1281,6405,0,2,1307,16,0,99.0847,97.7117,3.4486,18.179,23.6258,19.222,163.1207,163.6656,0.2725,24.7869,24.0484,31.4754,2,0.0
Q2,High-load Qtum mobile dApp,43,3516,466,466,461,445,1335,6675,0,2,1393,16,0,98.927,95.4936,3.3704,18.247,23.7747,21.6738,153.2453,153.6733,0.214,24.4674,24.0171,30.8764,2,0.0
Q2,High-load Qtum mobile dApp,44,3517,453,453,449,444,1332,6660,0,2,1355,16,0,99.117,98.0132,3.4593,18.1608,23.7194,20.9713,162.0826,161.8979,0.0924,27.1922,22.0112,30.6757,2,0.0
Q2,High-load Qtum mobile dApp,45,3518,399,399,393,381,1143,5715,0,2,1191,16,0,98.4962,95.4887,3.3702,18.1059,23.6993,19.5489,146.1253,145.8729,0.1262,30.035,22.4585,34.3307,1,0.0
Q2,High-load Qtum mobile dApp,46,3519,427,427,418,408,1224,6120,0,2,1272,16,0,97.8923,95.5504,3.3724,18.0512,23.6309,18.267,160.7592,161.147,0.1939,27.4673,22.0259,31.0294,2,0.0
Q2,High-load Qtum mobile dApp,47,3520,399,399,395,391,1173,5865,0,2,1193,16,0,98.9975,97.995,3.4586,18.158,23.6345,19.0476,136.4935,136.4862,0.0036,32.5115,28.0654,41.2788,1,0.0
Q2,High-load Qtum mobile dApp,48,3521,407,407,400,390,1170,5850,0,2,1214,16,0,98.2801,95.8231,3.382,17.8841,23.3961,15.7248,156.0071,156.4618,0.2274,27.3846,22.0208,30.9231,2,0.0
Q2,High-load Qtum mobile dApp,49,3522,377,377,370,366,1098,5490,0,2,1124,16,0,98.1432,97.0822,3.4264,18.0677,23.68,20.4244,135.2664,134.8803,0.1931,29.7268,22.3784,33.9344,1,0.0
Q2,High-load Qtum mobile dApp,50,3523,370,370,364,359,1077,5385,0,2,1104,16,0,98.3784,97.027,3.4245,18.0263,23.5129,17.2973,142.114,142.2136,0.0498,24.9359,24.0684,31.7549,2,0.0
Q2,High-load Qtum mobile dApp,51,3524,438,438,433,430,1290,6450,0,2,1309,16,0,98.8584,98.1735,3.4649,18.0723,23.4888,16.895,159.8166,159.6612,0.0777,24.2233,24.0039,30.4186,2,0.0
Q2,High-load Qtum mobile dApp,52,3525,458,458,444,436,1308,6540,0,2,1360,16,0,96.9432,95.1965,3.3599,18.0371,23.584,18.1223,155.8948,155.6263,0.1342,28.4862,22.1338,32.3394,2,0.0
Q2,High-load Qtum mobile dApp,53,3526,426,426,420,413,1239,6195,0,2,1272,16,0,98.5915,96.9484,3.4217,18.0796,23.6555,18.3099,154.4848,154.2494,0.1177,28.7571,22.1766,32.6877,2,0.0
Q2,High-load Qtum mobile dApp,54,3527,446,446,436,425,1275,6375,0,2,1328,16,0,97.7578,95.2915,3.3632,17.9075,23.3818,16.8161,156.0751,156.4546,0.1897,30.2353,22.5146,34.5882,1,0.0
Q2,High-load Qtum mobile dApp,55,3528,363,363,356,350,1050,5250,0,2,1082,16,0,98.0716,96.4187,3.403,18.2468,23.6718,20.9366,144.7992,145.3171,0.259,32.8686,28.1886,42.1714,1,0.0
Q2,High-load Qtum mobile dApp,56,3529,377,377,372,361,1083,5415,0,2,1126,16,0,98.6737,95.756,3.3796,18.1386,23.6414,19.0981,133.8423,133.9333,0.0455,26.7922,24.6091,35.2355,1,0.0
Q2,High-load Qtum mobile dApp,57,3530,462,462,456,445,1335,6675,0,2,1380,16,0,98.7013,96.3203,3.3995,17.9759,23.4148,17.7489,142.4718,142.7683,0.1483,27.0337,22.0054,30.4719,2,0.0
Q2,High-load Qtum mobile dApp,58,3531,437,437,433,429,1287,6435,0,2,1307,16,0,99.0847,98.1693,3.4648,18.2868,23.7514,21.0526,163.2515,163.2603,0.0044,27.7001,22.0432,31.3287,2,0.0
Q2,High-load Qtum mobile dApp,59,3532,514,514,508,501,1503,7515,0,2,1536,16,0,98.8327,97.4708,3.4401,17.997,23.4759,18.0934,183.6989,184.2587,0.2799,32.1756,28.0077,39.5609,1,0.0
Q2,High-load Qtum mobile dApp,60,3533,450,450,446,440,1320,6600,0,2,1346,16,0,99.1111,97.7778,3.451,18.2845,23.7388,22.2222,155.9739,155.742,0.1159,32.2545,28.0162,39.3636,1,0.0
Q2,High-load Qtum mobile dApp,61,3534,361,361,354,347,1041,5205,0,2,1076,16,0,98.0609,96.1219,3.3925,18.0992,23.6652,18.5596,140.647,141.2021,0.2775,28.4822,22.1332,32.3343,2,0.0
Q2,High-load Qtum mobile dApp,62,3535,431,431,426,416,1248,6240,0,2,1288,16,0,98.8399,96.5197,3.4066,17.9968,23.4891,15.0812,149.8677,150.4252,0.2787,40.7692,40.0092,60.0,1,0.0
Q2,High-load Qtum mobile dApp,63,3536,520,520,512,500,1500,7500,0,2,1552,16,0,98.4615,96.1538,3.3937,18.1559,23.6858,20.0,172.223,172.0897,0.0666,26.76,22.0004,30.12,2,0.0
Q2,High-load Qtum mobile dApp,64,3537,454,454,445,436,1308,6540,0,2,1353,16,0,98.0176,96.0352,3.3895,18.0619,23.5542,16.9604,157.7501,157.7984,0.0241,29.7706,22.3893,33.9908,1,0.0
Q2,High-load Qtum mobile dApp,65,3538,481,481,472,463,1389,6945,0,2,1434,16,0,98.1289,96.2578,3.3973,18.0258,23.5004,18.2952,174.1634,174.4917,0.1642,25.2786,24.1277,32.3974,2,0.0
Q2,High-load Qtum mobile dApp,66,3539,506,506,499,492,1476,7380,0,2,1511,16,0,98.6166,97.2332,3.4318,18.1256,23.6971,19.5652,186.2394,186.5972,0.1789,26.9512,22.0033,30.3659,2,0.0
Q2,High-load Qtum mobile dApp,67,3540,379,379,368,359,1077,5385,0,2,1126,16,0,97.0976,94.723,3.3432,17.8069,23.3904,16.3588,147.4144,147.4519,0.0187,28.5515,22.1436,32.4234,2,0.0
Q2,High-load Qtum mobile dApp,68,3541,401,401,396,388,1164,5820,0,2,1198,16,0,98.7531,96.7581,3.415,18.0936,23.5833,19.9501,146.1511,146.1783,0.0136,30.1546,22.4916,34.4845,1,0.0
Q2,High-load Qtum mobile dApp,69,3542,511,511,500,493,1479,7395,0,2,1522,16,0,97.8474,96.4775,3.4051,18.1191,23.5932,19.3738,159.8243,159.0979,0.3632,28.3232,22.1109,32.1298,2,0.0
Q2,High-load Qtum mobile dApp,70,3543,498,498,490,476,1428,7140,0,2,1486,16,0,98.3936,95.5823,3.3735,18.1489,23.6248,19.0763,164.2022,164.2436,0.0207,27.0588,22.0062,30.5042,2,0.0
Q2,High-load Qtum mobile dApp,71,3544,450,450,440,427,1281,6405,0,2,1340,16,0,97.7778,94.8889,3.349,18.0734,23.6128,19.5556,156.5887,156.6708,0.041,32.9555,28.2282,42.3888,1,0.0
Q2,High-load Qtum mobile dApp,72,3545,449,449,439,428,1284,6420,0,2,1337,16,0,97.7728,95.3229,3.3643,18.2243,23.7227,20.0445,158.439,157.8108,0.3141,28.6293,22.1556,32.5234,2,0.0
Q2,High-load Qtum mobile dApp,73,3546,506,506,501,493,1479,7395,0,2,1513,16,0,99.0119,97.4308,3.4387,18.2104,23.6878,19.9605,181.2321,180.8249,0.2036,27.4713,22.0262,31.0345,2,0.0
Q2,High-load Qtum mobile dApp,74,3547,511,511,500,492,1476,7380,0,2,1522,16,0,97.8474,96.2818,3.3982,17.9704,23.4998,17.8082,174.4928,174.2869,0.103,27.8049,22.0523,31.4634,2,0.0
Q2,High-load Qtum mobile dApp,75,3548,433,433,425,419,1257,6285,0,2,1291,16,0,98.1524,96.7667,3.4153,18.4956,23.9817,24.4804,145.8879,146.1961,0.1541,32.4391,28.0482,38.9021,1,0.0
Q2,High-load Qtum mobile dApp,76,3549,466,466,457,445,1335,6675,0,2,1389,16,0,98.0687,95.4936,3.3704,18.1553,23.635,21.6738,170.5811,170.5845,0.0017,28.7116,22.169,32.6292,2,0.0
Q2,High-load Qtum mobile dApp,77,3550,401,401,395,387,1161,5805,0,2,1197,16,0,98.5037,96.5087,3.4062,18.0565,23.5107,18.7032,146.3722,145.5598,0.4062,11.5116,26.1828,33.0233,2,0.0
Q2,High-load Qtum mobile dApp,78,3551,414,414,406,400,1200,6000,0,2,1234,16,0,98.0676,96.6184,3.4101,18.317,23.852,21.7391,153.7807,153.2485,0.2661,27.8333,22.055,31.5,2,0.0
Q2,High-load Qtum mobile dApp,79,3552,428,428,415,410,1230,6150,0,2,1271,16,0,96.9626,95.7944,3.381,18.0812,23.6281,19.8598,164.805,164.7889,0.0081,32.1561,28.0061,39.6098,1,0.0
Q2,High-load Qtum mobile dApp,80,3553,504,504,492,480,1440,7200,0,2,1500,16,0,97.619,95.2381,3.3613,18.0623,23.5983,19.246,172.5179,172.3839,0.067,42.2667,40.0803,60.0,1,0.0
Q2,High-load Qtum mobile dApp,81,3554,445,445,437,431,1293,6465,0,2,1327,16,0,98.2022,96.8539,3.4184,18.139,23.7227,20.0,155.8077,156.5592,0.3757,28.3449,22.1138,32.1578,2,0.0
Q2,High-load Qtum mobile dApp,82,3555,423,423,416,410,1230,6150,0,2,1262,16,0,98.3452,96.9267,3.4209,18.1645,23.6315,21.2766,134.7773,134.6965,0.0404,32.1171,28.0034,40.2927,1,0.0
Q2,High-load Qtum mobile dApp,83,3556,454,454,445,442,1326,6630,0,2,1353,16,0,98.0176,97.3568,3.4361,18.0999,23.6183,19.163,163.3288,163.6035,0.1374,24.8688,24.059,31.629,2,0.0
Q2,High-load Qtum mobile dApp,84,3557,361,361,355,352,1056,5280,0,2,1077,16,0,98.338,97.5069,3.4414,18.2266,23.6691,19.9446,130.6752,130.4353,0.1199,24.1818,24.0026,30.3409,2,0.0
Q2,High-load Qtum mobile dApp,85,3558,476,476,468,457,1371,6855,0,2,1420,16,0,98.3193,96.0084,3.3885,18.2389,23.7472,21.4286,169.5219,169.1649,0.1785,29.4748,22.3187,33.6105,1,0.0
Q2,High-load Qtum mobile dApp,86,3559,463,463,458,449,1347,6735,0,2,1384,16,0,98.9201,96.9762,3.4227,18.1304,23.507,17.4946,163.8583,164.0333,0.0875,32.3385,28.0287,40.8463,1,0.0
Q2,High-load Qtum mobile dApp,87,3560,436,436,427,421,1263,6315,0,2,1299,16,0,97.9358,96.5596,3.408,18.0947,23.6109,19.4954,157.7764,157.6014,0.0875,24.6461,24.0326,31.2114,2,0.0
Q2,High-load Qtum mobile dApp,88,3561,499,499,492,484,1452,7260,0,2,1490,16,0,98.5972,96.994,3.4233,18.2563,23.8038,20.0401,164.5686,165.041,0.2362,40.4628,40.0033,60.0,1,0.0
Q2,High-load Qtum mobile dApp,89,3562,370,370,361,352,1056,5280,0,2,1101,16,0,97.5676,95.1351,3.3577,18.2347,23.5889,21.3514,148.4519,147.9386,0.2567,42.1818,40.0744,60.0,1,0.0
Q2,High-load Qtum mobile dApp,90,3563,450,450,440,432,1296,6480,0,2,1340,16,0,97.7778,96.0,3.3882,18.314,23.7937,21.5556,168.4268,167.5898,0.4185,28.071,22.0797,31.8056,2,0.0
Q2,High-load Qtum mobile dApp,91,3564,512,512,503,496,1488,7440,0,2,1527,16,0,98.2422,96.875,3.4191,17.9649,23.5242,16.7969,176.4719,176.2442,0.1139,28.4543,22.1291,32.2984,2,0.0
Q2,High-load Qtum mobile dApp,92,3565,499,499,488,474,1422,7110,0,2,1486,16,0,97.7956,94.99,3.3526,18.1003,23.6104,19.4389,162.5256,162.7883,0.1313,26.962,22.0035,30.3797,2,0.0
Q2,High-load Qtum mobile dApp,93,3566,509,509,499,492,1476,7380,0,2,1517,16,0,98.0354,96.6601,3.4115,18.0911,23.6064,18.664,173.9606,174.0901,0.0648,26.7615,22.0004,30.122,2,0.0
Q2,High-load Qtum mobile dApp,94,3567,410,410,403,391,1173,5865,0,2,1223,16,0,98.2927,95.3659,3.3659,17.9987,23.4569,17.0732,151.7826,152.0106,0.114,26.3325,24.425,34.3734,1,0.0
Q2,High-load Qtum mobile dApp,95,3568,364,364,359,352,1056,5280,0,2,1087,16,0,98.6264,96.7033,3.4131,18.1374,23.6826,18.1319,132.3392,131.9881,0.1755,40.6364,40.0063,60.0,1,0.0
Q2,High-load Qtum mobile dApp,96,3569,396,396,390,380,1140,5700,0,2,1182,16,0,98.4848,95.9596,3.3868,17.8467,23.333,15.1515,147.2987,147.3785,0.0399,25.0,30.2827,37.1579,1,0.0
Q2,High-load Qtum mobile dApp,97,3570,453,453,450,444,1332,6660,0,2,1356,16,0,99.3377,98.0132,3.4593,17.9471,23.4546,15.6733,167.1958,166.7359,0.23,41.1532,40.0208,60.0,1,0.0
Q2,High-load Qtum mobile dApp,98,3571,485,485,475,466,1398,6990,0,2,1445,16,0,97.9381,96.0825,3.3911,18.1789,23.6413,20.8247,172.3451,171.9972,0.1739,25.7854,24.249,33.3476,1,0.0
Q2,High-load Qtum mobile dApp,99,3572,388,388,384,378,1134,5670,0,2,1160,16,0,98.9691,97.4227,3.4384,18.1494,23.6101,21.134,148.2333,148.113,0.0602,40.3386,40.0018,60.0,1,0.0
Q2,High-load Qtum mobile dApp,100,3573,428,428,423,416,1248,6240,0,2,1279,16,0,98.8318,97.1963,3.4305,18.1358,23.6131,19.3925,147.9401,148.4749,0.2674,26.891,22.002,30.2885,2,0.0
Q3,Cross-contract/cross-shard Qtum request,1,10206,302,302,297,293,879,4395,0,2,901,14,0,98.3444,97.0199,2.9106,19.8103,25.3844,47.351,143.2198,143.8041,0.2922,25.1468,24.1027,32.1502,2,0.0
Q3,Cross-contract/cross-shard Qtum request,2,10207,250,250,243,237,711,3555,0,2,743,14,0,97.2,94.8,2.37,19.6475,25.2372,46.4,115.4984,115.4978,0.0003,42.6329,40.1083,60.0,1,0.0
Q3,Cross-contract/cross-shard Qtum request,3,10208,269,269,261,259,777,3885,0,2,799,14,0,97.026,96.2825,2.59,19.8088,25.2786,47.5836,109.2571,109.5808,0.1619,25.0502,24.0862,31.9691,2,0.0
Q3,Cross-contract/cross-shard Qtum request,4,10209,306,306,300,295,885,4425,0,2,912,14,0,98.0392,96.4052,2.8922,19.553,25.0682,43.7908,127.9149,128.4867,0.2859,30.3842,22.5584,34.7797,1,0.0
Q3,Cross-contract/cross-shard Qtum request,5,10210,270,270,261,258,774,3870,0,2,801,14,0,96.6667,95.5556,2.58,19.7963,25.3278,48.5185,117.8515,117.7047,0.0734,42.2326,40.0779,60.0,1,0.0
Q3,Cross-contract/cross-shard Qtum request,6,10211,285,285,278,273,819,4095,0,2,848,14,0,97.5439,95.7895,2.73,20.0398,25.5665,50.8772,126.2447,126.1664,0.0392,32.0879,28.0019,39.7802,1,0.0
Q3,Cross-contract/cross-shard Qtum request,7,10212,284,284,272,269,807,4035,0,2,840,14,0,95.7746,94.7183,2.69,19.637,25.0793,46.4789,128.6191,128.1062,0.2565,24.2974,24.0069,30.5576,2,0.0
Q3,Cross-contract/cross-shard Qtum request,8,10213,271,271,267,259,777,3885,0,2,809,14,0,98.524,95.572,2.59,19.8168,25.3316,46.1255,126.0048,126.2261,0.1106,30.1802,22.4988,34.5174,1,0.0
Q3,Cross-contract/cross-shard Qtum request,9,10214,232,232,226,221,663,3315,0,2,690,14,0,97.4138,95.2586,2.21,19.7328,25.2956,48.7069,117.856,118.1346,0.1393,24.9412,24.0692,31.7647,2,0.0
Q3,Cross-contract/cross-shard Qtum request,10,10215,241,241,233,225,675,3375,0,2,715,14,0,96.6805,93.361,2.25,19.7579,25.3311,48.9627,103.2012,103.5587,0.1787,27.1852,22.0109,30.6667,2,0.0
Q3,Cross-contract/cross-shard Qtum request,11,10216,338,338,328,320,960,4800,0,2,1004,14,0,97.0414,94.6746,2.8402,19.8205,25.3383,47.3373,128.106,128.5863,0.2401,27.25,22.0137,30.75,2,0.0
Q3,Cross-contract/cross-shard Qtum request,12,10217,311,311,304,297,891,4455,0,2,926,14,0,97.7492,95.4984,2.865,19.8645,25.4075,49.8392,135.0412,135.3092,0.134,33.4276,28.5095,43.569,1,0.0
Q3,Cross-contract/cross-shard Qtum request,13,10218,264,264,255,253,759,3795,0,2,783,14,0,96.5909,95.8333,2.53,20.0323,25.6441,50.7576,124.9546,125.5113,0.2784,25.9605,24.3003,33.6759,1,0.0
Q3,Cross-contract/cross-shard Qtum request,14,10219,326,326,314,306,918,4590,0,2,966,14,0,96.319,93.865,2.816,19.9441,25.3867,49.6933,147.0549,147.543,0.2441,28.9542,22.2115,32.9412,2,0.0
Q3,Cross-contract/cross-shard Qtum request,15,10220,264,264,257,249,747,3735,0,2,785,14,0,97.3485,94.3182,2.49,19.5362,25.0415,43.9394,113.5557,113.1946,0.1806,26.8916,24.6532,35.4217,1,0.0
Q3,Cross-contract/cross-shard Qtum request,16,10221,244,244,239,236,708,3540,0,2,727,14,0,97.9508,96.7213,2.36,19.7049,25.1805,45.9016,111.0581,110.3774,0.3404,32.2712,28.0184,40.678,1,0.0
Q3,Cross-contract/cross-shard Qtum request,17,10222,247,247,242,240,720,3600,0,2,736,14,0,97.9757,97.166,2.4,19.8817,25.3966,47.7733,112.8967,113.4382,0.2707,27.6,25.0125,36.75,1,0.0
Q3,Cross-contract/cross-shard Qtum request,18,10223,297,297,290,287,861,4305,0,2,884,14,0,97.6431,96.633,2.87,19.7016,25.176,45.7912,132.2235,132.5681,0.1723,40.6132,40.0059,60.0,1,0.0
Q3,Cross-contract/cross-shard Qtum request,19,10224,245,245,229,224,672,3360,0,2,719,14,0,93.4694,91.4286,2.24,19.4996,25.0269,45.7143,125.1263,125.4892,0.1814,24.2857,24.0064,30.5357,2,0.0
Q3,Cross-contract/cross-shard Qtum request,20,10225,282,282,268,262,786,3930,0,2,832,14,0,95.0355,92.9078,2.62,19.9312,25.4526,50.3546,133.7559,134.3215,0.2828,26.9313,24.6713,35.4962,1,0.0
Q3,Cross-contract/cross-shard Qtum request,21,10226,236,236,227,218,654,3270,0,2,699,14,0,96.1864,92.3729,2.18,19.8838,25.3289,48.7288,100.7999,100.723,0.0385,29.0214,22.2241,33.0275,2,0.0
Q3,Cross-contract/cross-shard Qtum request,22,10227,298,298,288,280,840,4200,0,2,884,14,0,96.6443,93.9597,2.8,19.9423,25.3444,50.3356,137.8413,138.0137,0.0862,29.5,22.3244,33.6429,1,0.0
Q3,Cross-contract/cross-shard Qtum request,23,10228,285,285,280,275,825,4125,0,2,850,14,0,98.2456,96.4912,2.75,19.6104,25.0444,44.9123,113.8547,113.5466,0.154,40.5236,40.0043,60.0,1,0.0
Q3,Cross-contract/cross-shard Qtum request,24,10229,292,292,289,283,849,4245,0,2,873,14,0,98.9726,96.9178,2.83,20.0565,25.6343,50.6849,132.0065,131.6079,0.1993,25.0,30.0212,39.2226,1,0.0
Q3,Cross-contract/cross-shard Qtum request,25,10230,232,232,229,224,672,3360,0,2,693,14,0,98.7069,96.5517,2.24,19.8914,25.3533,50.0,108.6349,109.007,0.186,30.625,22.6331,35.0893,1,0.0
Q3,Cross-contract/cross-shard Qtum request,26,10231,256,256,248,243,729,3645,0,2,760,14,0,96.875,94.9219,2.43,19.8853,25.3779,48.4375,127.7781,128.5741,0.398,28.8752,22.1971,32.8395,2,0.0
Q3,Cross-contract/cross-shard Qtum request,27,10232,286,286,282,278,834,4170,0,2,854,14,0,98.6014,97.2028,2.78,19.5639,25.0612,41.6084,124.3907,124.3134,0.0386,32.4029,28.0406,38.9928,1,0.0
Q3,Cross-contract/cross-shard Qtum request,28,10233,262,262,252,249,747,3735,0,2,776,14,0,96.1832,95.0382,2.49,19.4849,24.9376,44.6565,112.1224,112.1855,0.0315,27.1352,22.0089,30.6024,2,0.0
Q3,Cross-contract/cross-shard Qtum request,29,10234,261,261,255,250,750,3750,0,2,777,14,0,97.7011,95.7854,2.5,19.5499,25.1133,43.295,116.6796,117.341,0.3307,24.0,24.0,30.0,2,0.0
Q3,Cross-contract/cross-shard Qtum request,30,10235,293,293,285,278,834,4170,0,2,871,14,0,97.2696,94.8805,2.78,19.9318,25.4226,50.1706,139.1552,139.5575,0.2012,25.2662,24.1253,32.3741,2,0.0
Q3,Cross-contract/cross-shard Qtum request,31,10236,246,246,237,235,705,3525,0,2,729,14,0,96.3415,95.5285,2.35,19.3811,24.966,42.2764,117.3232,118.2453,0.461,29.1489,22.249,33.1915,2,0.0
Q3,Cross-contract/cross-shard Qtum request,32,10237,271,271,266,263,789,3945,0,2,808,14,0,98.155,97.048,2.63,19.8991,25.4066,47.2325,105.6224,104.8426,0.3899,30.2852,34.0036,40.3802,1,0.0
Q3,Cross-contract/cross-shard Qtum request,33,10238,273,273,267,261,783,3915,0,2,813,14,0,97.8022,95.6044,2.61,19.6872,25.1394,46.1538,123.4879,123.7338,0.1229,40.0958,42.0007,60.0,1,0.0
Q3,Cross-contract/cross-shard Qtum request,34,10239,226,226,222,220,660,3300,0,2,674,14,0,98.2301,97.3451,2.2,19.8981,25.3701,49.5575,112.787,113.4516,0.3323,33.2364,28.3821,36.9091,1,0.0
Q3,Cross-contract/cross-shard Qtum request,35,10240,233,233,223,215,645,3225,0,2,689,14,0,95.7082,92.2747,2.15,19.8277,25.3422,48.4979,113.9484,113.9838,0.0177,27.4264,22.0233,30.9767,2,0.0
Q3,Cross-contract/cross-shard Qtum request,36,10241,334,334,320,315,945,4725,0,2,988,14,0,95.8084,94.3114,2.8293,19.6912,25.2342,47.3054,134.2825,134.4138,0.0656,27.3333,22.018,30.8571,2,0.0
Q3,Cross-contract/cross-shard Qtum request,37,10242,230,230,226,222,666,3330,0,2,686,14,0,98.2609,96.5217,2.22,19.6349,25.1872,44.3478,110.7643,110.6058,0.0792,25.5856,24.1964,32.973,2,0.0
Q3,Cross-contract/cross-shard Qtum request,38,10243,286,286,278,271,813,4065,0,2,850,14,0,97.2028,94.7552,2.71,19.9879,25.4527,49.6503,116.2361,116.4966,0.1302,26.7528,22.0003,30.1107,2,0.0
Q3,Cross-contract/cross-shard Qtum request,39,10244,263,263,255,248,744,3720,0,2,781,14,0,96.9582,94.2966,2.48,19.9183,25.3187,50.9506,132.515,132.5264,0.0057,40.129,40.0003,60.0,1,0.0
Q3,Cross-contract/cross-shard Qtum request,40,10245,243,243,233,232,696,3480,0,2,719,14,0,95.8848,95.4733,2.32,19.6825,25.2535,47.7366,100.6567,101.2631,0.3032,24.1379,24.0015,30.2586,2,0.0
Q3,Cross-contract/cross-shard Qtum request,41,10246,326,326,309,299,897,4485,0,2,961,14,0,94.7853,91.7178,2.7515,19.6146,25.0239,46.6258,125.1568,124.7598,0.1985,24.5886,24.0271,31.1037,2,0.0
Q3,Cross-contract/cross-shard Qtum request,42,10247,329,329,317,312,936,4680,0,2,975,14,0,96.3526,94.8328,2.845,19.6399,25.1341,45.2888,129.2673,129.3804,0.0566,25.1282,24.0994,32.1154,2,0.0
Q3,Cross-contract/cross-shard Qtum request,43,10248,339,339,334,328,984,4920,0,2,1012,14,0,98.5251,96.7552,2.9027,19.8501,25.3305,46.0177,146.7138,147.1587,0.2224,25.3659,24.1457,32.561,2,0.0
Q3,Cross-contract/cross-shard Qtum request,44,10249,300,300,289,285,855,4275,0,2,889,14,0,96.3333,95.0,2.85,19.9589,25.5004,50.6667,139.0124,138.614,0.1992,28.2222,22.0978,32.0,2,0.0
Q3,Cross-contract/cross-shard Qtum request,45,10250,317,317,306,296,888,4440,0,2,940,14,0,96.53,93.3754,2.8013,19.768,25.2515,47.6341,135.6932,136.1305,0.2187,32.2703,28.0183,40.6757,1,0.0
Q3,Cross-contract/cross-shard Qtum request,46,10251,322,322,306,301,903,4515,0,2,950,14,0,95.0311,93.4783,2.8043,19.7612,25.2964,47.5155,136.6592,137.1791,0.26,40.6146,42.0302,60.0,1,0.0
Q3,Cross-contract/cross-shard Qtum request,47,10252,254,254,248,245,735,3675,0,2,756,14,0,97.6378,96.4567,2.45,19.8165,25.2577,47.2441,106.7638,106.5083,0.1277,33.0776,28.2903,42.6939,1,0.0
Q3,Cross-contract/cross-shard Qtum request,48,10253,303,303,298,287,861,4305,0,2,904,14,0,98.3498,94.7195,2.8416,19.7756,25.2901,46.5347,130.1537,129.9012,0.1262,40.8537,42.0583,60.0,1,0.0
Q3,Cross-contract/cross-shard Qtum request,49,10254,253,253,247,244,732,3660,0,2,753,14,0,97.6285,96.4427,2.44,19.6461,25.2144,43.4783,108.2749,108.5214,0.1232,29.3443,22.2897,33.4426,1,0.0
Q3,Cross-contract/cross-shard Qtum request,50,10255,238,238,230,225,675,3375,0,2,706,14,0,96.6387,94.5378,2.25,19.6785,25.2874,44.958,107.025,106.733,0.146,27.8074,22.0526,31.4667,2,0.0
Q3,Cross-contract/cross-shard Qtum request,51,10256,308,308,300,295,885,4425,0,2,916,14,0,97.4026,95.7792,2.8734,19.5552,25.0386,44.8052,146.6148,145.978,0.3184,40.3797,40.0023,60.0,1,0.0
Q3,Cross-contract/cross-shard Qtum request,52,10257,229,229,218,216,648,3240,0,2,676,14,0,95.1965,94.3231,2.16,20.221,25.7447,54.1485,103.1196,103.634,0.2572,25.3333,24.1389,32.5,2,0.0
Q3,Cross-contract/cross-shard Qtum request,53,10258,280,280,275,268,804,4020,0,2,835,14,0,98.2143,95.7143,2.68,19.6932,25.161,44.6429,116.1888,116.3538,0.0825,25.6716,24.2183,33.1343,2,0.0
Q3,Cross-contract/cross-shard Qtum request,54,10259,334,334,327,318,954,4770,0,2,995,14,0,97.9042,95.2096,2.8563,19.7649,25.2228,47.6048,154.6387,154.3788,0.13,25.0063,24.0791,31.8868,2,0.0
Q3,Cross-contract/cross-shard Qtum request,55,10260,257,257,249,243,729,3645,0,2,763,14,0,96.8872,94.5525,2.43,19.8312,25.3336,49.0272,114.2197,113.8961,0.1618,25.9095,24.2848,33.5802,1,0.0
Q3,Cross-contract/cross-shard Qtum request,56,10261,286,286,280,272,816,4080,0,2,852,14,0,97.9021,95.1049,2.72,20.262,25.7815,53.1469,132.5464,133.2269,0.3402,25.0,30.0757,38.5294,1,0.0
Q3,Cross-contract/cross-shard Qtum request,57,10262,243,243,235,231,693,3465,0,2,721,14,0,96.7078,95.0617,2.31,19.9671,25.453,51.4403,122.4031,123.0321,0.3145,26.7677,22.0004,30.1299,2,0.0
Q3,Cross-contract/cross-shard Qtum request,58,10263,317,317,308,305,915,4575,0,2,942,14,0,97.1609,96.2145,2.8864,19.7494,25.2213,45.7413,146.885,146.6842,0.1004,26.7432,22.0002,30.0984,2,0.0
Q3,Cross-contract/cross-shard Qtum request,59,10264,308,308,299,289,867,4335,0,2,915,14,0,97.0779,93.8312,2.8149,19.7446,25.2768,45.4545,149.9648,150.0229,0.0291,24.8304,24.0539,31.5571,2,0.0
Q3,Cross-contract/cross-shard Qtum request,60,10265,329,329,321,316,948,4740,0,2,979,14,0,97.5684,96.0486,2.8815,19.6223,25.1372,44.3769,136.9652,137.2465,0.1406,27.1097,22.0079,30.5696,2,0.0
Q3,Cross-contract/cross-shard Qtum request,61,10266,239,239,232,221,663,3315,0,2,710,14,0,97.0711,92.4686,2.21,19.7625,25.2003,47.2803,109.5358,109.2031,0.1664,10.3394,26.0092,30.6787,2,0.0
Q3,Cross-contract/cross-shard Qtum request,62,10267,285,285,277,269,807,4035,0,2,847,14,0,97.193,94.386,2.69,19.7412,25.2183,45.614,122.8727,122.7301,0.0713,30.223,22.5111,34.5725,1,0.0
Q3,Cross-contract/cross-shard Qtum request,63,10268,227,227,225,220,660,3300,0,2,679,14,0,99.1189,96.9163,2.2,19.4796,24.8953,41.4097,113.9876,114.3485,0.1805,40.4091,42.0134,60.0,1,0.0
Q3,Cross-contract/cross-shard Qtum request,64,10269,259,259,255,250,750,3750,0,2,773,14,0,98.4556,96.5251,2.5,19.5372,25.0496,42.8571,125.0728,125.0392,0.0168,25.0,30.0081,39.52,1,0.0
Q3,Cross-contract/cross-shard Qtum request,65,10270,247,247,237,233,699,3495,0,2,731,14,0,95.9514,94.332,2.33,19.8049,25.2806,46.9636,107.7083,107.9016,0.0967,40.7554,40.0089,60.0,1,0.0
Q3,Cross-contract/cross-shard Qtum request,66,10271,228,228,222,219,657,3285,0,2,678,14,0,97.3684,96.0526,2.19,19.709,25.2196,48.2456,117.235,117.8072,0.2861,27.8387,22.0555,31.5068,2,0.0
Q3,Cross-contract/cross-shard Qtum request,67,10272,271,271,264,259,777,3885,0,2,806,14,0,97.417,95.572,2.59,19.7872,25.3332,47.2325,129.1433,129.2745,0.0656,25.0,30.0019,39.7683,1,0.0
Q3,Cross-contract/cross-shard Qtum request,68,10273,294,294,291,285,855,4275,0,2,879,14,0,98.9796,96.9388,2.85,19.456,24.8111,43.5374,130.2128,130.6335,0.2103,40.4035,42.013,60.0,1,0.0
Q3,Cross-contract/cross-shard Qtum request,69,10274,311,311,301,298,894,4470,0,2,923,14,0,96.7846,95.8199,2.8746,19.572,25.092,45.3376,131.4406,131.7496,0.1545,28.5459,22.1427,32.4161,2,0.0
Q3,Cross-contract/cross-shard Qtum request,70,10275,229,229,219,213,639,3195,0,2,677,14,0,95.6332,93.0131,2.13,19.8141,25.192,47.1616,118.0753,117.8991,0.0881,27.6526,22.0393,31.2676,2,0.0
Q3,Cross-contract/cross-shard Qtum request,71,10276,261,261,255,250,750,3750,0,2,777,14,0,97.7011,95.7854,2.5,19.6104,25.2042,44.0613,103.9161,103.7633,0.0764,26.8533,22.0014,30.24,2,0.0
Q3,Cross-contract/cross-shard Qtum request,72,10277,223,223,216,212,636,3180,0,2,662,14,0,96.861,95.0673,2.12,19.4162,24.9558,41.2556,95.0438,94.758,0.1429,27.1069,22.0078,30.566,2,0.0
Q3,Cross-contract/cross-shard Qtum request,73,10278,235,235,230,227,681,3405,0,2,700,14,0,97.8723,96.5957,2.27,19.7948,25.1624,46.8085,114.4586,114.0564,0.2011,26.975,22.0038,30.3965,2,0.0
Q3,Cross-contract/cross-shard Qtum request,74,10279,273,273,262,256,768,3840,0,2,808,14,0,95.9707,93.7729,2.56,19.5084,25.1545,42.4908,124.6769,124.8884,0.1057,30.9375,34.0391,41.25,1,0.0
Q3,Cross-contract/cross-shard Qtum request,75,10280,251,251,241,232,696,3480,0,2,743,14,0,96.0159,92.4303,2.32,20.1181,25.5618,50.996,104.174,104.3714,0.0987,26.8678,22.0016,30.2586,2,0.0
Q3,Cross-contract/cross-shard Qtum request,76,10281,235,235,232,227,681,3405,0,2,702,14,0,98.7234,96.5957,2.27,19.7869,25.2839,48.0851,128.9976,128.817,0.0903,26.975,22.0038,30.3965,2,0.0
Q3,Cross-contract/cross-shard Qtum request,77,10282,297,297,292,286,858,4290,0,2,886,14,0,98.3165,96.2963,2.86,19.5567,25.0668,43.771,134.8304,134.6131,0.1087,30.9091,22.7273,35.4545,1,0.0
Q3,Cross-contract/cross-shard Qtum request,78,10283,283,283,276,272,816,4080,0,2,842,14,0,97.5265,96.1131,2.72,20.1915,25.6985,53.7102,143.5739,143.5269,0.0235,27.0098,22.0048,30.4412,2,0.0
Q3,Cross-contract/cross-shard Qtum request,79,10284,326,326,321,317,951,4755,0,2,973,14,0,98.4663,97.2393,2.9172,19.9107,25.3906,48.4663,147.1279,147.217,0.0446,32.7823,28.153,38.0442,1,0.0
Q3,Cross-contract/cross-shard Qtum request,80,10285,335,335,323,314,942,4710,0,2,993,14,0,96.4179,93.7313,2.8119,19.6647,25.0556,44.7761,136.5646,136.5477,0.0085,26.0382,24.3246,33.8217,1,0.0
Q3,Cross-contract/cross-shard Qtum request,81,10286,302,302,289,280,840,4200,0,2,893,14,0,95.6954,92.7152,2.7815,19.449,25.1353,43.3775,118.1714,118.0932,0.0391,25.7143,24.2296,33.2143,2,0.0
Q3,Cross-contract/cross-shard Qtum request,82,10287,228,228,223,218,654,3270,0,2,679,14,0,97.807,95.614,2.18,19.681,25.1214,45.614,122.6278,122.2008,0.2135,27.9511,22.0667,31.6514,2,0.0
Q3,Cross-contract/cross-shard Qtum request,83,10288,262,262,259,256,768,3840,0,2,783,14,0,98.855,97.7099,2.56,19.9463,25.4025,51.145,126.58,126.9539,0.1869,27.5781,22.0336,31.1719,2,0.0
Q3,Cross-contract/cross-shard Qtum request,84,10289,226,226,221,217,651,3255,0,2,673,14,0,97.7876,96.0177,2.17,19.7496,25.302,46.0177,112.8839,112.8003,0.0418,27.4194,22.0229,30.9677,2,0.0
Q3,Cross-contract/cross-shard Qtum request,85,10290,225,225,218,216,648,3240,0,2,668,14,0,96.8889,96.0,2.16,19.7581,25.3449,48.4444,106.7649,106.789,0.012,26.0741,24.3361,33.8889,1,0.0
Q3,Cross-contract/cross-shard Qtum request,86,10291,246,246,237,233,699,3495,0,2,729,14,0,96.3415,94.7154,2.33,19.7751,25.2838,46.3415,115.4151,115.4533,0.0191,32.1745,23.2258,37.0815,1,0.0
Q3,Cross-contract/cross-shard Qtum request,87,10292,305,305,302,299,897,4485,0,2,912,14,0,99.0164,98.0328,2.941,19.8677,25.3799,49.8361,141.6808,141.3826,0.1491,40.2676,40.0011,60.0,1,0.0
Q3,Cross-contract/cross-shard Qtum request,88,10293,297,297,285,270,810,4050,0,2,879,14,0,95.9596,90.9091,2.7,20.0354,25.5291,49.1582,147.897,147.5846,0.1562,27.7037,22.0435,31.3333,2,0.0
Q3,Cross-contract/cross-shard Qtum request,89,10294,290,290,283,281,843,4215,0,2,863,14,0,97.5862,96.8966,2.81,19.7263,25.2316,46.5517,113.6777,113.1601,0.2588,25.0,30.0044,40.3559,1,0.0
Q3,Cross-contract/cross-shard Qtum request,90,10295,318,318,312,305,915,4575,0,2,948,14,0,98.1132,95.9119,2.8774,20.0118,25.6038,50.0,144.7466,143.9026,0.422,32.1836,28.0084,39.541,1,0.0
Q3,Cross-contract/cross-shard Qtum request,91,10296,284,284,277,269,807,4035,0,2,845,14,0,97.5352,94.7183,2.69,19.6131,25.0474,46.4789,121.8951,121.4847,0.2052,28.8352,22.19,32.7881,2,0.0
Q3,Cross-contract/cross-shard Qtum request,92,10297,277,277,267,256,768,3840,0,2,821,14,0,96.3899,92.4188,2.56,20.1583,25.6197,50.9025,134.8715,134.3138,0.2788,40.3906,42.0122,60.0,1,0.0
Q3,Cross-contract/cross-shard Qtum request,93,10298,307,307,296,290,870,4350,0,2,910,14,0,96.4169,94.4625,2.8339,19.9714,25.522,50.1629,131.9009,132.0666,0.0829,27.1494,22.0094,30.6207,2,0.0
Q3,Cross-contract/cross-shard Qtum request,94,10299,230,230,219,213,639,3195,0,2,679,14,0,95.2174,92.6087,2.13,19.4648,24.809,41.7391,98.4685,98.7261,0.1288,40.2254,40.0008,60.0,1,0.0
Q3,Cross-contract/cross-shard Qtum request,95,10300,268,268,262,257,771,3855,0,2,798,14,0,97.7612,95.8955,2.57,19.7856,25.2712,48.5075,108.7031,107.9421,0.3805,28.0285,22.0749,31.751,2,0.0
Q3,Cross-contract/cross-shard Qtum request,96,10301,236,236,228,225,675,3375,0,2,700,14,0,96.6102,95.339,2.25,19.4554,24.9693,44.4915,111.3113,110.9718,0.1698,26.2044,24.3797,34.1333,1,0.0
Q3,Cross-contract/cross-shard Qtum request,97,10302,303,303,295,289,867,4335,0,2,901,14,0,97.3597,95.3795,2.8614,19.8098,25.2844,46.8647,143.5315,143.4959,0.0178,25.6055,24.2014,33.0104,2,0.0
Q3,Cross-contract/cross-shard Qtum request,98,10303,300,300,291,284,852,4260,0,2,891,14,0,97.0,94.6667,2.84,19.5266,24.9903,43.0,147.6869,148.1018,0.2075,27.8169,22.0535,31.4789,2,0.0
Q3,Cross-contract/cross-shard Qtum request,99,10304,256,256,248,241,723,3615,0,2,760,14,0,96.875,94.1406,2.41,19.7077,25.264,46.0938,117.3679,117.3452,0.0114,29.2808,22.2761,33.361,1,0.0
Q3,Cross-contract/cross-shard Qtum request,100,10305,334,334,328,324,972,4860,0,2,996,14,0,98.2036,97.006,2.9102,19.8163,25.319,47.3054,141.4764,141.3057,0.0853,28.6831,22.1643,32.5926,2,0.0
Q4,Poor mobile connectivity,1,1099,183,183,155,144,432,2160,4,2,521,8,4,84.6995,78.6885,1.152,21.5689,27.097,17.4863,93.9567,94.0912,0.0672,33.1481,23.6975,38.3333,1,0.0
Q4,Poor mobile connectivity,2,1100,291,291,248,220,660,3300,2,2,830,10,2,85.2234,75.6014,1.76,21.5307,27.1263,15.1203,129.4873,129.4641,0.0116,27.9394,22.0655,31.6364,2,0.0
Q4,Poor mobile connectivity,3,1101,282,282,249,230,690,3450,1,2,813,11,1,88.2979,81.5603,1.84,21.1783,26.6759,12.0567,114.9678,114.9287,0.0195,30.1159,22.4808,34.4348,1,0.0
Q4,Poor mobile connectivity,4,1102,250,250,220,202,606,3030,0,2,720,12,0,88.0,80.8,1.616,21.6537,27.1652,19.2,106.6557,106.5672,0.0443,32.9505,28.2259,37.6238,1,0.0
Q4,Poor mobile connectivity,5,1103,205,205,180,172,516,2580,1,2,590,11,1,87.8049,83.9024,1.376,21.4624,27.0914,16.0976,91.7508,91.8964,0.0728,27.2093,22.0119,30.6977,2,0.0
Q4,Poor mobile connectivity,6,1104,273,273,240,225,675,3375,2,2,786,10,2,87.9121,82.4176,1.8,21.0897,26.4932,12.0879,95.2042,95.2295,0.0126,25.4933,24.1742,32.8,2,0.0
Q4,Poor mobile connectivity,7,1105,270,270,243,229,687,3435,2,2,783,10,2,90.0,84.8148,1.832,21.2668,26.7539,14.8148,116.8543,116.8431,0.0056,33.3406,34.496,44.4541,1,0.0
Q4,Poor mobile connectivity,8,1106,262,262,224,204,612,3060,8,2,748,4,8,85.4962,77.8626,1.632,21.1253,26.5455,12.2137,114.8183,114.8813,0.0315,26.6667,44.0,60.0,1,0.0
Q4,Poor mobile connectivity,9,1107,240,240,210,196,588,2940,2,2,690,10,2,87.5,81.6667,1.568,21.3762,26.8312,15.4167,97.2553,97.0124,0.1215,24.8163,24.0521,31.5306,2,0.0
Q4,Poor mobile connectivity,10,1108,294,294,262,242,726,3630,0,2,850,12,0,89.1156,82.3129,1.936,21.4347,26.9874,15.9864,124.4785,124.4547,0.0119,32.1983,28.0098,40.4959,1,0.0
Q4,Poor mobile connectivity,11,1109,202,202,179,160,480,2400,1,2,583,11,1,88.6139,79.2079,1.28,21.3294,26.9094,17.3267,86.3031,86.5753,0.1361,25.0,30.1072,41.75,1,0.0
Q4,Poor mobile connectivity,12,1110,250,250,215,198,594,2970,1,2,715,11,1,86.0,79.2,1.584,21.2923,26.8774,12.4,105.197,105.068,0.0645,32.5657,28.08,38.5859,1,0.0
Q4,Poor mobile connectivity,13,1111,265,265,231,215,645,3225,1,2,761,11,1,87.1698,81.1321,1.72,21.4,26.887,16.6038,101.349,101.484,0.0675,26.7752,22.0005,30.1395,2,0.0
Q4,Poor mobile connectivity,14,1112,250,250,219,198,594,2970,2,2,719,10,2,87.6,79.2,1.584,21.4568,26.8257,17.6,101.4626,101.0285,0.2171,32.1616,28.0065,39.596,1,0.0
Q4,Poor mobile connectivity,15,1113,255,255,228,208,624,3120,2,2,738,10,2,89.4118,81.5686,1.664,21.8138,27.2388,20.3922,113.6536,113.803,0.0747,32.6154,28.0947,38.4615,1,0.0
Q4,Poor mobile connectivity,16,1114,200,200,172,158,474,2370,0,2,572,12,0,86.0,79.0,1.264,21.522,26.9487,18.5,104.9374,105.2463,0.1544,40.3165,42.008,60.0,1,0.0
Q4,Poor mobile connectivity,17,1115,233,233,201,180,540,2700,0,2,667,12,0,86.2661,77.2532,1.44,21.3997,26.9246,15.0215,87.3358,87.3672,0.0157,28.2222,22.0978,32.0,2,0.0
Q4,Poor mobile connectivity,18,1116,270,270,245,231,693,3465,2,2,785,10,2,90.7407,85.5556,1.848,21.0452,26.6251,12.963,107.2633,107.6987,0.2177,32.5325,34.285,43.3766,1,0.0
Q4,Poor mobile connectivity,19,1117,286,286,248,216,648,3240,0,2,820,12,0,86.7133,75.5245,1.728,21.3734,26.859,17.4825,122.0724,121.6248,0.2238,25.3333,24.1389,32.5,2,0.0
Q4,Poor mobile connectivity,20,1118,208,208,179,166,498,2490,1,2,595,11,1,86.0577,79.8077,1.328,21.4599,26.9661,16.3462,79.6149,79.6899,0.0375,25.3494,24.1423,32.5301,2,0.0
Q4,Poor mobile connectivity,21,1119,204,204,175,167,501,2505,2,2,583,10,2,85.7843,81.8627,1.336,21.0319,26.546,14.2157,79.4054,79.294,0.0557,26.5868,24.5228,34.8503,1,0.0
Q4,Poor mobile connectivity,22,1120,257,257,219,206,618,3090,1,2,733,11,1,85.214,80.1556,1.648,21.184,26.6024,13.6187,116.9997,117.2663,0.1333,24.466,24.017,30.8738,2,0.0
Q4,Poor mobile connectivity,23,1121,246,246,210,189,567,2835,1,2,702,11,1,85.3659,76.8293,1.512,21.1498,26.7241,10.9756,115.9474,115.6696,0.1389,27.7778,22.0499,31.4286,2,0.0
Q4,Poor mobile connectivity,24,1122,247,247,216,206,618,3090,5,2,710,7,5,87.4494,83.4008,1.648,21.4529,26.9102,18.6235,112.6004,113.0219,0.2107,25.0,30.0053,40.3883,1,0.0
Q4,Poor mobile connectivity,25,1123,197,197,180,164,492,2460,0,2,574,12,0,91.3706,83.2487,1.312,21.5325,26.9951,16.7513,77.5422,77.2237,0.1593,25.9512,24.2974,33.6585,1,0.0
Q4,Poor mobile connectivity,26,1124,229,229,196,185,555,2775,2,2,654,10,2,85.5895,80.786,1.48,21.0202,26.5345,11.7904,90.1852,90.2784,0.0466,31.8378,23.0806,36.6486,1,0.0
Q4,Poor mobile connectivity,27,1125,229,229,199,177,531,2655,3,2,657,9,3,86.8996,77.2926,1.416,21.0851,26.5998,10.917,93.515,93.2818,0.1166,26.0791,24.3377,33.8983,1,0.0
Q4,Poor mobile connectivity,28,1126,219,219,195,178,534,2670,2,2,633,10,2,89.0411,81.2785,1.424,21.3738,26.9483,15.0685,90.3382,90.4452,0.0535,25.0,30.0018,40.2247,1,0.0
Q4,Poor mobile connectivity,29,1127,300,300,267,244,732,3660,1,2,867,11,1,89.0,81.3333,1.952,21.2822,26.8584,14.6667,102.8419,102.7492,0.0463,27.2404,22.0133,30.7377,2,0.0
Q4,Poor mobile connectivity,30,1128,295,295,271,250,750,3750,4,2,861,8,4,91.8644,84.7458,2.0,21.3182,26.7607,13.2203,117.2545,117.0954,0.0796,31.92,34.1638,42.56,1,0.0
Q4,Poor mobile connectivity,31,1129,232,232,201,181,543,2715,4,2,665,8,4,86.6379,78.0172,1.448,21.4775,27.0459,16.8103,111.2058,111.7512,0.2727,24.6188,24.0299,31.1602,2,0.0
Q4,Poor mobile connectivity,32,1130,213,213,186,170,510,2550,5,2,612,7,5,87.3239,79.8122,1.36,21.3678,26.7827,15.9624,89.9363,89.9671,0.0154,25.0,30.0484,41.1765,1,0.0
Q4,Poor mobile connectivity,33,1131,234,234,198,185,555,2775,1,2,666,11,1,84.6154,79.0598,1.48,21.3526,26.814,14.1026,91.0589,91.4755,0.2083,28.3063,22.1086,32.1081,2,0.0
Q4,Poor mobile connectivity,34,1132,271,271,236,217,651,3255,2,2,778,10,2,87.0849,80.0738,1.736,21.2598,26.7783,14.7601,106.2694,106.1926,0.0384,33.1429,28.3265,42.8571,1,0.0
Q4,Poor mobile connectivity,35,1133,251,251,217,201,603,3015,4,2,719,8,4,86.4542,80.0797,1.608,21.3591,26.8515,17.9283,111.756,112.1999,0.2219,25.0,30.0031,40.2985,1,0.0
Q4,Poor mobile connectivity,36,1134,231,231,202,181,543,2715,1,2,664,11,1,87.4459,78.355,1.448,21.416,26.9376,15.1515,104.3809,104.3935,0.0063,30.2486,34.0027,40.3315,1,0.0
Q4,Poor mobile connectivity,37,1135,219,219,190,179,537,2685,1,2,628,11,1,86.758,81.7352,1.432,21.4113,26.7649,14.1553,90.4217,90.3129,0.0544,33.8361,24.077,39.2179,1,0.0
Q4,Poor mobile connectivity,38,1136,186,186,158,147,441,2205,2,2,530,10,2,84.9462,79.0323,1.176,21.3767,26.7341,13.4409,101.6881,101.9153,0.1136,32.4898,28.06,41.2245,1,0.0
Q4,Poor mobile connectivity,39,1137,298,298,272,247,741,3705,3,2,868,9,3,91.2752,82.8859,1.976,21.5149,27.1917,15.7718,108.845,109.2143,0.1847,27.5169,22.0292,31.0931,2,0.0
Q4,Poor mobile connectivity,40,1138,265,265,235,218,654,3270,2,2,765,10,2,88.6792,82.2642,1.744,21.2926,26.8579,14.717,114.7857,114.286,0.2498,32.367,28.0337,39.0826,1,0.0
Q4,Poor mobile connectivity,41,1139,283,283,254,243,729,3645,0,2,820,12,0,89.7527,85.8657,1.944,21.3744,26.7503,16.9611,111.0202,111.2051,0.0925,33.0206,28.2604,42.5514,1,0.0
Q4,Poor mobile connectivity,42,1140,259,259,231,200,600,3000,2,2,749,10,2,89.1892,77.2201,1.6,21.3627,26.8787,14.6718,108.7497,108.8061,0.0282,26.24,24.392,34.2,1,0.0
Q4,Poor mobile connectivity,43,1141,267,267,230,216,648,3240,0,2,764,12,0,86.1423,80.8989,1.728,21.4965,27.0924,16.4794,119.2921,119.5387,0.1233,29.6914,22.3697,33.8889,1,0.0
Q4,Poor mobile connectivity,44,1142,216,216,187,172,516,2580,2,2,619,10,2,86.5741,79.6296,1.376,21.3235,26.8928,12.037,86.2568,86.3427,0.0429,25.0,30.0473,41.1628,1,0.0
Q4,Poor mobile connectivity,45,1143,250,250,228,199,597,2985,1,2,728,11,1,91.2,79.6,1.592,21.1911,26.6864,14.0,90.8042,90.6651,0.0696,25.0,30.1276,41.9095,1,0.0
Q4,Poor mobile connectivity,46,1144,276,276,247,231,693,3465,4,2,799,8,4,89.4928,83.6957,1.848,21.5769,27.0853,18.1159,109.6973,109.3659,0.1657,25.0,30.0129,39.3939,1,0.0
Q4,Poor mobile connectivity,47,1145,242,242,216,202,606,3030,3,2,700,9,3,89.2562,83.4711,1.616,21.7293,27.246,19.4215,94.123,94.3194,0.0982,25.7426,24.2372,33.2673,2,0.0
Q4,Poor mobile connectivity,48,1146,289,289,238,217,651,3255,1,2,816,11,1,82.3529,75.0865,1.736,21.4135,26.7738,16.263,111.1111,111.1174,0.0031,24.9585,24.0718,31.7972,2,0.0
Q4,Poor mobile connectivity,49,1147,240,240,219,195,585,2925,3,2,699,9,3,91.25,81.25,1.56,21.7302,27.2664,16.25,117.0934,117.5137,0.2102,24.0821,24.0005,30.1538,2,0.0
Q4,Poor mobile connectivity,50,1148,249,249,220,202,606,3030,3,2,718,9,3,88.3534,81.1245,1.616,21.1761,26.5356,14.8594,108.9219,108.7239,0.099,28.7459,22.1747,32.6733,2,0.0
Q4,Poor mobile connectivity,51,1149,282,282,244,226,678,3390,1,2,808,11,1,86.5248,80.1418,1.808,21.5807,27.0929,17.3759,107.0521,107.6817,0.3148,27.2861,22.0155,30.7965,2,0.0
Q4,Poor mobile connectivity,52,1150,219,219,195,182,546,2730,3,2,633,9,3,89.0411,83.105,1.456,21.124,26.6239,11.4155,87.4622,87.6986,0.1182,26.6374,24.5434,34.9451,1,0.0
Q4,Poor mobile connectivity,53,1151,226,226,201,192,576,2880,0,2,653,12,0,88.9381,84.9558,1.536,21.2405,26.5504,13.7168,102.6234,102.1535,0.235,30.0694,22.4679,34.375,1,0.0
Q4,Poor mobile connectivity,54,1152,257,257,228,201,603,3015,2,2,742,10,2,88.716,78.2101,1.608,21.2601,26.8284,13.6187,108.6725,108.4244,0.124,27.2471,22.0136,30.7463,2,0.0
Q4,Poor mobile connectivity,55,1153,257,257,213,198,594,2970,2,2,727,10,2,82.8794,77.0428,1.584,21.1208,26.622,11.284,112.8998,112.796,0.0519,33.0505,28.2759,37.3737,1,0.0
Q4,Poor mobile connectivity,56,1154,279,279,244,219,657,3285,1,2,802,11,1,87.4552,78.4946,1.752,21.7836,27.2621,18.9964,128.9567,128.4824,0.2372,28.4779,22.1326,32.3288,2,0.0
Q4,Poor mobile connectivity,57,1155,198,198,175,157,471,2355,1,2,571,11,1,88.3838,79.2929,1.256,21.4114,26.7767,15.1515,103.5552,103.656,0.0504,26.8153,22.0009,30.1911,2,0.0
Q4,Poor mobile connectivity,58,1156,260,260,232,210,630,3150,4,2,752,8,4,89.2308,80.7692,1.68,21.1741,26.6494,10.3846,98.9682,99.044,0.0379,33.219,28.3715,36.9524,1,0.0
Q4,Poor mobile connectivity,59,1157,297,297,262,240,720,3600,6,2,856,6,6,88.2155,80.8081,1.92,21.332,26.8833,14.8148,115.1957,114.9656,0.115,26.4,24.45,34.5,1,0.0
Q4,Poor mobile connectivity,60,1158,276,276,246,228,684,3420,0,2,798,12,0,89.1304,82.6087,1.824,21.779,27.2688,19.5652,108.8342,108.7576,0.0383,10.7895,26.0499,31.5789,2,0.0
Q4,Poor mobile connectivity,61,1159,291,291,251,238,714,3570,2,2,833,10,2,86.2543,81.7869,1.904,21.1472,26.8007,15.1203,116.529,116.2614,0.1338,25.0,30.3955,43.3613,1,0.0
Q4,Poor mobile connectivity,62,1160,218,218,186,171,513,2565,2,2,622,10,2,85.3211,78.4404,1.368,21.412,27.0581,16.055,98.3498,98.8997,0.2749,32.807,23.5235,37.8947,1,0.0
Q4,Poor mobile connectivity,63,1161,281,281,254,227,681,3405,0,2,816,12,0,90.3915,80.7829,1.816,21.2836,26.8471,13.879,94.5208,94.6004,0.0398,27.5918,22.0346,31.1894,2,0.0
Q4,Poor mobile connectivity,64,1162,239,239,202,192,576,2880,1,2,680,11,1,84.5188,80.3347,1.536,21.271,26.8399,14.6444,100.6764,101.2248,0.2742,32.0139,23.1554,36.875,1,0.0
Q4,Poor mobile connectivity,65,1163,197,197,177,163,489,2445,2,2,571,10,2,89.8477,82.7411,1.304,21.5572,27.0628,15.2284,78.1693,77.8463,0.1615,25.0798,24.0911,32.0245,2,0.0
Q4,Poor mobile connectivity,66,1164,231,231,203,182,546,2730,3,2,665,9,3,87.8788,78.7879,1.456,21.1761,26.753,13.8528,87.1119,87.1816,0.0348,41.2308,40.0237,60.0,1,0.0
Q4,Poor mobile connectivity,67,1165,263,263,232,210,630,3150,3,2,758,9,3,88.2129,79.8479,1.68,20.9683,26.4423,9.8859,106.9788,107.1449,0.083,40.2857,42.0065,60.0,1,0.0
Q4,Poor mobile connectivity,68,1166,218,218,192,181,543,2715,2,2,628,10,2,88.0734,83.0275,1.448,21.2296,26.6698,13.7615,95.9693,95.9463,0.0115,32.3094,28.0239,39.2265,1,0.0
Q4,Poor mobile connectivity,69,1167,245,245,208,189,567,2835,1,2,698,11,1,84.898,77.1429,1.512,21.3925,26.7905,17.1429,108.4531,108.2079,0.1226,10.5556,26.0247,31.1111,2,0.0
Q4,Poor mobile connectivity,70,1168,213,213,189,176,528,2640,1,2,615,11,1,88.7324,82.6291,1.408,21.0926,26.5487,12.2066,91.6296,91.3649,0.1324,29.3182,22.2841,33.4091,1,0.0
Q4,Poor mobile connectivity,71,1169,298,298,269,245,735,3675,0,2,865,12,0,90.2685,82.2148,1.96,21.3792,26.7995,13.4228,106.5087,106.3827,0.063,28.8571,22.1939,32.8163,2,0.0
Q4,Poor mobile connectivity,72,1170,275,275,239,225,675,3375,3,2,789,9,3,86.9091,81.8182,1.8,21.4533,26.944,14.5455,122.4669,123.0028,0.2679,25.0,30.2658,42.7556,1,0.0
Q4,Poor mobile connectivity,73,1171,239,239,213,197,591,2955,3,2,691,9,3,89.1213,82.4268,1.576,21.431,26.9104,15.8996,91.7418,91.9538,0.106,29.8646,22.4133,34.1117,1,0.0
Q4,Poor mobile connectivity,74,1172,299,299,263,244,732,3660,1,2,861,11,1,87.9599,81.6054,1.952,21.2573,26.8085,14.0468,110.446,109.8402,0.3029,28.7705,22.1788,32.7049,2,0.0
Q4,Poor mobile connectivity,75,1173,204,204,184,166,498,2490,3,2,592,9,3,90.1961,81.3725,1.328,21.5534,27.032,17.6471,106.8955,107.3119,0.2082,33.1566,28.3344,42.8916,1,0.0
Q4,Poor mobile connectivity,76,1174,254,254,220,200,600,3000,3,2,728,9,3,86.6142,78.7402,1.6,20.9933,26.3872,10.2362,100.573,100.4648,0.0541,27.2,24.8,36.0,1,0.0
Q4,Poor mobile connectivity,77,1175,267,267,244,224,672,3360,2,2,778,10,2,91.3858,83.8951,1.792,21.372,26.8421,13.4831,96.5886,97.209,0.3102,40.3125,42.0078,60.0,1,0.0
Q4,Poor mobile connectivity,78,1176,254,254,232,212,636,3180,2,2,740,10,2,91.3386,83.4646,1.696,21.6135,26.8496,16.9291,104.7809,104.5191,0.1309,32.9811,28.2407,37.5472,1,0.0
Q4,Poor mobile connectivity,79,1177,260,260,228,208,624,3120,1,2,748,11,1,87.6923,80.0,1.664,21.4928,26.9432,16.5385,118.2828,117.6361,0.3234,24.1538,24.0018,30.2885,2,0.0
Q4,Poor mobile connectivity,80,1178,275,275,248,226,678,3390,2,2,798,10,2,90.1818,82.1818,1.808,21.3963,26.9557,15.6364,112.5029,111.8083,0.3473,32.1416,28.005,39.646,1,0.0
Q4,Poor mobile connectivity,81,1179,277,277,241,225,675,3375,2,2,795,10,2,87.0036,81.2274,1.8,21.3,26.6897,14.0794,125.5885,125.7328,0.0721,26.7704,22.0004,30.1333,2,0.0
Q4,Poor mobile connectivity,82,1180,221,221,194,179,537,2685,3,2,636,9,3,87.7828,80.9955,1.432,21.1427,26.6285,11.3122,81.1094,81.2539,0.0723,32.0447,28.0005,39.8883,1,0.0
Q4,Poor mobile connectivity,83,1181,201,201,183,168,504,2520,2,2,585,10,2,91.0448,83.5821,1.344,21.2751,26.7321,12.4378,90.5797,90.6976,0.0589,34.1905,29.1995,45.4762,1,0.0
Q4,Poor mobile connectivity,84,1182,246,246,213,196,588,2940,0,2,705,12,0,86.5854,79.6748,1.568,21.2966,26.7559,12.1951,108.6313,108.1466,0.2423,24.6531,24.0333,31.2245,2,0.0
Q4,Poor mobile connectivity,85,1183,267,267,242,222,666,3330,1,2,776,11,1,90.6367,83.1461,1.776,21.489,27.0479,16.4794,105.8481,105.994,0.073,33.0811,28.2922,37.2973,1,0.0
Q4,Poor mobile connectivity,86,1184,221,221,197,183,549,2745,2,2,639,10,2,89.1403,82.8054,1.464,21.3103,26.9338,13.5747,93.2867,93.4595,0.0864,28.3242,22.111,32.1311,2,0.0
Q4,Poor mobile connectivity,87,1185,228,228,198,173,519,2595,3,2,654,9,3,86.8421,75.8772,1.384,21.4248,26.9889,14.0351,96.287,96.8399,0.2764,27.9769,25.2356,37.4566,1,0.0
Q4,Poor mobile connectivity,88,1186,258,258,232,209,627,3135,2,2,748,10,2,89.9225,81.0078,1.672,21.5366,26.8617,15.8915,96.2983,96.5605,0.1311,40.0718,42.0004,60.0,1,0.0
Q4,Poor mobile connectivity,89,1187,298,298,258,236,708,3540,4,2,854,8,4,86.5772,79.1946,1.888,21.4246,26.8777,16.443,111.9696,111.7639,0.1029,30.4237,22.5704,34.8305,1,0.0
Q4,Poor mobile connectivity,90,1188,192,192,169,151,453,2265,1,2,553,11,1,88.0208,78.6458,1.208,21.6452,27.0908,20.3125,86.5594,86.2192,0.1701,32.6932,23.4676,37.7483,1,0.0
Q4,Poor mobile connectivity,91,1189,215,215,184,161,483,2415,2,2,614,10,2,85.5814,74.8837,1.288,21.1516,26.5236,11.6279,86.2876,86.5664,0.1394,31.7391,23.0397,36.5217,1,0.0
Q4,Poor mobile connectivity,92,1190,268,268,231,209,627,3135,0,2,767,12,0,86.194,77.9851,1.672,21.6024,27.0133,17.9104,99.9244,100.2481,0.1619,28.3413,22.1133,32.1531,2,0.0
Q4,Poor mobile connectivity,93,1191,188,188,161,147,441,2205,2,2,537,10,2,85.6383,78.1915,1.176,21.0839,26.5202,9.5745,94.9345,94.8425,0.046,33.2517,28.3917,36.8707,1,0.0
Q4,Poor mobile connectivity,94,1192,300,300,268,247,741,3705,2,2,868,10,2,89.3333,82.3333,1.976,21.1135,26.6567,12.3333,122.4684,122.4379,0.0152,25.6194,24.2049,33.0364,2,0.0
Q4,Poor mobile connectivity,95,1193,257,257,222,208,624,3120,1,2,736,11,1,86.3813,80.9339,1.664,21.2936,26.8458,13.6187,104.1717,104.3345,0.0814,33.2308,28.3787,43.0769,1,0.0
Q4,Poor mobile connectivity,96,1194,221,221,199,185,555,2775,6,2,641,6,6,90.0452,83.7104,1.48,21.526,27.0092,14.4796,105.6159,105.5256,0.0451,27.5459,24.9823,36.6486,1,0.0
Q4,Poor mobile connectivity,97,1195,264,264,230,210,630,3150,2,2,758,10,2,87.1212,79.5455,1.68,21.2017,26.7287,15.9091,112.8656,112.7587,0.0535,25.6762,24.2195,33.1429,2,0.0
Q4,Poor mobile connectivity,98,1196,181,181,163,147,441,2205,1,2,525,11,1,90.0552,81.2155,1.176,21.3405,26.8043,13.2597,77.2779,76.8611,0.2084,42.068,40.0668,60.0,1,0.0
Q4,Poor mobile connectivity,99,1197,227,227,200,185,555,2775,3,2,654,9,3,88.1057,81.4978,1.48,21.5089,26.9999,17.6211,104.2855,104.2931,0.0038,28.8108,22.1858,32.7568,2,0.0
Q4,Poor mobile connectivity,100,1198,189,189,171,157,471,2355,1,2,549,11,1,90.4762,83.0688,1.256,21.0269,26.5511,11.6402,79.5461,79.4938,0.0261,33.3758,28.4732,43.4395,1,0.0
Q5,Stake-skewed validator set,1,7945,293,293,289,283,849,4245,0,2,875,14,0,98.6348,96.587,2.83,17.8768,23.3348,15.3584,104.7778,104.5931,0.0923,27.5736,22.0332,31.1661,2,0.0
Q5,Stake-skewed validator set,2,7946,271,271,269,266,798,3990,0,2,811,14,0,99.262,98.155,2.66,17.7952,23.3497,13.6531,98.3865,97.9911,0.1977,32.782,28.1529,41.9549,1,0.0
Q5,Stake-skewed validator set,3,7947,267,267,263,257,771,3855,0,2,797,14,0,98.5019,96.2547,2.57,17.7775,23.4137,14.2322,112.7532,112.5663,0.0934,32.4669,28.0545,41.1673,1,0.0
Q5,Stake-skewed validator set,4,7948,298,298,292,289,867,4335,0,2,888,14,0,97.9866,96.9799,2.89,17.9378,23.4119,15.4362,107.1251,107.4253,0.1501,28.8466,22.192,32.8028,2,0.0
Q5,Stake-skewed validator set,5,7949,375,375,372,369,1107,5535,0,2,1122,14,0,99.2,98.4,2.952,18.0072,23.5444,17.0667,135.6595,134.9091,0.3752,28.374,22.1178,32.1951,2,0.0
Q5,Stake-skewed validator set,6,7950,369,369,361,355,1065,5325,0,2,1099,14,0,97.832,96.206,2.8862,17.9984,23.4638,17.0732,135.3195,135.2617,0.0289,32.7887,28.1555,41.9718,1,0.0
Q5,Stake-skewed validator set,7,7951,320,320,314,309,927,4635,0,2,954,14,0,98.125,96.5625,2.8969,17.8634,23.3989,13.75,106.2651,105.998,0.1335,24.0518,24.0002,30.0971,2,0.0
Q5,Stake-skewed validator set,8,7952,272,272,271,265,795,3975,0,2,815,14,0,99.6324,97.4265,2.65,18.1204,23.5672,17.6471,107.8867,107.4539,0.2164,10.1698,26.0023,30.3396,2,0.0
Q5,Stake-skewed validator set,9,7953,270,270,269,263,789,3945,0,2,809,14,0,99.6296,97.4074,2.63,18.0331,23.6253,17.037,108.477,108.2824,0.0973,29.7719,22.3896,33.9924,1,0.0
Q5,Stake-skewed validator set,10,7954,374,374,365,356,1068,5340,0,2,1113,14,0,97.5936,95.1872,2.8556,18.0226,23.46,17.1123,132.9558,133.2154,0.1298,25.9775,24.3055,33.7079,1,0.0
Q5,Stake-skewed validator set,11,7955,361,361,360,353,1059,5295,0,2,1082,14,0,99.723,97.7839,2.9335,17.9384,23.5402,15.5125,128.9597,129.276,0.1581,29.1124,22.2417,33.1445,2,0.0
Q5,Stake-skewed validator set,12,7956,379,379,371,364,1092,5460,0,2,1129,14,0,97.8892,96.0422,2.8813,17.8686,23.27,13.4565,132.8191,132.9827,0.0818,28.3333,22.1122,32.1429,2,0.0
Q5,Stake-skewed validator set,13,7957,352,352,347,336,1008,5040,0,2,1051,14,0,98.5795,95.4545,2.8636,17.7712,23.2661,14.4886,124.5567,124.2873,0.1347,25.5238,24.1814,32.8571,2,0.0
Q5,Stake-skewed validator set,14,7958,330,330,324,316,948,4740,0,2,984,14,0,98.1818,95.7576,2.8727,17.7972,23.3329,15.1515,123.8109,123.5185,0.1462,25.0,30.3505,36.8354,1,0.0
Q5,Stake-skewed validator set,15,7959,317,317,310,302,906,4530,0,2,944,14,0,97.7918,95.2681,2.858,17.7757,23.2744,14.511,124.1916,123.8587,0.1665,31.3024,22.8684,35.9603,1,0.0
Q5,Stake-skewed validator set,16,7960,262,262,258,251,753,3765,0,2,782,14,0,98.4733,95.8015,2.51,17.97,23.4845,17.9389,107.7844,107.4333,0.1755,40.0199,42.0,60.0,1,0.0
Q5,Stake-skewed validator set,17,7961,350,350,344,339,1017,5085,0,2,1044,14,0,98.2857,96.8571,2.9057,17.9464,23.4392,16.2857,144.5843,144.2883,0.148,24.6136,24.0294,31.1504,2,0.0
Q5,Stake-skewed validator set,18,7962,275,275,270,260,780,3900,0,2,820,14,0,98.1818,94.5455,2.6,18.0859,23.5151,17.8182,102.5667,102.4194,0.0736,33.1692,28.3418,42.9231,1,0.0
Q5,Stake-skewed validator set,19,7963,332,332,331,325,975,4875,0,2,995,14,0,99.6988,97.8916,2.9367,18.1522,23.6725,19.2771,116.5657,116.5584,0.0037,32.5169,28.0668,41.2923,1,0.0
Q5,Stake-skewed validator set,20,7964,274,274,265,258,774,3870,0,2,813,14,0,96.7153,94.1606,2.58,17.9686,23.3819,13.8686,113.9503,113.5084,0.2209,33.6434,28.65,36.0465,1,0.0
Q5,Stake-skewed validator set,21,7965,328,328,320,308,924,4620,0,2,976,14,0,97.561,93.9024,2.8171,17.9441,23.5083,18.2927,135.4288,135.6211,0.0962,32.2597,28.0169,39.3506,1,0.0
Q5,Stake-skewed validator set,22,7966,341,341,337,332,996,4980,0,2,1019,14,0,98.827,97.3607,2.9208,18.0768,23.6512,17.3021,120.9739,121.0771,0.0516,10.994,26.079,31.988,2,0.0
Q5,Stake-skewed validator set,23,7967,363,363,349,339,1017,5085,0,2,1075,14,0,96.1433,93.3884,2.8017,17.8888,23.366,15.7025,140.8579,140.6366,0.1106,25.8407,24.2647,33.4513,1,0.0
Q5,Stake-skewed validator set,24,7968,366,366,356,353,1059,5295,0,2,1088,14,0,97.2678,96.4481,2.8934,18.0417,23.4939,17.7596,141.8994,142.386,0.2433,24.6799,24.0361,31.2748,2,0.0
Q5,Stake-skewed validator set,25,7969,262,262,257,247,741,3705,0,2,781,14,0,98.0916,94.2748,2.47,18.1632,23.5867,16.7939,117.538,117.6955,0.0788,28.4615,22.1302,32.3077,2,0.0
Q5,Stake-skewed validator set,26,7970,332,332,329,319,957,4785,0,2,993,14,0,99.0964,96.0843,2.8825,17.7139,23.136,14.1566,110.1004,110.0265,0.0369,26.7398,22.0002,30.094,2,0.0
Q5,Stake-skewed validator set,27,7971,306,306,300,291,873,4365,0,2,912,14,0,98.0392,95.098,2.8529,17.9954,23.4266,18.6275,109.1995,109.5384,0.1695,28.6712,22.1624,32.5773,2,0.0
Q5,Stake-skewed validator set,28,7972,368,368,365,357,1071,5355,0,2,1101,14,0,99.1848,97.0109,2.9103,17.8801,23.4095,13.8587,131.346,131.0778,0.1341,27.5163,22.0292,31.0924,2,0.0
Q5,Stake-skewed validator set,29,7973,293,293,284,278,834,4170,0,2,870,14,0,96.9283,94.8805,2.78,17.8649,23.4158,16.7235,112.5974,112.3163,0.1406,32.2878,28.0207,40.7194,1,0.0
Q5,Stake-skewed validator set,30,7974,268,268,265,261,783,3915,0,2,801,14,0,98.8806,97.3881,2.61,18.0325,23.6158,16.4179,99.0534,98.9406,0.0564,28.5441,22.1424,32.4138,2,0.0
Q5,Stake-skewed validator set,31,7975,358,358,353,348,1044,5220,0,2,1069,14,0,98.6034,97.2067,2.9162,18.2047,23.6494,17.8771,136.7032,136.3141,0.1945,30.6897,22.654,35.1724,1,0.0
Q5,Stake-skewed validator set,32,7976,364,364,355,349,1047,5235,0,2,1083,14,0,97.5275,95.8791,2.8764,18.1689,23.6419,18.956,134.8756,134.5041,0.1857,27.2684,22.0146,30.7736,2,0.0
Q5,Stake-skewed validator set,33,7977,339,339,334,329,987,4935,0,2,1012,14,0,98.5251,97.0501,2.9115,17.8568,23.303,15.0442,120.4105,120.2409,0.0848,32.6079,28.0924,38.4802,1,0.0
Q5,Stake-skewed validator set,34,7978,330,330,323,316,948,4740,0,2,983,14,0,97.8788,95.7576,2.8727,18.1844,23.72,17.8788,123.2227,123.0205,0.1011,42.0253,40.0641,60.0,1,0.0
Q5,Stake-skewed validator set,35,7979,296,296,289,282,846,4230,0,2,881,14,0,97.6351,95.2703,2.82,17.7101,23.2877,13.8514,104.0367,103.7428,0.147,26.8322,22.0011,30.2128,2,0.0
Q5,Stake-skewed validator set,36,7980,279,279,276,271,813,4065,0,2,834,14,0,98.9247,97.1326,2.71,17.8134,23.2657,13.9785,105.4555,104.9991,0.2282,33.2694,28.4028,36.8266,1,0.0
Q5,Stake-skewed validator set,37,7981,270,270,264,255,765,3825,0,2,804,14,0,97.7778,94.4444,2.55,17.7054,23.1986,13.3333,114.7532,114.5388,0.1072,29.6863,22.3684,33.8824,1,0.0
Q5,Stake-skewed validator set,38,7982,328,328,322,317,951,4755,0,2,978,14,0,98.1707,96.6463,2.8994,17.805,23.3185,14.939,123.7414,123.3029,0.2192,32.429,28.046,38.9274,1,0.0
Q5,Stake-skewed validator set,39,7983,317,317,311,308,924,4620,0,2,945,14,0,98.1073,97.1609,2.9148,18.0212,23.5047,17.0347,124.7174,124.1899,0.2638,30.6061,22.6271,35.0649,1,0.0
Q5,Stake-skewed validator set,40,7984,378,378,373,360,1080,5400,0,2,1129,14,0,98.6772,95.2381,2.8571,17.7728,23.1525,14.8148,132.5792,132.4215,0.0789,24.6222,24.0302,31.1667,2,0.0
Q5,Stake-skewed validator set,41,7985,321,321,315,313,939,4695,0,2,957,14,0,98.1308,97.5078,2.9252,18.1663,23.7075,18.3801,120.7832,120.664,0.0596,29.4249,22.3074,33.5463,1,0.0
Q5,Stake-skewed validator set,42,7986,361,361,355,349,1047,5235,0,2,1077,14,0,98.338,96.6759,2.9003,17.8465,23.2876,14.1274,125.7055,125.8227,0.0586,32.7106,28.1262,41.7765,1,0.0
Q5,Stake-skewed validator set,43,7987,271,271,268,262,786,3930,0,2,810,14,0,98.893,96.679,2.62,17.858,23.3757,14.3911,94.2841,94.1937,0.0452,24.3664,24.0105,30.687,2,0.0
Q5,Stake-skewed validator set,44,7988,326,326,319,313,939,4695,0,2,971,14,0,97.8528,96.0123,2.8804,17.9741,23.4549,16.2577,141.9084,141.2699,0.3192,27.3376,22.0182,30.8626,2,0.0
Q5,Stake-skewed validator set,45,7989,314,314,310,301,903,4515,0,2,938,14,0,98.7261,95.8599,2.8758,17.9444,23.392,16.5605,127.4047,127.6378,0.1165,33.515,28.5738,43.7874,1,0.0
Q5,Stake-skewed validator set,46,7990,280,280,271,267,801,4005,0,2,831,14,0,96.7857,95.3571,2.67,18.1628,23.7182,19.2857,107.7001,108.0215,0.1607,28.3271,22.1114,32.1348,2,0.0
Q5,Stake-skewed validator set,47,7991,318,318,317,310,930,4650,0,2,953,14,0,99.6855,97.4843,2.9245,17.6719,23.2353,12.2642,117.0566,116.6871,0.1847,42.9935,40.14,60.0,1,0.0
Q5,Stake-skewed validator set,48,7992,371,371,367,359,1077,5385,0,2,1109,14,0,98.9218,96.7655,2.903,17.9317,23.3329,16.1725,139.2444,139.3011,0.0284,33.0028,28.2514,42.507,1,0.0
Q5,Stake-skewed validator set,49,7993,370,370,362,357,1071,5355,0,2,1102,14,0,97.8378,96.4865,2.8946,18.1301,23.6647,20.0,144.538,144.2689,0.1345,32.4706,28.0554,41.1765,1,0.0
Q5,Stake-skewed validator set,50,7994,293,293,286,279,837,4185,0,2,872,14,0,97.6109,95.2218,2.79,17.8381,23.415,15.0171,119.3883,118.9514,0.2184,28.7575,22.1766,32.6882,2,0.0
Q5,Stake-skewed validator set,51,7995,264,264,258,256,768,3840,0,2,786,14,0,97.7273,96.9697,2.56,17.9815,23.5008,16.6667,120.5981,120.8175,0.1097,32.0625,28.001,40.1562,1,0.0
Q5,Stake-skewed validator set,52,7996,292,292,284,280,840,4200,0,2,868,14,0,97.2603,95.8904,2.8,17.9103,23.34,17.1233,114.3366,114.5028,0.0831,30.6667,22.6465,35.1429,1,0.0
Q5,Stake-skewed validator set,53,7997,364,364,357,348,1044,5220,0,2,1085,14,0,98.0769,95.6044,2.8681,17.8158,23.2943,14.8352,128.0379,128.1811,0.0716,28.2759,22.1046,32.069,2,0.0
Q5,Stake-skewed validator set,54,7998,374,374,368,360,1080,5400,0,2,1116,14,0,98.3957,96.2567,2.8877,17.9713,23.5224,17.3797,146.0836,146.3569,0.1366,24.6222,24.0302,31.1667,2,0.0
Q5,Stake-skewed validator set,55,7999,278,278,271,266,798,3990,0,2,827,14,0,97.482,95.6835,2.66,18.0004,23.4494,17.2662,114.0854,113.8778,0.1038,27.5439,22.0311,31.1278,2,0.0
Q5,Stake-skewed validator set,56,8000,361,361,353,343,1029,5145,0,2,1075,14,0,97.7839,95.0139,2.8504,17.998,23.5433,19.3906,136.9404,136.8459,0.0473,27.0321,24.7182,35.6851,1,0.0
Q5,Stake-skewed validator set,57,8001,319,319,311,308,924,4620,0,2,949,14,0,97.4922,96.5517,2.8966,17.7694,23.316,14.1066,117.6646,117.4331,0.1157,30.1515,22.4907,34.4805,1,0.0
Q5,Stake-skewed validator set,58,8002,353,353,347,343,1029,5145,0,2,1053,14,0,98.3003,97.1671,2.915,17.8415,23.2928,14.4476,128.4165,128.7233,0.1534,24.3265,24.0083,30.6122,2,0.0
Q5,Stake-skewed validator set,59,8003,293,293,288,279,837,4185,0,2,874,14,0,98.2935,95.2218,2.79,17.8031,23.3263,12.628,103.421,103.6741,0.1266,25.319,24.1359,32.4731,2,0.0
Q5,Stake-skewed validator set,60,8004,295,295,292,282,846,4230,0,2,882,14,0,98.9831,95.5932,2.82,17.9372,23.4035,14.5763,101.6239,100.734,0.445,26.9976,22.0044,30.4255,2,0.0
Q5,Stake-skewed validator set,61,8005,273,273,270,264,792,3960,0,2,816,14,0,98.9011,96.7033,2.64,18.0985,23.6181,19.0476,115.2461,115.1656,0.0402,29.3182,22.2841,33.4091,1,0.0
Q5,Stake-skewed validator set,62,8006,335,335,330,326,978,4890,0,2,1000,14,0,98.5075,97.3134,2.9194,18.1583,23.5643,21.4925,131.2924,131.4703,0.0889,32.9816,28.2409,37.546,1,0.0
Q5,Stake-skewed validator set,63,8007,336,336,331,323,969,4845,0,2,1003,14,0,98.5119,96.131,2.8839,17.8293,23.3027,16.0714,116.6486,116.4471,0.1008,27.3168,22.0171,30.8359,2,0.0
Q5,Stake-skewed validator set,64,8008,270,270,266,259,777,3885,0,2,806,14,0,98.5185,95.9259,2.59,18.014,23.4982,17.4074,103.4065,103.4773,0.0354,27.8378,22.0554,31.5058,2,0.0
Q5,Stake-skewed validator set,65,8009,370,370,363,353,1059,5295,0,2,1103,14,0,98.1081,95.4054,2.8622,17.9354,23.3961,17.027,126.4587,126.6933,0.1173,32.068,28.0012,39.83,1,0.0
Q5,Stake-skewed validator set,66,8010,282,282,277,269,807,4035,0,2,841,14,0,98.227,95.3901,2.69,18.1158,23.6141,19.5035,126.2238,125.9728,0.1255,24.2974,24.0069,30.5576,2,0.0
Q5,Stake-skewed validator set,67,8011,349,349,344,338,1014,5070,0,2,1042,14,0,98.5673,96.8481,2.9054,17.7731,23.206,14.0401,132.8319,132.8823,0.0252,26.0828,24.3389,33.9053,1,0.0
Q5,Stake-skewed validator set,68,8012,264,264,260,256,768,3840,0,2,788,14,0,98.4848,96.9697,2.56,17.9545,23.4977,16.2879,102.9217,102.5188,0.2014,29.5833,22.3438,33.75,1,0.0
Q5,Stake-skewed validator set,69,8013,359,359,350,341,1023,5115,0,2,1068,14,0,97.493,94.9861,2.8496,18.0733,23.5528,16.9916,137.8889,138.663,0.3871,41.6422,40.0421,60.0,1,0.0
Q5,Stake-skewed validator set,70,8014,345,345,338,329,987,4935,0,2,1028,14,0,97.971,95.3623,2.8609,17.8559,23.298,16.2319,127.6571,127.3285,0.1643,40.4103,42.0135,60.0,1,0.0
Q5,Stake-skewed validator set,71,8015,321,321,318,314,942,4710,0,2,960,14,0,99.0654,97.8193,2.9346,17.8391,23.3445,14.6417,121.9787,121.8254,0.0766,32.5796,34.2958,43.4395,1,0.0
Q5,Stake-skewed validator set,72,8016,336,336,328,319,957,4785,0,2,1000,14,0,97.619,94.9405,2.8482,17.865,23.2547,15.7738,116.6739,116.1781,0.2479,28.4953,22.1351,32.3511,2,0.0
Q5,Stake-skewed validator set,73,8017,282,282,280,276,828,4140,0,2,844,14,0,99.2908,97.8723,2.76,18.0551,23.454,19.8582,106.6498,106.866,0.1081,26.7826,24.6049,35.2174,1,0.0
Q5,Stake-skewed validator set,74,8018,273,273,267,261,783,3915,0,2,813,14,0,97.8022,95.6044,2.61,18.226,23.763,19.4139,116.7382,116.2531,0.2426,27.8289,22.0546,31.4943,2,0.0
Q5,Stake-skewed validator set,75,8019,312,312,305,298,894,4470,0,2,929,14,0,97.7564,95.5128,2.8654,17.8684,23.3535,14.4231,111.1079,110.5898,0.259,24.8591,24.0577,31.6107,2,0.0
Q5,Stake-skewed validator set,76,8020,339,339,331,320,960,4800,0,2,1009,14,0,97.6401,94.3953,2.8319,17.9705,23.5033,15.9292,127.6832,127.7904,0.0536,27.8333,22.055,31.5,2,0.0
Q5,Stake-skewed validator set,77,8021,343,343,339,335,1005,5025,0,2,1025,14,0,98.8338,97.6676,2.93,18.0282,23.5818,16.035,126.3642,126.3724,0.0041,40.2836,42.0064,60.0,1,0.0
Q5,Stake-skewed validator set,78,8022,372,372,362,353,1059,5295,0,2,1106,14,0,97.3118,94.8925,2.8468,17.8793,23.4614,17.2043,134.2289,134.5495,0.1603,40.6091,42.0297,60.0,1,0.0
Q5,Stake-skewed validator set,79,8023,317,317,311,308,924,4620,0,2,945,14,0,98.1073,97.1609,2.9148,17.8294,23.3853,16.4038,125.6804,125.3464,0.167,25.0,30.0289,40.9091,1,0.0
Q5,Stake-skewed validator set,80,8024,268,268,264,256,768,3840,0,2,800,14,0,98.5075,95.5224,2.56,17.966,23.467,16.4179,105.5848,105.6422,0.0287,32.5,28.0625,38.75,1,0.0
Q5,Stake-skewed validator set,81,8025,347,347,342,333,999,4995,0,2,1036,14,0,98.5591,95.9654,2.879,17.7173,23.1525,12.1037,121.5205,121.5702,0.0248,27.8579,22.0573,31.5315,2,0.0
Q5,Stake-skewed validator set,82,8026,328,328,320,313,939,4695,0,2,976,14,0,97.561,95.4268,2.8628,17.8455,23.3902,15.2439,130.6794,130.4165,0.1314,28.6794,22.1637,32.5879,2,0.0
Q5,Stake-skewed validator set,83,8027,363,363,361,354,1062,5310,0,2,1087,14,0,99.449,97.5207,2.9256,17.7037,23.1989,12.3967,132.2325,132.5951,0.1813,28.1168,22.085,31.8644,2,0.0
Q5,Stake-skewed validator set,84,8028,366,366,353,349,1047,5235,0,2,1085,14,0,96.4481,95.3552,2.8607,17.6967,23.238,15.0273,135.5058,136.0883,0.2912,32.9398,28.2208,42.3496,1,0.0
Q5,Stake-skewed validator set,85,8029,285,285,284,277,831,4155,0,2,854,14,0,99.6491,97.193,2.77,18.0661,23.6421,15.7895,111.7419,111.7101,0.0159,41.7906,40.0501,60.0,1,0.0
Q5,Stake-skewed validator set,86,8030,363,363,360,351,1053,5265,0,2,1086,14,0,99.1736,96.6942,2.9008,17.9269,23.3903,15.978,138.6128,138.939,0.1631,40.1368,40.0003,60.0,1,0.0
Q5,Stake-skewed validator set,87,8031,376,376,370,359,1077,5385,0,2,1122,14,0,98.4043,95.4787,2.8644,18.0354,23.5595,17.0213,138.1287,138.1292,0.0002,29.3315,22.2869,33.4262,1,0.0
Q5,Stake-skewed validator set,88,8032,333,333,328,321,963,4815,0,2,994,14,0,98.4985,96.3964,2.8919,18.0594,23.5605,16.8168,126.6993,126.8452,0.0729,40.1402,42.0016,60.0,1,0.0
Q5,Stake-skewed validator set,89,8033,360,360,355,345,1035,5175,0,2,1075,14,0,98.6111,95.8333,2.875,18.1306,23.6306,17.5,136.2353,136.1445,0.0454,32.5797,28.084,38.5507,1,0.0
Q5,Stake-skewed validator set,90,8034,262,262,257,246,738,3690,0,2,781,14,0,98.0916,93.8931,2.46,18.0361,23.5094,17.1756,106.1978,106.0053,0.0963,42.4715,40.0954,60.0,1,0.0
Q5,Stake-skewed validator set,91,8035,348,348,342,336,1008,5040,0,2,1038,14,0,98.2759,96.5517,2.8966,17.8776,23.4245,16.092,133.2853,133.1535,0.0659,27.7778,22.0499,31.4286,2,0.0
Q5,Stake-skewed validator set,92,8036,294,294,288,280,840,4200,0,2,876,14,0,97.9592,95.2381,2.8,17.6825,23.1519,15.3061,120.0724,120.2825,0.105,26.8333,22.0011,30.2143,2,0.0
Q5,Stake-skewed validator set,93,8037,340,340,336,332,996,4980,0,2,1016,14,0,98.8235,97.6471,2.9294,18.1144,23.6348,18.8235,122.4542,122.9401,0.243,25.0,30.1834,42.2892,1,0.0
Q5,Stake-skewed validator set,94,8038,295,295,293,286,858,4290,0,2,883,14,0,99.322,96.9492,2.86,17.9507,23.4779,14.9153,119.0458,119.2559,0.1051,29.1142,22.2421,33.1469,2,0.0
Q5,Stake-skewed validator set,95,8039,297,297,288,282,846,4230,0,2,882,14,0,96.9697,94.9495,2.82,18.0831,23.5873,19.1919,127.3919,127.9191,0.2636,26.9976,22.0044,30.4255,2,0.0
Q5,Stake-skewed validator set,96,8040,359,359,352,345,1035,5175,0,2,1070,14,0,98.0501,96.1003,2.883,17.8861,23.3977,14.4847,121.6031,121.2679,0.1676,28.628,22.1554,32.5217,2,0.0
Q5,Stake-skewed validator set,97,8041,356,356,352,346,1038,5190,0,2,1064,14,0,98.8764,97.191,2.9157,18.0133,23.5113,16.2921,131.8696,131.9331,0.0317,32.185,28.0086,40.4624,1,0.0
Q5,Stake-skewed validator set,98,8042,303,303,296,293,879,4395,0,2,902,14,0,97.6898,96.6997,2.901,17.9456,23.46,15.8416,101.7707,101.9961,0.1127,26.9056,22.0023,30.3072,2,0.0
Q5,Stake-skewed validator set,99,8043,285,285,280,273,819,4095,0,2,850,14,0,98.2456,95.7895,2.73,18.0645,23.4971,18.5965,96.2756,96.1304,0.0726,30.0549,34.0001,40.0733,1,0.0
Q5,Stake-skewed validator set,100,8044,373,373,369,363,1089,5445,0,2,1115,14,0,98.9276,97.319,2.9196,18.0979,23.5905,17.9625,137.4899,137.2741,0.1079,24.3085,24.0074,30.5785,2,0.0
Q6,Risky/offline validator case,1,2185,303,303,299,295,885,4425,3,2,905,11,3,98.6799,97.3597,2.9208,18.1881,23.7897,20.7921,107.7314,107.3553,0.1881,27.5367,22.0306,31.1186,2,0.0
Q6,Risky/offline validator case,2,2186,220,220,217,213,639,3195,3,2,657,11,3,98.6364,96.8182,2.13,18.0421,23.6097,16.8182,86.6471,86.4628,0.0921,32.0376,28.0004,39.9061,1,0.0
Q6,Risky/offline validator case,3,2187,318,318,307,298,894,4470,5,2,943,9,5,96.5409,93.7107,2.8113,18.1272,23.6871,19.1824,116.2465,116.1964,0.0251,32.2685,28.018,39.3289,1,0.0
Q6,Risky/offline validator case,4,2188,328,328,324,322,966,4830,3,2,980,11,3,98.7805,98.1707,2.9451,17.9222,23.3733,16.4634,124.0298,123.4061,0.3119,30.0,22.449,34.2857,1,0.0
Q6,Risky/offline validator case,5,2189,278,278,275,269,807,4035,5,2,831,9,5,98.9209,96.7626,2.69,18.3893,23.8244,23.3813,109.0096,108.8383,0.0856,30.3965,22.5622,34.7955,1,0.0
Q6,Risky/offline validator case,6,2190,325,325,321,316,948,4740,0,2,971,14,0,98.7692,97.2308,2.9169,17.9343,23.5085,18.1538,123.4977,123.7868,0.1446,24.6076,24.0288,31.1392,2,0.0
Q6,Risky/offline validator case,7,2191,296,296,293,288,864,4320,1,2,885,13,1,98.9865,97.2973,2.88,18.0572,23.5713,16.8919,121.2578,120.9552,0.1513,27.8009,22.052,31.4583,2,0.0
Q6,Risky/offline validator case,8,2192,266,266,260,256,768,3840,1,2,792,13,1,97.7444,96.2406,2.56,17.9044,23.4439,16.5414,102.8374,102.787,0.0252,31.0417,22.7734,35.625,1,0.0
Q6,Risky/offline validator case,9,2193,327,327,321,314,942,4710,8,2,975,6,8,98.1651,96.0245,2.8807,18.0785,23.5946,17.4312,119.3643,119.8462,0.241,26.6497,24.5485,34.9682,1,0.0
Q6,Risky/offline validator case,10,2194,289,289,287,283,849,4245,3,2,865,11,3,99.308,97.9239,2.83,18.664,24.2165,26.2976,120.8225,120.817,0.0027,29.2226,22.264,33.2862,2,0.0
Q6,Risky/offline validator case,11,2195,270,270,264,262,786,3930,2,2,804,12,2,97.7778,97.037,2.62,17.9068,23.4262,17.4074,114.2619,114.0663,0.0978,30.9415,22.7384,35.4962,1,0.0
Q6,Risky/offline validator case,12,2196,308,308,304,297,891,4455,6,2,920,8,6,98.7013,96.4286,2.8929,18.108,23.6579,20.4545,116.2046,116.0799,0.0623,27.8451,22.0561,31.5152,2,0.0
Q6,Risky/offline validator case,13,2197,259,259,253,249,747,3735,4,2,771,10,4,97.6834,96.139,2.49,17.9992,23.4499,18.9189,105.1895,105.2385,0.0245,27.8849,22.06,31.5663,2,0.0
Q6,Risky/offline validator case,14,2198,226,226,225,221,663,3315,1,2,677,13,1,99.5575,97.7876,2.21,18.0562,23.5745,18.5841,95.2504,95.4133,0.0814,42.9683,40.1377,60.0,1,0.0
Q6,Risky/offline validator case,15,2199,297,297,291,286,858,4290,5,2,885,9,5,97.9798,96.2963,2.86,18.3589,23.8098,22.2222,107.9906,108.588,0.2987,25.6783,24.2201,33.1469,2,0.0
Q6,Risky/offline validator case,16,2200,260,260,258,255,765,3825,4,2,778,10,4,99.2308,98.0769,2.55,18.2135,23.6208,21.9231,107.0279,107.3111,0.1416,40.9216,42.0679,60.0,1,0.0
Q6,Risky/offline validator case,17,2201,279,279,277,269,807,4035,2,2,835,12,2,99.2832,96.4158,2.69,18.0301,23.4292,17.5627,122.7714,122.5669,0.1022,25.0,30.0002,40.0743,1,0.0
Q6,Risky/offline validator case,18,2202,277,277,270,265,795,3975,3,2,824,11,3,97.4729,95.6679,2.65,18.1942,23.8067,20.5776,114.7424,114.6437,0.0494,41.5094,40.0356,60.0,1,0.0
Q6,Risky/offline validator case,19,2203,310,310,302,291,873,4365,2,2,922,12,2,97.4194,93.871,2.8161,18.2204,23.6823,22.5806,119.5617,119.6259,0.0321,27.5487,22.0314,31.134,2,0.0
Q6,Risky/offline validator case,20,2204,329,329,320,312,936,4680,3,2,978,11,3,97.2644,94.8328,2.845,18.2463,23.7695,23.7082,142.9325,142.7889,0.0718,25.0,30.1473,42.0513,1,0.0
Q6,Risky/offline validator case,21,2205,287,287,281,275,825,4125,6,2,855,8,6,97.9094,95.8188,2.75,18.1646,23.6334,21.2544,112.348,112.6716,0.1618,27.3164,24.8592,36.2182,1,0.0
Q6,Risky/offline validator case,22,2206,269,269,264,257,771,3855,1,2,802,13,1,98.1413,95.539,2.57,18.2151,23.7542,20.4461,105.2325,105.1646,0.0339,32.9027,28.2037,42.2568,1,0.0
Q6,Risky/offline validator case,23,2207,246,246,240,237,711,3555,10,2,732,4,10,97.561,96.3415,2.37,18.121,23.6642,19.5122,102.1801,101.4488,0.3657,33.6076,34.5784,44.8101,1,0.0
Q6,Risky/offline validator case,24,2208,291,291,287,281,843,4215,3,2,869,11,3,98.6254,96.5636,2.81,18.1648,23.6794,18.2131,103.1796,102.8893,0.1451,25.0,30.0044,40.3559,1,0.0
Q6,Risky/offline validator case,25,2209,256,256,253,244,732,3660,4,2,765,10,4,98.8281,95.3125,2.44,18.0031,23.5559,19.1406,103.1485,102.8285,0.16,40.0,40.0,60.0,1,0.0
Q6,Risky/offline validator case,26,2210,284,284,282,274,822,4110,7,2,850,7,7,99.2958,96.4789,2.74,18.0774,23.5724,18.3099,113.9748,114.3972,0.2112,15.8637,36.2881,43.7956,1,0.0
Q6,Risky/offline validator case,27,2211,227,227,223,219,657,3285,3,2,677,11,3,98.2379,96.4758,2.19,18.0641,23.5654,19.3833,113.0112,113.1828,0.0858,28.0518,22.0775,31.7808,2,0.0
Q6,Risky/offline validator case,28,2212,254,254,249,241,723,3615,2,2,757,12,2,98.0315,94.8819,2.41,18.2991,23.7684,23.2283,97.0633,97.369,0.1529,32.4315,28.0466,38.9212,1,0.0
Q6,Risky/offline validator case,29,2213,286,286,278,270,810,4050,3,2,850,11,3,97.2028,94.4056,2.7,17.9945,23.4985,17.8322,114.5262,114.2981,0.114,27.7037,22.0435,31.3333,2,0.0
Q6,Risky/offline validator case,30,2214,283,283,277,272,816,4080,4,2,843,10,4,97.8799,96.1131,2.72,18.095,23.6802,19.4346,129.2481,129.7033,0.2276,27.0098,22.0048,30.4412,2,0.0
Q6,Risky/offline validator case,31,2215,283,283,278,274,822,4110,3,2,844,11,3,98.2332,96.8198,2.74,18.0046,23.394,18.7279,121.9117,122.2824,0.1853,32.5839,28.0852,38.5401,1,0.0
Q6,Risky/offline validator case,32,2216,274,274,273,265,795,3975,5,2,821,9,5,99.635,96.7153,2.65,17.9856,23.5018,17.5182,91.5033,91.7911,0.1439,24.3019,24.0071,30.566,2,0.0
Q6,Risky/offline validator case,33,2217,300,300,293,288,864,4320,3,2,893,11,3,97.6667,96.0,2.88,18.084,23.5762,19.0,103.771,103.4895,0.1407,25.0,30.0972,41.6667,1,0.0
Q6,Risky/offline validator case,34,2218,288,288,282,280,840,4200,6,2,858,8,6,97.9167,97.2222,2.8,18.1237,23.6128,18.4028,126.0734,126.2131,0.0699,13.4286,36.0004,40.1429,1,0.0
Q6,Risky/offline validator case,35,2219,238,238,236,234,702,3510,2,2,712,12,2,99.1597,98.3193,2.34,17.9197,23.4539,16.3866,113.3712,113.5757,0.1022,27.4644,22.0257,31.0256,2,0.0
Q6,Risky/offline validator case,36,2220,225,225,223,220,660,3300,1,2,673,13,1,99.1111,97.7778,2.2,18.0546,23.5708,18.2222,96.3413,96.9118,0.2852,41.2273,42.1205,60.0,1,0.0
Q6,Risky/offline validator case,37,2221,328,328,321,320,960,4800,2,2,977,12,2,97.8659,97.561,2.9268,18.077,23.5381,17.9878,131.0313,131.1244,0.0466,32.35,28.0306,39.125,1,0.0
Q6,Risky/offline validator case,38,2222,307,307,304,300,900,4500,3,2,918,11,3,99.0228,97.7199,2.9316,18.0445,23.5194,18.5668,120.7036,120.3575,0.173,25.0,30.0056,40.4,1,0.0
Q6,Risky/offline validator case,39,2223,238,238,234,230,690,3450,1,2,710,13,1,98.3193,96.6387,2.3,18.0129,23.4585,18.4874,112.1284,112.1188,0.0048,33.1826,28.3496,37.0435,1,0.0
Q6,Risky/offline validator case,40,2224,286,286,283,277,831,4155,3,2,855,11,3,98.951,96.8531,2.77,18.133,23.5295,19.5804,124.7178,124.6341,0.0418,29.7834,22.3925,34.0072,1,0.0
Q6,Risky/offline validator case,41,2225,309,309,303,295,885,4425,2,2,921,12,2,98.0583,95.4693,2.8641,18.1385,23.6307,15.8576,118.5421,117.9451,0.2985,32.8949,28.2002,37.7627,1,0.0
Q6,Risky/offline validator case,42,2226,261,261,258,254,762,3810,2,2,780,12,2,98.8506,97.318,2.54,18.1523,23.6981,19.9234,120.9687,121.0064,0.0189,25.0,30.2222,37.4803,1,0.0
Q6,Risky/offline validator case,43,2227,243,243,235,232,696,3480,5,2,721,9,5,96.7078,95.4733,2.32,17.9943,23.4297,18.107,91.4387,91.687,0.1241,32.8966,28.201,37.7586,1,0.0
Q6,Risky/offline validator case,44,2228,248,248,247,237,711,3555,8,2,743,6,8,99.5968,95.5645,2.37,17.9598,23.3524,16.129,97.2102,97.5059,0.1478,13.5021,36.0013,40.2532,1,0.0
Q6,Risky/offline validator case,45,2229,286,286,284,276,828,4140,2,2,856,12,2,99.3007,96.5035,2.76,18.145,23.7075,18.1818,113.3846,113.38,0.0023,32.4155,23.3354,37.3913,1,0.0
Q6,Risky/offline validator case,46,2230,255,255,251,245,735,3675,2,2,761,12,2,98.4314,96.0784,2.45,18.0136,23.4958,18.0392,111.5227,111.1657,0.1785,28.0952,22.0825,31.8367,2,0.0
Q6,Risky/offline validator case,47,2231,294,294,291,286,858,4290,3,2,879,11,3,98.9796,97.2789,2.86,18.0304,23.5685,18.3673,127.7605,127.5222,0.1192,40.6713,40.007,60.0,1,0.0
Q6,Risky/offline validator case,48,2232,308,308,300,295,885,4425,2,2,916,12,2,97.4026,95.7792,2.8734,18.0006,23.5094,19.1558,114.9262,115.0345,0.0542,33.2746,28.4061,43.1864,1,0.0
Q6,Risky/offline validator case,49,2233,286,286,280,275,825,4125,2,2,852,12,2,97.9021,96.1538,2.75,17.8254,23.2662,15.7343,116.4859,116.493,0.0035,31.1636,22.8172,35.7818,1,0.0
Q6,Risky/offline validator case,50,2234,235,235,234,228,684,3420,3,2,704,11,3,99.5745,97.0213,2.28,18.4671,24.0421,22.9787,94.1756,94.2246,0.0245,24.7018,24.0385,31.3158,2,0.0
Q6,Risky/offline validator case,51,2235,223,223,220,217,651,3255,2,2,666,12,2,98.6547,97.3094,2.17,17.9804,23.4432,15.2466,93.1771,93.769,0.296,25.0,30.1858,42.3041,1,0.0
Q6,Risky/offline validator case,52,2236,304,304,299,291,873,4365,5,2,907,9,5,98.3553,95.7237,2.8717,18.2908,23.7221,21.0526,114.8513,115.0161,0.0824,30.2749,22.5261,34.6392,1,0.0
Q6,Risky/offline validator case,53,2237,301,301,298,293,879,4395,5,2,900,9,5,99.0033,97.3422,2.9203,18.1899,23.6786,20.598,116.5525,116.7084,0.0779,30.6655,34.0197,40.8874,1,0.0
Q6,Risky/offline validator case,54,2238,269,269,264,262,786,3930,2,2,802,12,2,98.1413,97.3978,2.62,17.8343,23.3451,14.4981,117.063,117.6078,0.2724,30.229,22.5128,34.5802,1,0.0
Q6,Risky/offline validator case,55,2239,305,305,302,295,885,4425,2,2,912,12,2,99.0164,96.7213,2.9016,18.0726,23.5854,21.3115,114.263,114.4526,0.0948,32.3525,28.0311,40.8814,1,0.0
Q6,Risky/offline validator case,56,2240,290,290,285,276,828,4140,5,2,865,9,5,98.2759,95.1724,2.76,18.1131,23.699,18.9655,115.8533,115.5606,0.1464,28.1884,22.0936,31.9565,2,0.0
Q6,Risky/offline validator case,57,2241,298,298,293,285,855,4275,6,2,889,8,6,98.3221,95.6376,2.85,18.4065,23.8779,24.1611,112.1466,112.3461,0.0998,31.6316,34.1183,42.1754,1,0.0
Q6,Risky/offline validator case,58,2242,237,237,235,232,696,3480,3,2,709,11,3,99.1561,97.8903,2.32,17.8604,23.4087,14.7679,108.0446,108.1456,0.0505,27.6724,22.0409,31.2931,2,0.0
Q6,Risky/offline validator case,59,2243,281,281,273,269,807,4035,3,2,835,11,3,97.153,95.7295,2.69,18.0573,23.6005,17.7936,120.922,120.7403,0.0909,27.4473,22.0246,31.0037,2,0.0
Q6,Risky/offline validator case,60,2244,290,290,281,276,828,4140,6,2,861,8,6,96.8966,95.1724,2.76,18.4548,24.0124,23.1034,104.4977,104.8763,0.1893,24.6957,24.0378,31.3043,2,0.0
Q6,Risky/offline validator case,61,2245,226,226,222,218,654,3270,5,2,674,9,5,98.2301,96.4602,2.18,18.0127,23.6037,16.8142,103.5436,103.7347,0.0956,32.4771,34.2727,43.3028,1,0.0
Q6,Risky/offline validator case,62,2246,284,284,278,273,819,4095,2,2,846,12,2,97.8873,96.1268,2.73,18.1575,23.6471,17.6056,119.4443,118.6776,0.3834,29.4872,22.3215,33.6264,1,0.0
Q6,Risky/offline validator case,63,2247,240,240,234,229,687,3435,4,2,714,10,4,97.5,95.4167,2.29,18.1105,23.6356,20.0,100.1427,100.4224,0.1398,43.0044,40.141,60.0,1,0.0
Q6,Risky/offline validator case,64,2248,278,278,271,265,795,3975,1,2,827,13,1,97.482,95.3237,2.65,17.8082,23.3186,15.8273,111.3439,111.7405,0.1983,28.5157,22.1382,32.3774,2,0.0
Q6,Risky/offline validator case,65,2249,306,306,297,290,870,4350,2,2,909,12,2,97.0588,94.7712,2.8431,18.0596,23.6181,19.6078,132.1962,132.1983,0.0011,29.7241,22.3777,33.931,1,0.0
Q6,Risky/offline validator case,66,2250,316,316,309,303,909,4545,5,2,941,9,5,97.7848,95.8861,2.8766,18.1036,23.6253,20.2532,117.2548,117.9091,0.3272,25.2145,24.1152,32.2772,2,0.0
Q6,Risky/offline validator case,67,2251,259,259,257,253,759,3795,5,2,775,9,5,99.2278,97.6834,2.53,18.0075,23.4484,19.305,97.7027,97.6758,0.0135,24.8221,24.0528,31.5415,2,0.0
Q6,Risky/offline validator case,68,2252,292,292,287,274,822,4110,1,2,871,13,1,98.2877,93.8356,2.74,18.102,23.6587,17.8082,120.0515,120.7052,0.3269,26.4526,24.4699,34.5985,1,0.0
Q6,Risky/offline validator case,69,2253,317,317,312,308,924,4620,5,2,946,9,5,98.4227,97.1609,2.9148,18.2438,23.6871,20.5047,113.6082,113.1729,0.2176,25.0,30.1511,42.0779,1,0.0
Q6,Risky/offline validator case,70,2254,303,303,297,289,867,4335,4,2,903,10,4,98.0198,95.3795,2.8614,17.7214,23.2514,15.8416,116.0045,115.5634,0.2206,31.1073,22.7968,35.7093,1,0.0
Q6,Risky/offline validator case,71,2255,299,299,297,289,867,4335,5,2,895,9,5,99.3311,96.6555,2.89,18.0272,23.6077,16.7224,130.0166,129.9669,0.0248,25.0,30.0203,40.7612,1,0.0
Q6,Risky/offline validator case,72,2256,249,249,240,237,711,3555,4,2,738,10,4,96.3855,95.1807,2.37,18.085,23.5801,19.2771,105.0088,104.8633,0.0727,32.4754,23.3634,37.4684,1,0.0
Q6,Risky/offline validator case,73,2257,313,313,307,303,909,4545,1,2,933,13,1,98.0831,96.8051,2.9042,18.21,23.6797,22.3642,136.5245,136.5074,0.0086,25.637,24.2093,33.0693,2,0.0
Q6,Risky/offline validator case,74,2258,325,325,321,314,942,4710,0,2,971,14,0,98.7692,96.6154,2.8985,17.8777,23.354,16.6154,132.2163,131.8805,0.1679,28.896,22.2008,32.8662,2,0.0
Q6,Risky/offline validator case,75,2259,292,292,284,278,834,4170,4,2,868,10,4,97.2603,95.2055,2.78,17.932,23.3857,16.7808,117.3226,117.6608,0.1691,30.8633,22.7117,35.3957,1,0.0
Q6,Risky/offline validator case,76,2260,249,249,244,239,717,3585,3,2,742,11,3,97.992,95.9839,2.39,18.1303,23.4991,18.4739,93.7488,93.7714,0.0113,28.1311,22.0867,31.8828,2,0.0
Q6,Risky/offline validator case,77,2261,279,279,274,266,798,3990,4,2,832,10,4,98.2079,95.3405,2.66,17.9346,23.5222,16.4875,116.9838,116.4845,0.2497,30.0,22.449,34.2857,1,0.0
Q6,Risky/offline validator case,78,2262,255,255,250,241,723,3615,3,2,760,11,3,98.0392,94.5098,2.41,18.0995,23.5413,17.6471,115.6628,115.9984,0.1678,25.527,24.1822,32.8631,2,0.0
Q6,Risky/offline validator case,79,2263,313,313,306,302,906,4530,4,2,932,10,4,97.7636,96.4856,2.8946,17.7302,23.2223,14.377,122.9167,122.8826,0.0171,29.7572,22.3859,33.9735,1,0.0
Q6,Risky/offline validator case,80,2264,308,308,300,293,879,4395,2,2,916,12,2,97.4026,95.1299,2.8539,17.9809,23.4078,17.5325,119.138,118.9138,0.1121,30.1536,34.001,40.2048,1,0.0
Q6,Risky/offline validator case,81,2265,271,271,266,261,783,3915,4,2,808,10,4,98.155,96.31,2.61,18.3348,23.8482,22.1402,116.8652,116.7824,0.0414,31.4049,22.9072,36.092,1,0.0
Q6,Risky/offline validator case,82,2266,314,314,306,299,897,4485,6,2,934,8,6,97.4522,95.2229,2.8567,18.2357,23.7091,20.0637,131.456,131.7894,0.1667,32.4548,28.0517,41.1371,1,0.0
Q6,Risky/offline validator case,83,2267,323,323,316,312,936,4680,3,2,962,11,3,97.8328,96.5944,2.8978,17.989,23.5373,17.3375,120.3841,120.9758,0.2958,24.2051,24.0033,30.3846,2,0.0
Q6,Risky/offline validator case,84,2268,298,298,295,287,861,4305,4,2,891,10,4,98.9933,96.3087,2.87,18.104,23.6055,17.7852,109.0238,108.8393,0.0922,31.1382,22.8079,35.7491,1,0.0
Q6,Risky/offline validator case,85,2269,264,264,260,256,768,3840,3,2,788,11,3,98.4848,96.9697,2.56,18.364,23.8879,25.0,117.7531,118.0714,0.1592,33.3125,28.4307,43.2812,1,0.0
Q6,Risky/offline validator case,86,2270,280,280,271,267,801,4005,5,2,831,9,5,96.7857,95.3571,2.67,17.8402,23.3821,16.0714,110.862,111.7546,0.4463,25.0,30.6836,44.4195,1,0.0
Q6,Risky/offline validator case,87,2271,235,235,227,222,666,3330,4,2,697,10,4,96.5957,94.4681,2.22,18.1521,23.5662,20.4255,107.1873,106.4287,0.3793,30.1351,34.0008,40.1802,1,0.0
Q6,Risky/offline validator case,88,2272,305,305,297,291,873,4365,3,2,907,11,3,97.377,95.4098,2.8623,17.9101,23.4486,17.7049,128.1117,127.8076,0.1521,26.7468,22.0003,30.1031,2,0.0
Q6,Risky/offline validator case,89,2273,305,305,298,290,870,4350,2,2,908,12,2,97.7049,95.082,2.8525,17.962,23.4197,18.0328,111.3128,111.1091,0.1019,24.8828,24.0609,31.6552,2,0.0
Q6,Risky/offline validator case,90,2274,220,220,217,209,627,3135,1,2,657,13,1,98.6364,95.0,2.09,18.0179,23.4786,18.1818,82.6748,83.1964,0.2608,27.2249,22.0126,30.7177,2,0.0
Q6,Risky/offline validator case,91,2275,221,221,218,213,639,3195,3,2,660,11,3,98.6425,96.3801,2.13,18.1395,23.5548,18.552,113.3126,112.5766,0.368,27.4335,22.0238,30.9859,2,0.0
Q6,Risky/offline validator case,92,2276,328,328,326,322,966,4830,2,2,982,12,2,99.3902,98.1707,2.9451,18.1127,23.6065,17.9878,129.9759,129.8974,0.0392,27.1014,22.0076,30.559,2,0.0
Q6,Risky/offline validator case,93,2277,233,233,231,225,675,3375,3,2,697,11,3,99.1416,96.5665,2.25,18.1201,23.6544,17.1674,99.5724,99.6358,0.0317,30.2963,22.5323,34.6667,1,0.0
Q6,Risky/offline validator case,94,2278,322,322,318,316,948,4740,5,2,962,9,5,98.7578,98.1366,2.9441,18.1015,23.5158,17.7019,132.2796,132.3226,0.0215,32.5063,28.0641,41.2658,1,0.0
Q6,Risky/offline validator case,95,2279,322,322,318,314,942,4710,1,2,962,13,1,98.7578,97.5155,2.9255,18.2484,23.7128,20.8075,133.6186,134.2662,0.3238,28.896,22.2008,32.8662,2,0.0
Q6,Risky/offline validator case,96,2280,283,283,280,272,816,4080,3,2,846,11,3,98.9399,96.1131,2.72,18.1467,23.6454,19.788,107.2412,107.957,0.3579,26.5882,24.5234,34.8529,1,0.0
Q6,Risky/offline validator case,97,2281,324,324,317,306,918,4590,6,2,965,8,6,97.8395,94.4444,2.8333,18.0561,23.4948,19.1358,129.1209,129.1182,0.0014,29.4118,22.3045,33.5294,1,0.0
Q6,Risky/offline validator case,98,2282,253,253,251,242,726,3630,5,2,757,9,5,99.2095,95.6522,2.42,17.8535,23.2992,15.415,108.5223,108.535,0.0064,29.3664,22.2945,33.4711,1,0.0
Q6,Risky/offline validator case,99,2283,310,310,304,299,897,4485,4,2,924,10,4,98.0645,96.4516,2.8935,18.2254,23.7144,20.9677,122.9062,123.1387,0.1163,25.0,30.0127,39.398,1,0.0
Q6,Risky/offline validator case,100,2284,330,330,323,317,951,4755,3,2,983,11,3,97.8788,96.0606,2.8818,18.3551,23.8215,22.1212,125.7689,125.428,0.1705,27.6236,22.037,31.2303,2,0.0
Q7,Hot-shard Qtum workload,1,9194,403,403,389,361,1083,5415,0,2,1195,16,0,96.5261,89.5782,2.6873,18.2763,23.7263,23.8213,168.3331,168.2407,0.0462,32.8643,28.1867,37.8393,1,0.0
Q7,Hot-shard Qtum workload,2,9195,348,348,343,331,993,4965,0,2,1039,16,0,98.5632,95.1149,2.8534,18.2807,23.7788,23.2759,150.7502,150.2836,0.2333,40.6284,40.0062,60.0,1,0.0
Q7,Hot-shard Qtum workload,3,9196,377,377,369,343,1029,5145,0,2,1123,16,0,97.878,90.9814,2.7294,18.4221,23.8628,24.9337,148.8527,149.62,0.3837,32.1633,28.0067,40.4082,1,0.0
Q7,Hot-shard Qtum workload,4,9197,430,430,419,391,1173,5865,0,2,1279,16,0,97.4419,90.9302,2.7279,18.2425,23.7659,22.093,164.4969,164.932,0.2175,28.5166,22.1383,32.3785,2,0.0
Q7,Hot-shard Qtum workload,5,9198,422,422,417,395,1185,5925,0,2,1261,16,0,98.8152,93.6019,2.8081,18.3504,23.8421,22.0379,175.4007,174.827,0.2868,32.5063,28.0641,41.2658,1,0.0
Q7,Hot-shard Qtum workload,6,9199,409,409,402,377,1131,5655,0,2,1220,16,0,98.2885,92.176,2.7653,18.4455,23.8318,23.4719,175.3026,175.0703,0.1162,30.3183,22.5388,34.695,1,0.0
Q7,Hot-shard Qtum workload,7,9200,433,433,425,396,1188,5940,0,2,1291,16,0,98.1524,91.455,2.7436,18.1657,23.7235,20.7852,176.0774,176.396,0.1593,15.8923,36.2947,43.8384,1,0.0
Q7,Hot-shard Qtum workload,8,9201,351,351,346,326,978,4890,0,2,1048,16,0,98.5755,92.8775,2.7863,18.1518,23.7246,19.0883,147.5388,147.9905,0.2258,32.589,28.0867,38.5276,1,0.0
Q7,Hot-shard Qtum workload,9,9202,370,370,365,342,1026,5130,0,2,1105,16,0,98.6486,92.4324,2.773,18.3925,23.8581,21.0811,150.8053,150.3492,0.228,44.3041,40.2895,60.0,1,0.0
Q7,Hot-shard Qtum workload,10,9203,379,379,371,353,1059,5295,0,2,1129,16,0,97.8892,93.1398,2.7942,18.184,23.5867,23.219,169.163,169.575,0.206,30.0378,22.4592,34.3343,1,0.0
Q7,Hot-shard Qtum workload,11,9204,426,426,420,399,1197,5985,0,2,1272,16,0,98.5915,93.662,2.8099,18.4049,23.8888,23.2394,167.8567,168.2943,0.2188,26.9591,22.0035,30.3759,2,0.0
Q7,Hot-shard Qtum workload,12,9205,371,371,360,335,1005,5025,0,2,1102,16,0,97.035,90.2965,2.7089,18.4131,23.7198,24.2588,150.9913,151.186,0.0974,26.7363,22.0002,30.0896,2,0.0
Q7,Hot-shard Qtum workload,13,9206,449,449,436,408,1224,6120,0,2,1334,16,0,97.1047,90.8686,2.7261,18.2635,23.7215,22.7171,181.7556,182.0343,0.1393,30.4412,22.5757,34.8529,1,0.0
Q7,Hot-shard Qtum workload,14,9207,331,331,324,303,909,4545,0,2,986,16,0,97.8852,91.5408,2.7462,18.2057,23.7163,23.8671,140.5928,140.7356,0.0714,33.5204,23.8981,38.8119,1,0.0
Q7,Hot-shard Qtum workload,15,9208,436,436,431,401,1203,6015,0,2,1303,16,0,98.8532,91.9725,2.7592,18.2498,23.8745,21.5596,167.5633,167.6247,0.0307,31.2635,22.8539,35.9102,1,0.0
Q7,Hot-shard Qtum workload,16,9209,390,390,380,354,1062,5310,0,2,1160,16,0,97.4359,90.7692,2.7231,18.5302,24.0417,26.9231,151.2754,151.5507,0.1376,31.6761,23.014,36.4407,1,0.0
Q7,Hot-shard Qtum workload,17,9210,430,430,422,401,1203,6015,0,2,1282,16,0,98.1395,93.2558,2.7977,18.3162,23.8392,21.8605,166.1798,166.356,0.0881,31.729,23.0356,36.5087,1,0.0
Q7,Hot-shard Qtum workload,18,9211,319,319,309,294,882,4410,0,2,947,16,0,96.8652,92.163,2.7649,18.3022,23.8284,22.5705,130.6683,130.8351,0.0834,25.5238,24.1814,32.8571,2,0.0
Q7,Hot-shard Qtum workload,19,9212,311,311,309,284,852,4260,0,2,931,16,0,99.3569,91.3183,2.7395,18.6808,24.1784,26.3666,136.3281,136.1304,0.0989,27.3239,22.0175,30.8451,2,0.0
Q7,Hot-shard Qtum workload,20,9213,458,458,444,417,1251,6255,0,2,1360,16,0,96.9432,91.048,2.7314,18.2915,23.8555,22.7074,190.6604,190.7198,0.0297,28.2894,22.1064,32.0863,2,0.0
Q7,Hot-shard Qtum workload,21,9214,356,356,349,328,984,4920,0,2,1061,16,0,98.0337,92.1348,2.764,18.6671,24.1496,27.809,135.714,135.3379,0.188,26.5366,24.5027,34.7561,1,0.0
Q7,Hot-shard Qtum workload,22,9215,366,366,362,344,1032,5160,0,2,1094,16,0,98.9071,93.9891,2.8197,18.2614,23.723,18.8525,140.7402,140.3567,0.1918,29.2442,22.2685,33.314,2,0.0
Q7,Hot-shard Qtum workload,23,9216,305,305,300,275,825,4125,0,2,910,16,0,98.3607,90.1639,2.7049,18.0383,23.5287,19.0164,134.7046,135.0116,0.1535,32.1455,28.0053,40.3636,1,0.0
Q7,Hot-shard Qtum workload,24,9217,399,399,393,367,1101,5505,0,2,1191,16,0,98.4962,91.9799,2.7594,18.2173,23.7595,20.3008,159.1992,159.2661,0.0334,29.5277,22.3308,33.6785,1,0.0
Q7,Hot-shard Qtum workload,25,9218,327,327,325,309,927,4635,0,2,979,16,0,99.3884,94.4954,2.8349,18.2522,23.7244,20.1835,148.0326,148.2099,0.0887,33.0097,28.2549,37.4757,1,0.0
Q7,Hot-shard Qtum workload,26,9219,365,365,361,338,1014,5070,0,2,1091,16,0,98.9041,92.6027,2.7781,18.4117,24.0283,24.6575,141.2175,141.6278,0.2052,32.2189,34.2188,42.9586,1,0.0
Q7,Hot-shard Qtum workload,27,9220,429,429,419,391,1173,5865,0,2,1277,16,0,97.669,91.1422,2.7343,18.5392,24.0733,26.5734,178.5805,178.7209,0.0702,29.4714,22.3179,33.6061,1,0.0
Q7,Hot-shard Qtum workload,28,9221,405,405,402,378,1134,5670,0,2,1212,16,0,99.2593,93.3333,2.8,18.2131,23.7874,20.2469,170.239,170.8495,0.3053,29.0123,22.2223,33.0159,2,0.0
Q7,Hot-shard Qtum workload,29,9222,420,420,416,396,1188,5940,0,2,1256,16,0,99.0476,94.2857,2.8286,18.2149,23.6862,21.6667,157.3995,157.4659,0.0332,25.0,30.4889,43.7374,1,0.0
Q7,Hot-shard Qtum workload,30,9223,397,397,391,375,1125,5625,0,2,1185,16,0,98.4887,94.4584,2.8338,18.3119,23.7829,22.4181,158.7861,158.802,0.008,26.5173,24.4951,34.72,1,0.0
Q7,Hot-shard Qtum workload,31,9224,453,453,447,424,1272,6360,0,2,1353,16,0,98.6755,93.5982,2.8079,18.3661,23.8398,22.9581,170.3256,170.3945,0.0344,31.8396,23.0813,36.6509,1,0.0
Q7,Hot-shard Qtum workload,32,9225,392,392,388,367,1101,5505,0,2,1172,16,0,98.9796,93.6224,2.8087,18.4292,23.9392,23.9796,152.9932,153.1228,0.0648,32.0654,28.0011,39.8365,1,0.0
Q7,Hot-shard Qtum workload,33,9226,419,419,414,396,1188,5940,0,2,1252,16,0,98.8067,94.5107,2.8353,18.4053,23.9774,24.105,166.3126,166.7603,0.2238,27.7172,25.0795,36.9697,1,0.0
Q7,Hot-shard Qtum workload,34,9227,423,423,415,384,1152,5760,0,2,1261,16,0,98.1087,90.7801,2.7234,18.5321,23.9287,26.2411,162.3157,162.1223,0.0967,33.25,28.3906,36.875,1,0.0
Q7,Hot-shard Qtum workload,35,9228,353,353,349,327,981,4905,0,2,1055,16,0,98.8669,92.6346,2.779,18.3088,23.725,22.9462,146.2346,146.2368,0.0011,33.9817,28.9817,44.9541,1,0.0
Q7,Hot-shard Qtum workload,36,9229,398,398,392,375,1125,5625,0,2,1188,16,0,98.4925,94.2211,2.8266,18.374,23.8578,23.1156,162.3054,162.3516,0.0231,32.4533,23.3531,37.44,1,0.0
Q7,Hot-shard Qtum workload,37,9230,367,367,362,348,1044,5220,0,2,1096,16,0,98.6376,94.8229,2.8447,18.1873,23.724,20.9809,146.0073,145.7141,0.1466,32.046,28.0005,39.8851,1,0.0
Q7,Hot-shard Qtum workload,38,9231,306,306,301,278,834,4170,0,2,913,16,0,98.366,90.8497,2.7255,18.6758,24.2251,27.1242,122.208,122.5983,0.1951,29.8561,22.4111,34.1007,1,0.0
Q7,Hot-shard Qtum workload,39,9232,425,425,413,386,1158,5790,0,2,1263,16,0,97.1765,90.8235,2.7247,18.2421,23.6884,21.8824,155.3905,155.8233,0.2164,29.6891,22.3691,33.886,1,0.0
Q7,Hot-shard Qtum workload,40,9233,384,384,379,350,1050,5250,0,2,1147,16,0,98.6979,91.1458,2.7344,18.302,23.7256,21.6146,162.1551,161.9487,0.1032,43.4743,40.1886,60.0,1,0.0
Q7,Hot-shard Qtum workload,41,9234,413,413,405,374,1122,5610,0,2,1231,16,0,98.063,90.5569,2.7167,18.3968,23.828,23.7288,171.2564,171.1628,0.0468,41.1979,40.0224,60.0,1,0.0
Q7,Hot-shard Qtum workload,42,9235,402,402,396,377,1131,5655,0,2,1200,16,0,98.5075,93.7811,2.8134,18.1066,23.6008,20.6468,159.2738,159.2563,0.0088,29.9469,22.4348,34.2175,1,0.0
Q7,Hot-shard Qtum workload,43,9236,428,428,420,391,1173,5865,0,2,1276,16,0,98.1308,91.3551,2.7407,18.345,23.9345,21.729,172.9382,173.2896,0.1757,26.8235,24.6228,35.2941,1,0.0
Q7,Hot-shard Qtum workload,44,9237,302,302,298,283,849,4245,0,2,902,16,0,98.6755,93.7086,2.8113,18.3378,23.9672,23.8411,142.7108,143.3619,0.3255,32.424,28.0449,41.0601,1,0.0
Q7,Hot-shard Qtum workload,45,9238,422,422,412,379,1137,5685,0,2,1256,16,0,97.6303,89.8104,2.6943,18.3106,23.7391,23.2227,163.465,164.0646,0.2998,24.0422,24.0001,30.0792,2,0.0
Q7,Hot-shard Qtum workload,46,9239,349,349,340,319,957,4785,0,2,1038,16,0,97.4212,91.404,2.7421,18.1038,23.6302,19.4842,151.4929,151.6263,0.0667,32.884,23.562,37.9937,1,0.0
Q7,Hot-shard Qtum workload,47,9240,421,421,413,396,1188,5940,0,2,1255,16,0,98.0998,94.0618,2.8219,18.1336,23.6587,20.4276,177.5499,177.6888,0.0695,30.6734,22.6487,35.1515,1,0.0
Q7,Hot-shard Qtum workload,48,9241,442,442,434,408,1224,6120,0,2,1318,16,0,98.19,92.3077,2.7692,18.4524,23.9487,24.4344,182.8197,182.7695,0.0251,30.3268,22.5413,34.7059,1,0.0
Q7,Hot-shard Qtum workload,49,9242,354,354,350,320,960,4800,0,2,1058,16,0,98.8701,90.3955,2.7119,18.2986,23.7888,21.1864,153.2028,153.0004,0.1012,27.5,24.957,36.5625,1,0.0
Q7,Hot-shard Qtum workload,50,9243,347,347,341,315,945,4725,0,2,1035,16,0,98.2709,90.7781,2.7233,18.4076,23.8455,24.7839,144.0196,144.2027,0.0915,33.854,28.8593,44.6349,1,0.0
Q7,Hot-shard Qtum workload,51,9244,371,371,363,341,1023,5115,0,2,1105,16,0,97.8437,91.9137,2.7574,18.2944,23.8053,24.5283,137.4647,136.9067,0.279,29.4721,22.318,33.607,1,0.0
Q7,Hot-shard Qtum workload,52,9245,437,437,431,396,1188,5940,0,2,1305,16,0,98.627,90.6178,2.7185,18.3879,23.8393,23.341,171.4419,171.1003,0.1708,30.9091,22.7273,35.4545,1,0.0
Q7,Hot-shard Qtum workload,53,9246,389,389,382,356,1068,5340,0,2,1160,16,0,98.2005,91.5167,2.7455,18.4177,23.9394,24.9357,156.4722,156.6033,0.0656,33.1685,28.3414,42.9213,1,0.0
Q7,Hot-shard Qtum workload,54,9247,382,382,371,349,1047,5235,0,2,1135,16,0,97.1204,91.3613,2.7408,18.3606,23.8128,25.9162,153.3785,153.5477,0.0846,32.7106,28.1262,41.7765,1,0.0
Q7,Hot-shard Qtum workload,55,9248,315,315,311,292,876,4380,0,2,941,16,0,98.7302,92.6984,2.781,18.2735,23.8946,20.9524,143.5624,142.8768,0.3428,30.3425,22.546,34.726,1,0.0
Q7,Hot-shard Qtum workload,56,9249,326,326,321,302,906,4530,0,2,973,16,0,98.4663,92.638,2.7791,18.4768,24.0109,24.2331,128.1759,128.7713,0.2977,29.6026,22.3483,33.7748,1,0.0
Q7,Hot-shard Qtum workload,57,9250,330,330,324,301,903,4515,0,2,984,16,0,98.1818,91.2121,2.7364,18.1175,23.5872,20.0,129.449,129.7157,0.1334,33.4086,28.4961,36.4784,1,0.0
Q7,Hot-shard Qtum workload,58,9251,446,446,438,400,1200,6000,0,2,1330,16,0,98.2063,89.6861,2.6906,18.3459,23.8396,23.7668,158.9099,158.5783,0.1658,32.8,28.16,42.0,1,0.0
Q7,Hot-shard Qtum workload,59,9252,419,419,411,389,1167,5835,0,2,1249,16,0,98.0907,92.8401,2.7852,18.4289,23.9068,26.0143,169.6743,169.3615,0.1564,29.7258,22.3781,33.9332,1,0.0
Q7,Hot-shard Qtum workload,60,9253,438,438,423,400,1200,6000,0,2,1299,16,0,96.5753,91.3242,2.7397,18.5256,23.9827,26.7123,178.826,178.1141,0.356,30.9833,22.7529,35.55,1,0.0
Q7,Hot-shard Qtum workload,61,9254,419,419,414,383,1149,5745,0,2,1252,16,0,98.8067,91.4081,2.7422,18.2402,23.7833,21.2411,150.9309,151.2211,0.1451,25.3786,24.1485,32.5849,2,0.0
Q7,Hot-shard Qtum workload,62,9255,386,386,381,356,1068,5340,0,2,1153,16,0,98.7047,92.228,2.7668,18.4451,23.9869,24.0933,146.9391,146.4374,0.2508,26.7865,24.6066,35.2247,1,0.0
Q7,Hot-shard Qtum workload,63,9256,457,457,447,417,1251,6255,0,2,1361,16,0,97.8118,91.2473,2.7374,18.2581,23.8154,22.7571,169.8496,169.9628,0.0566,31.0871,22.7896,35.6835,1,0.0
Q7,Hot-shard Qtum workload,64,9257,349,349,341,317,951,4755,0,2,1039,16,0,97.7077,90.8309,2.7249,18.1791,23.696,21.2034,145.1589,144.9855,0.0867,29.5373,22.333,33.6909,1,0.0
Q7,Hot-shard Qtum workload,65,9258,422,422,414,387,1161,5805,0,2,1258,16,0,98.1043,91.7062,2.7512,18.3033,23.8639,22.0379,161.0666,160.3176,0.3745,29.1387,22.2469,33.1783,2,0.0
Q7,Hot-shard Qtum workload,66,9259,393,393,385,356,1068,5340,0,2,1171,16,0,97.9644,90.5852,2.7176,18.3281,23.8209,23.1552,166.321,166.2939,0.0136,31.2547,22.8506,35.8989,1,0.0
Q7,Hot-shard Qtum workload,67,9260,311,311,305,287,861,4305,0,2,927,16,0,98.0707,92.283,2.7685,18.3222,23.6764,24.1158,145.8036,146.2845,0.2404,28.2114,22.0964,31.9861,2,0.0
Q7,Hot-shard Qtum workload,68,9261,329,329,322,311,933,4665,0,2,980,16,0,97.8723,94.5289,2.8359,18.3395,24.006,20.3647,133.7845,134.1435,0.1795,32.2937,23.2795,37.2347,1,0.0
Q7,Hot-shard Qtum workload,69,9262,427,427,422,399,1197,5985,0,2,1276,16,0,98.829,93.4426,2.8033,18.2441,23.7752,21.0773,165.2707,165.3761,0.0527,26.8421,22.0012,30.2256,2,0.0
Q7,Hot-shard Qtum workload,70,9263,386,386,380,362,1086,5430,0,2,1152,16,0,98.4456,93.7824,2.8135,18.241,23.7507,22.5389,172.1195,172.013,0.0532,26.0331,24.3229,33.8122,1,0.0
Q7,Hot-shard Qtum workload,71,9264,422,422,415,384,1152,5760,0,2,1259,16,0,98.3412,90.9953,2.7299,18.1815,23.5989,18.9573,159.9411,160.4085,0.2337,24.75,24.0439,31.4063,2,0.0
Q7,Hot-shard Qtum workload,72,9265,324,324,319,301,903,4515,0,2,967,16,0,98.4568,92.9012,2.787,18.024,23.504,18.2099,140.4913,140.5117,0.0102,33.2558,23.7544,38.4718,1,0.0
Q7,Hot-shard Qtum workload,73,9266,425,425,415,390,1170,5850,0,2,1265,16,0,97.6471,91.7647,2.7529,18.204,23.7352,21.4118,160.4447,159.924,0.2604,32.1231,28.0038,40.3077,1,0.0
Q7,Hot-shard Qtum workload,74,9267,443,443,435,412,1236,6180,0,2,1321,16,0,98.1941,93.0023,2.7901,18.3161,23.8787,22.7991,164.6734,164.5982,0.0376,33.2427,28.3861,36.8932,1,0.0
Q7,Hot-shard Qtum workload,75,9268,343,343,338,317,951,4755,0,2,1024,16,0,98.5423,92.4198,2.7726,18.4851,23.9316,23.9067,129.5155,129.3804,0.0675,28.654,22.1596,32.5552,2,0.0
Q7,Hot-shard Qtum workload,76,9269,366,366,357,337,1011,5055,0,2,1089,16,0,97.541,92.0765,2.7623,18.3997,23.7999,23.7705,148.0433,147.7181,0.1626,33.0208,28.2605,42.5519,1,0.0
Q7,Hot-shard Qtum workload,77,9270,346,346,341,321,963,4815,0,2,1033,16,0,98.5549,92.7746,2.7832,18.1842,23.8035,20.5202,148.5172,148.0419,0.2376,32.7227,28.1306,41.8069,1,0.0
Q7,Hot-shard Qtum workload,78,9271,326,326,322,297,891,4455,0,2,974,16,0,98.773,91.1043,2.7331,18.4871,23.9617,26.0736,139.6268,139.9714,0.1723,28.3165,22.11,32.1212,2,0.0
Q7,Hot-shard Qtum workload,79,9272,315,315,306,286,858,4290,0,2,936,16,0,97.1429,90.7937,2.7238,18.2559,23.786,20.9524,131.5702,131.8659,0.1478,26.993,22.0043,30.4196,2,0.0
Q7,Hot-shard Qtum workload,80,9273,367,367,363,338,1014,5070,0,2,1097,16,0,98.9101,92.0981,2.7629,18.5013,23.9711,23.7057,158.2457,158.4081,0.0812,31.499,22.9436,36.213,1,0.0
Q7,Hot-shard Qtum workload,81,9274,384,384,381,354,1062,5310,0,2,1149,16,0,99.2188,92.1875,2.7656,18.4094,23.8419,24.7396,166.2859,166.0053,0.1403,27.0734,24.738,35.7627,1,0.0
Q7,Hot-shard Qtum workload,82,9275,315,315,308,292,876,4380,0,2,938,16,0,97.7778,92.6984,2.781,18.4853,23.9684,24.127,130.9854,131.0414,0.028,31.3014,22.868,35.9589,1,0.0
Q7,Hot-shard Qtum workload,83,9276,438,438,431,396,1188,5940,0,2,1307,16,0,98.4018,90.411,2.7123,18.3533,23.9046,22.3744,182.5404,182.5914,0.0255,25.2121,24.1148,32.2727,2,0.0
Q7,Hot-shard Qtum workload,84,9277,437,437,433,405,1215,6075,0,2,1307,16,0,99.0847,92.6773,2.7803,18.1704,23.6769,21.7391,180.102,179.872,0.115,26.5679,24.5152,34.8148,1,0.0
Q7,Hot-shard Qtum workload,85,9278,403,403,395,375,1125,5625,0,2,1201,16,0,98.0149,93.0521,2.7916,18.2892,23.7579,21.0918,155.9074,156.0032,0.0479,32.7022,23.472,37.76,1,0.0
Q7,Hot-shard Qtum workload,86,9279,303,303,297,284,852,4260,0,2,903,16,0,98.0198,93.7294,2.8119,18.2142,23.5541,23.4323,147.5212,147.8895,0.1841,27.7183,25.0801,36.9718,1,0.0
Q7,Hot-shard Qtum workload,87,9280,371,371,365,345,1035,5175,0,2,1107,16,0,98.3827,92.9919,2.7898,18.1606,23.6214,21.0243,145.1247,145.0783,0.0232,27.6812,22.0416,31.3043,2,0.0
Q7,Hot-shard Qtum workload,88,9281,436,436,427,400,1200,6000,0,2,1299,16,0,97.9358,91.7431,2.7523,18.6901,24.2162,27.9817,164.3217,164.3585,0.0184,30.1667,22.495,34.5,1,0.0
Q7,Hot-shard Qtum workload,89,9282,427,427,423,400,1200,6000,0,2,1277,16,0,99.0632,93.6768,2.8103,18.3988,23.9764,24.5902,163.5617,163.2879,0.1369,30.5167,22.5989,34.95,1,0.0
Q7,Hot-shard Qtum workload,90,9283,318,318,313,294,882,4410,0,2,949,16,0,98.4277,92.4528,2.7736,18.3064,23.804,22.327,126.2893,125.7015,0.2939,28.8889,22.1995,32.8571,2,0.0
Q7,Hot-shard Qtum workload,91,9284,333,333,328,301,903,4515,0,2,994,16,0,98.4985,90.3904,2.7117,18.3379,23.7986,23.4234,135.7923,136.088,0.1479,24.3721,24.0108,30.6977,2,0.0
Q7,Hot-shard Qtum workload,92,9285,385,385,377,358,1074,5370,0,2,1147,16,0,97.9221,92.987,2.7896,18.4109,23.851,24.9351,155.3712,155.8497,0.2392,34.0559,29.0566,45.1397,1,0.0
Q7,Hot-shard Qtum workload,93,9286,362,362,357,335,1005,5025,0,2,1081,16,0,98.6188,92.5414,2.7762,18.5272,24.0535,25.1381,156.2759,156.3223,0.0232,30.3582,22.5507,34.7463,1,0.0
Q7,Hot-shard Qtum workload,94,9287,307,307,304,282,846,4230,0,2,918,16,0,99.0228,91.8567,2.7557,18.4905,24.0728,24.7557,143.7405,142.8207,0.4599,27.7447,25.0955,37.0213,1,0.0
Q7,Hot-shard Qtum workload,95,9288,354,354,348,329,987,4935,0,2,1056,16,0,98.3051,92.9379,2.7881,18.4229,23.8926,22.5989,139.9682,139.758,0.1051,29.7163,22.3758,33.921,1,0.0
Q7,Hot-shard Qtum workload,96,9289,423,423,411,387,1161,5805,0,2,1257,16,0,97.1631,91.4894,2.7447,18.2706,23.8149,23.8771,162.2015,161.947,0.1272,30.0388,34.0001,40.0517,1,0.0
Q7,Hot-shard Qtum workload,97,9290,330,330,324,298,894,4470,0,2,984,16,0,98.1818,90.303,2.7091,18.3525,23.7929,22.7273,141.3779,141.792,0.207,27.9732,25.2333,37.4497,1,0.0
Q7,Hot-shard Qtum workload,98,9291,443,443,434,407,1221,6105,0,2,1320,16,0,97.9684,91.8736,2.7562,18.104,23.5826,20.9932,169.0133,169.3868,0.1867,10.4054,26.0131,30.8108,2,0.0
Q7,Hot-shard Qtum workload,99,9292,304,304,297,281,843,4215,0,2,905,16,0,97.6974,92.4342,2.773,18.125,23.5034,19.4079,145.6871,146.1771,0.245,35.274,29.0798,37.7936,1,0.0
Q7,Hot-shard Qtum workload,100,9293,405,405,399,376,1128,5640,0,2,1209,16,0,98.5185,92.8395,2.7852,18.2361,23.75,20.0,146.0555,146.5794,0.262,29.0248,22.2247,33.0319,2,0.0
