sequence_id,scenario,scenario_name,run_id,seed,api_elapsed_seconds,api_elapsed_ms,submitted_tx,routed_tx,finality_certificates,receipts,reward_events,total_reward,quarantine_events,reconfiguration_events,evidence_events,active_validators,quarantined_validators,finality_success_rate,receipt_success_rate,model_logical_throughput,mean_finality_latency_logical,mean_receipt_latency_logical,cross_shard_ratio,shard1_load,shard2_load,shard_load_std,reward_gini,reward_hhi,owner_concentration,nakamoto_coefficient,malicious_committee_probability,real_submitted_tx_per_sec,real_finality_certs_per_sec,real_receipts_per_sec,real_rewards_per_sec
1,Q1,Normal Qtum mobile contract request,1,627,0.0097691,9.7691,212,212,211,207,621,3105,0,2,635,12,0,99.5283,97.6415,2.07,17.6185,23.0832,11.3208,98.6866,98.3676,0.1595,33.3527,28.4574,36.6184,1,0.0,21701.0734,21598.7099,21189.2557,63567.767
2,Q1,Normal Qtum mobile contract request,2,628,0.00816959,8.1696,223,223,219,215,645,3225,0,2,665,12,0,98.2063,96.4126,2.15,17.615,23.0968,9.417,101.2164,101.2446,0.0141,25.7116,24.2289,33.2093,2,0.0,27296.3615,26806.7407,26317.1198,78951.3595
3,Q1,Normal Qtum mobile contract request,3,629,0.00683366,6.8337,204,204,202,192,576,2880,0,0,610,12,0,99.0196,94.1176,1.92,17.8452,23.3598,14.2157,74.8547,74.5807,0.137,27.6389,22.0382,31.25,2,0.0,29852.2358,29559.5668,28096.2219,84288.6658
4,Q1,Normal Qtum mobile contract request,4,630,0.00774251,7.7425,236,236,233,226,678,3390,0,2,705,12,0,98.7288,95.7627,2.26,17.5904,23.1528,8.8983,97.0503,97.4868,0.2182,33.2743,23.7643,38.4956,1,0.0,30481.0832,30093.6118,29189.5119,87568.5356
5,Q1,Normal Qtum mobile contract request,5,631,0.00923568,9.2357,257,257,250,243,729,3645,0,2,764,12,0,97.2763,94.5525,2.43,17.5048,22.9579,10.8949,109.9198,109.6484,0.1357,28.6831,22.1643,32.5926,2,0.0,27826.8628,27068.9327,26311.0025,78933.0076
6,Q1,Normal Qtum mobile contract request,6,632,0.0081072,8.1072,248,248,245,236,708,3540,0,2,741,12,0,98.7903,95.1613,2.36,17.8148,23.2566,10.8871,109.4307,109.3063,0.0622,32.9492,28.2252,42.3729,1,0.0,30590.0777,30220.0364,29109.9126,87329.7378
7,Q1,Normal Qtum mobile contract request,7,633,0.00926882,9.2688,259,259,255,251,753,3765,0,2,773,12,0,98.4556,96.9112,2.51,17.81,23.2699,14.2857,112.1685,112.2622,0.0468,28.0611,22.0786,31.7928,2,0.0,27943.144,27511.5897,27080.0353,81240.1059
8,Q1,Normal Qtum mobile contract request,8,634,0.00861577,8.6158,222,222,216,209,627,3135,0,2,660,12,0,97.2973,94.1441,2.09,17.6162,23.1659,9.009,97.2248,97.0718,0.0765,32.1148,28.0033,40.2871,1,0.0,25766.7165,25070.3188,24257.8547,72773.5642
9,Q1,Normal Qtum mobile contract request,9,635,0.00801297,8.013,220,220,216,211,633,3165,0,2,656,12,0,98.1818,95.9091,2.11,17.4544,22.9821,8.6364,109.3289,109.7216,0.1964,26.1991,24.3778,34.1232,1,0.0,27455.4844,26956.2937,26332.3055,78996.9164
10,Q1,Normal Qtum mobile contract request,10,636,0.00809231,8.0923,232,232,225,221,663,3315,0,2,689,12,0,96.9828,95.2586,2.21,17.4583,22.8553,9.4828,90.8077,91.0409,0.1166,27.6169,22.0365,31.2217,2,0.0,28669.2075,27804.1883,27309.8916,81929.6749
11,Q1,Normal Qtum mobile contract request,11,637,0.01112213,11.1221,245,245,243,237,711,3555,0,2,733,12,0,99.1837,96.7347,2.37,17.5377,23.0396,10.6122,94.5719,94.7788,0.1034,28.5373,22.1414,32.4051,2,0.0,22028.1567,21848.335,21308.8699,63926.6097
12,Q1,Normal Qtum mobile contract request,12,638,0.00969519,9.6952,227,227,222,217,651,3255,0,2,676,12,0,97.7974,95.5947,2.17,17.6306,23.1233,11.4537,99.6848,99.2334,0.2257,32.2581,28.0166,39.3548,1,0.0,23413.6818,22897.9619,22382.2421,67146.7262
13,Q1,Normal Qtum mobile contract request,13,639,0.00730336,7.3034,181,181,178,177,531,2655,0,0,540,12,0,98.3425,97.7901,1.77,17.7236,23.244,11.6022,72.2321,69.9403,1.1459,32.3164,28.025,39.209,1,0.0,24783.1237,24372.3537,24235.4304,72706.2911
14,Q1,Normal Qtum mobile contract request,14,640,0.00721828,7.2183,202,202,201,198,594,2970,0,2,605,12,0,99.505,98.0198,1.98,17.7231,23.1793,10.396,93.5831,93.6967,0.0568,28.5253,25.5998,38.4848,1,0.0,27984.4983,27845.9611,27430.3498,82291.0493
15,Q1,Normal Qtum mobile contract request,15,641,0.00846228,8.4623,245,245,239,232,696,3480,0,2,729,12,0,97.551,94.6939,2.32,17.8412,23.2618,14.6939,100.0712,99.9901,0.0405,31.1638,34.0602,41.5517,1,0.0,28952.0253,28242.9961,27415.7954,82247.3862
16,Q1,Normal Qtum mobile contract request,16,642,0.00737781,7.3778,206,206,204,200,600,3000,0,2,616,12,0,99.0291,97.0874,2.0,17.9169,23.4932,16.0194,95.4643,95.7069,0.1213,33.6,28.64,36.0,1,0.0,27921.5762,27650.4929,27108.3264,81324.9791
17,Q1,Normal Qtum mobile contract request,17,643,0.00750728,7.5073,200,200,197,193,579,2895,0,2,597,12,0,98.5,96.5,1.93,17.9126,23.3923,14.0,93.6838,93.0835,0.3002,28.0622,25.2892,37.6166,1,0.0,26640.8144,26241.2022,25708.3859,77125.1577
18,Q1,Normal Qtum mobile contract request,18,644,0.00799009,7.9901,254,254,249,244,732,3660,0,2,757,12,0,98.0315,96.063,2.44,17.7159,23.1767,12.2047,88.1447,88.4924,0.1739,24.6557,24.0336,31.2295,2,0.0,31789.3632,31163.5883,30537.8134,91613.4403
19,Q1,Normal Qtum mobile contract request,19,645,0.00902251,9.0225,232,232,226,216,648,3240,0,2,690,12,0,97.4138,93.1034,2.16,17.9249,23.4739,15.9483,112.7683,113.1294,0.1805,24.8889,24.0617,31.6667,2,0.0,25713.4655,25048.4621,23940.1231,71820.3693
20,Q1,Normal Qtum mobile contract request,20,646,0.01011187,10.1119,209,209,207,204,612,3060,0,2,625,12,0,99.0431,97.6077,2.04,17.6778,23.205,12.4402,92.558,92.8273,0.1346,29.183,22.2559,33.2353,2,0.0,20668.7845,20470.9971,20174.316,60522.9479
21,Q1,Normal Qtum mobile contract request,21,647,0.00865163,8.6516,247,247,245,240,720,3600,0,2,739,12,0,99.1903,97.166,2.4,17.7358,23.1965,11.7409,106.7199,107.0053,0.1427,32.3056,23.2849,37.25,1,0.0,28549.5202,28318.35,27740.4245,83221.2736
22,Q1,Normal Qtum mobile contract request,22,648,0.00968799,9.688,194,194,193,192,576,2880,0,2,581,12,0,99.4845,98.9691,1.92,18.0524,23.4363,16.4948,87.2686,87.4473,0.0894,28.6111,22.1528,32.5,2,0.0,20024.7853,19921.5648,19818.3442,59455.0327
23,Q1,Normal Qtum mobile contract request,23,649,0.00942433,9.4243,248,248,244,237,711,3555,0,2,740,12,0,98.3871,95.5645,2.37,17.9457,23.4243,14.5161,109.5732,109.5819,0.0043,27.7496,22.0474,31.3924,2,0.0,26314.8764,25890.4429,25147.6843,75443.0529
24,Q1,Normal Qtum mobile contract request,24,650,0.00693522,6.9352,181,181,179,178,534,2670,0,2,541,12,0,98.895,98.3425,1.78,17.9353,23.4478,14.9171,86.6627,86.6638,0.0005,30.0749,22.4694,34.382,1,0.0,26098.6523,25810.2694,25666.078,76998.2339
25,Q1,Normal Qtum mobile contract request,25,651,0.00813953,8.1395,249,249,246,245,735,3675,0,2,744,12,0,98.7952,98.3936,2.45,17.8031,23.3425,12.4498,107.575,107.4919,0.0415,40.7143,42.0408,60.0,1,0.0,30591.4319,30222.8604,30100.0033,90300.0098
26,Q1,Normal Qtum mobile contract request,26,652,0.00728517,7.2852,218,218,215,212,636,3180,0,2,651,12,0,98.6239,97.2477,2.12,17.5424,23.0432,10.5505,82.1703,81.796,0.1872,28.8679,22.1958,32.8302,2,0.0,29923.8205,29512.0248,29100.2292,87300.6875
27,Q1,Normal Qtum mobile contract request,27,653,0.00760212,7.6021,203,203,200,197,591,2955,0,2,606,12,0,98.5222,97.0443,1.97,17.859,23.5561,13.3005,82.781,83.0398,0.1294,25.2183,24.116,32.2843,2,0.0,26703.0916,26308.4646,25913.8377,77741.513
28,Q1,Normal Qtum mobile contract request,28,654,0.00790183,7.9018,227,227,225,221,663,3315,0,2,679,12,0,99.1189,97.3568,2.21,17.8334,23.39,11.4537,97.127,97.2199,0.0464,27.8281,22.0545,31.4932,2,0.0,28727.5153,28474.4095,27968.1978,83904.5933
29,Q1,Normal Qtum mobile contract request,29,655,0.0082959,8.2959,232,232,228,221,663,3315,0,2,692,12,0,98.2759,95.2586,2.21,17.8861,23.4447,15.0862,98.3118,98.1151,0.0983,29.095,22.2383,33.1222,2,0.0,27965.6148,27483.4491,26639.659,79918.9769
30,Q1,Normal Qtum mobile contract request,30,656,0.01240799,12.408,250,250,246,240,720,3600,0,2,746,12,0,98.4,96.0,2.4,17.7263,23.2363,12.4,92.3572,92.6851,0.164,32.4667,28.0544,41.1667,1,0.0,20148.3109,19825.9379,19342.3785,58027.1354
31,Q1,Normal Qtum mobile contract request,31,657,0.00739126,7.3913,191,191,188,183,549,2745,0,2,570,12,0,98.4293,95.8115,1.83,18.0154,23.3569,16.7539,85.0457,85.0465,0.0004,41.1366,40.0202,60.0,1,0.0,25841.349,25435.4639,24758.9888,74276.9665
32,Q1,Normal Qtum mobile contract request,32,658,0.00764172,7.6417,237,237,235,232,696,3480,0,2,709,12,0,99.1561,97.8903,2.32,17.6047,23.1615,10.5485,106.2626,105.9464,0.1581,33.2414,28.3853,36.8966,1,0.0,31013.9643,30752.243,30359.6612,91078.9837
33,Q1,Normal Qtum mobile contract request,33,659,0.00726483,7.2648,213,213,210,205,615,3075,0,2,636,12,0,98.5915,96.2441,2.05,17.8415,23.4645,13.1455,103.1315,103.0418,0.0449,27.0081,22.0047,30.439,2,0.0,29319.3371,28906.3887,28218.1414,84654.4241
34,Q1,Normal Qtum mobile contract request,34,660,0.01270439,12.7044,244,244,241,237,711,3555,0,2,729,12,0,98.7705,97.1311,2.37,17.7185,23.1581,11.8852,100.2555,99.9202,0.1676,29.7187,22.3764,33.9241,1,0.0,19205.9656,18969.8266,18654.9747,55964.9242
35,Q1,Normal Qtum mobile contract request,35,661,0.00819276,8.1928,218,218,215,212,636,3180,0,2,651,12,0,98.6239,97.2477,2.12,17.6514,23.1425,11.4679,99.8775,99.3952,0.2412,28.2075,22.0959,31.9811,2,0.0,26608.8693,26242.6922,25876.5151,77629.5452
36,Q1,Normal Qtum mobile contract request,36,662,0.00867935,8.6794,257,257,253,250,750,3750,0,2,767,12,0,98.4436,97.2763,2.5,17.7185,23.1891,11.284,110.4331,110.5557,0.0613,32.0,28.0,40.0,1,0.0,29610.4953,29149.6315,28803.9837,86411.9511
37,Q1,Normal Qtum mobile contract request,37,663,0.00705982,7.0598,202,202,199,196,588,2940,0,2,603,12,0,98.5149,97.0297,1.96,17.8482,23.4698,14.3564,83.432,83.4491,0.0086,32.898,28.2016,42.2449,1,0.0,28612.6316,28187.6915,27762.7514,83288.2543
38,Q1,Normal Qtum mobile contract request,38,664,0.00682454,6.8245,193,193,190,190,570,2850,0,2,576,12,0,98.4456,98.4456,1.9,17.6695,23.103,10.8808,79.1059,78.6118,0.2471,25.0,30.1551,42.1053,1,0.0,28280.2902,27840.7002,27840.7002,83522.1006
39,Q1,Normal Qtum mobile contract request,39,665,0.00844502,8.445,234,234,230,223,669,3345,0,2,698,12,0,98.2906,95.2991,2.23,17.4606,22.9408,8.1197,102.3782,102.6878,0.1548,30.7474,22.6729,35.2466,1,0.0,27708.6476,27234.9955,26406.1043,79218.313
40,Q1,Normal Qtum mobile contract request,40,666,0.00625078,6.2508,185,185,183,179,537,2685,0,2,553,12,0,98.9189,96.7568,1.79,17.5764,23.0297,10.2703,82.7047,83.0388,0.167,33.7877,28.6836,36.2011,1,0.0,29596.3206,29276.3604,28636.4399,85909.3198
41,Q1,Normal Qtum mobile contract request,41,667,0.00690634,6.9063,215,215,211,204,612,3060,0,2,641,12,0,98.1395,94.8837,2.04,17.5318,23.0467,9.7674,90.3084,89.9909,0.1588,12.2059,26.3893,34.4118,1,0.0,31130.8296,30551.6513,29538.0894,88614.2683
42,Q1,Normal Qtum mobile contract request,42,668,0.00794627,7.9463,221,221,219,219,657,3285,0,2,661,12,0,99.095,99.095,2.19,17.8158,23.3753,13.1222,100.3855,100.7209,0.1677,32.9863,28.2432,42.4658,1,0.0,27811.7944,27560.104,27560.104,82680.312
43,Q1,Normal Qtum mobile contract request,43,669,0.00758241,7.5824,246,246,239,234,702,3510,0,2,731,12,0,97.1545,95.122,2.34,17.5438,22.9345,11.7886,98.6159,98.7363,0.0602,27.4188,24.9131,36.4103,1,0.0,32443.4979,31520.3089,30860.8882,92582.6646
44,Q1,Normal Qtum mobile contract request,44,670,0.00830903,8.309,251,251,247,238,714,3570,0,2,749,12,0,98.4064,94.8207,2.38,17.6501,23.1419,12.3506,87.948,87.7391,0.1045,32.605,28.0915,38.4874,1,0.0,30208.1098,29726.7057,28643.5464,85930.6391
45,Q1,Normal Qtum mobile contract request,45,671,0.00706117,7.0612,191,191,186,186,558,2790,0,2,568,12,0,97.3822,97.3822,1.86,17.9529,23.5397,14.1361,90.6679,91.143,0.2375,45.3333,40.4444,60.0,1,0.0,27049.357,26341.2587,26341.2587,79023.776
46,Q1,Normal Qtum mobile contract request,46,672,0.008744,8.744,208,208,206,203,609,3045,0,2,622,12,0,99.0385,97.5962,2.03,17.5933,23.0837,8.6538,94.4426,94.1628,0.1399,25.0,30.3265,43.0542,1,0.0,23787.7483,23559.02,23215.9275,69647.7824
47,Q1,Normal Qtum mobile contract request,47,673,0.01251548,12.5155,242,242,239,235,705,3525,0,2,723,12,0,98.7603,97.1074,2.35,17.787,23.2481,12.8099,97.0638,97.5093,0.2227,24.8851,24.0612,31.6596,2,0.0,19336.0558,19096.3526,18776.7484,56330.2451
48,Q1,Normal Qtum mobile contract request,48,674,0.01073025,10.7303,195,195,192,187,561,2805,0,2,582,12,0,98.4615,95.8974,1.87,17.5625,23.0025,11.2821,83.7809,84.3036,0.2613,35.0374,29.0107,37.5401,1,0.0,18172.9156,17893.3323,17427.3601,52282.0802
49,Q1,Normal Qtum mobile contract request,49,675,0.00712497,7.125,219,219,215,207,621,3105,0,2,653,12,0,98.1735,94.5205,2.07,17.7319,23.3845,13.242,85.4965,85.4976,0.0006,32.5024,28.0631,41.256,1,0.0,30736.95,30175.5445,29052.7335,87158.2006
50,Q1,Normal Qtum mobile contract request,50,676,0.00862255,8.6225,246,246,243,239,717,3585,0,2,735,12,0,98.7805,97.1545,2.39,17.6943,23.1357,10.5691,111.1962,111.6818,0.2428,26.9596,22.0035,30.3766,2,0.0,28529.8532,28181.9281,27718.0281,83154.0843
51,Q1,Normal Qtum mobile contract request,51,677,0.05318259,53.1826,254,254,249,242,726,3630,0,2,757,12,0,98.0315,95.2756,2.42,17.6471,23.0745,11.0236,95.7393,95.5403,0.0995,25.0,30.0086,40.4959,1,0.0,4775.9988,4681.9831,4550.3611,13651.0832
52,Q1,Normal Qtum mobile contract request,52,678,0.01154461,11.5446,258,258,253,247,741,3705,0,2,769,12,0,98.062,95.7364,2.47,17.8081,23.3028,13.5659,99.8003,99.484,0.1582,25.749,24.239,33.2794,2,0.0,22348.0973,21914.9946,21395.2714,64185.8142
53,Q1,Normal Qtum mobile contract request,53,679,0.00831594,8.3159,182,182,179,176,528,2640,0,2,543,12,0,98.3516,96.7033,1.76,17.7801,23.2879,11.5385,75.8708,75.8571,0.0068,28.7879,22.1818,32.7273,2,0.0,21885.6929,21524.9398,21164.1866,63492.5598
54,Q1,Normal Qtum mobile contract request,54,680,0.01231972,12.3197,242,242,239,234,702,3510,0,2,723,12,0,98.7603,96.6942,2.34,17.6763,23.2051,11.5702,114.1075,113.8646,0.1215,28.2621,22.1029,32.0513,2,0.0,19643.2988,19399.7868,18993.9335,56981.8006
55,Q1,Normal Qtum mobile contract request,55,681,0.00926051,9.2605,253,253,249,247,741,3705,0,2,755,12,0,98.419,97.6285,2.47,17.3267,22.7445,6.3241,94.3717,94.3564,0.0077,30.3509,22.5485,34.7368,1,0.0,27320.2948,26888.3534,26672.3827,80017.1481
56,Q1,Normal Qtum mobile contract request,56,682,0.00728893,7.2889,206,206,204,201,603,3015,0,2,616,12,0,99.0291,97.5728,2.01,17.773,23.2228,13.5922,94.5992,94.5447,0.0273,26.4677,24.4757,34.6269,1,0.0,28262.0202,27987.6317,27576.0488,82728.1465
57,Q1,Normal Qtum mobile contract request,57,683,0.00762934,7.6293,248,248,244,240,720,3600,0,2,740,12,0,98.3871,96.7742,2.4,17.9181,23.4683,16.129,114.0426,114.5789,0.2681,40.4583,42.0168,60.0,1,0.0,32506.0713,31981.7798,31457.4883,94372.465
58,Q1,Normal Qtum mobile contract request,58,684,0.00756426,7.5643,213,213,210,203,609,3045,0,2,636,12,0,98.5915,95.3052,2.03,17.7405,23.3037,13.1455,92.4956,92.1273,0.1842,28.0049,31.4354,39.6059,1,0.0,28158.7546,27762.1524,26836.7473,80510.2419
59,Q1,Normal Qtum mobile contract request,59,685,0.00693139,6.9314,194,194,190,185,555,2775,0,2,578,12,0,97.9381,95.3608,1.85,17.5012,23.051,9.2784,84.4185,83.9643,0.2271,30.3243,22.5406,34.7027,1,0.0,27988.606,27411.5214,26690.1656,80070.4967
60,Q1,Normal Qtum mobile contract request,60,686,0.00767456,7.6746,215,215,213,210,630,3150,0,2,643,12,0,99.0698,97.6744,2.1,17.7927,23.316,14.4186,102.088,102.3148,0.1134,30.8571,34.0327,41.1429,1,0.0,28014.6208,27754.0196,27363.118,82089.3539
61,Q1,Normal Qtum mobile contract request,61,687,0.00740475,7.4048,197,197,191,183,549,2745,0,2,585,12,0,96.9543,92.8934,1.83,17.7129,23.1512,12.6904,80.0253,79.6756,0.1749,25.0,30.0506,38.7978,1,0.0,26604.5336,25794.2432,24713.8561,74141.5683
62,Q1,Normal Qtum mobile contract request,62,688,0.00765219,7.6522,239,239,236,232,696,3480,0,2,714,12,0,98.7448,97.0711,2.32,17.7863,23.3422,13.8075,114.1938,113.9202,0.1368,25.0,30.0094,39.4828,1,0.0,31232.8807,30840.8362,30318.1102,90954.3305
63,Q1,Normal Qtum mobile contract request,63,689,0.00694226,6.9423,220,220,217,213,639,3195,0,2,657,12,0,98.6364,96.8182,2.13,17.9544,23.4114,18.6364,92.1729,92.1594,0.0067,25.7277,24.2332,33.2394,2,0.0,31689.9867,31257.8505,30681.6689,92045.0067
64,Q1,Normal Qtum mobile contract request,64,690,0.00721882,7.2188,207,207,205,196,588,2940,0,1,619,12,0,99.0338,94.686,1.96,17.2886,22.9777,6.7633,74.5001,75.0471,0.2735,27.1429,22.0092,30.6122,2,0.0,28675.0546,28398.0009,27151.2594,81453.7782
65,Q1,Normal Qtum mobile contract request,65,691,0.00949389,9.4939,219,219,217,210,630,3150,0,2,655,12,0,99.0868,95.8904,2.1,17.8019,23.2123,11.8721,92.6921,92.9054,0.1066,25.5238,24.1814,32.8571,2,0.0,23067.4652,22856.8034,22119.4872,66358.4615
66,Q1,Normal Qtum mobile contract request,66,692,0.00817031,8.1703,215,215,211,208,624,3120,0,2,641,12,0,98.1395,96.7442,2.08,17.6889,23.0653,10.6977,85.1799,84.716,0.2319,29.1346,22.2461,33.1731,2,0.0,26314.7749,25825.1977,25458.0148,76374.0443
67,Q1,Normal Qtum mobile contract request,67,693,0.00747616,7.4762,208,208,204,199,597,2985,0,2,620,12,0,98.0769,95.6731,1.99,17.5866,23.1553,10.5769,104.5716,104.1922,0.1897,25.0452,24.0854,31.9598,2,0.0,27821.7695,27286.7354,26617.9429,79853.8287
68,Q1,Normal Qtum mobile contract request,68,694,0.00842613,8.4261,259,259,253,247,741,3705,0,2,771,12,0,97.6834,95.3668,2.47,17.6991,23.2011,12.3552,93.8983,94.1776,0.1396,25.0,30.0021,40.2429,1,0.0,30737.7244,30025.6535,29313.5827,87940.7481
69,Q1,Normal Qtum mobile contract request,69,695,0.00757568,7.5757,251,251,247,242,726,3630,0,2,749,12,0,98.4064,96.4143,2.42,17.7601,23.2799,11.5538,96.6439,96.2897,0.1771,33.124,28.3158,42.8099,1,0.0,33132.3218,32604.3167,31944.3102,95832.9307
70,Q1,Normal Qtum mobile contract request,70,696,0.00907732,9.0773,258,258,254,245,735,3675,0,2,770,12,0,98.4496,94.9612,2.45,17.657,22.9937,12.4031,98.291,98.6903,0.1996,30.0,22.449,34.2857,1,0.0,28422.4953,27981.8365,26990.3541,80971.0623
71,Q1,Normal Qtum mobile contract request,71,697,0.00791923,7.9192,195,195,195,193,579,2895,0,2,585,12,0,100.0,98.9744,1.93,17.6697,23.295,12.3077,96.2907,96.3214,0.0154,25.0,31.1369,45.6995,1,0.0,24623.6123,24623.6123,24371.0624,73113.1873
72,Q1,Normal Qtum mobile contract request,72,698,0.0075378,7.5378,211,211,209,203,609,3045,0,2,631,12,0,99.0521,96.2085,2.03,17.6035,23.1199,10.9005,93.5384,93.169,0.1847,40.1232,42.0012,60.0,1,0.0,27992.245,27726.9156,26930.9276,80792.7828
73,Q1,Normal Qtum mobile contract request,73,699,0.00637249,6.3725,185,185,180,175,525,2625,0,2,550,12,0,97.2973,94.5946,1.75,17.8484,23.4511,11.8919,77.6514,77.5418,0.0548,29.2,22.2593,33.2571,2,0.0,29031.0427,28246.4199,27461.7971,82385.3913
74,Q1,Normal Qtum mobile contract request,74,700,0.00756433,7.5643,233,233,224,220,660,3300,0,2,690,12,0,96.1373,94.4206,2.2,17.7827,23.1371,14.1631,104.5808,104.283,0.1489,32.6061,23.4255,37.6364,1,0.0,30802.4677,29612.6729,29083.8751,87251.6254
75,Q1,Normal Qtum mobile contract request,75,701,0.00774829,7.7483,187,187,184,180,540,2700,0,2,558,12,0,98.3957,96.2567,1.8,17.6101,23.0581,13.369,90.4558,89.9465,0.2547,31.3333,22.88,36.0,1,0.0,24134.3605,23747.1782,23230.9352,69692.8057
76,Q1,Normal Qtum mobile contract request,76,702,0.00722272,7.2227,201,201,199,196,588,2940,0,2,601,12,0,99.005,97.5124,1.96,17.7602,23.2751,11.9403,81.7741,82.1939,0.2099,32.6531,28.1066,41.6327,1,0.0,27828.8473,27551.9434,27136.5874,81409.7623
77,Q1,Normal Qtum mobile contract request,77,703,0.00877729,8.7773,224,224,218,214,642,3210,0,2,666,12,0,97.3214,95.5357,2.14,17.7279,23.0568,11.6071,106.2996,105.7944,0.2526,32.1495,28.0056,39.6262,1,0.0,25520.4171,24836.8345,24381.1128,73143.3384
78,Q1,Normal Qtum mobile contract request,78,704,0.01001293,10.0129,249,249,246,243,729,3645,0,2,744,12,0,98.7952,97.5904,2.43,17.7335,23.1228,11.6466,106.5474,106.6106,0.0316,24.7243,24.041,31.358,2,0.0,24867.8359,24568.2235,24268.611,72805.8329
79,Q1,Normal Qtum mobile contract request,79,705,0.00783226,7.8323,258,258,252,249,747,3735,0,2,768,12,0,97.6744,96.5116,2.49,17.539,23.0585,13.1783,107.1295,107.42,0.1453,30.5087,22.5965,34.9398,1,0.0,32940.688,32174.6255,31791.5942,95374.7827
80,Q1,Normal Qtum mobile contract request,80,706,0.00931138,9.3114,184,184,183,180,540,2700,0,2,551,12,0,99.4565,97.8261,1.8,17.4186,22.7726,8.6957,85.4704,85.7928,0.1612,28.9778,25.9358,39.3333,1,0.0,19760.7595,19653.3641,19331.1778,57993.5333
81,Q1,Normal Qtum mobile contract request,81,707,0.00629641,6.2964,181,181,178,176,528,2640,0,2,540,12,0,98.3425,97.2376,1.76,17.804,23.3816,16.0221,89.5578,89.8213,0.1318,34.0,29.0,45.0,1,0.0,28746.5625,28270.1002,27952.4586,83857.3758
82,Q1,Normal Qtum mobile contract request,82,708,0.00810068,8.1007,253,253,249,248,744,3720,0,2,755,12,0,98.419,98.0237,2.48,17.4867,22.8933,10.2767,88.8408,89.1885,0.1739,27.9839,22.0701,31.6935,2,0.0,31231.9344,30738.1489,30614.7025,91844.1075
83,Q1,Normal Qtum mobile contract request,83,709,0.00714917,7.1492,211,211,206,201,603,3015,0,2,628,12,0,97.6303,95.2607,2.01,17.5435,23.0276,9.0047,91.9005,92.0209,0.0602,28.6401,22.1574,32.5373,2,0.0,29513.9362,28814.5539,28115.1715,84345.5145
84,Q1,Normal Qtum mobile contract request,84,710,0.00619611,6.1961,183,183,181,181,543,2715,0,2,547,12,0,98.9071,98.9071,1.81,17.8108,23.334,13.6612,102.8592,103.0131,0.077,32.3978,28.0396,40.9945,1,0.0,29534.6501,29211.8671,29211.8671,87635.6012
85,Q1,Normal Qtum mobile contract request,85,711,0.00710657,7.1066,197,197,193,188,564,2820,0,2,587,12,0,97.9695,95.4315,1.88,17.6847,23.1345,13.198,93.635,93.4734,0.0808,32.8511,28.1811,37.8723,1,0.0,27720.8351,27157.9756,26454.4011,79363.2032
86,Q1,Normal Qtum mobile contract request,86,712,0.00739984,7.3998,224,224,220,214,642,3210,0,2,668,12,0,98.2143,95.5357,2.14,17.8001,23.3495,15.1786,92.7871,92.4888,0.1491,26.6916,24.566,35.0467,1,0.0,30270.937,29730.3846,28919.5559,86758.6678
87,Q1,Normal Qtum mobile contract request,87,713,0.00635882,6.3588,187,187,185,180,540,2700,0,2,559,12,0,98.9305,96.2567,1.8,17.7436,23.2832,12.8342,80.0319,80.0617,0.0149,30.5556,22.6111,35.0,1,0.0,29407.9627,29093.439,28307.1298,84921.3895
88,Q1,Normal Qtum mobile contract request,88,714,0.00691461,6.9146,205,205,199,192,576,2880,0,2,609,12,0,97.0732,93.6585,1.92,17.66,23.2685,11.2195,105.956,105.9084,0.0238,24.8333,24.0543,31.5625,2,0.0,29647.3784,28779.6503,27767.3008,83301.9023
89,Q1,Normal Qtum mobile contract request,89,715,0.00785386,7.8539,204,204,202,198,594,2970,0,2,610,12,0,99.0196,97.0588,1.98,17.4048,23.0012,7.3529,90.8661,90.9565,0.0452,34.5051,28.8636,36.9697,1,0.0,25974.4989,25719.8469,25210.543,75631.6291
90,Q1,Normal Qtum mobile contract request,90,716,0.01113145,11.1314,257,257,251,242,726,3630,0,2,765,12,0,97.6654,94.1634,2.42,17.8002,23.2531,14.786,112.1363,112.3201,0.0919,25.0,30.0956,41.6529,1,0.0,23087.7483,22548.7347,21740.2143,65220.643
91,Q1,Normal Qtum mobile contract request,91,717,0.00786134,7.8613,230,230,227,225,675,3375,0,2,687,12,0,98.6957,97.8261,2.25,17.9311,23.461,15.2174,99.602,99.7152,0.0566,29.2593,22.2716,33.3333,1,0.0,29257.0838,28875.4696,28621.0602,85863.1806
92,Q1,Normal Qtum mobile contract request,92,718,0.00767304,7.673,210,210,207,203,609,3045,0,2,627,12,0,98.5714,96.6667,2.03,17.7129,23.2908,13.8095,90.0705,89.4224,0.3241,31.8391,23.0811,36.6502,1,0.0,27368.5528,26977.5734,26456.2677,79368.803
93,Q1,Normal Qtum mobile contract request,93,719,0.00733501,7.335,202,202,196,194,582,2910,0,2,600,12,0,97.0297,96.0396,1.94,17.9811,23.3257,16.3366,95.3977,95.4259,0.0141,32.6804,23.4614,37.732,1,0.0,27539.1656,26721.1706,26448.5056,79345.5167
94,Q1,Normal Qtum mobile contract request,94,720,0.00750494,7.5049,186,186,185,180,540,2700,0,2,557,12,0,99.4624,96.7742,1.8,17.9498,23.4615,15.0538,78.0584,77.7855,0.1365,41.2444,40.0242,60.0,1,0.0,24783.6791,24650.4335,23984.2056,71952.6168
95,Q1,Normal Qtum mobile contract request,95,721,0.00721449,7.2145,184,184,182,176,528,2640,0,2,550,12,0,98.913,95.6522,1.76,17.7576,23.2824,12.5,84.8666,84.7116,0.0775,30.9091,22.7273,35.4545,1,0.0,25504.2212,25227.0014,24395.342,73186.0261
96,Q1,Normal Qtum mobile contract request,96,722,0.00976071,9.7607,257,257,254,250,750,3750,0,2,768,12,0,98.8327,97.2763,2.5,17.5769,23.1028,11.284,109.9336,109.3535,0.2901,29.6533,22.3604,33.84,1,0.0,26330.0626,26022.7078,25612.9014,76838.7041
97,Q1,Normal Qtum mobile contract request,97,723,0.00669842,6.6984,182,182,174,172,516,2580,0,2,538,12,0,95.6044,94.5055,1.72,17.6197,23.1304,12.0879,87.4592,87.2161,0.1216,26.938,22.003,30.3488,2,0.0,27170.5743,25976.2634,25677.6856,77033.0569
98,Q1,Normal Qtum mobile contract request,98,724,0.00696632,6.9663,183,183,179,174,522,2610,0,1,545,12,0,97.8142,95.082,1.74,17.6037,23.201,8.1967,75.4781,72.416,1.5311,32.5517,28.0761,41.3793,1,0.0,26269.2648,25695.0733,24977.3338,74932.0014
99,Q1,Normal Qtum mobile contract request,99,725,0.00759989,7.5999,214,214,211,205,615,3075,0,2,639,12,0,98.5981,95.7944,2.05,17.8952,23.4165,13.5514,91.6865,91.9771,0.1453,27.6911,22.0424,31.3171,2,0.0,28158.2875,27763.5451,26974.0604,80922.1813
100,Q1,Normal Qtum mobile contract request,100,726,0.00815538,8.1554,257,257,254,247,741,3705,0,2,768,12,0,98.8327,96.1089,2.47,17.551,22.9974,9.7276,93.3023,92.8803,0.211,32.2915,28.0212,39.2713,1,0.0,31512.9283,31145.0731,30286.7444,90860.2331
101,Q2,High-load Qtum mobile dApp,1,627,0.01578386,15.7839,493,493,489,476,1428,7140,0,2,1475,16,0,99.1886,96.5517,3.4077,18.204,23.7137,18.4584,172.3296,173.1146,0.3925,26.7647,22.0004,30.1261,2,0.0,31234.4362,30981.0128,30157.3867,90472.1601
102,Q2,High-load Qtum mobile dApp,2,628,0.01516241,15.1624,513,513,503,496,1488,7440,0,2,1529,16,0,98.0507,96.6862,3.4125,18.066,23.5821,19.2982,160.9396,161.3946,0.2275,27.3253,22.0175,30.8468,2,0.0,33833.6604,33174.1349,32712.467,98137.4009
103,Q2,High-load Qtum mobile dApp,3,629,0.0136769,13.6769,490,490,484,469,1407,7035,0,2,1464,16,0,98.7755,95.7143,3.3782,18.0977,23.5615,18.9796,175.8724,175.567,0.1527,32.0171,28.0001,40.0426,1,0.0,35826.8373,35388.1414,34291.4015,102874.2044
104,Q2,High-load Qtum mobile dApp,4,630,0.01238919,12.3892,464,464,454,442,1326,6630,0,2,1382,16,0,97.8448,95.2586,3.3621,18.0406,23.4857,17.6724,165.7026,165.2723,0.2151,28.4615,22.1302,32.3077,2,0.0,37452.0166,36644.8611,35676.2745,107028.8234
105,Q2,High-load Qtum mobile dApp,5,631,0.01140284,11.4028,409,409,406,395,1185,5925,0,2,1224,16,0,99.2665,96.577,3.4086,17.9998,23.5396,18.0929,146.1403,145.455,0.3427,27.789,22.0509,31.443,2,0.0,35868.2668,35605.1744,34640.5022,103921.5065
106,Q2,High-load Qtum mobile dApp,6,632,0.01378278,13.7828,500,500,491,479,1437,7185,0,2,1491,16,0,98.2,95.8,3.3812,18.0019,23.3731,17.4,178.0085,177.4314,0.2885,32.618,28.0955,38.4551,1,0.0,36277.1516,35624.1629,34753.5113,104260.5338
107,Q2,High-load Qtum mobile dApp,7,633,0.01336674,13.3667,504,504,495,483,1449,7245,0,2,1503,16,0,98.2143,95.8333,3.3824,18.2719,23.8143,21.0317,174.9324,174.9873,0.0275,32.8447,28.1784,37.8882,1,0.0,37705.526,37032.213,36134.4624,108403.3872
108,Q2,High-load Qtum mobile dApp,8,634,0.01234892,12.3489,427,427,419,405,1215,6075,0,2,1273,16,0,98.1265,94.8478,3.3476,18.1696,23.6932,18.9696,149.3264,149.6453,0.1594,25.1457,24.1025,32.1481,2,0.0,34577.9142,33930.0844,32796.3823,98389.147
109,Q2,High-load Qtum mobile dApp,9,635,0.01109439,11.0944,384,384,377,369,1107,5535,0,2,1145,16,0,98.1771,96.0938,3.3915,17.7831,23.2529,14.3229,137.3565,137.1967,0.0799,26.9828,22.004,30.4065,2,0.0,34612.094,33981.1443,33260.059,99780.1771
110,Q2,High-load Qtum mobile dApp,10,636,0.01398567,13.9857,443,443,438,431,1293,6465,0,2,1324,16,0,98.8713,97.2912,3.4338,18.0883,23.5583,19.1874,164.2536,164.0198,0.1169,32.2784,28.0194,39.3039,1,0.0,31675.27,31317.7613,30817.2491,92451.7474
111,Q2,High-load Qtum mobile dApp,11,637,0.01054641,10.5464,365,365,362,358,1074,5370,0,2,1092,16,0,99.1781,98.0822,3.4617,18.0538,23.6033,19.1781,134.0122,133.5334,0.2394,27.8399,22.0556,31.5084,2,0.0,34608.9398,34324.4828,33945.2067,101835.6202
112,Q2,High-load Qtum mobile dApp,12,638,0.01350031,13.5003,482,482,476,469,1407,7035,0,2,1440,16,0,98.7552,97.3029,3.4342,18.1667,23.7391,20.5394,181.1979,181.4925,0.1473,24.2388,24.0045,30.4478,2,0.0,35702.8812,35258.447,34739.9404,104219.8213
113,Q2,High-load Qtum mobile dApp,13,639,0.01131738,11.3174,389,389,381,375,1125,5625,0,2,1159,16,0,97.9434,96.401,3.4024,17.912,23.4364,17.2237,128.1999,128.1205,0.0397,28.72,22.1704,32.64,2,0.0,34371.9099,33665.0326,33134.8746,99404.6237
114,Q2,High-load Qtum mobile dApp,14,640,0.01275328,12.7533,459,459,455,445,1335,6675,0,2,1373,16,0,99.1285,96.9499,3.4218,17.8586,23.3218,15.6863,151.2102,150.7353,0.2374,41.4742,40.034,60.0,1,0.0,35990.7384,35677.0936,34892.9817,104678.945
115,Q2,High-load Qtum mobile dApp,15,641,0.0130936,13.0936,486,486,477,469,1407,7035,0,2,1449,16,0,98.1481,96.5021,3.406,18.0261,23.5078,18.5185,160.3972,160.3422,0.0275,27.0149,22.0049,30.4478,2,0.0,37117.3817,36430.0227,35819.037,107457.1111
116,Q2,High-load Qtum mobile dApp,16,642,0.01075871,10.7587,370,370,364,359,1077,5385,0,2,1104,16,0,98.3784,97.027,3.4245,18.0723,23.5382,19.4595,129.2629,129.8067,0.2719,32.6017,28.0905,41.5042,1,0.0,34390.7465,33833.0588,33368.3189,100104.9568
117,Q2,High-load Qtum mobile dApp,17,643,0.01263955,12.6395,405,405,397,384,1152,5760,0,2,1207,16,0,98.0247,94.8148,3.3464,18.2229,23.7581,19.5062,149.1775,149.5409,0.1817,32.75,28.1406,38.125,1,0.0,32042.2901,31409.356,30380.838,91142.5141
118,Q2,High-load Qtum mobile dApp,18,644,0.02562574,25.6257,500,500,493,483,1449,7245,0,2,1493,16,0,98.6,96.6,3.4094,17.89,23.4185,15.6,166.1588,165.7908,0.184,29.6135,22.3509,33.7888,1,0.0,19511.6332,19238.4703,18848.2377,56544.713
119,Q2,High-load Qtum mobile dApp,19,645,0.01321942,13.2194,424,424,415,404,1212,6060,0,2,1263,16,0,97.8774,95.283,3.3629,18.2069,23.747,19.5755,151.5191,151.5107,0.0042,24.1584,24.002,30.297,2,0.0,32074.0123,31393.196,30561.0872,91683.2616
120,Q2,High-load Qtum mobile dApp,20,646,0.01852547,18.5255,493,493,481,472,1416,7080,0,2,1467,16,0,97.5659,95.7404,3.3791,18.1359,23.6022,21.0953,173.2328,173.3758,0.0715,41.7627,40.0485,60.0,1,0.0,26612.0075,25964.2507,25478.4332,76435.2995
121,Q2,High-load Qtum mobile dApp,21,647,0.01492546,14.9255,456,456,448,441,1323,6615,0,2,1360,16,0,98.2456,96.7105,3.4133,18.2833,23.8166,19.9561,166.9128,166.8078,0.0525,28.0952,22.0825,31.8367,2,0.0,30551.8181,30015.8213,29546.8241,88640.4722
122,Q2,High-load Qtum mobile dApp,22,648,0.01226636,12.2664,429,429,420,412,1236,6180,0,2,1278,16,0,97.9021,96.0373,3.3896,18.2772,23.7512,20.5128,149.7524,149.5928,0.0798,40.7524,42.0453,60.0,1,0.0,34973.6862,34239.9725,33587.7825,100763.3476
123,Q2,High-load Qtum mobile dApp,23,649,0.01226582,12.2658,445,445,434,422,1266,6330,0,2,1324,16,0,97.5281,94.8315,3.347,18.2205,23.7922,21.1236,166.0464,166.241,0.0973,25.0616,24.088,31.9905,2,0.0,36279.6691,35382.8683,34404.5402,103213.6205
124,Q2,High-load Qtum mobile dApp,24,650,0.01181879,11.8188,412,412,402,395,1185,5925,0,2,1226,16,0,97.5728,95.8738,3.3838,18.2145,23.7365,21.8447,149.1668,149.207,0.0201,32.9519,28.2265,37.6203,1,0.0,34859.7475,34013.6371,33421.3598,100264.0795
125,Q2,High-load Qtum mobile dApp,25,651,0.01390047,13.9005,388,388,382,378,1134,5670,0,2,1158,16,0,98.4536,97.4227,3.4384,18.191,23.6836,19.8454,140.9947,141.312,0.1586,24.6772,24.0358,31.2698,2,0.0,27912.7152,27481.0753,27193.3153,81579.946
126,Q2,High-load Qtum mobile dApp,26,652,0.01230102,12.301,406,406,396,383,1149,5745,0,2,1208,16,0,97.5369,94.335,3.3295,18.1123,23.6038,19.2118,135.6353,135.7548,0.0597,28.1897,22.0937,31.9582,2,0.0,33005.4038,32192.4628,31135.6395,93406.9186
127,Q2,High-load Qtum mobile dApp,27,653,0.01368856,13.6886,395,395,384,377,1131,5655,0,2,1174,16,0,97.2152,95.443,3.3686,18.2467,23.6942,20.0,151.9461,151.3407,0.3027,41.2308,40.0237,60.0,1,0.0,28856.2149,28052.6241,27541.2481,82623.7444
128,Q2,High-load Qtum mobile dApp,28,654,0.01473918,14.7392,482,482,475,467,1401,7005,0,2,1439,16,0,98.5477,96.888,3.4196,18.1078,23.6105,19.7095,169.1414,169.7545,0.3066,28.3155,22.1099,32.1199,2,0.0,32701.9594,32227.0346,31684.2635,95052.7906
129,Q2,High-load Qtum mobile dApp,29,655,0.01107851,11.0785,371,371,365,361,1083,5415,0,2,1107,16,0,98.3827,97.3046,3.4343,18.3626,23.8144,22.372,141.2746,141.6289,0.1771,27.2484,22.0137,30.7479,2,0.0,33488.2549,32946.6658,32585.6065,97756.8195
130,Q2,High-load Qtum mobile dApp,30,656,0.01335063,13.3506,502,502,496,484,1452,7260,0,2,1500,16,0,98.8048,96.4143,3.4029,18.1627,23.5719,18.5259,166.1636,166.2933,0.0649,26.7631,22.0004,30.124,2,0.0,37601.2134,37151.7965,36252.9627,108758.8881
131,Q2,High-load Qtum mobile dApp,31,657,0.01153481,11.5348,407,407,397,393,1179,5895,0,2,1211,16,0,97.543,96.5602,3.408,18.0899,23.603,19.4103,150.279,150.2859,0.0035,28.151,22.089,31.9084,2,0.0,35284.4905,34417.5497,34070.7734,102212.3202
132,Q2,High-load Qtum mobile dApp,32,658,0.01168993,11.6899,394,394,389,381,1143,5715,0,2,1177,16,0,98.731,96.7005,3.413,17.996,23.4522,18.2741,142.0328,142.175,0.0711,29.0551,22.2305,33.0709,2,0.0,33704.2224,33276.5038,32592.1541,97776.4623
133,Q2,High-load Qtum mobile dApp,33,659,0.0147041,14.7041,517,517,507,499,1497,7485,0,2,1541,16,0,98.0658,96.5184,3.4065,18.0887,23.5604,18.9555,181.515,181.7783,0.1317,25.0,30.0162,39.3186,1,0.0,35160.2638,34480.1813,33936.1154,101808.3461
134,Q2,High-load Qtum mobile dApp,34,660,0.01198819,11.9882,417,417,410,404,1212,6060,0,2,1244,16,0,98.3213,96.8825,3.4194,17.9751,23.389,17.0264,151.2588,150.8705,0.1942,42.2178,40.0769,60.0,1,0.0,34784.219,34200.3112,33699.8189,101099.4566
135,Q2,High-load Qtum mobile dApp,35,661,0.01281067,12.8107,498,498,486,475,1425,7125,0,2,1482,16,0,97.5904,95.3815,3.3664,18.2576,23.7547,21.6867,180.0579,180.1972,0.0696,28.6807,22.1639,32.5895,2,0.0,38873.848,37937.1288,37078.4695,111235.4085
136,Q2,High-load Qtum mobile dApp,36,662,0.01316662,13.1666,495,495,484,474,1422,7110,0,2,1474,16,0,97.7778,95.7576,3.3797,17.9676,23.4672,18.3838,163.9809,163.5736,0.2036,28.3404,22.1132,32.1519,2,0.0,37595.0842,36759.6379,36000.1413,108000.4238
137,Q2,High-load Qtum mobile dApp,37,663,0.01111846,11.1185,395,395,385,374,1122,5610,0,2,1175,16,0,97.4684,94.6835,3.3418,18.2341,23.7345,21.519,145.3509,145.0408,0.155,25.7112,24.2288,33.2086,2,0.0,35526.4868,34627.0821,33637.7369,100913.2106
138,Q2,High-load Qtum mobile dApp,38,664,0.01085831,10.8583,400,400,393,385,1155,5775,0,2,1193,16,0,98.25,96.25,3.3971,17.8862,23.3856,18.0,138.7181,139.3482,0.3151,26.0364,24.324,33.8182,1,0.0,36838.135,36193.4676,35456.7049,106370.1148
139,Q2,High-load Qtum mobile dApp,39,665,0.01194841,11.9484,380,380,376,368,1104,5520,0,2,1136,16,0,98.9474,96.8421,3.418,18.0857,23.4702,17.3684,142.9074,143.0657,0.0792,27.808,22.0526,31.4674,2,0.0,31803.3948,31468.6222,30799.077,92397.2311
140,Q2,High-load Qtum mobile dApp,40,666,0.01321196,13.212,496,496,490,480,1440,7200,0,2,1482,16,0,98.7903,96.7742,3.4156,18.0389,23.6628,17.1371,166.6768,167.2848,0.304,32.0,28.0,40.0,1,0.0,37541.7482,37087.6141,36330.724,108992.1721
141,Q2,High-load Qtum mobile dApp,41,667,0.01148191,11.4819,401,401,394,389,1167,5835,0,2,1196,16,0,98.2544,97.0075,3.4238,18.0215,23.5433,19.202,140.3362,140.494,0.0789,41.1928,40.0222,60.0,1,0.0,34924.4939,34314.8393,33879.3718,101638.1155
142,Q2,High-load Qtum mobile dApp,42,668,0.01277308,12.7731,402,402,397,395,1185,5925,0,2,1201,16,0,98.7562,98.2587,3.468,18.2386,23.7822,21.1443,139.5604,139.213,0.1737,28.3797,22.1186,32.2025,2,0.0,31472.4355,31080.9873,30924.4081,92773.2242
143,Q2,High-load Qtum mobile dApp,43,669,0.01164525,11.6453,372,372,364,360,1080,5400,0,2,1108,16,0,97.8495,96.7742,3.4156,17.9454,23.428,17.4731,128.912,128.7319,0.09,28.2222,22.0978,32.0,2,0.0,31944.3523,31257.3769,30913.8893,92741.6678
144,Q2,High-load Qtum mobile dApp,44,670,0.01348321,13.4832,478,478,473,466,1398,6990,0,2,1429,16,0,98.954,97.4895,3.4408,18.2,23.6984,19.0377,170.957,171.0631,0.053,32.0343,28.0003,39.9142,1,0.0,35451.4881,35080.6566,34561.4925,103684.4776
145,Q2,High-load Qtum mobile dApp,45,671,0.01059685,10.5969,369,369,363,352,1056,5280,0,2,1101,16,0,98.374,95.393,3.3668,18.0969,23.5938,19.2412,137.4015,136.691,0.3552,33.0455,28.2732,37.3864,1,0.0,34821.6556,34255.4498,33217.4058,99652.2175
146,Q2,High-load Qtum mobile dApp,46,672,0.01264909,12.6491,447,447,440,430,1290,6450,0,2,1334,16,0,98.434,96.1969,3.3952,17.9988,23.4006,18.5682,163.2916,163.0611,0.1153,40.5116,42.0209,60.0,1,0.0,35338.5077,34785.1083,33994.5376,101983.6129
147,Q2,High-load Qtum mobile dApp,47,673,0.01226213,12.2621,465,465,458,452,1356,6780,0,2,1388,16,0,98.4946,97.2043,3.4307,18.1493,23.6402,21.0753,168.4193,168.4554,0.0181,25.0,30.0463,38.8496,1,0.0,37921.6366,37350.7733,36861.4618,110584.3855
148,Q2,High-load Qtum mobile dApp,48,674,0.01202172,12.0217,446,446,445,439,1317,6585,0,2,1337,16,0,99.7758,98.4305,3.474,18.1948,23.6808,18.6099,155.1407,154.9009,0.1199,32.5285,28.0698,41.3212,1,0.0,37099.5042,37016.3215,36517.225,109551.675
149,Q2,High-load Qtum mobile dApp,49,675,0.01407425,14.0743,490,490,472,467,1401,7005,0,2,1452,16,0,96.3265,95.3061,3.3637,18.176,23.684,20.6122,184.4516,184.8526,0.2005,27.4161,22.0227,30.9636,2,0.0,34815.3444,33536.4134,33181.1548,99543.4643
150,Q2,High-load Qtum mobile dApp,50,676,0.01185979,11.8598,431,431,423,416,1248,6240,0,2,1285,16,0,98.1439,96.5197,3.4066,17.9406,23.4072,15.7773,166.2982,165.6125,0.3428,30.4327,34.0083,40.5769,1,0.0,36341.269,35666.7211,35076.4916,105229.4749
151,Q2,High-load Qtum mobile dApp,51,677,0.01327402,13.274,477,477,463,451,1353,6765,0,2,1417,16,0,97.065,94.5493,3.337,18.0205,23.46,18.4486,148.8284,149.0506,0.1111,32.0532,28.0007,40.133,1,0.0,35934.8454,34880.1539,33976.1326,101928.3979
152,Q2,High-load Qtum mobile dApp,52,678,0.01327674,13.2767,468,468,458,453,1359,6795,0,2,1394,16,0,97.8632,96.7949,3.4163,18.0195,23.4155,18.8034,161.8714,161.3942,0.2386,27.7483,22.0473,31.3907,2,0.0,35249.6223,34496.4253,34119.8267,102359.4802
153,Q2,High-load Qtum mobile dApp,53,679,0.05771062,57.7106,519,519,514,503,1509,7545,0,2,1552,16,0,99.0366,96.9171,3.4206,18.2026,23.6349,19.8459,174.9168,174.6405,0.1381,32.0159,28.0001,39.9602,1,0.0,8993.1447,8906.5055,8715.8994,26147.6981
154,Q2,High-load Qtum mobile dApp,54,680,0.01356538,13.5654,475,475,463,456,1368,6840,0,2,1413,16,0,97.4737,96.0,3.3882,18.1769,23.6898,20.4211,155.8525,156.0039,0.0757,32.386,28.0372,39.0351,1,0.0,35015.5982,34130.9936,33614.9742,100844.9227
155,Q2,High-load Qtum mobile dApp,55,681,0.0136775,13.6775,436,436,428,418,1254,6270,0,2,1300,16,0,98.1651,95.8716,3.3837,18.0129,23.5117,17.8899,141.0694,141.3288,0.1297,27.5598,22.0322,31.1483,2,0.0,31877.1752,31292.2729,30561.145,91683.4351
156,Q2,High-load Qtum mobile dApp,56,682,0.01316879,13.1688,513,513,504,492,1476,7380,0,2,1530,16,0,98.2456,95.9064,3.3849,18.2758,23.8074,23.1969,184.0017,183.4547,0.2735,27.8049,22.0523,31.4634,2,0.0,38955.7313,38272.2974,37361.0522,112083.1566
157,Q2,High-load Qtum mobile dApp,57,683,0.01250563,12.5056,493,493,484,475,1425,7125,0,2,1470,16,0,98.1744,96.3489,3.4005,18.3469,23.9439,22.9209,164.1193,163.4636,0.3278,28.1895,22.0937,31.9579,2,0.0,39422.2348,38702.5591,37982.8834,113948.6502
158,Q2,High-load Qtum mobile dApp,58,684,0.01051503,10.515,374,374,368,361,1083,5415,0,2,1116,16,0,98.3957,96.5241,3.4067,18.1026,23.6072,18.984,151.768,151.9406,0.0863,28.1533,22.0893,31.9114,2,0.0,35568.1344,34997.5226,34331.8088,102995.4265
159,Q2,High-load Qtum mobile dApp,59,685,0.01171166,11.7117,450,450,442,432,1296,6480,0,2,1342,16,0,98.2222,96.0,3.3882,18.1737,23.5822,19.3333,162.0356,162.0142,0.0107,30.2778,34.0034,40.3704,1,0.0,38423.2531,37740.1731,36886.323,110658.969
160,Q2,High-load Qtum mobile dApp,60,686,0.01050807,10.5081,385,385,379,375,1125,5625,0,2,1149,16,0,98.4416,97.4026,3.4377,18.1754,23.6979,20.5195,129.4014,129.1009,0.1503,27.3511,22.0189,30.88,2,0.0,36638.4934,36067.5039,35686.8442,107060.5327
161,Q2,High-load Qtum mobile dApp,61,687,0.01199657,11.9966,365,365,356,353,1059,5295,0,2,1086,16,0,97.5342,96.7123,3.4134,17.9746,23.526,19.726,137.6945,137.3157,0.1894,29.1124,22.2417,33.1445,2,0.0,30425.3607,29675.1463,29425.0749,88275.2246
162,Q2,High-load Qtum mobile dApp,62,688,0.0142358,14.2358,505,505,497,488,1464,7320,0,2,1507,16,0,98.4158,96.6337,3.4106,18.1516,23.6786,20.0,156.1113,155.9133,0.099,26.7623,22.0004,30.123,2,0.0,35473.9559,34911.9923,34279.7832,102839.3495
163,Q2,High-load Qtum mobile dApp,63,689,0.01307382,13.0738,469,469,461,448,1344,6720,0,2,1399,16,0,98.2942,95.5224,3.3714,18.2424,23.6572,21.1087,162.7906,162.8817,0.0455,24.2143,24.0036,30.4018,2,0.0,35873.2184,35261.3085,34266.9549,102800.8646
164,Q2,High-load Qtum mobile dApp,64,690,0.01182896,11.829,366,366,357,350,1050,5250,0,2,1089,16,0,97.541,95.6284,3.3751,18.0991,23.6922,18.306,127.6849,127.2059,0.2395,25.8286,24.2612,33.4286,1,0.0,30941.0152,30180.1705,29588.4025,88765.2075
165,Q2,High-load Qtum mobile dApp,65,691,0.01112248,11.1225,385,385,375,369,1107,5535,0,2,1145,16,0,97.4026,95.8442,3.3827,18.1449,23.6648,20.0,142.2387,142.2991,0.0302,28.2475,22.101,32.0325,2,0.0,34614.5886,33715.5084,33176.0602,99528.1807
166,Q2,High-load Qtum mobile dApp,66,692,0.01124713,11.2471,409,409,402,396,1188,5940,0,2,1220,16,0,98.2885,96.8215,3.4172,17.9894,23.5587,19.3154,144.0959,143.8915,0.1022,27.8451,22.0561,31.5152,2,0.0,36364.8423,35742.4612,35208.9916,105626.9748
167,Q2,High-load Qtum mobile dApp,67,693,0.01052777,10.5278,380,380,374,369,1107,5535,0,2,1134,16,0,98.4211,97.1053,3.4272,18.1434,23.7472,19.2105,129.5899,129.9212,0.1656,31.748,34.1358,42.3306,1,0.0,36095.0272,35525.1057,35050.1711,105150.5134
168,Q2,High-load Qtum mobile dApp,68,694,0.01021724,10.2172,370,370,362,353,1059,5295,0,2,1102,16,0,97.8378,95.4054,3.3672,18.0352,23.4525,18.1081,135.2585,135.143,0.0578,30.5666,22.6146,35.0142,1,0.0,36213.288,35430.298,34549.4343,103648.3028
169,Q2,High-load Qtum mobile dApp,69,695,0.01180605,11.8061,438,438,428,419,1257,6285,0,2,1304,16,0,97.7169,95.6621,3.3763,17.959,23.4497,17.5799,158.0167,158.6494,0.3163,25.7947,24.2517,33.3652,1,0.0,37099.6132,36252.5901,35490.2693,106470.8078
170,Q2,High-load Qtum mobile dApp,70,696,0.01341226,13.4123,438,438,432,427,1281,6405,0,2,1308,16,0,98.6301,97.4886,3.4408,18.2258,23.8094,20.3196,160.9586,160.4707,0.244,25.0867,24.0923,32.0375,2,0.0,32656.679,32209.3272,31836.5341,95509.6023
171,Q2,High-load Qtum mobile dApp,71,697,0.01445927,14.4593,503,503,495,484,1452,7260,0,2,1501,16,0,98.4095,96.2227,3.3961,18.0625,23.5593,18.4891,174.9891,174.7001,0.1445,25.0579,24.0874,31.9835,2,0.0,34787.3789,34234.1005,33473.3427,100420.0282
172,Q2,High-load Qtum mobile dApp,72,698,0.01162454,11.6245,390,390,385,379,1137,5685,0,2,1165,16,0,98.7179,97.1795,3.4299,17.888,23.3505,16.6667,139.2742,139.4552,0.0905,28.2058,22.0957,31.9789,2,0.0,33549.706,33119.5816,32603.4322,97810.2967
173,Q2,High-load Qtum mobile dApp,73,699,0.0134911,13.4911,448,448,438,426,1278,6390,0,2,1334,16,0,97.7679,95.0893,3.3561,18.1165,23.5989,20.3125,162.1261,161.9038,0.1112,32.0376,28.0004,40.0939,1,0.0,33207.0871,32465.8575,31576.3819,94729.1458
174,Q2,High-load Qtum mobile dApp,74,700,0.01115972,11.1597,365,365,361,354,1062,5310,0,2,1091,16,0,98.9041,96.9863,3.423,18.0931,23.5617,19.4521,127.5883,126.7313,0.4285,25.0,30.1005,38.3051,1,0.0,32706.9255,32348.4935,31721.2374,95163.7121
175,Q2,High-load Qtum mobile dApp,75,701,0.01346987,13.4699,489,489,481,471,1413,7065,0,2,1459,16,0,98.364,96.319,3.3995,18.1348,23.6371,19.8364,162.9271,163.1742,0.1236,25.0,30.0773,41.4862,1,0.0,36303.2403,35709.3223,34966.9247,104900.7741
176,Q2,High-load Qtum mobile dApp,76,702,0.01391531,13.9153,517,517,511,498,1494,7470,0,2,1545,16,0,98.8395,96.325,3.3997,18.1043,23.6476,19.1489,166.1794,165.7514,0.214,27.0415,22.0057,30.4819,2,0.0,37153.3278,36722.148,35787.9251,107363.7752
177,Q2,High-load Qtum mobile dApp,77,703,0.01201595,12.016,455,455,446,439,1317,6585,0,2,1356,16,0,98.022,96.4835,3.4053,17.9297,23.5165,17.8022,159.3552,158.9961,0.1796,25.4214,24.1578,32.6651,2,0.0,37866.3265,37117.3223,36534.7634,109604.2902
178,Q2,High-load Qtum mobile dApp,78,704,0.01144517,11.4452,389,389,387,379,1137,5685,0,2,1165,16,0,99.4859,97.4293,3.4387,18.0724,23.5142,19.0231,142.6083,142.6669,0.0293,24.4644,24.0168,30.8707,2,0.0,33988.1305,33813.3844,33114.3997,99343.199
179,Q2,High-load Qtum mobile dApp,79,705,0.01200488,12.0049,365,365,359,352,1056,5280,0,2,1089,16,0,98.3562,96.4384,3.4037,18.0115,23.5501,18.0822,132.0516,131.5742,0.2387,31.0417,22.7734,35.625,1,0.0,30404.3023,29904.5055,29321.4093,87964.2279
180,Q2,High-load Qtum mobile dApp,80,706,0.01368867,13.6887,517,517,507,494,1482,7410,0,2,1541,16,0,98.0658,95.5513,3.3724,18.0662,23.5509,18.7621,171.8613,172.1546,0.1466,24.0648,24.0003,30.1215,2,0.0,37768.4721,37037.9407,36088.2499,108264.7498
181,Q2,High-load Qtum mobile dApp,81,707,0.01214175,12.1417,411,411,399,395,1185,5925,0,2,1221,16,0,97.0803,96.1071,3.392,18.2908,23.8083,23.3577,145.6976,145.3161,0.1908,27.0802,22.0069,30.5316,2,0.0,33850.1591,32861.8333,32532.3913,97597.174
182,Q2,High-load Qtum mobile dApp,82,708,0.01598454,15.9845,488,488,481,470,1410,7050,0,2,1457,16,0,98.5656,96.3115,3.3992,18.0544,23.5695,19.4672,178.8832,178.9793,0.048,32.1702,28.0072,39.5745,1,0.0,30529.4991,30091.576,29403.411,88210.2331
183,Q2,High-load Qtum mobile dApp,83,709,0.01296619,12.9662,456,456,447,438,1314,6570,0,2,1359,16,0,98.0263,96.0526,3.3901,17.9156,23.4793,17.7632,147.5117,147.199,0.1564,26.9863,22.0041,30.411,2,0.0,35168.3907,34474.2777,33780.1647,101340.4941
184,Q2,High-load Qtum mobile dApp,84,710,0.01267245,12.6725,448,448,445,436,1308,6540,0,2,1341,16,0,99.3304,97.3214,3.4349,18.1412,23.6329,19.8661,156.609,156.3788,0.1151,24.6606,24.0341,31.2385,2,0.0,35352.2744,35115.5404,34405.3384,103216.0153
185,Q2,High-load Qtum mobile dApp,85,711,0.01249196,12.492,461,461,451,444,1332,6660,0,2,1373,16,0,97.8308,96.3124,3.3993,18.121,23.6065,19.5228,161.978,161.8008,0.0886,29.0841,22.2361,33.1081,2,0.0,36903.7365,36103.2216,35542.8612,106628.5835
186,Q2,High-load Qtum mobile dApp,86,712,0.01175701,11.757,410,410,400,394,1182,5910,0,2,1220,16,0,97.561,96.0976,3.3917,18.2661,23.7576,22.6829,149.2006,148.7361,0.2323,24.8934,24.0624,31.6751,2,0.0,34872.8239,34022.2672,33511.9332,100535.7997
187,Q2,High-load Qtum mobile dApp,87,713,0.01249501,12.495,413,413,404,400,1200,6000,0,2,1230,16,0,97.8208,96.8523,3.4183,18.1053,23.5438,17.9177,142.4454,143.0995,0.3271,28.7667,22.1782,32.7,2,0.0,33053.1869,32332.8995,32012.7718,96038.3154
188,Q2,High-load Qtum mobile dApp,88,714,0.01245285,12.4528,427,427,418,415,1245,6225,0,2,1272,16,0,97.8923,97.1897,3.4302,18.2756,23.741,20.8431,152.0343,152.1351,0.0504,24.5783,24.0261,31.0843,2,0.0,34289.3449,33566.6187,33325.7099,99977.1297
189,Q2,High-load Qtum mobile dApp,89,715,0.01451877,14.5188,506,506,495,479,1437,7185,0,2,1507,16,0,97.8261,94.664,3.3411,18.0358,23.5104,17.1937,166.035,165.5302,0.2524,26.8128,22.0009,30.1879,2,0.0,34851.4323,34093.7925,32991.7709,98975.3128
190,Q2,High-load Qtum mobile dApp,90,716,0.01310007,13.1001,491,491,485,478,1434,7170,0,2,1467,16,0,98.778,97.3523,3.436,18.1707,23.6562,20.7739,172.9343,172.7931,0.0706,26.7643,22.0004,30.1255,2,0.0,37480.7243,37022.7114,36488.363,109465.089
191,Q2,High-load Qtum mobile dApp,91,717,0.01187321,11.8732,414,414,411,403,1209,6045,0,2,1239,16,0,99.2754,97.343,3.4356,18.1393,23.6401,19.8068,151.071,150.6932,0.1889,26.263,24.4001,34.2432,1,0.0,34868.4109,34615.7413,33941.9556,101825.8667
192,Q2,High-load Qtum mobile dApp,92,718,0.01140757,11.4076,443,443,435,429,1287,6435,0,2,1321,16,0,98.1941,96.8397,3.4179,18.2197,23.7721,20.7675,150.204,150.4666,0.1313,28.0264,22.0747,31.7483,2,0.0,38833.8519,38132.5633,37606.597,112819.7909
193,Q2,High-load Qtum mobile dApp,93,719,0.01163918,11.6392,399,399,393,385,1155,5775,0,2,1191,16,0,98.4962,96.4912,3.4056,18.1308,23.6515,18.5464,130.7267,131.1282,0.2007,27.2121,22.012,30.7013,2,0.0,34280.7684,33765.2682,33077.9344,99233.8033
194,Q2,High-load Qtum mobile dApp,94,720,0.01090747,10.9075,374,374,368,361,1083,5415,0,2,1116,16,0,98.3957,96.5241,3.4067,18.1587,23.6545,18.984,152.7617,152.662,0.0498,24.8421,24.0554,31.5789,2,0.0,34288.4217,33738.3401,33096.5782,99289.7346
195,Q2,High-load Qtum mobile dApp,95,721,0.01231268,12.3127,426,426,421,414,1242,6210,0,2,1273,16,0,98.8263,97.1831,3.43,17.9735,23.5273,16.6667,156.7571,156.4082,0.1744,29.1465,22.2485,33.1884,2,0.0,34598.4677,34192.3824,33623.863,100871.589
196,Q2,High-load Qtum mobile dApp,96,722,0.01170031,11.7003,373,373,367,358,1074,5370,0,2,1113,16,0,98.3914,95.9786,3.3875,18.2291,23.6925,20.9115,149.0624,149.2227,0.0802,32.1788,28.008,40.4469,1,0.0,31879.4918,31366.6849,30597.4747,91792.424
197,Q2,High-load Qtum mobile dApp,97,723,0.01188848,11.8885,422,422,415,406,1218,6090,0,2,1259,16,0,98.3412,96.2085,3.3956,17.9382,23.4406,16.1137,153.6164,153.6019,0.0072,32.1576,28.0062,40.3941,1,0.0,35496.536,34907.7309,34150.6957,102452.0872
198,Q2,High-load Qtum mobile dApp,98,724,0.01252964,12.5296,485,485,479,470,1410,7050,0,2,1449,16,0,98.7629,96.9072,3.4203,18.2711,23.7532,20.8247,175.1634,174.8943,0.1346,29.3475,22.2904,33.4468,1,0.0,38708.2213,38229.3567,37511.0598,112533.1793
199,Q2,High-load Qtum mobile dApp,99,725,0.01368342,13.6834,491,491,481,473,1419,7095,0,2,1463,16,0,97.9633,96.334,3.4,17.9178,23.398,16.0896,174.7743,174.1212,0.3265,10.3488,26.0097,30.6977,2,0.0,35882.8395,35152.0281,34567.379,103702.1371
200,Q2,High-load Qtum mobile dApp,100,726,0.01265604,12.656,451,451,442,433,1299,6495,0,2,1344,16,0,98.0044,96.0089,3.3885,18.0943,23.5736,18.4035,170.6802,170.4236,0.1283,27.0439,22.0057,30.485,2,0.0,35635.162,34924.039,34212.9161,102638.7482
201,Q3,Cross-contract/cross-shard Qtum request,1,627,0.00871756,8.7176,253,253,247,239,717,3585,0,2,753,14,0,97.6285,94.4664,2.39,19.9354,25.3679,49.8024,127.7048,127.52,0.0924,26.7643,22.0004,30.1255,2,0.0,29021.869,28333.6033,27415.9157,82247.7472
202,Q3,Cross-contract/cross-shard Qtum request,2,628,0.00866339,8.6634,257,257,248,245,735,3675,0,2,762,14,0,96.4981,95.3307,2.45,19.7791,25.2241,47.4708,126.0483,126.6292,0.2905,25.2408,24.1203,32.3265,2,0.0,29665.0721,28626.2174,28279.9325,84839.7976
203,Q3,Cross-contract/cross-shard Qtum request,3,629,0.01328157,13.2816,335,335,330,321,963,4815,0,2,1000,14,0,98.5075,95.8209,2.8746,19.9005,25.4288,49.2537,145.3844,144.7387,0.3229,25.0,30.1306,41.9315,1,0.0,25222.9255,24846.4639,24168.8331,72506.4992
204,Q3,Cross-contract/cross-shard Qtum request,4,630,0.01305391,13.0539,280,280,270,268,804,4020,0,2,830,14,0,96.4286,95.7143,2.68,20.0046,25.5489,48.9286,125.9389,125.5695,0.1847,26.2687,24.4021,34.2537,1,0.0,21449.5153,20683.4612,20530.2504,61590.7512
205,Q3,Cross-contract/cross-shard Qtum request,5,631,0.00919957,9.1996,245,245,236,229,687,3435,0,2,726,14,0,96.3265,93.4694,2.29,19.2885,24.7422,41.2245,126.5331,127.0147,0.2408,32.2445,28.015,39.3886,1,0.0,26631.6766,25653.3701,24892.4651,74677.3953
206,Q3,Cross-contract/cross-shard Qtum request,6,632,0.0079197,7.9197,248,248,239,230,690,3450,0,2,735,14,0,96.371,92.7419,2.3,20.0349,25.5557,48.7903,124.2583,123.466,0.3962,32.5565,28.0774,41.3913,1,0.0,31314.3372,30177.9298,29041.5224,87124.5673
207,Q3,Cross-contract/cross-shard Qtum request,7,633,0.00784195,7.842,248,248,244,238,714,3570,0,2,740,14,0,98.3871,95.9677,2.38,19.7303,25.203,46.7742,115.1588,115.7028,0.272,32.2689,28.0181,40.6723,1,0.0,31624.7791,31114.7021,30349.5864,91048.7593
208,Q3,Cross-contract/cross-shard Qtum request,8,634,0.00990874,9.9087,318,318,309,301,903,4515,0,2,945,14,0,97.1698,94.6541,2.8396,19.6813,25.2128,44.0252,125.5292,125.9944,0.2326,24.0532,24.0002,30.0997,2,0.0,32092.8699,31184.5811,30377.2133,91131.64
209,Q3,Cross-contract/cross-shard Qtum request,9,635,0.00878823,8.7882,262,262,256,250,750,3750,0,2,780,14,0,97.7099,95.4198,2.5,19.5934,25.2222,45.4198,123.2805,122.7871,0.2467,27.04,22.0056,30.48,2,0.0,29812.6084,29129.8769,28447.1454,85341.4363
210,Q3,Cross-contract/cross-shard Qtum request,10,636,0.01278251,12.7825,319,319,308,300,900,4500,0,2,946,14,0,96.5517,94.0439,2.8213,19.5138,25.0961,45.1411,139.4943,139.4551,0.0196,27.9111,22.0626,31.6,2,0.0,24955.9672,24095.4166,23469.5616,70408.6849
211,Q3,Cross-contract/cross-shard Qtum request,11,637,0.00923878,9.2388,243,243,232,227,681,3405,0,2,718,14,0,95.4733,93.4156,2.27,19.7272,25.2853,47.7366,116.0203,115.7688,0.1258,24.6344,24.0314,31.1894,2,0.0,26302.1883,25111.5543,24570.357,73711.071
212,Q3,Cross-contract/cross-shard Qtum request,12,638,0.01100215,11.0021,305,305,300,294,882,4410,0,2,910,14,0,98.3607,96.3934,2.8918,19.5023,24.8857,43.2787,121.4862,121.1625,0.1618,32.2721,28.0185,40.6803,1,0.0,27721.867,27267.4101,26722.0619,80166.1858
213,Q3,Cross-contract/cross-shard Qtum request,13,639,0.0095701,9.5701,320,320,309,301,903,4515,0,2,949,14,0,96.5625,94.0625,2.8219,19.534,24.9922,43.125,119.1606,119.5543,0.1968,28.1395,22.0877,31.8937,2,0.0,33437.4597,32288.047,31452.1105,94356.3315
214,Q3,Cross-contract/cross-shard Qtum request,14,640,0.00776999,7.77,241,241,236,231,693,3465,0,2,718,14,0,97.9253,95.8506,2.31,19.873,25.3639,47.3029,104.643,104.3946,0.1242,40.3463,40.0019,60.0,1,0.0,31016.7869,30373.2851,29729.7833,89189.3499
215,Q3,Cross-contract/cross-shard Qtum request,15,641,0.00956213,9.5621,275,275,270,267,801,4005,0,2,820,14,0,98.1818,97.0909,2.67,19.7191,25.1409,48.0,125.2669,125.7324,0.2328,26.0974,24.3437,33.9326,1,0.0,28759.2887,28236.3926,27922.6549,83767.9646
216,Q3,Cross-contract/cross-shard Qtum request,16,642,0.00984645,9.8464,251,251,241,236,708,3540,0,2,743,14,0,96.0159,94.0239,2.36,19.9642,25.3437,50.996,123.9527,124.3994,0.2233,32.2712,28.0184,40.678,1,0.0,25491.4285,24475.8338,23968.0364,71904.1092
217,Q3,Cross-contract/cross-shard Qtum request,17,643,0.01095109,10.9511,248,248,235,233,699,3495,0,2,731,14,0,94.7581,93.9516,2.33,19.6159,25.1345,44.3548,101.7715,102.7077,0.4681,32.7897,28.1559,41.9742,1,0.0,22646.1558,21459.0589,21276.4287,63829.286
218,Q3,Cross-contract/cross-shard Qtum request,18,644,0.0093218,9.3218,329,329,325,318,954,4770,0,2,983,14,0,98.7842,96.6565,2.8997,19.6491,25.1012,44.0729,135.2147,136.0605,0.4229,33.2579,28.3956,36.8553,1,0.0,35293.6242,34864.5224,34113.5942,102340.7826
219,Q3,Cross-contract/cross-shard Qtum request,19,645,0.00989432,9.8943,314,314,296,293,879,4395,0,2,924,14,0,94.2675,93.3121,2.7994,20.0895,25.5864,52.2293,146.4115,146.5214,0.0549,24.8191,24.0524,31.5358,2,0.0,31735.3923,29916.166,29612.9616,88838.8849
220,Q3,Cross-contract/cross-shard Qtum request,20,646,0.01237036,12.3704,260,260,253,247,741,3705,0,2,773,14,0,97.3077,95.0,2.47,19.8007,25.1681,48.0769,114.3192,113.9987,0.1602,42.7854,40.1212,60.0,1,0.0,21017.9749,20452.1063,19967.0762,59901.2285
221,Q3,Cross-contract/cross-shard Qtum request,21,647,0.01097078,10.9708,293,293,286,282,846,4230,0,2,872,14,0,97.6109,96.2457,2.82,20.3205,25.9028,54.9488,133.9448,134.2564,0.1558,29.8109,22.3995,34.0426,1,0.0,26707.3031,26069.2447,25704.6398,77113.9195
222,Q3,Cross-contract/cross-shard Qtum request,22,648,0.00829528,8.2953,253,253,244,241,723,3615,0,2,750,14,0,96.4427,95.2569,2.41,19.8499,25.2906,49.8024,125.8511,125.7329,0.0591,40.5187,42.0215,60.0,1,0.0,30499.2572,29414.3034,29052.6521,87157.9563
223,Q3,Cross-contract/cross-shard Qtum request,23,649,0.01012658,10.1266,327,327,314,308,924,4620,0,2,968,14,0,96.0245,94.1896,2.8257,20.0747,25.6339,51.682,129.3388,129.5349,0.0981,32.4156,28.0432,41.039,1,0.0,32291.2573,31007.507,30415.0068,91245.0205
224,Q3,Cross-contract/cross-shard Qtum request,24,650,0.00831688,8.3169,244,244,240,235,705,3525,0,2,728,14,0,98.3607,96.3115,2.35,20.4032,25.7997,56.5574,121.5082,121.9242,0.208,42.7915,40.1218,60.0,1,0.0,29337.9177,28856.9683,28255.7814,84767.3443
225,Q3,Cross-contract/cross-shard Qtum request,25,651,0.00816992,8.1699,255,255,250,241,723,3615,0,2,760,14,0,98.0392,94.5098,2.41,19.8195,25.1883,47.0588,119.7893,119.5161,0.1366,25.2614,24.1243,32.3651,2,0.0,31212.0445,30600.0436,29498.442,88495.3261
226,Q3,Cross-contract/cross-shard Qtum request,26,652,0.00907405,9.0741,312,312,303,297,891,4455,0,2,927,14,0,97.1154,95.1923,2.8558,20.0169,25.6388,50.0,129.2115,129.9647,0.3766,26.7452,22.0002,30.101,2,0.0,34383.7609,33391.9216,32730.6955,98192.0864
227,Q3,Cross-contract/cross-shard Qtum request,27,653,0.0085174,8.5174,270,270,260,254,762,3810,0,2,800,14,0,96.2963,94.0741,2.54,19.8369,25.4884,48.5185,120.8298,120.3308,0.2495,41.2598,40.0248,60.0,1,0.0,31699.8033,30525.7365,29821.2965,89463.8894
228,Q3,Cross-contract/cross-shard Qtum request,28,654,0.00862257,8.6226,261,261,258,250,750,3750,0,2,780,14,0,98.8506,95.7854,2.5,19.8853,25.3659,46.3602,107.033,107.0187,0.0072,24.768,24.0461,31.44,2,0.0,30269.3906,29921.4666,28993.6692,86981.0075
229,Q3,Cross-contract/cross-shard Qtum request,29,655,0.00942034,9.4203,340,340,327,320,960,4800,0,2,1007,14,0,96.1765,94.1176,2.8235,20.1541,25.638,52.9412,155.2904,155.466,0.0878,28.125,22.0859,31.875,2,0.0,36092.1079,34712.1155,33969.0427,101907.1282
230,Q3,Cross-contract/cross-shard Qtum request,30,656,0.00767178,7.6718,223,223,214,210,630,3150,0,2,660,14,0,95.9641,94.1704,2.1,19.888,25.4265,48.8789,110.7912,111.0993,0.154,29.3333,22.2873,33.4286,1,0.0,29067.5811,27894.45,27373.0584,82119.1753
231,Q3,Cross-contract/cross-shard Qtum request,31,657,0.00920214,9.2021,324,324,312,309,927,4635,0,2,960,14,0,96.2963,95.3704,2.8611,19.6183,25.1876,46.2963,147.2934,148.1484,0.4275,28.4035,22.1219,32.233,2,0.0,35209.1899,33905.1458,33579.1348,100737.4043
232,Q3,Cross-contract/cross-shard Qtum request,32,658,0.00823038,8.2304,255,255,251,247,741,3705,0,2,761,14,0,98.4314,96.8627,2.47,19.7711,25.2728,47.0588,105.5306,106.1451,0.3073,28.4615,22.1302,32.3077,2,0.0,30982.7849,30496.7804,30010.7759,90032.3278
233,Q3,Cross-contract/cross-shard Qtum request,33,659,0.00984571,9.8457,303,303,292,286,858,4290,0,2,898,14,0,96.3696,94.3894,2.8317,19.9754,25.4308,49.505,135.1296,134.7886,0.1705,25.0,30.0171,39.3007,1,0.0,30774.8091,29657.5718,29048.1697,87144.5091
234,Q3,Cross-contract/cross-shard Qtum request,34,660,0.00878519,8.7852,279,279,274,270,810,4050,0,2,832,14,0,98.2079,96.7742,2.7,19.794,25.2869,46.595,125.6011,125.8452,0.122,41.7778,40.0494,60.0,1,0.0,31757.9819,31188.8424,30733.5308,92200.5925
235,Q3,Cross-contract/cross-shard Qtum request,35,661,0.00900478,9.0048,245,245,238,234,702,3510,0,2,728,14,0,97.1429,95.5102,2.34,19.922,25.52,50.6122,121.0162,120.4849,0.2656,30.8547,22.7087,35.3846,1,0.0,27207.7598,26430.3952,25986.1869,77958.5607
236,Q3,Cross-contract/cross-shard Qtum request,36,662,0.00896296,8.963,253,253,244,240,720,3600,0,2,750,14,0,96.4427,94.8617,2.4,19.9128,25.4003,49.0119,99.8506,100.5677,0.3586,26.6667,22.0,30.0,2,0.0,28227.2663,27223.1343,26776.8534,80330.5603
237,Q3,Cross-contract/cross-shard Qtum request,37,663,0.00850856,8.5086,220,220,215,211,633,3165,0,2,655,14,0,97.7273,95.9091,2.11,19.8509,25.3992,48.1818,117.2437,117.7467,0.2515,25.4408,24.1622,32.7014,2,0.0,25856.3141,25268.6706,24798.5558,74395.6674
238,Q3,Cross-contract/cross-shard Qtum request,38,664,0.00902636,9.0264,239,239,234,229,687,3435,0,2,712,14,0,97.9079,95.8159,2.29,19.5784,25.0996,44.3515,110.9121,110.8519,0.0301,32.3843,28.0369,40.9607,1,0.0,26477.9898,25924.0569,25370.1241,76110.3722
239,Q3,Cross-contract/cross-shard Qtum request,39,665,0.00761842,7.6184,232,232,225,220,660,3300,0,2,689,14,0,96.9828,94.8276,2.2,19.6454,25.2687,44.8276,102.1082,101.9946,0.0568,27.9394,22.0655,31.6364,2,0.0,30452.5045,29533.679,28877.375,86632.1249
240,Q3,Cross-contract/cross-shard Qtum request,40,666,0.01409725,14.0972,274,274,268,263,789,3945,0,2,816,14,0,97.8102,95.9854,2.63,19.7711,25.3572,47.8102,134.9411,134.9644,0.0116,32.4563,28.052,41.1407,1,0.0,19436.4218,19010.8067,18656.1275,55968.3825
241,Q3,Cross-contract/cross-shard Qtum request,41,667,0.01297769,12.9777,337,337,329,320,960,4800,0,2,1003,14,0,97.6261,94.9555,2.8487,19.7158,25.1274,45.9941,127.0908,127.7181,0.3137,32.05,28.0006,39.875,1,0.0,25967.6434,25351.2008,24657.7029,73973.1088
242,Q3,Cross-contract/cross-shard Qtum request,42,668,0.00862145,8.6214,275,275,268,267,801,4005,0,2,818,14,0,97.4545,97.0909,2.67,19.9893,25.493,50.9091,117.283,117.0087,0.1371,29.201,22.2595,33.2584,2,0.0,31897.2015,31085.2727,30969.2829,92907.8486
243,Q3,Cross-contract/cross-shard Qtum request,43,669,0.00941575,9.4157,249,249,240,235,705,3525,0,2,738,14,0,96.3855,94.3775,2.35,19.7699,25.2077,48.996,102.713,103.1823,0.2347,27.3617,22.0195,30.8936,2,0.0,26445.055,25489.2096,24958.1844,74874.5533
244,Q3,Cross-contract/cross-shard Qtum request,44,670,0.01017702,10.177,334,334,320,319,957,4785,0,2,988,14,0,95.8084,95.509,2.8653,19.8091,25.3445,49.4012,132.0077,131.6711,0.1683,32.5768,28.0832,41.442,1,0.0,32819.0277,31443.3799,31345.1193,94035.3579
245,Q3,Cross-contract/cross-shard Qtum request,45,671,0.00789161,7.8916,253,253,240,236,708,3540,0,2,746,14,0,94.8617,93.2806,2.36,19.7468,25.2615,49.8024,117.4223,117.7849,0.1813,33.4915,28.5562,43.7288,1,0.0,32059.3724,30412.0529,29905.1854,89715.5561
246,Q3,Cross-contract/cross-shard Qtum request,46,672,0.00883837,8.8384,231,231,228,225,675,3375,0,2,690,14,0,98.7013,97.4026,2.25,20.0525,25.541,50.6494,105.5597,105.9535,0.1969,40.9556,42.073,60.0,1,0.0,26136.0528,25796.6235,25457.1942,76371.5827
247,Q3,Cross-contract/cross-shard Qtum request,47,673,0.0087795,8.7795,223,223,216,211,633,3165,0,2,662,14,0,96.861,94.6188,2.11,19.5154,25.0003,41.704,115.03,114.7392,0.1454,25.0,30.0909,41.6114,1,0.0,25400.0913,24602.779,24033.2702,72099.8107
248,Q3,Cross-contract/cross-shard Qtum request,48,674,0.00830666,8.3067,227,227,221,215,645,3225,0,2,675,14,0,97.3568,94.7137,2.15,19.8279,25.2392,49.7797,105.7738,105.7591,0.0073,11.8837,26.2839,33.7674,1,0.0,27327.4698,26605.1578,25882.8458,77648.5374
249,Q3,Cross-contract/cross-shard Qtum request,49,675,0.00900711,9.0071,307,307,294,290,870,4350,0,2,908,14,0,95.7655,94.4625,2.8339,19.8123,25.2328,46.5798,131.481,131.5654,0.0422,27.4713,22.0262,31.0345,2,0.0,34084.1695,32640.8659,32196.7725,96590.3174
250,Q3,Cross-contract/cross-shard Qtum request,50,676,0.0082382,8.2382,256,256,249,245,735,3675,0,2,761,14,0,97.2656,95.7031,2.45,19.5565,25.0058,43.75,116.565,116.2444,0.1603,31.5306,34.1041,42.0408,1,0.0,31074.7682,30225.0675,29739.5243,89218.5728
251,Q3,Cross-contract/cross-shard Qtum request,51,677,0.00739304,7.393,248,248,236,228,684,3420,0,2,732,14,0,95.1613,91.9355,2.28,19.8457,25.2225,48.7903,121.0725,120.838,0.1173,33.3333,28.4444,43.3333,1,0.0,33545.0459,31921.8985,30839.8002,92519.4007
252,Q3,Cross-contract/cross-shard Qtum request,52,678,0.04838252,48.3825,262,262,254,249,747,3735,0,2,778,14,0,96.9466,95.0382,2.49,19.6662,25.213,46.1832,117.0243,116.9642,0.03,28.4471,22.1281,32.2892,2,0.0,5415.1793,5249.8303,5146.4872,15439.4616
253,Q3,Cross-contract/cross-shard Qtum request,53,679,0.00947899,9.479,310,310,306,298,894,4470,0,2,926,14,0,98.7097,96.129,2.8839,20.0832,25.6799,49.6774,150.738,151.3729,0.3174,32.3221,28.0259,39.1946,1,0.0,32703.92,32281.934,31437.9618,94313.8855
254,Q3,Cross-contract/cross-shard Qtum request,54,680,0.01081558,10.8156,336,336,330,328,984,4920,0,2,1002,14,0,98.2143,97.619,2.9286,19.7428,25.2179,46.4286,139.7197,139.6225,0.0486,32.8293,28.1719,42.0732,1,0.0,31066.3066,30511.5511,30326.6326,90979.8979
255,Q3,Cross-contract/cross-shard Qtum request,55,681,0.00789107,7.8911,223,223,215,212,636,3180,0,2,661,14,0,96.4126,95.0673,2.12,19.9985,25.4069,50.6726,126.8495,127.0192,0.0848,27.9874,22.0705,31.6981,2,0.0,28259.7924,27245.9882,26865.8116,80597.4348
256,Q3,Cross-contract/cross-shard Qtum request,56,682,0.00897186,8.9719,265,265,260,252,756,3780,0,2,790,14,0,98.1132,95.0943,2.52,20.2137,25.6464,53.5849,117.1544,117.4943,0.1699,30.7407,22.6707,35.2381,1,0.0,29536.783,28979.4852,28087.8087,84263.4262
257,Q3,Cross-contract/cross-shard Qtum request,57,683,0.00822827,8.2283,229,229,222,220,660,3300,0,2,680,14,0,96.9432,96.0699,2.2,19.9899,25.5462,51.9651,107.2476,107.8597,0.306,27.7273,22.0455,31.3636,2,0.0,27830.8637,26980.1386,26737.0743,80211.2229
258,Q3,Cross-contract/cross-shard Qtum request,58,684,0.00743017,7.4302,247,247,242,236,708,3540,0,2,736,14,0,97.9757,95.5466,2.36,20.0376,25.5227,50.6073,113.93,113.9375,0.0037,28.2486,22.1011,32.0339,2,0.0,33242.8643,32569.9318,31762.4128,95287.2385
259,Q3,Cross-contract/cross-shard Qtum request,59,685,0.00979821,9.7982,306,306,297,289,867,4335,0,2,909,14,0,97.0588,94.4444,2.8333,19.8382,25.3987,48.0392,122.6625,123.0027,0.1701,30.2595,34.003,40.346,1,0.0,31230.1877,30311.6528,29495.1773,88485.5318
260,Q3,Cross-contract/cross-shard Qtum request,60,686,0.00933199,9.332,244,244,239,236,708,3540,0,2,727,14,0,97.9508,96.7213,2.36,19.9725,25.5002,51.6393,124.3823,124.9269,0.2723,27.2599,22.0142,30.7627,2,0.0,26146.6204,25610.829,25289.3541,75868.0624
261,Q3,Cross-contract/cross-shard Qtum request,61,687,0.0136611,13.6611,330,330,316,310,930,4650,0,2,976,14,0,95.7576,93.9394,2.8182,19.7829,25.2115,48.4848,148.3126,147.9662,0.1732,29.6774,22.3663,33.871,1,0.0,24156.186,23131.3781,22692.1747,68076.5242
262,Q3,Cross-contract/cross-shard Qtum request,62,688,0.01071095,10.7109,290,290,284,279,837,4185,0,2,864,14,0,97.931,96.2069,2.79,19.7058,25.2248,46.5517,126.7543,127.0896,0.1677,28.4229,22.1246,32.2581,2,0.0,27075.1087,26514.934,26048.1218,78144.3654
263,Q3,Cross-contract/cross-shard Qtum request,63,689,0.0091639,9.1639,268,268,264,256,768,3840,0,2,800,14,0,98.5075,95.5224,2.56,19.716,25.2043,47.0149,121.2304,121.6596,0.2146,26.5,24.4883,34.6875,1,0.0,29245.1776,28808.6824,27935.692,83807.0761
264,Q3,Cross-contract/cross-shard Qtum request,64,690,0.00897345,8.9734,292,292,285,279,837,4185,0,2,869,14,0,97.6027,95.5479,2.79,19.4734,25.0046,43.1507,139.5201,139.5289,0.0044,26.7503,22.0003,30.1075,2,0.0,32540.446,31760.3668,31091.7275,93275.1825
265,Q3,Cross-contract/cross-shard Qtum request,65,691,0.00887771,8.8777,283,283,278,270,810,4050,0,2,844,14,0,98.2332,95.4064,2.7,19.6394,25.1598,44.1696,112.6143,111.8203,0.397,27.8765,22.0591,31.5556,2,0.0,31877.5972,31314.3888,30413.2553,91239.7659
266,Q3,Cross-contract/cross-shard Qtum request,66,692,0.00817262,8.1726,253,253,249,244,732,3660,0,2,755,14,0,98.419,96.4427,2.44,19.7571,25.1902,45.8498,110.6376,110.9646,0.1635,27.8142,22.0532,31.4754,2,0.0,30957.0286,30467.5894,29855.7904,89567.3712
267,Q3,Cross-contract/cross-shard Qtum request,67,693,0.00895502,8.955,291,291,285,275,825,4125,0,2,867,14,0,97.9381,94.5017,2.75,19.728,25.2116,46.3918,120.5517,120.5129,0.0194,32.5636,34.2921,43.4182,1,0.0,32495.7289,31825.7139,30709.0222,92127.0666
268,Q3,Cross-contract/cross-shard Qtum request,68,694,0.00772814,7.7281,233,233,227,223,669,3345,0,2,693,14,0,97.4249,95.7082,2.23,19.5105,24.9847,45.0644,100.2308,99.5153,0.3577,27.3991,22.0217,30.9417,2,0.0,30149.5729,29373.1891,28855.5998,86566.7995
269,Q3,Cross-contract/cross-shard Qtum request,69,695,0.01150725,11.5073,333,333,321,317,951,4755,0,2,987,14,0,96.3964,95.1952,2.8559,19.7023,25.2742,45.3453,140.6816,141.1997,0.259,24.0505,24.0002,30.0946,2,0.0,28938.268,27895.4475,27547.8407,82643.5221
270,Q3,Cross-contract/cross-shard Qtum request,70,696,0.00842256,8.4226,275,275,263,260,780,3900,0,2,813,14,0,95.6364,94.5455,2.6,19.416,25.0244,43.6364,122.6862,122.3017,0.1923,11.1538,26.1065,32.3077,2,0.0,32650.4017,31225.6569,30869.4707,92608.4121
271,Q3,Cross-contract/cross-shard Qtum request,71,697,0.00969413,9.6941,326,326,317,311,933,4665,0,2,969,14,0,97.2393,95.3988,2.862,19.5089,25.0699,43.2515,141.6053,141.1055,0.2499,24.7717,24.0465,31.4469,2,0.0,33628.6083,32700.2112,32081.2797,96243.8392
272,Q3,Cross-contract/cross-shard Qtum request,72,698,0.00819348,8.1935,240,240,232,229,687,3435,0,2,712,14,0,96.6667,95.4167,2.29,19.7168,25.3205,47.9167,116.4838,116.2296,0.1271,30.8443,22.7052,35.3712,1,0.0,29291.6009,28315.2142,27949.0692,83847.2077
273,Q3,Cross-contract/cross-shard Qtum request,73,699,0.00828209,8.2821,256,256,249,239,717,3585,0,2,761,14,0,97.2656,93.3594,2.39,19.9013,25.423,44.5312,117.4923,117.6154,0.0615,32.1004,28.0025,40.251,1,0.0,30910.061,30064.864,28857.4398,86572.3193
274,Q3,Cross-contract/cross-shard Qtum request,74,700,0.00742687,7.4269,239,239,226,222,666,3330,0,2,704,14,0,94.5607,92.887,2.22,19.6159,24.9562,46.4435,113.2966,113.4357,0.0695,26.4505,24.4691,34.5946,1,0.0,32180.4258,30430.0261,29891.4416,89674.3247
275,Q3,Cross-contract/cross-shard Qtum request,75,701,0.00731086,7.3109,230,230,226,223,669,3345,0,2,686,14,0,98.2609,96.9565,2.23,20.1936,25.6931,56.5217,103.857,104.0725,0.1078,32.3229,28.0261,40.8072,1,0.0,31460.0342,30912.9032,30502.5549,91507.6647
276,Q3,Cross-contract/cross-shard Qtum request,76,702,0.00875241,8.7524,303,303,298,288,864,4320,0,2,904,14,0,98.3498,95.0495,2.8515,19.6218,25.1132,42.9043,140.5568,140.923,0.1831,29.5833,22.3438,33.75,1,0.0,34619.0205,34047.7496,32905.2076,98715.6229
277,Q3,Cross-contract/cross-shard Qtum request,77,703,0.01120882,11.2088,308,308,297,295,885,4425,0,2,913,14,0,96.4286,95.7792,2.8734,19.7696,25.2609,47.4026,137.7658,138.0508,0.1425,24.922,24.0664,31.7288,2,0.0,27478.3583,26496.9884,26318.5575,78955.6725
278,Q3,Cross-contract/cross-shard Qtum request,78,704,0.00814941,8.1494,243,243,236,233,699,3495,0,2,722,14,0,97.1193,95.8848,2.33,19.856,25.4353,46.9136,115.056,115.379,0.1615,24.3433,24.0092,30.6438,2,0.0,29818.1059,28959.1481,28591.0233,85773.07
279,Q3,Cross-contract/cross-shard Qtum request,79,705,0.00767905,7.679,236,236,231,227,681,3405,0,2,703,14,0,97.8814,96.1864,2.27,19.3451,24.8982,42.3729,111.9302,111.6033,0.1634,24.2115,24.0035,30.3965,2,0.0,30732.9803,30081.8578,29560.9598,88682.8795
280,Q3,Cross-contract/cross-shard Qtum request,80,706,0.00816259,8.1626,224,224,221,219,657,3285,0,2,669,14,0,98.6607,97.7679,2.19,19.6297,25.077,46.4286,109.701,109.6121,0.0445,25.6804,24.2206,33.1507,2,0.0,27442.2836,27074.753,26829.7326,80489.1979
281,Q3,Cross-contract/cross-shard Qtum request,81,707,0.0087144,8.7144,273,273,266,265,795,3975,0,2,812,14,0,97.4359,97.0696,2.65,19.4893,24.9836,43.2234,111.5382,111.7655,0.1137,27.9874,22.0705,31.6981,2,0.0,31327.4436,30524.1758,30409.4233,91228.2699
282,Q3,Cross-contract/cross-shard Qtum request,82,708,0.01093402,10.934,292,292,283,279,837,4185,0,2,867,14,0,96.9178,95.5479,2.79,19.6888,25.2789,46.5753,123.4386,123.5701,0.0658,32.4875,28.0594,38.7814,1,0.0,26705.6301,25882.5113,25516.6808,76550.0423
283,Q3,Cross-contract/cross-shard Qtum request,83,709,0.00907087,9.0709,276,276,268,263,789,3945,0,2,820,14,0,97.1014,95.2899,2.63,19.7819,25.1511,46.7391,121.3396,121.1802,0.0797,25.2776,24.1275,32.3954,2,0.0,30427.0771,29545.1328,28993.9177,86981.753
284,Q3,Cross-contract/cross-shard Qtum request,84,710,0.0081536,8.1536,271,271,265,260,780,3900,0,2,807,14,0,97.786,95.941,2.6,20.0156,25.4992,49.0775,131.0024,130.7058,0.1483,24.8615,24.058,31.6154,2,0.0,33236.8687,32500.9971,31887.7707,95663.3122
285,Q3,Cross-contract/cross-shard Qtum request,85,711,0.00853079,8.5308,247,247,234,230,690,3450,0,2,728,14,0,94.7368,93.1174,2.3,19.9056,25.4879,50.6073,121.0178,120.2629,0.3775,29.5072,22.326,33.6522,1,0.0,28953.9286,27430.0376,26961.148,80883.4441
286,Q3,Cross-contract/cross-shard Qtum request,86,712,0.00942483,9.4248,282,282,274,265,795,3975,0,2,838,14,0,97.1631,93.9716,2.65,19.8801,25.4503,48.9362,121.4802,121.6439,0.0818,26.234,24.3899,34.1887,1,0.0,29920.9577,29072.1362,28117.2121,84351.6362
287,Q3,Cross-contract/cross-shard Qtum request,87,713,0.00953985,9.5399,306,306,294,286,858,4290,0,2,906,14,0,96.0784,93.4641,2.8039,19.5999,25.0878,44.1176,128.1144,128.682,0.2838,27.8089,22.0527,31.4685,2,0.0,32075.976,30818.0946,29979.507,89938.521
288,Q3,Cross-contract/cross-shard Qtum request,88,714,0.00777494,7.7749,228,228,220,215,645,3225,0,2,676,14,0,96.4912,94.2982,2.15,19.9049,25.4989,48.6842,101.9896,102.2286,0.1195,24.6698,24.035,31.2558,2,0.0,29324.9851,28296.0383,27652.9465,82958.8396
289,Q3,Cross-contract/cross-shard Qtum request,89,715,0.00952083,9.5208,319,319,312,301,903,4515,0,2,950,14,0,97.8056,94.3574,2.8307,19.5244,25.0488,41.6928,127.7167,127.7878,0.0355,27.9845,22.0702,31.6944,2,0.0,33505.4646,32770.235,31614.8741,94844.6223
290,Q3,Cross-contract/cross-shard Qtum request,90,716,0.0083717,8.3717,231,231,223,218,654,3270,0,2,685,14,0,96.5368,94.3723,2.18,19.6588,25.1664,46.3203,95.1491,94.7582,0.1954,25.1743,24.1077,32.2018,2,0.0,27592.9686,26637.368,26040.1175,78120.3526
291,Q3,Cross-contract/cross-shard Qtum request,91,717,0.01198373,11.9837,221,221,217,215,645,3225,0,2,659,14,0,98.19,97.2851,2.15,19.8926,25.4297,48.4163,99.6154,99.238,0.1887,25.0,30.2547,37.3023,1,0.0,18441.6659,18107.8801,17940.9872,53822.9615
292,Q3,Cross-contract/cross-shard Qtum request,92,718,0.0103749,10.3749,312,312,309,299,897,4485,0,2,933,14,0,99.0385,95.8333,2.875,19.819,25.4421,47.7564,142.4652,142.7446,0.1397,27.6812,22.0416,31.3043,2,0.0,30072.5645,29783.4052,28819.541,86458.623
293,Q3,Cross-contract/cross-shard Qtum request,93,719,0.01077749,10.7775,285,285,276,271,813,4065,0,2,846,14,0,96.8421,95.0877,2.71,19.5547,24.9843,44.2105,124.8261,124.4229,0.2016,27.4416,22.0243,30.9963,2,0.0,26444.0026,25608.9288,25144.999,75434.9969
294,Q3,Cross-contract/cross-shard Qtum request,94,720,0.00936718,9.3672,318,318,310,302,906,4530,0,2,946,14,0,97.4843,94.9686,2.8491,19.8508,25.34,47.7987,146.8325,146.7893,0.0216,30.9934,34.0439,41.3245,1,0.0,33948.3283,33094.2823,32240.2363,96720.7089
295,Q3,Cross-contract/cross-shard Qtum request,95,721,0.01097893,10.9789,298,298,293,286,858,4290,0,2,889,14,0,98.3221,95.9732,2.86,19.6996,25.1389,45.302,134.893,134.1479,0.3725,29.2774,22.2754,33.3566,1,0.0,27142.9075,26687.4896,26049.9045,78149.7135
296,Q3,Cross-contract/cross-shard Qtum request,96,722,0.00849545,8.4954,235,235,231,227,681,3405,0,2,701,14,0,98.2979,96.5957,2.27,20.0459,25.5486,51.0638,115.3051,115.6177,0.1563,33.5154,28.5741,36.2115,1,0.0,27661.8661,27191.0258,26720.1855,80160.5565
297,Q3,Cross-contract/cross-shard Qtum request,97,723,0.00989802,9.898,303,303,292,284,852,4260,0,2,898,14,0,96.3696,93.7294,2.8119,19.804,25.2598,47.1947,127.3009,127.7691,0.2341,25.0,30.0028,40.2817,1,0.0,30612.183,29500.8497,28692.6072,86077.8216
298,Q3,Cross-contract/cross-shard Qtum request,98,724,0.00781396,7.814,241,241,232,224,672,3360,0,2,714,14,0,96.2656,92.9461,2.24,20.2883,25.9047,54.7718,115.0677,115.0842,0.0083,25.7143,24.2296,33.2143,2,0.0,30842.2323,29690.4476,28666.6391,85999.9173
299,Q3,Cross-contract/cross-shard Qtum request,99,725,0.01039142,10.3914,338,338,326,318,954,4770,0,2,1002,14,0,96.4497,94.0828,2.8225,19.9078,25.3696,49.1124,152.8232,152.9561,0.0665,25.0,30.0797,38.4906,1,0.0,32526.844,31372.0448,30602.1787,91806.5361
300,Q3,Cross-contract/cross-shard Qtum request,100,726,0.00924306,9.2431,312,312,302,295,885,4425,0,2,926,14,0,96.7949,94.5513,2.8365,19.798,25.257,49.6795,135.5969,134.8692,0.3639,27.0621,22.0063,30.5085,2,0.0,33755.0551,32673.1624,31915.8374,95747.5122
301,Q4,Poor mobile connectivity,1,627,0.00913723,9.1372,294,294,264,247,741,3705,2,2,852,10,2,89.7959,84.0136,1.976,21.2324,26.6887,13.6054,123.8024,123.8748,0.0362,29.0283,22.2254,33.0364,2,0.0,32176.0393,28892.77,27032.2507,81096.752
302,Q4,Poor mobile connectivity,2,628,0.00967171,9.6717,276,276,245,222,666,3330,0,2,797,12,0,88.7681,80.4348,1.776,21.1983,26.7207,12.3188,115.8124,115.9306,0.0591,25.0,30.0045,40.3604,1,0.0,28536.8505,25331.6246,22953.5537,68860.6611
303,Q4,Poor mobile connectivity,3,629,0.00884892,8.8489,291,291,262,244,732,3660,3,2,844,9,3,90.0344,83.8488,1.952,21.321,26.785,14.7766,104.9782,105.666,0.3439,30.4918,34.0107,40.6557,1,0.0,32885.3616,29608.1263,27573.9802,82721.9406
304,Q4,Poor mobile connectivity,4,630,0.00779887,7.7989,232,232,206,183,549,2745,0,2,670,12,0,88.7931,78.8793,1.464,21.2384,26.6972,10.7759,96.6003,97.0368,0.2182,27.5847,25.0039,36.7213,1,0.0,29747.8994,26414.0831,23464.9379,70394.8136
305,Q4,Poor mobile connectivity,5,631,0.00810469,8.1047,257,257,227,215,645,3225,3,2,741,9,3,88.3268,83.6576,1.72,21.175,26.6548,12.4514,90.0621,89.6592,0.2015,40.6698,40.007,60.0,1,0.0,31710.0424,28008.481,26527.8565,79583.5694
306,Q4,Poor mobile connectivity,6,632,0.00807059,8.0706,259,259,229,205,615,3075,5,2,747,7,5,88.417,79.1506,1.64,21.4675,26.9993,14.2857,117.1248,116.8571,0.1338,25.0,30.027,40.878,1,0.0,32091.8496,28374.6469,25400.8848,76202.6545
307,Q4,Poor mobile connectivity,7,633,0.00846236,8.4624,275,275,234,220,660,3300,0,2,784,12,0,85.0909,80.0,1.76,21.5226,26.8822,16.7273,114.7609,114.4762,0.1423,27.303,22.0164,30.8182,2,0.0,32496.8372,27651.8542,25997.4697,77992.4092
308,Q4,Poor mobile connectivity,8,634,0.00847044,8.4704,218,218,193,183,549,2745,1,2,629,11,1,88.5321,83.945,1.464,21.3987,27.0428,13.7615,92.1232,91.7573,0.183,33.1803,28.3483,42.9508,1,0.0,25736.5524,22785.1129,21604.5371,64813.6113
309,Q4,Poor mobile connectivity,9,635,0.00778679,7.7868,233,233,199,183,549,2745,2,2,665,10,2,85.4077,78.5408,1.464,21.1241,26.6993,10.3004,96.3319,96.0322,0.1498,41.0109,42.0818,60.0,1,0.0,29922.452,25556.0857,23501.325,70503.975
310,Q4,Poor mobile connectivity,10,636,0.00754976,7.5498,220,220,182,168,504,2520,3,2,622,9,3,82.7273,76.3636,1.344,21.085,26.6483,11.3636,105.7084,105.249,0.2297,40.1786,42.0026,60.0,1,0.0,29139.9914,24106.7202,22252.3571,66757.0713
311,Q4,Poor mobile connectivity,11,637,0.00707207,7.0721,214,214,176,167,501,2505,3,2,604,9,3,82.243,78.0374,1.336,21.3669,26.8545,13.5514,81.6415,80.9818,0.3298,28.2036,22.0954,31.976,2,0.0,30259.8729,24886.6245,23614.013,70842.0389
312,Q4,Poor mobile connectivity,12,638,0.00844169,8.4417,226,226,209,196,588,2940,3,2,661,9,3,92.4779,86.7257,1.568,21.3469,26.729,15.0442,94.9145,94.9826,0.034,32.8571,23.5485,37.9592,1,0.0,26771.8905,24758.0757,23218.0997,69654.2991
313,Q4,Poor mobile connectivity,13,639,0.00726237,7.2624,254,254,223,198,594,2970,3,2,731,9,3,87.7953,77.9528,1.584,21.1519,26.5996,11.4173,108.6001,108.0526,0.2738,40.7576,42.0459,60.0,1,0.0,34974.8133,30706.2337,27263.8309,81791.4926
314,Q4,Poor mobile connectivity,14,640,0.00787272,7.8727,261,261,237,221,663,3315,2,2,759,10,2,90.8046,84.6743,1.768,21.2618,26.6907,13.41,111.7381,111.9327,0.0973,30.7843,22.6851,35.2941,1,0.0,33152.4471,30103.9463,28071.6123,84214.837
315,Q4,Poor mobile connectivity,15,641,0.00743027,7.4303,260,260,234,214,642,3210,4,2,754,8,4,90.0,82.3077,1.712,21.3736,26.7774,15.3846,99.762,99.4213,0.1704,26.8411,24.6306,35.3271,1,0.0,34991.9848,31492.7863,28801.0952,86403.2856
316,Q4,Poor mobile connectivity,16,642,0.00766052,7.6605,252,252,216,198,594,2970,1,2,720,11,1,85.7143,78.5714,1.584,21.4658,26.8828,18.254,100.5526,100.2283,0.1622,42.101,40.069,60.0,1,0.0,32895.9478,28196.5267,25846.8161,77540.4483
317,Q4,Poor mobile connectivity,17,643,0.00837081,8.3708,286,286,250,226,678,3390,1,2,822,11,1,87.4126,79.021,1.808,21.5169,26.9727,15.7343,111.5486,111.327,0.1108,29.5575,22.3377,33.7168,1,0.0,34166.3349,29865.6773,26998.5723,80995.7169
318,Q4,Poor mobile connectivity,18,644,0.0073875,7.3875,255,255,223,205,615,3075,2,2,733,10,2,87.451,80.3922,1.64,21.1818,26.5987,14.902,100.8404,101.0401,0.0998,12.122,26.3602,34.2439,1,0.0,34517.7712,30186.1293,27749.5807,83248.7422
319,Q4,Poor mobile connectivity,19,645,0.00761324,7.6132,235,235,204,188,564,2820,2,2,674,10,2,86.8085,80.0,1.504,21.425,26.9746,17.0213,102.6689,102.4851,0.0919,33.1206,23.6831,38.2979,1,0.0,30867.2745,26795.4213,24693.8196,74081.4589
320,Q4,Poor mobile connectivity,20,646,0.00771994,7.7199,213,213,192,180,540,2700,1,2,618,11,1,90.1408,84.507,1.44,21.4165,26.9331,15.493,86.1499,85.8117,0.1691,40.6111,42.0299,60.0,1,0.0,27590.888,24870.6596,23316.2434,69948.7302
321,Q4,Poor mobile connectivity,21,647,0.00654481,6.5448,210,210,183,164,492,2460,1,2,603,11,1,87.1429,78.0952,1.312,21.3928,26.8603,13.3333,103.0693,102.5208,0.2742,24.1951,24.003,30.3659,2,0.0,32086.4832,27961.0782,25058.0154,75174.0463
322,Q4,Poor mobile connectivity,22,648,0.00746621,7.4662,256,256,224,211,633,3165,2,2,736,10,2,87.5,82.4219,1.688,21.5547,27.0984,19.1406,117.4083,117.2771,0.0656,32.1137,28.0032,40.2844,1,0.0,34287.8114,30001.8349,28260.657,84781.971
323,Q4,Poor mobile connectivity,23,649,0.00797733,7.9773,292,292,263,230,690,3450,2,2,847,10,2,90.0685,78.7671,1.84,21.3801,26.837,15.7534,115.6421,115.435,0.1036,32.3478,28.0302,39.1304,1,0.0,36603.712,32968.4119,28831.691,86495.073
324,Q4,Poor mobile connectivity,24,650,0.00802413,8.0241,211,211,192,174,522,2610,2,2,614,10,2,90.9953,82.4645,1.392,21.7595,27.372,19.9052,111.263,111.4577,0.0973,32.4598,28.0528,41.1494,1,0.0,26295.6824,23927.8247,21684.5911,65053.7734
325,Q4,Poor mobile connectivity,25,651,0.00918286,9.1829,263,263,234,206,618,3090,0,2,760,12,0,88.9734,78.327,1.648,21.3245,26.7122,15.5894,104.966,105.4612,0.2476,29.1586,22.2509,33.2039,2,0.0,28640.2991,25482.2433,22433.086,67299.2579
326,Q4,Poor mobile connectivity,26,652,0.00771079,7.7108,218,218,201,181,543,2715,0,2,637,12,0,92.2018,83.0275,1.448,21.5894,27.0841,17.4312,92.0742,91.5897,0.2422,27.3112,22.0168,30.8287,2,0.0,28272.089,26067.3848,23473.6152,70420.8456
327,Q4,Poor mobile connectivity,27,653,0.00866136,8.6614,246,246,217,198,594,2970,1,2,709,11,1,88.2114,80.4878,1.584,21.4368,27.0398,15.0407,93.2133,92.7552,0.229,32.3232,28.0261,39.1919,1,0.0,28402.0029,25053.7993,22860.1487,68580.446
328,Q4,Poor mobile connectivity,28,654,0.0088672,8.8672,227,227,200,188,564,2820,1,2,654,11,1,88.1057,82.8194,1.504,21.6167,27.1195,18.0617,104.6223,104.5202,0.051,41.1915,40.0222,60.0,1,0.0,25599.961,22555.0317,21201.7298,63605.1895
329,Q4,Poor mobile connectivity,29,655,0.00757799,7.578,202,202,177,155,465,2325,3,2,581,9,3,87.6238,76.7327,1.24,21.5353,27.0542,18.8119,80.9305,80.9247,0.0029,32.3613,28.0326,39.0968,1,0.0,26656.1344,23357.1079,20453.9645,61361.8936
330,Q4,Poor mobile connectivity,30,656,0.00775634,7.7563,251,251,211,197,591,2955,2,2,713,10,2,84.0637,78.4861,1.576,21.4326,26.976,15.1394,108.2491,107.6781,0.2855,30.1015,22.4767,34.4162,1,0.0,32360.6237,27203.5522,25398.5772,76195.7315
331,Q4,Poor mobile connectivity,31,657,0.00766975,7.6698,234,234,199,176,528,2640,1,2,667,11,1,85.0427,75.2137,1.408,21.3643,26.7347,16.2393,111.6635,111.4129,0.1253,32.2727,28.0186,39.3182,1,0.0,30509.465,25946.0835,22947.2899,68841.8698
332,Q4,Poor mobile connectivity,32,658,0.00820286,8.2029,245,245,222,197,591,2955,3,2,712,9,3,90.6122,80.4082,1.576,21.3177,26.8252,13.0612,99.9224,99.4646,0.2289,26.7259,31.0133,38.0711,1,0.0,29867.6388,27063.738,24016.0198,72048.0593
333,Q4,Poor mobile connectivity,33,659,0.008267,8.267,251,251,216,198,594,2970,4,2,718,8,4,86.0558,78.8845,1.584,21.3957,26.8852,15.9363,106.6907,106.697,0.0031,25.2929,24.1306,32.4242,2,0.0,30361.6716,26127.9724,23950.6414,71851.9241
334,Q4,Poor mobile connectivity,34,660,0.00933546,9.3355,259,259,231,211,633,3165,2,2,749,10,2,89.1892,81.4672,1.688,21.2713,26.8273,13.5135,101.5929,101.5919,0.0005,26.7773,22.0005,30.1422,2,0.0,27743.6695,24744.3539,22601.9856,67805.9567
335,Q4,Poor mobile connectivity,35,661,0.00809373,8.0937,249,249,215,192,576,2880,1,2,713,11,1,86.3454,77.1084,1.536,21.5766,27.113,18.0723,106.4822,107.1925,0.3551,32.9861,23.6137,38.125,1,0.0,30764.551,26563.7689,23722.0634,71166.1902
336,Q4,Poor mobile connectivity,36,662,0.00964662,9.6466,299,299,262,241,723,3615,3,2,860,9,3,87.6254,80.602,1.928,21.3241,26.9176,14.7157,115.9905,115.8527,0.0689,42.9876,40.1395,60.0,1,0.0,30995.3188,27159.7777,24982.8489,74948.5467
337,Q4,Poor mobile connectivity,37,663,0.00690722,6.9072,197,197,181,172,516,2580,2,2,575,10,2,91.8782,87.3096,1.376,21.5299,26.9811,17.7665,81.3517,81.4281,0.0382,31.0465,34.0487,41.3953,1,0.0,28520.8934,26204.4757,24901.4907,74704.4721
338,Q4,Poor mobile connectivity,38,664,0.00909594,9.0959,297,297,264,241,723,3615,1,2,858,11,1,88.8889,81.1448,1.928,21.2636,26.6623,15.1515,109.7807,109.5707,0.105,32.1784,34.2109,42.9046,1,0.0,32651.9125,29023.9222,26495.3229,79485.9687
339,Q4,Poor mobile connectivity,39,665,0.00964008,9.6401,229,229,210,199,597,2985,2,2,668,10,2,91.7031,86.8996,1.592,21.2156,26.8687,12.2271,102.6782,102.9878,0.1548,30.3015,22.5339,34.6734,1,0.0,23755.0019,21784.0629,20642.9929,61928.9788
340,Q4,Poor mobile connectivity,40,666,0.00754498,7.545,249,249,225,201,603,3015,3,2,723,9,3,90.3614,80.7229,1.608,21.1904,26.8459,12.4498,99.1136,99.598,0.2422,29.801,22.397,34.0299,1,0.0,33002.093,29821.1684,26640.2438,79920.7314
341,Q4,Poor mobile connectivity,41,667,0.0072329,7.2329,207,207,185,170,510,2550,0,2,599,12,0,89.372,82.1256,1.36,21.1959,26.7016,12.0773,102.0039,101.9983,0.0028,25.0,30.0174,40.7059,1,0.0,28619.23,25577.5727,23503.7155,70511.1464
342,Q4,Poor mobile connectivity,42,668,0.0076309,7.6309,248,248,216,199,597,2985,0,2,712,12,0,87.0968,80.2419,1.592,21.3871,26.9952,16.5323,104.3297,104.5658,0.1181,29.129,22.245,33.1658,2,0.0,32499.4431,28305.9665,26078.1821,78234.5464
343,Q4,Poor mobile connectivity,43,669,0.00775053,7.7505,219,219,194,173,519,2595,3,2,632,9,3,88.5845,78.9954,1.384,21.2262,26.6061,14.1553,91.2308,90.6323,0.2992,28.5318,25.6045,38.4971,1,0.0,28256.1285,25030.5431,22321.0513,66963.1539
344,Q4,Poor mobile connectivity,44,670,0.00682824,6.8282,203,203,173,161,483,2415,3,2,579,9,3,85.2217,79.3103,1.288,21.2961,26.8486,15.2709,99.7859,98.8667,0.4596,30.8385,34.0312,41.118,1,0.0,29729.4633,25335.9466,23578.5399,70735.6197
345,Q4,Poor mobile connectivity,45,671,0.00710867,7.1087,198,198,164,145,435,2175,4,2,560,8,4,82.8283,73.2323,1.16,21.7213,27.2848,17.6768,87.4774,87.0369,0.2202,27.8621,25.1653,37.2414,1,0.0,27853.3115,23070.4196,20397.6271,61192.8814
346,Q4,Poor mobile connectivity,46,672,0.00793375,7.9337,216,216,197,183,549,2745,3,2,629,9,3,91.2037,84.7222,1.464,21.3642,26.8411,13.4259,96.4892,95.9212,0.284,25.0,30.0038,40.3279,1,0.0,27225.4643,24830.6318,23066.0183,69198.055
347,Q4,Poor mobile connectivity,47,673,0.00891797,8.918,283,283,246,227,681,3405,2,2,812,10,2,86.9258,80.212,1.816,21.3361,26.8781,16.9611,117.8629,118.4022,0.2696,32.5286,28.0699,38.6784,1,0.0,31733.6615,27584.7376,25454.2091,76362.6272
348,Q4,Poor mobile connectivity,48,674,0.007964,7.964,208,208,175,154,462,2310,1,2,591,11,1,84.1346,74.0385,1.232,21.1435,26.5214,14.4231,108.4943,108.3401,0.0771,26.9697,22.0037,30.3896,2,0.0,26117.5158,21973.8714,19337.0069,58011.0206
349,Q4,Poor mobile connectivity,49,675,0.00794744,7.9474,221,221,192,177,531,2655,0,2,634,12,0,86.8778,80.0905,1.416,21.4886,26.9653,16.2896,95.2607,94.6886,0.2861,31.2806,22.8602,35.9322,1,0.0,27807.6931,24158.7198,22271.3198,66813.9594
350,Q4,Poor mobile connectivity,50,676,0.00929951,9.2995,256,256,230,209,627,3135,1,2,742,11,1,89.8438,81.6406,1.672,21.2126,26.748,13.2812,106.0953,106.4919,0.1983,24.5359,24.0224,31.0048,2,0.0,27528.3262,24732.4806,22474.2976,67422.8927
351,Q4,Poor mobile connectivity,51,677,0.00851092,8.5109,260,260,231,209,627,3135,2,2,751,10,2,88.8462,80.3846,1.672,21.2084,26.5578,13.0769,106.9939,107.0737,0.0399,40.3589,42.0103,60.0,1,0.0,30548.9924,27141.6048,24556.6901,73670.0702
352,Q4,Poor mobile connectivity,52,678,0.01015527,10.1553,272,272,244,223,669,3345,2,2,788,10,2,89.7059,81.9853,1.784,21.2881,26.9236,14.3382,111.8848,111.5271,0.1789,29.2825,22.2765,33.3632,1,0.0,26784.1256,24026.9362,21959.0441,65877.1324
353,Q4,Poor mobile connectivity,53,679,0.00743451,7.4345,258,258,228,212,636,3180,4,2,744,8,4,88.3721,82.1705,1.696,21.4355,26.87,15.1163,108.0036,107.8101,0.0967,25.0,30.4037,36.6038,1,0.0,34703.0315,30667.7953,28515.6693,85547.0079
354,Q4,Poor mobile connectivity,54,680,0.00735778,7.3578,215,215,194,180,540,2700,1,2,624,11,1,90.2326,83.7209,1.44,21.2683,26.7046,12.5581,94.61,94.5686,0.0207,31.0,34.0444,41.3333,1,0.0,29220.7744,26366.6522,24463.9041,73391.7124
355,Q4,Poor mobile connectivity,55,681,0.00799113,7.9911,245,245,208,193,579,2895,2,2,698,10,2,84.898,78.7755,1.544,20.9071,26.4096,9.7959,103.8413,104.1167,0.1377,24.0829,24.0005,30.1554,2,0.0,30658.9932,26028.8595,24151.7783,72455.3349
356,Q4,Poor mobile connectivity,56,682,0.00796914,7.9691,264,264,234,214,642,3210,2,2,762,10,2,88.6364,81.0606,1.712,21.7495,27.3134,21.5909,104.2544,104.4943,0.1199,32.5545,23.4008,37.5701,1,0.0,33127.8029,29363.2799,26853.5978,80560.7935
357,Q4,Poor mobile connectivity,57,683,0.00684687,6.8469,198,198,175,160,480,2400,3,2,571,9,3,88.3838,80.8081,1.28,21.7918,27.2356,20.7071,101.7334,101.6125,0.0604,25.0,30.1072,41.75,1,0.0,28918.3106,25559.1129,23368.3318,70104.9954
358,Q4,Poor mobile connectivity,58,684,0.00713008,7.1301,233,233,210,197,591,2955,2,2,676,10,2,90.1288,84.5494,1.576,21.5114,26.9927,16.7382,95.3034,95.0483,0.1275,32.2081,34.2167,42.9442,1,0.0,32678.4736,29452.7015,27629.439,82888.317
359,Q4,Poor mobile connectivity,59,685,0.00888469,8.8847,264,264,229,214,642,3210,1,2,757,11,1,86.7424,81.0606,1.712,21.3502,26.88,14.0152,98.4269,98.2323,0.0973,32.1495,28.0056,39.6262,1,0.0,29714.0194,25774.6608,24086.3642,72259.0927
360,Q4,Poor mobile connectivity,60,686,0.00713898,7.139,218,218,191,169,507,2535,3,2,627,9,3,87.6147,77.5229,1.352,21.4456,27.0119,18.8073,102.7477,102.6853,0.0312,24.4734,24.0175,30.8876,2,0.0,30536.5924,26754.5373,23672.8629,71018.5887
361,Q4,Poor mobile connectivity,61,687,0.0076313,7.6313,252,252,209,189,567,2835,2,2,713,10,2,82.9365,75.0,1.512,21.2617,26.7787,14.6825,100.1804,99.8617,0.1593,30.9877,22.7545,35.5556,1,0.0,33021.875,27387.19,24766.4063,74299.2188
362,Q4,Poor mobile connectivity,62,688,0.008848,8.848,269,269,236,215,645,3225,2,2,774,10,2,87.7323,79.9257,1.72,21.4073,26.9823,16.3569,118.1546,117.8186,0.168,33.1535,28.3326,37.1163,1,0.0,30402.3371,26672.6823,24299.2657,72897.7971
363,Q4,Poor mobile connectivity,63,689,0.00702407,7.0241,213,213,189,176,528,2640,1,2,615,11,1,88.7324,82.6291,1.408,21.5736,27.1712,18.7793,92.6416,92.6915,0.0249,27.8182,25.1389,37.1591,1,0.0,30324.2905,26907.4691,25056.6908,75170.0723
364,Q4,Poor mobile connectivity,64,690,0.00892993,8.9299,286,286,258,246,738,3690,2,2,830,10,2,90.2098,86.014,1.968,21.2748,26.7834,13.2867,115.3885,115.5374,0.0745,11.7073,26.2332,33.4146,1,0.0,32027.1232,28891.6006,27547.8052,82643.4157
365,Q4,Poor mobile connectivity,65,691,0.00644171,6.4417,192,192,164,155,465,2325,1,2,548,11,1,85.4167,80.7292,1.24,21.1869,26.7229,12.5,83.9907,83.7439,0.1234,29.2645,26.1652,39.871,1,0.0,29805.7735,25459.0982,24061.9525,72185.8576
366,Q4,Poor mobile connectivity,66,692,0.00830955,8.3096,240,240,219,208,624,3120,3,2,699,9,3,91.25,86.6667,1.664,21.5837,26.9601,16.25,104.3125,104.6075,0.1475,25.8462,24.2663,33.4615,1,0.0,28882.4305,26355.2178,25031.4397,75094.3192
367,Q4,Poor mobile connectivity,67,693,0.00589759,5.8976,181,181,160,148,444,2220,2,2,522,10,2,88.3978,81.768,1.184,21.3363,26.9018,16.0221,88.4689,88.6784,0.1048,40.8784,42.0617,60.0,1,0.0,30690.5232,27129.7443,25095.0135,75285.0404
368,Q4,Poor mobile connectivity,68,694,0.00812618,8.1262,263,263,235,214,642,3210,1,2,761,11,1,89.3536,81.3688,1.712,21.523,27.0189,16.3498,98.786,99.3299,0.272,27.757,22.048,31.4019,2,0.0,32364.5225,28918.8699,26334.6305,79003.8914
369,Q4,Poor mobile connectivity,69,695,0.00814503,8.145,238,238,217,199,597,2985,2,2,693,10,2,91.1765,83.6134,1.592,21.422,27.01,13.8655,107.3865,107.3235,0.0315,12.3367,26.4368,34.6734,1,0.0,29220.2837,26642.0234,24432.086,73296.258
370,Q4,Poor mobile connectivity,70,696,0.00841286,8.4129,221,221,195,181,543,2715,1,2,637,11,1,88.2353,81.9005,1.448,21.2206,26.6671,14.4796,96.4071,95.865,0.2711,42.7403,40.1173,60.0,1,0.0,26269.3099,23178.8028,21514.6837,64544.051
371,Q4,Poor mobile connectivity,71,697,0.0085755,8.5755,291,291,267,241,723,3615,0,2,849,12,0,91.7526,82.8179,1.928,21.3242,26.8572,13.4021,114.835,115.034,0.0995,32.5643,28.0796,38.5892,1,0.0,33933.8774,31135.2071,28103.3143,84309.9429
372,Q4,Poor mobile connectivity,72,698,0.00906274,9.0627,241,241,214,202,606,3030,1,2,696,11,1,88.7967,83.8174,1.616,21.4335,26.9808,15.7676,110.8957,111.0162,0.0603,28.7459,22.1747,32.6733,2,0.0,26592.3904,23613.1599,22289.0575,66867.1726
373,Q4,Poor mobile connectivity,73,699,0.0083325,8.3325,287,287,246,220,660,3300,1,2,820,11,1,85.7143,76.6551,1.76,21.4771,26.9798,14.9826,115.3779,115.0786,0.1496,26.9091,24.6612,35.4545,1,0.0,34443.4567,29522.9629,26402.6498,79207.9493
374,Q4,Poor mobile connectivity,74,700,0.00636857,6.3686,182,182,154,137,411,2055,2,2,518,10,2,84.6154,75.2747,1.096,21.4943,26.9803,15.3846,86.7645,86.6708,0.0469,26.6667,44.0,60.0,1,0.0,28577.835,24181.245,21511.8868,64535.6604
375,Q4,Poor mobile connectivity,75,701,0.00663858,6.6386,204,204,182,166,498,2490,3,2,590,9,3,89.2157,81.3725,1.328,21.3869,26.8831,17.6471,84.8026,85.2168,0.2071,24.5783,24.0261,31.0843,2,0.0,30729.4771,27415.5139,25005.3588,75016.0765
376,Q4,Poor mobile connectivity,76,702,0.00688823,6.8882,235,235,205,191,573,2865,2,2,675,10,2,87.234,81.2766,1.528,21.7296,27.2524,19.1489,109.3967,109.5581,0.0807,29.7208,22.3769,33.9267,1,0.0,34116.1564,29760.9024,27728.4505,83185.3515
377,Q4,Poor mobile connectivity,77,703,0.00772643,7.7264,249,249,218,203,609,3045,2,2,716,10,2,87.5502,81.5261,1.624,21.4503,26.7513,14.4578,96.6852,97.0324,0.1736,41.4975,40.035,60.0,1,0.0,32227.0315,28214.8308,26273.4434,78820.3302
378,Q4,Poor mobile connectivity,78,704,0.00849204,8.492,265,265,237,217,651,3255,3,2,767,9,3,89.434,81.8868,1.736,21.4206,26.8594,14.717,97.7764,97.6472,0.0646,25.0,30.3238,36.9585,1,0.0,31205.7012,27908.495,25553.3477,76660.0432
379,Q4,Poor mobile connectivity,79,705,0.00724909,7.2491,206,206,179,160,480,2400,3,2,591,9,3,86.8932,77.6699,1.28,21.2268,26.65,15.0485,93.647,93.5956,0.0257,33.2,28.36,43.0,1,0.0,28417.3639,24692.7579,22071.7389,66215.2168
380,Q4,Poor mobile connectivity,80,706,0.00708618,7.0862,202,202,181,167,501,2505,3,2,585,9,3,89.604,82.6733,1.336,21.0283,26.533,12.3762,102.2692,102.3556,0.0432,26.5868,24.5228,34.8503,1,0.0,28506.199,25542.6832,23567.0061,70701.0182
381,Q4,Poor mobile connectivity,81,707,0.00887547,8.8755,248,248,217,200,600,3000,1,2,713,11,1,87.5,80.6452,1.6,21.4034,26.9843,15.3226,104.9923,104.4278,0.2822,40.4,42.0128,60.0,1,0.0,27942.1885,24449.4149,22534.023,67602.069
382,Q4,Poor mobile connectivity,82,708,0.00807523,8.0752,225,225,203,182,546,2730,2,2,653,10,2,90.2222,80.8889,1.456,21.1907,26.636,13.3333,114.1913,114.1816,0.0048,25.7582,24.2415,33.2967,2,0.0,27862.9697,25138.5904,22538.0466,67614.1397
383,Q4,Poor mobile connectivity,83,709,0.00821643,8.2164,265,265,230,220,660,3300,5,2,760,7,5,86.7925,83.0189,1.76,21.2518,26.7479,12.4528,116.758,116.3195,0.2193,32.7273,28.1322,38.1818,1,0.0,32252.4385,27992.6825,26775.6093,80326.828
384,Q4,Poor mobile connectivity,84,710,0.00852982,8.5298,278,278,251,232,696,3480,1,2,807,11,1,90.2878,83.4532,1.856,21.6314,27.1172,17.9856,95.7509,95.3882,0.1814,26.8678,22.0016,30.2586,2,0.0,32591.555,29426.1882,27198.7078,81596.1233
385,Q4,Poor mobile connectivity,85,711,0.00852602,8.526,255,255,231,212,636,3180,1,2,741,11,1,90.5882,83.1373,1.696,21.4683,26.9406,16.4706,120.1577,120.0015,0.0781,32.0755,28.0014,40.1887,1,0.0,29908.445,27093.5325,24865.0601,74595.1804
386,Q4,Poor mobile connectivity,86,712,0.00830442,8.3044,276,276,246,220,660,3300,4,2,798,8,4,89.1304,79.7101,1.76,21.584,27.3305,19.5652,107.7925,108.335,0.2713,32.7273,28.1322,38.1818,1,0.0,33235.3333,29622.797,26491.9323,79475.7969
387,Q4,Poor mobile connectivity,87,713,0.00884412,8.8441,280,280,250,237,711,3555,2,2,810,10,2,89.2857,84.6429,1.896,21.2722,26.7737,12.8571,124.2791,124.3351,0.028,28.3404,22.1132,32.1519,2,0.0,31659.4564,28267.3718,26797.4685,80392.4054
388,Q4,Poor mobile connectivity,88,714,0.00671667,6.7167,213,213,181,170,510,2550,4,2,607,8,4,84.9765,79.8122,1.36,21.3873,26.9144,14.0845,91.7844,92.2626,0.2391,17.5686,36.8072,46.3529,1,0.0,31712.1525,26947.8855,25310.1687,75930.506
389,Q4,Poor mobile connectivity,89,715,0.00934024,9.3402,263,263,233,221,663,3315,0,2,759,12,0,88.5932,84.0304,1.768,21.2205,26.8436,11.7871,104.6871,104.4377,0.1247,28.8839,22.1986,32.8507,2,0.0,28157.7287,24945.8205,23661.0572,70983.1715
390,Q4,Poor mobile connectivity,90,716,0.0090965,9.0965,287,287,252,227,681,3405,2,2,826,10,2,87.8049,79.0941,1.816,21.5024,27.1205,18.4669,129.8809,130.0488,0.0839,24.0705,24.0004,30.1322,2,0.0,31550.5825,27702.9505,24954.6419,74863.9257
391,Q4,Poor mobile connectivity,91,717,0.00871418,8.7142,243,243,213,196,588,2940,4,2,699,8,4,87.6543,80.6584,1.568,21.4534,27.0008,16.0494,110.0609,110.1899,0.0645,32.4898,28.06,41.2245,1,0.0,27885.581,24442.9167,22492.0736,67476.2207
392,Q4,Poor mobile connectivity,92,718,0.0084928,8.4928,259,259,235,219,657,3285,1,2,753,11,1,90.7336,84.556,1.752,21.4506,27.0713,16.2162,106.753,106.5641,0.0944,24.5114,24.0204,30.9589,2,0.0,30496.4277,27670.5039,25786.5547,77359.664
393,Q4,Poor mobile connectivity,93,719,0.00827036,8.2704,279,279,238,225,675,3375,2,2,796,10,2,85.3047,80.6452,1.8,21.4501,26.9419,17.9211,123.924,124.3465,0.2112,25.0,30.0069,40.4444,1,0.0,33734.9199,28777.4586,27205.5806,81616.7418
394,Q4,Poor mobile connectivity,94,720,0.0068176,6.8176,194,194,170,158,474,2370,2,2,558,10,2,87.6289,81.4433,1.264,21.6613,27.205,17.5258,81.7231,82.2222,0.2496,25.0,30.5047,43.7975,1,0.0,28455.7574,24935.4575,23175.3076,69525.9227
395,Q4,Poor mobile connectivity,95,721,0.00691589,6.9159,220,220,195,181,543,2715,3,2,635,9,3,88.6364,82.2727,1.448,21.4648,26.8962,15.9091,97.6095,97.4753,0.0671,14.558,27.662,39.116,1,0.0,31810.7963,28195.9331,26171.6097,78514.8291
396,Q4,Poor mobile connectivity,96,722,0.00928341,9.2834,291,291,261,237,711,3555,1,2,843,11,1,89.6907,81.4433,1.896,21.406,26.9859,15.8076,121.1041,121.17,0.033,29.3249,22.2855,33.4177,1,0.0,31346.2504,28114.6782,25529.4204,76588.2612
397,Q4,Poor mobile connectivity,97,723,0.00791951,7.9195,220,220,190,172,516,2580,2,2,630,10,2,86.3636,78.1818,1.376,21.4226,26.9348,14.5455,86.511,85.8928,0.3091,24.7442,24.0433,31.3953,2,0.0,27779.4824,23991.3712,21718.5044,65155.5133
398,Q4,Poor mobile connectivity,98,724,0.00879571,8.7957,267,267,238,218,654,3270,1,2,772,11,1,89.1386,81.6479,1.744,21.3688,26.8624,14.9813,114.5191,114.7586,0.1197,28.8073,22.1852,32.7523,2,0.0,30355.704,27058.6426,24784.807,74354.4211
399,Q4,Poor mobile connectivity,99,725,0.04645048,46.4505,249,249,222,203,609,3045,2,2,720,10,2,89.1566,81.5261,1.624,21.517,27.0527,16.0643,98.2835,98.3137,0.0151,25.0,30.0031,40.2956,1,0.0,5360.5474,4779.2832,4370.2455,13110.7364
400,Q4,Poor mobile connectivity,100,726,0.00951393,9.5139,267,267,238,222,666,3330,3,2,772,9,3,89.1386,83.1461,1.776,21.2505,26.8279,12.7341,102.9939,102.5917,0.2011,32.2162,28.0117,39.4595,1,0.0,28064.1153,25015.9529,23334.2082,70002.6246
401,Q5,Stake-skewed validator set,1,627,0.00907197,9.072,293,293,289,282,846,4230,0,2,875,14,0,98.6348,96.2457,2.82,17.8666,23.3157,15.0171,115.3498,115.1259,0.112,27.6312,25.0301,36.8085,1,0.0,32297.2778,31856.3593,31084.752,93254.2561
402,Q5,Stake-skewed validator set,2,628,0.00981519,9.8152,312,312,307,303,909,4545,0,2,931,14,0,98.3974,97.1154,2.9135,17.7404,23.2098,12.8205,114.3804,114.3313,0.0246,30.44,22.5753,34.8515,1,0.0,31787.4576,31278.0433,30870.5118,92611.5353
403,Q5,Stake-skewed validator set,3,629,0.01055493,10.5549,340,340,336,327,981,4905,0,2,1016,14,0,98.8235,96.1765,2.8853,17.9456,23.4064,16.7647,143.9232,144.4175,0.2471,24.3425,24.0092,30.6422,2,0.0,32212.4353,31833.4655,30980.7834,92942.3502
404,Q5,Stake-skewed validator set,4,630,0.01037309,10.3731,320,320,313,309,927,4635,0,2,953,14,0,97.8125,96.5625,2.8969,17.851,23.3565,12.8125,124.6068,124.7028,0.048,32.5955,28.0886,38.5113,1,0.0,30849.0616,30174.2384,29788.6251,89365.8754
405,Q5,Stake-skewed validator set,5,631,0.01188278,11.8828,356,356,355,345,1035,5175,0,2,1067,14,0,99.7191,96.9101,2.9073,17.7381,23.3139,13.4831,116.5109,116.392,0.0595,27.6812,22.0416,31.3043,2,0.0,29959.3142,29875.1589,29033.6051,87100.8153
406,Q5,Stake-skewed validator set,6,632,0.01089784,10.8978,353,353,350,342,1026,5130,0,2,1056,14,0,99.1501,96.8839,2.9065,17.9093,23.4103,14.4476,137.671,138.1527,0.2409,24.0936,24.0007,30.1754,2,0.0,32391.7341,32116.4502,31382.3599,94147.0798
407,Q5,Stake-skewed validator set,7,633,0.00977246,9.7725,308,308,306,303,909,4545,0,2,922,14,0,99.3506,98.3766,2.9513,18.1009,23.5998,17.5325,119.9885,119.906,0.0413,29.824,22.4028,34.0594,1,0.0,31517.1378,31312.4811,31005.496,93016.4879
408,Q5,Stake-skewed validator set,8,634,0.00964324,9.6432,298,298,291,284,852,4260,0,2,887,14,0,97.651,95.302,2.84,17.898,23.3893,14.7651,108.7073,108.5403,0.0835,25.2394,24.12,32.3239,2,0.0,30902.4768,30176.5797,29450.6826,88352.0477
409,Q5,Stake-skewed validator set,9,635,0.01077928,10.7793,361,361,358,351,1053,5265,0,2,1080,14,0,99.169,97.2299,2.9169,17.7839,23.253,13.2964,136.3687,136.4314,0.0314,40.2279,40.0008,60.0,1,0.0,33490.1837,33211.8719,32562.4777,97687.4332
410,Q5,Stake-skewed validator set,10,636,0.01303759,13.0376,359,359,352,345,1035,5175,0,2,1070,14,0,98.0501,96.1003,2.883,17.7503,23.1941,15.3203,114.9699,114.8776,0.0461,27.1401,22.0091,30.6087,2,0.0,27535.7618,26998.8528,26461.9438,79385.8313
411,Q5,Stake-skewed validator set,11,637,0.00907143,9.0714,283,283,279,274,822,4110,0,2,845,14,0,98.5866,96.8198,2.74,17.8042,23.2559,15.9011,103.6502,103.9956,0.1727,27.3479,22.0188,30.8759,2,0.0,31196.8627,30755.9176,30204.7363,90614.2089
412,Q5,Stake-skewed validator set,12,638,0.00995558,9.9556,310,310,308,302,906,4530,0,2,928,14,0,99.3548,97.4194,2.9226,17.9608,23.3445,17.4194,106.8199,106.7195,0.0502,28.3664,22.1167,32.1854,2,0.0,31138.307,30937.4147,30334.7378,91004.2134
413,Q5,Stake-skewed validator set,13,639,0.00879946,8.7995,296,296,292,284,852,4260,0,2,884,14,0,98.6486,95.9459,2.84,17.7286,23.1909,12.1622,117.7242,117.8714,0.0736,32.0563,28.0008,40.1408,1,0.0,33638.4316,33183.8582,32274.7114,96824.1343
414,Q5,Stake-skewed validator set,14,640,0.00966909,9.6691,267,267,266,259,777,3885,0,2,800,14,0,99.6255,97.0037,2.59,18.0069,23.466,15.7303,116.3378,116.508,0.0851,27.1171,22.0082,30.5792,2,0.0,27613.7643,27510.342,26786.3856,80359.1568
415,Q5,Stake-skewed validator set,15,641,0.00877531,8.7753,302,302,297,292,876,4380,0,2,901,14,0,98.3444,96.6887,2.9007,17.7882,23.3509,15.5629,109.8958,110.2867,0.1954,25.0,30.0322,39.0411,1,0.0,34414.7308,33844.9505,33275.1702,99825.5105
416,Q5,Stake-skewed validator set,16,642,0.01159374,11.5937,376,376,370,366,1098,5490,0,2,1122,14,0,98.4043,97.3404,2.9202,17.945,23.4,17.5532,129.5481,129.6436,0.0477,29.4718,22.318,33.6066,1,0.0,32431.2976,31913.7769,31568.7631,94706.2893
417,Q5,Stake-skewed validator set,17,643,0.00867452,8.6745,288,288,284,278,834,4170,0,2,860,14,0,98.6111,96.5278,2.78,18.0205,23.5164,16.6667,116.6983,117.2093,0.2555,28.5132,22.1378,32.3741,2,0.0,33200.6728,32739.5524,32047.8717,96143.615
418,Q5,Stake-skewed validator set,18,644,0.00916723,9.1672,271,271,268,262,786,3930,0,2,810,14,0,98.893,96.679,2.62,17.901,23.4165,14.7601,113.6018,113.8415,0.1199,29.3384,22.2884,33.4351,1,0.0,29561.8229,29234.5702,28580.0649,85740.1948
419,Q5,Stake-skewed validator set,19,645,0.01031633,10.3163,354,354,346,340,1020,5100,0,2,1054,14,0,97.7401,96.0452,2.8814,18.0042,23.5315,17.5141,134.7262,134.6556,0.0353,32.6118,28.0936,41.5294,1,0.0,34314.5152,33539.0459,32957.444,98872.332
420,Q5,Stake-skewed validator set,20,646,0.01169445,11.6945,372,372,363,361,1083,5415,0,2,1107,14,0,97.5806,97.043,2.9113,17.9026,23.4115,17.4731,136.6355,136.4419,0.0968,27.1191,22.0083,30.5817,2,0.0,31809.953,31040.3573,30869.3361,92608.0083
421,Q5,Stake-skewed validator set,21,647,0.0101486,10.1486,333,333,328,325,975,4875,0,2,994,14,0,98.4985,97.5976,2.9279,18.0013,23.5367,16.2162,131.8574,131.6062,0.1256,32.1723,28.0074,39.5692,1,0.0,32812.4044,32319.7256,32024.1184,96072.3552
422,Q5,Stake-skewed validator set,22,648,0.00885563,8.8556,293,293,287,283,849,4245,0,2,873,14,0,97.9522,96.587,2.83,18.0181,23.4256,18.7713,118.3351,118.0542,0.1404,26.6667,44.0,60.0,1,0.0,33086.3002,32408.7651,31957.075,95871.225
423,Q5,Stake-skewed validator set,23,649,0.01057478,10.5748,340,340,332,324,972,4860,0,2,1012,14,0,97.6471,95.2941,2.8588,18.0074,23.4927,16.7647,122.246,121.6589,0.2935,10.1852,26.0027,30.3704,2,0.0,32151.9661,31395.4492,30638.9324,91916.7971
424,Q5,Stake-skewed validator set,24,650,0.0099916,9.9916,295,295,293,282,846,4230,0,2,883,14,0,99.322,95.5932,2.82,18.2027,23.633,20.339,111.1357,110.9982,0.0687,32.7376,28.136,38.156,1,0.0,29524.789,29324.621,28223.6966,84671.0898
425,Q5,Stake-skewed validator set,25,651,0.00961191,9.6119,298,298,294,291,873,4365,0,2,890,14,0,98.6577,97.651,2.91,17.9911,23.5401,16.443,124.252,123.8398,0.2061,29.4731,22.3183,33.6082,1,0.0,31003.2001,30587.0498,30274.937,90824.811
426,Q5,Stake-skewed validator set,26,652,0.0082469,8.2469,279,279,276,272,816,4080,0,2,834,14,0,98.9247,97.491,2.72,18.1537,23.7202,18.638,111.5241,111.4345,0.0448,32.9412,28.2215,37.6471,1,0.0,33830.9022,33467.1291,32982.0982,98946.2947
427,Q5,Stake-skewed validator set,27,653,0.00846442,8.4644,285,285,277,270,810,4050,0,2,847,14,0,97.193,94.7368,2.7,18.0245,23.6626,17.193,104.9121,104.3776,0.2672,10.5556,26.0247,31.1111,2,0.0,33670.3519,32725.2192,31898.2281,95694.6843
428,Q5,Stake-skewed validator set,28,654,0.00956013,9.5601,320,320,319,315,945,4725,0,2,959,14,0,99.6875,98.4375,2.9531,18.0749,23.5852,16.5625,113.6016,113.1446,0.2285,28.0741,22.08,31.8095,2,0.0,33472.3552,33367.7541,32949.3496,98848.0489
429,Q5,Stake-skewed validator set,29,655,0.00969468,9.6947,337,337,331,322,966,4830,0,2,1005,14,0,98.2196,95.549,2.8665,18.161,23.6289,18.9911,118.2588,118.3676,0.0544,40.2174,42.0038,60.0,1,0.0,34761.3258,34142.4298,33214.0858,99642.2575
430,Q5,Stake-skewed validator set,30,656,0.00889824,8.8982,270,270,266,261,783,3915,0,2,806,14,0,98.5185,96.6667,2.61,17.8049,23.3232,14.4444,97.5629,97.5479,0.0075,27.4713,22.0262,31.0345,2,0.0,30343.0654,29893.5385,29331.6299,87994.8898
431,Q5,Stake-skewed validator set,31,657,0.01026257,10.2626,351,351,345,341,1023,5115,0,2,1047,14,0,98.2906,97.151,2.9145,17.8384,23.3577,14.8148,115.181,114.8703,0.1554,27.5562,22.032,31.1437,2,0.0,34201.9758,33617.3267,33227.5606,99682.6817
432,Q5,Stake-skewed validator set,32,658,0.01400785,14.0078,277,277,276,271,813,4065,0,2,830,14,0,99.639,97.8339,2.71,17.8584,23.3579,14.0794,99.5518,99.8433,0.1457,32.797,28.1588,41.9926,1,0.0,19774.6278,19703.2392,19346.2965,58038.8895
433,Q5,Stake-skewed validator set,33,659,0.00889849,8.8985,293,293,289,281,843,4215,0,2,875,14,0,98.6348,95.9044,2.81,18.1365,23.6754,17.7474,108.6154,108.4086,0.1034,40.8541,40.0114,60.0,1,0.0,32926.9348,32477.4203,31578.3914,94735.1742
434,Q5,Stake-skewed validator set,34,660,0.0108409,10.8409,355,355,350,345,1035,5175,0,2,1060,14,0,98.5915,97.1831,2.9155,17.8573,23.326,14.9296,142.6534,141.9927,0.3303,26.7343,22.0002,30.087,2,0.0,32746.3678,32285.1513,31823.9349,95471.8046
435,Q5,Stake-skewed validator set,35,661,0.00946714,9.4671,345,345,337,327,981,4905,0,2,1027,14,0,97.6812,94.7826,2.8435,18.1629,23.589,19.4203,122.9481,122.7822,0.0829,29.1641,22.252,33.211,2,0.0,36441.8553,35596.8267,34540.5411,103621.6233
436,Q5,Stake-skewed validator set,36,662,0.01087649,10.8765,358,358,350,343,1029,5145,0,2,1066,14,0,97.7654,95.8101,2.8743,17.9314,23.3851,16.2011,136.6378,136.9265,0.1443,24.8863,24.0614,31.6618,2,0.0,32915.0214,32179.4902,31535.9004,94607.7012
437,Q5,Stake-skewed validator set,37,663,0.01091807,10.9181,346,346,340,335,1005,5025,0,2,1032,14,0,98.2659,96.8208,2.9046,17.988,23.4428,17.6301,140.7235,140.2442,0.2397,27.1542,22.0096,30.6269,2,0.0,31690.5856,31141.0379,30683.0814,92049.2442
438,Q5,Stake-skewed validator set,38,664,0.00827231,8.2723,262,262,256,249,747,3735,0,2,780,14,0,97.7099,95.0382,2.49,17.8359,23.3179,16.4122,102.6886,102.327,0.1808,30.5087,22.5965,34.9398,1,0.0,31671.9157,30946.6047,30100.4084,90301.2253
439,Q5,Stake-skewed validator set,39,665,0.01426536,14.2654,350,350,345,340,1020,5100,0,2,1045,14,0,98.5714,97.1429,2.9143,17.7498,23.2309,12.8571,135.7268,135.5609,0.083,29.4118,22.3045,33.5294,1,0.0,24534.966,24184.4665,23833.967,71501.9009
440,Q5,Stake-skewed validator set,40,666,0.01142416,11.4242,264,264,261,257,771,3855,0,2,789,14,0,98.8636,97.3485,2.57,17.7769,23.3196,14.3939,101.2216,101.5907,0.1846,30.0259,22.456,34.3191,1,0.0,23108.9221,22846.3207,22496.1855,67488.5565
441,Q5,Stake-skewed validator set,41,667,0.00984035,9.8403,322,322,316,307,921,4605,0,2,960,14,0,98.1366,95.3416,2.8602,17.7501,23.1312,14.2857,131.8251,131.9676,0.0712,27.5027,22.0282,31.0749,2,0.0,32722.42,32112.6854,31198.0836,93594.2509
442,Q5,Stake-skewed validator set,42,668,0.0092109,9.2109,271,271,264,259,777,3885,0,2,806,14,0,97.417,95.572,2.59,17.9511,23.4605,17.7122,119.6362,120.3473,0.3556,29.8198,22.4018,34.0541,1,0.0,29421.673,28661.7036,28118.8683,84356.605
443,Q5,Stake-skewed validator set,43,669,0.00953786,9.5379,322,322,315,311,933,4665,0,2,959,14,0,97.8261,96.5839,2.8975,17.8744,23.2997,16.7702,129.8018,130.1152,0.1567,24.9775,24.0746,31.8328,2,0.0,33760.1794,33026.2625,32606.8814,97820.6441
444,Q5,Stake-skewed validator set,44,670,0.00953363,9.5336,306,306,299,295,885,4425,0,2,911,14,0,97.7124,96.4052,2.8922,17.9248,23.3858,17.3203,122.1329,122.8767,0.3719,29.5932,22.3461,33.7627,1,0.0,32096.9134,31362.6703,30943.1028,92829.3083
445,Q5,Stake-skewed validator set,45,671,0.00970568,9.7057,347,347,345,340,1020,5100,0,2,1039,14,0,99.4236,97.9827,2.9395,18.0273,23.4721,17.5793,120.7536,120.3045,0.2245,26.9412,22.003,30.3529,2,0.0,35752.2495,35546.1846,35031.0225,105093.0676
446,Q5,Stake-skewed validator set,46,672,0.00952158,9.5216,330,330,323,313,939,4695,0,2,983,14,0,97.8788,94.8485,2.8455,17.9448,23.4634,14.8485,123.8694,123.9317,0.0311,30.7668,22.6793,35.2716,1,0.0,34658.1098,33922.9378,32872.692,98618.0761
447,Q5,Stake-skewed validator set,47,673,0.00887303,8.873,263,263,257,253,759,3795,0,2,783,14,0,97.7186,96.1977,2.53,17.8081,23.3332,15.9696,97.2164,96.8002,0.2081,40.1779,42.0025,60.0,1,0.0,29640.3721,28964.1659,28513.3618,85540.0853
448,Q5,Stake-skewed validator set,48,674,0.00911374,9.1137,316,316,312,307,921,4605,0,2,944,14,0,98.7342,97.1519,2.9146,18.1083,23.643,17.7215,127.4183,127.2705,0.0739,24.4691,24.0172,30.8795,2,0.0,34672.9186,34234.0209,33685.3988,101056.1964
449,Q5,Stake-skewed validator set,49,675,0.00960747,9.6075,348,348,341,333,999,4995,0,2,1037,14,0,97.9885,95.6897,2.8707,18.0794,23.5212,17.5287,139.597,139.5932,0.0019,25.0,30.0668,38.6186,1,0.0,36221.8262,35493.2263,34660.5406,103981.6218
450,Q5,Stake-skewed validator set,50,676,0.00859967,8.5997,274,274,270,266,798,3990,0,2,818,14,0,98.5401,97.0803,2.66,17.8514,23.3098,14.5985,101.1884,101.8487,0.3302,32.1805,28.0081,40.4511,1,0.0,31861.6914,31396.5572,30931.4231,92794.2692
451,Q5,Stake-skewed validator set,51,677,0.00995657,9.9566,308,308,296,290,870,4350,0,2,912,14,0,96.1039,94.1558,2.8247,17.9149,23.3627,16.2338,124.8228,125.0364,0.1068,33.1034,28.3044,42.7586,1,0.0,30934.351,29729.1165,29126.4993,87379.4979
452,Q5,Stake-skewed validator set,52,678,0.00824487,8.2449,267,267,261,254,762,3810,0,2,795,14,0,97.7528,95.1311,2.54,17.8906,23.4004,16.1049,110.9412,110.6492,0.146,24.378,24.0112,30.7087,2,0.0,32383.7693,31656.0441,30807.0314,92421.0943
453,Q5,Stake-skewed validator set,53,679,0.01009674,10.0967,361,361,359,352,1056,5280,0,2,1081,14,0,99.446,97.5069,2.9252,18.1132,23.6364,16.3435,139.1244,139.2432,0.0594,32.2273,28.0129,39.4318,1,0.0,35754.1147,35556.031,34862.7379,104588.2136
454,Q5,Stake-skewed validator set,54,680,0.01115156,11.1516,378,378,375,367,1101,5505,0,2,1131,14,0,99.2063,97.0899,2.9127,17.9515,23.4909,15.873,128.3311,128.9671,0.318,40.0136,42.0,60.0,1,0.0,33896.6028,33627.5821,32910.1937,98730.5812
455,Q5,Stake-skewed validator set,55,681,0.00903038,9.0304,344,344,335,331,993,4965,0,2,1023,14,0,97.3837,96.2209,2.8866,17.6412,23.1264,13.3721,120.705,120.3235,0.1908,32.7009,28.1228,38.2477,1,0.0,38093.6435,37097.0075,36654.0581,109962.1743
456,Q5,Stake-skewed validator set,56,682,0.00834163,8.3416,274,274,273,264,792,3960,0,2,821,14,0,99.635,96.3504,2.64,18.342,23.8404,21.8978,113.9484,114.0473,0.0494,27.7273,22.0455,31.3636,2,0.0,32847.2854,32727.4048,31648.4794,94945.4381
457,Q5,Stake-skewed validator set,57,683,0.00828676,8.2868,269,269,265,259,777,3885,0,2,803,14,0,98.513,96.2825,2.59,18.2985,23.7584,21.1896,108.9436,109.145,0.1007,29.6396,22.3572,33.8224,1,0.0,32461.4008,31978.7034,31254.6573,93763.9718
458,Q5,Stake-skewed validator set,58,684,0.00988252,9.8825,336,336,331,322,966,4830,0,2,1003,14,0,98.5119,95.8333,2.875,17.9386,23.467,16.0714,128.3064,127.9353,0.1855,32.7453,28.1389,41.8634,1,0.0,33999.4115,33493.4679,32582.7693,97748.308
459,Q5,Stake-skewed validator set,59,685,0.01059245,10.5925,311,311,304,295,885,4425,0,2,926,14,0,97.7492,94.8553,2.8457,17.9906,23.5051,16.7203,107.0928,107.0082,0.0423,32.3525,28.0311,39.1186,1,0.0,29360.5268,28699.6789,27850.0174,83550.0521
460,Q5,Stake-skewed validator set,60,686,0.00885965,8.8597,293,293,289,284,852,4260,0,2,875,14,0,98.6348,96.9283,2.84,17.8856,23.3812,16.7235,114.4069,114.4535,0.0233,29.4601,22.3153,33.5915,1,0.0,33071.2801,32619.7951,32055.4388,96166.3163
461,Q5,Stake-skewed validator set,61,687,0.00899353,8.9935,291,291,284,281,843,4215,0,2,866,14,0,97.5945,96.5636,2.81,17.8694,23.3,15.8076,117.4116,117.2118,0.0999,26.2206,24.3853,34.1637,1,0.0,32356.5797,31578.2428,31244.6698,93734.0093
462,Q5,Stake-skewed validator set,62,688,0.01009823,10.0982,330,330,327,321,963,4815,0,2,987,14,0,99.0909,97.2727,2.9182,17.8581,23.4174,15.4545,110.0066,110.0465,0.02,24.2492,24.0049,30.4673,2,0.0,32678.9813,32381.8996,31787.7364,95363.2091
463,Q5,Stake-skewed validator set,63,689,0.00962741,9.6274,336,336,330,318,954,4770,0,2,1002,14,0,98.2143,94.6429,2.8393,17.9688,23.495,18.1548,122.782,122.3663,0.2079,27.9874,22.0705,31.6981,2,0.0,34900.3595,34277.1388,33030.6974,99092.0921
464,Q5,Stake-skewed validator set,64,690,0.00857472,8.5747,275,275,272,267,801,4005,0,2,822,14,0,98.9091,97.0909,2.67,17.7319,23.2795,13.4545,119.5774,119.3456,0.1159,29.7253,22.378,33.9326,1,0.0,32071.0255,31721.1598,31138.0503,93414.1508
465,Q5,Stake-skewed validator set,65,691,0.00844809,8.4481,274,274,272,269,807,4035,0,2,820,14,0,99.2701,98.1752,2.69,17.967,23.4391,16.0584,94.7279,94.1993,0.2643,25.0,30.0327,39.0335,1,0.0,32433.3589,32196.6191,31841.5093,95524.5279
466,Q5,Stake-skewed validator set,66,692,0.00971425,9.7143,347,347,344,334,1002,5010,0,2,1038,14,0,99.1354,96.2536,2.8876,17.892,23.4722,15.562,135.8219,135.5568,0.1326,26.7784,24.6031,35.2096,1,0.0,35720.7012,35411.8767,34382.4617,103147.385
467,Q5,Stake-skewed validator set,67,693,0.00913783,9.1378,315,315,312,307,921,4605,0,2,942,14,0,99.0476,97.4603,2.9238,17.9824,23.5492,17.1429,113.139,113.1076,0.0157,32.2866,28.0205,40.7166,1,0.0,34472.0679,34143.7625,33596.5869,100789.7606
468,Q5,Stake-skewed validator set,68,694,0.01141794,11.4179,303,303,295,294,882,4410,0,2,901,14,0,97.3597,97.0297,2.9109,18.0119,23.4746,17.1617,115.8506,115.6209,0.1148,30.1587,22.4928,34.4898,1,0.0,26537.1909,25836.539,25748.9575,77246.8724
469,Q5,Stake-skewed validator set,69,695,0.00893655,8.9365,288,288,283,280,840,4200,0,2,859,14,0,98.2639,97.2222,2.8,17.9024,23.3772,13.8889,114.692,114.3546,0.1687,28.1667,22.0909,31.9286,2,0.0,32227.2054,31667.7053,31332.0052,93996.0157
470,Q5,Stake-skewed validator set,70,696,0.01007454,10.0745,355,355,352,344,1032,5160,0,2,1062,14,0,99.1549,96.9014,2.907,17.9918,23.5794,16.9014,123.6269,123.6173,0.0048,25.7674,24.2441,33.314,2,0.0,35237.3409,34939.5605,34145.4796,102436.4388
471,Q5,Stake-skewed validator set,71,697,0.01053118,10.5312,347,347,343,339,1017,5085,0,2,1037,14,0,98.8473,97.6945,2.9308,17.894,23.406,14.9856,121.0798,121.3824,0.1513,27.5615,22.0324,31.1504,2,0.0,32949.7802,32569.9556,32190.1311,96570.3932
472,Q5,Stake-skewed validator set,72,698,0.00950789,9.5079,326,326,321,315,945,4725,0,2,973,14,0,98.4663,96.6258,2.8988,17.684,23.2127,15.0307,122.6034,122.174,0.2147,26.5905,24.5243,34.8571,1,0.0,34287.3021,33761.4233,33130.3686,99391.1059
473,Q5,Stake-skewed validator set,73,699,0.0091793,9.1793,296,296,292,287,861,4305,0,2,884,14,0,98.6486,96.9595,2.87,18.1962,23.6602,16.2162,104.7226,104.717,0.0028,27.3984,22.0216,30.9408,2,0.0,32246.4641,31810.7011,31265.9973,93797.9918
474,Q5,Stake-skewed validator set,74,700,0.00865287,8.6529,280,280,273,264,792,3960,0,2,833,14,0,97.5,94.2857,2.64,17.8908,23.2905,16.4286,116.9449,117.3361,0.1956,24.4848,24.0184,30.9091,2,0.0,32359.2169,31550.2365,30510.1188,91530.3564
475,Q5,Stake-skewed validator set,75,701,0.01001875,10.0188,355,355,347,340,1020,5100,0,2,1057,14,0,97.7465,95.7746,2.8732,18.0968,23.6528,18.3099,130.6429,130.9685,0.1628,28.3137,22.1096,32.1176,2,0.0,35433.5479,34635.0454,33936.3558,101809.0673
476,Q5,Stake-skewed validator set,76,702,0.00990483,9.9048,314,314,309,304,912,4560,0,2,937,14,0,98.4076,96.8153,2.9045,18.0756,23.5472,16.879,117.4466,117.2388,0.1039,32.0526,28.0007,39.8684,1,0.0,31701.7115,31196.9072,30692.1029,92076.3086
477,Q5,Stake-skewed validator set,77,703,0.01044056,10.4406,351,351,345,338,1014,5070,0,2,1047,14,0,98.2906,96.2963,2.8889,17.877,23.339,15.9544,133.7503,133.6832,0.0335,32.8047,28.1619,42.0118,1,0.0,33618.896,33044.214,32373.7517,97121.2551
478,Q5,Stake-skewed validator set,78,704,0.00941358,9.4136,348,348,344,337,1011,5055,0,2,1040,14,0,98.8506,96.8391,2.9052,18.0149,23.6046,16.6667,132.347,132.4702,0.0616,26.0415,24.3256,33.8279,1,0.0,36967.8855,36542.9673,35799.3604,107398.0812
479,Q5,Stake-skewed validator set,79,705,0.01155995,11.5599,371,371,365,358,1074,5370,0,2,1107,14,0,98.3827,96.496,2.8949,17.8845,23.4209,15.3639,140.7444,141.6819,0.4688,32.2235,28.0125,39.4413,1,0.0,32093.57,31574.5365,30968.9974,92906.9923
480,Q5,Stake-skewed validator set,80,706,0.01107755,11.0776,336,336,334,327,981,4905,0,2,1006,14,0,99.4048,97.3214,2.9196,17.8335,23.343,15.1786,129.8655,130.2366,0.1856,32.0245,28.0001,40.0612,1,0.0,30331.6166,30151.0713,29519.1626,88557.4879
481,Q5,Stake-skewed validator set,81,707,0.0103136,10.3136,364,364,357,352,1056,5280,0,2,1085,14,0,98.0769,96.7033,2.9011,18.0689,23.5309,18.6813,124.0336,123.569,0.2323,25.0,30.0041,40.3409,1,0.0,35293.1914,34614.4762,34129.6796,102389.0388
482,Q5,Stake-skewed validator set,82,708,0.00949571,9.4957,280,280,274,269,807,4035,0,2,834,14,0,97.8571,96.0714,2.69,17.7001,23.2583,13.2143,122.9998,122.6156,0.1921,27.9678,22.0684,31.6729,2,0.0,29486.9875,28855.1235,28328.5701,84985.7104
483,Q5,Stake-skewed validator set,83,709,0.01038785,10.3879,316,316,312,305,915,4575,0,2,944,14,0,98.7342,96.519,2.8956,17.8082,23.2716,14.557,120.5721,120.2945,0.1388,26.0459,24.327,33.8361,1,0.0,30420.1485,30035.0833,29361.2192,88083.6577
484,Q5,Stake-skewed validator set,84,710,0.01032007,10.3201,348,348,343,336,1008,5040,0,2,1039,14,0,98.5632,96.5517,2.8966,18.125,23.6401,18.6782,128.6605,128.5265,0.067,10.8036,26.0517,31.6071,2,0.0,33720.7113,33236.2183,32557.9282,97673.7845
485,Q5,Stake-skewed validator set,85,711,0.0088557,8.8557,287,287,281,277,831,4155,0,2,855,14,0,97.9094,96.5157,2.77,17.9607,23.4847,16.3763,114.1603,114.5102,0.175,32.722,28.1303,41.8051,1,0.0,32408.5162,31730.9863,31279.2996,93837.8989
486,Q5,Stake-skewed validator set,86,712,0.00829135,8.2914,288,288,281,272,816,4080,0,2,857,14,0,97.5694,94.4444,2.72,18.1539,23.7336,20.8333,106.1288,106.2326,0.0519,26.8382,22.0012,30.2206,2,0.0,34734.974,33890.7211,32805.2532,98415.7595
487,Q5,Stake-skewed validator set,87,713,0.00833024,8.3302,266,266,263,256,768,3840,0,2,795,14,0,98.8722,96.2406,2.56,17.8138,23.2889,12.406,110.8495,110.6107,0.1194,28.3073,22.1088,32.1094,2,0.0,31931.8646,31571.7308,30731.4186,92194.2557
488,Q5,Stake-skewed validator set,88,714,0.00997481,9.9748,370,370,364,357,1071,5355,0,2,1104,14,0,98.3784,96.4865,2.8946,18.1499,23.6948,17.8378,128.6957,128.7753,0.0398,32.2913,28.0212,39.2717,1,0.0,37093.4532,36491.9378,35790.1698,107370.5093
489,Q5,Stake-skewed validator set,89,715,0.01042629,10.4263,346,346,340,334,1002,5010,0,2,1032,14,0,98.2659,96.5318,2.896,17.8283,23.3674,13.0058,135.086,135.7784,0.3462,32.1916,28.0092,40.479,1,0.0,33185.3325,32609.8643,32034.3961,96103.1884
490,Q5,Stake-skewed validator set,90,716,0.0092058,9.2058,299,299,296,290,870,4350,0,2,894,14,0,98.9967,96.99,2.9,18.0432,23.4769,18.7291,103.6133,103.8042,0.0955,40.0,40.0,60.0,1,0.0,32479.5238,32153.6423,31501.8792,94505.6377
491,Q5,Stake-skewed validator set,91,717,0.00904891,9.0489,316,316,315,307,921,4605,0,2,947,14,0,99.6835,97.1519,2.9146,18.1435,23.7757,18.6709,119.791,119.8894,0.0492,40.8958,42.0642,60.0,1,0.0,34921.3253,34810.8148,33926.7306,101780.1919
492,Q5,Stake-skewed validator set,92,718,0.01061487,10.6149,358,358,355,347,1041,5205,0,2,1071,14,0,99.162,96.9274,2.9078,17.9897,23.5093,16.4804,123.6346,123.8932,0.1293,24.6916,24.0374,31.2968,2,0.0,33726.2822,33443.6597,32689.9998,98069.9994
493,Q5,Stake-skewed validator set,93,719,0.00991495,9.9149,265,265,259,255,765,3825,0,2,789,14,0,97.7358,96.2264,2.55,18.0539,23.5561,18.4906,96.4751,95.935,0.27,25.1922,24.111,32.2353,2,0.0,26727.3293,26122.1822,25718.7508,77156.2525
494,Q5,Stake-skewed validator set,94,720,0.01125226,11.2523,375,375,370,364,1092,5460,0,2,1120,14,0,98.6667,97.0667,2.912,18.0809,23.5979,17.0667,134.1996,134.2624,0.0314,26.1978,24.3774,34.1209,1,0.0,33326.6295,32882.2744,32349.0484,97047.1451
495,Q5,Stake-skewed validator set,95,721,0.00983594,9.8359,359,359,352,345,1035,5175,0,2,1070,14,0,98.0501,96.1003,2.883,17.9073,23.3972,15.0418,136.7246,137.0204,0.1479,24.6957,24.0378,31.3043,2,0.0,36498.803,35787.1272,35075.4514,105226.3541
496,Q5,Stake-skewed validator set,96,722,0.01046719,10.4672,275,275,271,269,807,4035,0,2,821,14,0,98.5455,97.8182,2.69,18.0151,23.4598,18.1818,113.5503,113.9987,0.2242,30.223,22.5111,34.5725,1,0.0,26272.5767,25890.4302,25699.3569,77098.0707
497,Q5,Stake-skewed validator set,97,723,0.01048208,10.4821,343,343,337,331,993,4965,0,2,1023,14,0,98.2507,96.5015,2.895,17.9023,23.355,15.1603,115.8481,115.6609,0.0936,24.6284,24.0309,31.1782,2,0.0,32722.5225,32150.1168,31577.7112,94733.1335
498,Q5,Stake-skewed validator set,98,724,0.00818331,8.1833,266,266,261,256,768,3840,0,2,793,14,0,98.1203,96.2406,2.56,17.8963,23.5059,15.4135,111.9602,112.5034,0.2716,28.6719,22.1625,32.5781,2,0.0,32505.1923,31894.1924,31283.1926,93849.5777
499,Q5,Stake-skewed validator set,99,725,0.0089673,8.9673,306,306,301,291,873,4365,0,2,913,14,0,98.366,95.098,2.8529,18.0148,23.4512,16.6667,124.8464,125.1546,0.1541,30.1145,22.4804,34.433,1,0.0,34123.9838,33566.4024,32451.2395,97353.7185
500,Q5,Stake-skewed validator set,100,726,0.00899796,8.998,283,283,280,273,819,4095,0,2,846,14,0,98.9399,96.4664,2.73,17.8326,23.3384,15.5477,118.106,118.0979,0.004,32.4982,28.062,41.2454,1,0.0,31451.57,31118.1611,30340.2071,91020.6212
501,Q6,Risky/offline validator case,1,627,0.00859907,8.5991,274,274,272,270,810,4050,3,2,820,11,3,99.2701,98.5401,2.7,18.1245,23.6181,18.2482,98.3201,98.5112,0.0956,28.7407,22.1738,32.6667,2,0.0,31863.8923,31631.3092,31398.726,94196.1781
502,Q6,Risky/offline validator case,2,628,0.00678639,6.7864,225,225,218,213,639,3195,1,2,668,13,1,96.8889,94.6667,2.13,18.2213,23.6885,19.5556,91.1259,90.9066,0.1097,32.7887,28.1555,41.9718,1,0.0,33154.6128,32123.1359,31386.3668,94159.1003
503,Q6,Risky/offline validator case,3,629,0.00767901,7.679,260,260,258,253,759,3795,5,2,778,9,5,99.2308,97.3077,2.53,18.1348,23.569,20.0,122.3022,122.3641,0.0309,14.6509,36.0781,41.9763,1,0.0,33858.5268,33598.0766,32946.9511,98840.8533
504,Q6,Risky/offline validator case,4,630,0.00763913,7.6391,220,220,218,217,651,3255,1,2,658,13,1,99.0909,98.6364,2.17,18.0722,23.5513,15.9091,94.6217,94.2508,0.1855,26.7281,24.5815,35.1152,1,0.0,28799.0872,28537.2773,28406.3724,85219.1172
505,Q6,Risky/offline validator case,5,631,0.0075793,7.5793,243,243,240,236,708,3540,4,2,726,10,4,98.7654,97.1193,2.36,18.0308,23.569,17.6955,109.6722,109.0832,0.2945,42.1695,40.0735,60.0,1,0.0,32061.0167,31665.2017,31137.4483,93412.345
506,Q6,Risky/offline validator case,6,632,0.00920434,9.2043,328,328,321,313,939,4695,6,2,977,8,6,97.8659,95.4268,2.8628,18.0463,23.6089,17.378,132.7621,132.3683,0.1969,25.0,30.0001,40.0639,1,0.0,35635.3788,34874.8677,34005.7121,102017.1363
507,Q6,Risky/offline validator case,7,633,0.01242103,12.421,302,302,296,294,882,4410,1,2,900,13,1,98.0132,97.351,2.9205,18.2423,23.7274,21.1921,118.3925,118.7585,0.183,25.3061,24.1333,32.449,2,0.0,24313.6115,23830.5596,23669.5423,71008.6268
508,Q6,Risky/offline validator case,8,634,0.00687885,6.8789,221,221,214,211,633,3165,5,2,656,9,5,96.8326,95.4751,2.11,18.1153,23.5941,17.6471,90.7279,90.586,0.0709,25.5924,24.1981,32.9858,2,0.0,32127.4585,31109.8467,30673.7273,92021.182
509,Q6,Risky/offline validator case,9,635,0.00796428,7.9643,253,253,250,245,735,3675,4,2,756,10,4,98.8142,96.8379,2.45,17.7093,23.2995,13.0435,116.6834,116.7738,0.0452,32.4898,28.06,38.7755,1,0.0,31766.831,31390.1492,30762.3462,92287.0386
510,Q6,Risky/offline validator case,10,636,0.00875932,8.7593,306,306,299,291,873,4365,4,2,911,10,4,97.7124,95.098,2.8529,17.935,23.4824,18.3007,107.6167,107.2592,0.1788,40.2234,42.004,60.0,1,0.0,34934.2067,34135.0582,33221.7456,99665.2367
511,Q6,Risky/offline validator case,11,637,0.0076373,7.6373,243,243,236,229,687,3435,4,2,722,10,4,97.1193,94.2387,2.29,17.8221,23.336,16.4609,102.1191,102.1752,0.0281,31.6594,23.0073,36.4192,1,0.0,31817.5313,30900.9769,29984.4225,89953.2675
512,Q6,Risky/offline validator case,12,638,0.00875816,8.7582,285,285,279,275,825,4125,5,2,849,9,5,97.8947,96.4912,2.75,18.0488,23.4421,19.6491,119.5499,119.1868,0.1816,25.1055,24.0955,32.0727,2,0.0,32541.1003,31856.0245,31399.3073,94197.9218
513,Q6,Risky/offline validator case,13,639,0.01261378,12.6138,302,302,298,290,870,4350,3,2,902,11,3,98.6755,96.0265,2.8808,17.9814,23.5175,15.894,126.4608,126.4714,0.0053,30.1034,34.0005,40.1379,1,0.0,23942.0697,23624.9562,22990.7292,68972.1876
514,Q6,Risky/offline validator case,14,640,0.00769711,7.6971,257,257,256,249,747,3735,8,2,770,6,8,99.6109,96.8872,2.49,18.088,23.6237,17.8988,115.4304,115.7965,0.183,10.9036,26.0653,31.8072,2,0.0,33389.1595,33259.2406,32349.8082,97049.4247
515,Q6,Risky/offline validator case,15,641,0.00926707,9.2671,317,317,311,306,918,4590,5,2,945,9,5,98.1073,96.53,2.8959,18.0052,23.56,19.2429,124.5057,124.1379,0.1839,26.8235,24.6228,35.2941,1,0.0,34207.1331,33559.6795,33020.1348,99060.4045
516,Q6,Risky/offline validator case,16,642,0.00910473,9.1047,307,307,301,293,879,4395,2,2,915,12,2,98.0456,95.4397,2.8632,17.9235,23.4116,17.9153,118.5145,118.7828,0.1341,40.7099,40.0079,60.0,1,0.0,33718.7522,33059.7538,32181.0892,96543.2677
517,Q6,Risky/offline validator case,17,643,0.00754663,7.5466,249,249,244,240,720,3600,3,2,742,11,3,97.992,96.3855,2.4,18.2144,23.7193,20.4819,100.9728,100.2091,0.3819,29.7778,22.3911,34.0,1,0.0,32994.86,32332.3126,31802.2747,95406.824
518,Q6,Risky/offline validator case,18,644,0.00798098,7.981,270,270,268,261,783,3915,5,2,808,9,5,99.2593,96.6667,2.61,18.0606,23.5787,17.037,106.2205,105.9131,0.1537,11.3218,26.1398,32.6437,2,0.0,33830.4403,33579.8445,32702.759,98108.277
519,Q6,Risky/offline validator case,19,645,0.00968785,9.6878,326,326,317,312,936,4680,3,2,969,11,3,97.2393,95.7055,2.8712,18.2183,23.6723,20.5521,131.7718,131.7085,0.0317,29.5085,22.3263,33.6538,1,0.0,33650.4041,32721.4052,32205.2947,96615.8841
520,Q6,Risky/offline validator case,20,646,0.00897285,8.9729,295,295,291,282,846,4230,1,2,881,13,1,98.6441,95.5932,2.82,18.1359,23.645,20.678,113.8722,113.4693,0.2015,40.3546,42.0101,60.0,1,0.0,32876.9419,32431.1529,31428.1275,94284.3826
521,Q6,Risky/offline validator case,21,647,0.00847785,8.4778,306,306,301,296,888,4440,1,2,913,13,1,98.366,96.732,2.902,18.2043,23.7386,19.6078,129.5996,129.8051,0.1027,25.2973,24.1315,32.4324,2,0.0,36094.0654,35504.2931,34914.5208,104743.5623
522,Q6,Risky/offline validator case,22,648,0.00886155,8.8615,324,324,321,318,954,4770,3,2,969,11,3,99.0741,98.1481,2.9444,18.373,23.9073,21.6049,123.7292,124.6684,0.4696,33.4591,28.5323,43.6478,1,0.0,36562.4524,36223.9112,35885.3699,107656.1098
523,Q6,Risky/offline validator case,23,649,0.00786465,7.8647,281,281,275,267,801,4005,4,2,837,10,4,97.8648,95.0178,2.67,18.2552,23.7752,20.6406,116.7401,116.6909,0.0246,32.6292,28.099,41.573,1,0.0,35729.4803,34966.5732,33949.3638,101848.0915
524,Q6,Risky/offline validator case,24,650,0.01170448,11.7045,290,290,288,278,834,4170,4,2,868,10,4,99.3103,95.8621,2.78,18.4484,23.8913,24.1379,111.6357,111.6982,0.0313,24.9209,24.0662,31.7266,2,0.0,24776.827,24605.9523,23751.579,71254.737
525,Q6,Risky/offline validator case,25,651,0.00840134,8.4013,276,276,273,265,795,3975,0,2,825,14,0,98.913,96.0145,2.65,18.2785,23.6074,20.6522,118.8235,119.384,0.2802,29.3962,22.3011,33.5094,1,0.0,32851.9139,32494.8279,31542.5985,94627.7956
526,Q6,Risky/offline validator case,26,652,0.00822233,8.2223,280,280,274,271,813,4065,0,2,834,14,0,97.8571,96.7857,2.71,18.3855,23.9071,21.7857,114.4612,114.2543,0.1034,26.7749,24.6016,35.203,1,0.0,34053.5953,33323.8754,32959.0154,98877.0462
527,Q6,Risky/offline validator case,27,653,0.00872009,8.7201,292,292,285,279,837,4185,1,2,869,13,1,97.6027,95.5479,2.79,18.262,23.8443,20.5479,105.3844,105.9311,0.2734,32.4875,28.0594,41.2186,1,0.0,33485.9044,32683.1602,31995.0936,95985.2809
528,Q6,Risky/offline validator case,28,654,0.00803903,8.039,246,246,242,237,711,3555,1,2,734,13,1,98.374,96.3415,2.37,18.2249,23.7679,19.1057,112.0481,112.1497,0.0508,32.5063,28.0641,38.7342,1,0.0,30600.7068,30103.1343,29481.1687,88443.5062
529,Q6,Risky/offline validator case,29,655,0.00838044,8.3804,275,275,270,266,798,3990,3,2,820,11,3,98.1818,96.7273,2.66,18.307,23.782,22.5455,109.8738,109.5843,0.1447,29.6491,22.3594,33.8346,1,0.0,32814.5179,32217.8903,31740.5882,95221.7647
530,Q6,Risky/offline validator case,30,656,0.00790508,7.9051,281,281,277,275,825,4125,4,2,839,10,4,98.5765,97.8648,2.75,18.0045,23.5342,17.4377,110.4921,110.6929,0.1004,26.6182,24.5355,34.9091,1,0.0,35546.7578,35040.7542,34787.7523,104363.257
531,Q6,Risky/offline validator case,31,657,0.00758264,7.5826,240,240,234,232,696,3480,4,2,714,10,4,97.5,96.6667,2.32,18.1379,23.5572,20.4167,96.269,96.1287,0.0701,33.1724,28.3436,37.069,1,0.0,31651.2371,30859.9562,30596.1959,91788.5877
532,Q6,Risky/offline validator case,32,658,0.04504688,45.0469,299,299,294,289,867,4335,4,2,892,10,4,98.3278,96.6555,2.89,18.0967,23.5355,18.3946,122.4996,122.4038,0.0479,25.0,30.6653,44.3599,1,0.0,6637.5292,6526.5337,6415.5382,19246.6147
533,Q6,Risky/offline validator case,33,659,0.00997801,9.978,309,309,301,296,888,4440,4,2,919,10,4,97.411,95.7929,2.8738,18.1964,23.7785,20.3883,130.7292,130.8934,0.0821,25.2973,24.1315,32.4324,2,0.0,30968.0926,30166.3297,29665.2279,88995.6837
534,Q6,Risky/offline validator case,34,660,0.00963432,9.6343,312,312,307,300,900,4500,2,2,931,12,2,98.3974,96.1538,2.8846,17.951,23.4778,16.9872,114.2687,114.3675,0.0494,27.4444,22.0244,31.0,2,0.0,32384.2432,31865.2649,31138.6954,93416.0861
535,Q6,Risky/offline validator case,35,661,0.00748634,7.4863,234,234,229,225,675,3375,2,2,697,12,2,97.8632,96.1538,2.25,18.416,23.9724,24.7863,105.3886,105.0384,0.1751,26.9778,22.0039,30.4,2,0.0,31256.9168,30589.0339,30054.7277,90164.183
536,Q6,Risky/offline validator case,36,662,0.0090781,9.0781,300,300,292,287,861,4305,4,2,892,10,4,97.3333,95.6667,2.87,18.1964,23.6319,20.3333,128.9638,128.8105,0.0766,31.4111,34.0885,41.8815,1,0.0,33046.559,32165.3174,31614.5414,94843.6242
537,Q6,Risky/offline validator case,37,663,0.00810138,8.1014,252,252,247,245,735,3675,3,2,751,11,3,98.0159,97.2222,2.45,18.1492,23.6657,20.2381,104.5613,104.5595,0.0009,30.9184,34.0375,41.2245,1,0.0,31105.8039,30488.6253,30241.7538,90725.2614
538,Q6,Risky/offline validator case,38,664,0.00786105,7.861,243,243,239,233,699,3495,2,2,725,12,2,98.3539,95.8848,2.33,17.9671,23.4513,17.6955,104.4177,104.4328,0.0075,28.6009,25.6537,38.6266,1,0.0,30911.9129,30403.0748,29639.8177,88919.4531
539,Q6,Risky/offline validator case,39,665,0.00854089,8.5409,269,269,265,260,780,3900,2,2,803,12,2,98.513,96.6543,2.6,17.9883,23.5649,17.4721,106.6887,106.2608,0.214,29.1795,22.2551,33.2308,2,0.0,31495.5467,31027.2115,30441.7924,91325.3771
540,Q6,Risky/offline validator case,40,666,0.009031,9.031,304,304,301,298,894,4470,4,2,909,10,4,99.0132,98.0263,2.9408,17.895,23.4341,16.4474,116.9612,116.8993,0.031,32.4832,28.0584,38.7919,1,0.0,33661.8203,33329.6313,32997.4423,98992.3268
541,Q6,Risky/offline validator case,41,667,0.00919975,9.1998,298,298,293,287,861,4305,2,2,889,12,2,98.3221,96.3087,2.87,17.9068,23.2993,17.4497,110.6831,110.5928,0.0451,32.0279,28.0002,40.0697,1,0.0,32392.1846,31848.6915,31196.4999,93589.4997
542,Q6,Risky/offline validator case,42,668,0.00926301,9.263,328,328,322,315,945,4725,3,2,978,11,3,98.1707,96.0366,2.8811,18.2172,23.8323,20.7317,114.4269,114.0726,0.1772,27.7778,22.0499,31.4286,2,0.0,35409.6371,34761.8999,34006.2064,102018.6192
543,Q6,Risky/offline validator case,43,669,0.00919086,9.1909,316,316,309,305,915,4575,3,2,941,11,3,97.7848,96.519,2.8956,17.916,23.4232,17.7215,128.6018,128.9152,0.1567,24.9967,24.0776,31.8689,2,0.0,34381.9988,33620.3722,33185.1571,99555.4712
544,Q6,Risky/offline validator case,44,670,0.00811424,8.1142,237,237,230,220,660,3300,4,2,704,10,4,97.0464,92.827,2.2,18.0403,23.6531,20.2532,98.9025,98.8087,0.0469,24.4364,24.0149,30.8182,2,0.0,29207.9218,28345.2406,27112.8388,81338.5165
545,Q6,Risky/offline validator case,45,671,0.00822097,8.221,255,255,249,246,738,3690,6,2,759,8,6,97.6471,96.4706,2.46,18.2172,23.6758,21.1765,105.7534,105.2982,0.2276,25.561,24.1904,32.9268,2,0.0,31018.2451,30288.404,29923.4835,89770.4504
546,Q6,Risky/offline validator case,46,672,0.0084003,8.4003,249,249,244,241,723,3615,6,2,742,8,6,97.992,96.7871,2.41,18.1759,23.7576,19.2771,98.4721,98.8654,0.1966,25.0,30.3666,36.7635,1,0.0,29641.7985,29046.5817,28689.4516,86068.3547
547,Q6,Risky/offline validator case,47,673,0.00768633,7.6863,229,229,224,221,663,3315,4,2,682,10,4,97.8166,96.5066,2.21,18.0417,23.4561,17.0306,106.0406,106.2786,0.119,32.2534,28.0161,39.3665,1,0.0,29793.1368,29142.6316,28752.3285,86256.9854
548,Q6,Risky/offline validator case,48,674,0.00910793,9.1079,306,306,302,298,894,4470,1,2,914,13,1,98.6928,97.3856,2.9216,18.1723,23.7064,19.6078,122.4435,122.5088,0.0326,28.0761,22.0803,31.8121,2,0.0,33597.1146,33157.9366,32718.7587,98156.276
549,Q6,Risky/offline validator case,49,675,0.00919656,9.1966,310,310,304,299,897,4485,1,2,924,13,1,98.0645,96.4516,2.8935,18.2698,23.7243,20.0,123.0239,123.2683,0.1222,31.427,22.9157,36.1204,1,0.0,33708.2488,33055.8311,32512.1496,97536.4489
550,Q6,Risky/offline validator case,50,676,0.00937247,9.3725,316,316,310,301,903,4515,1,2,942,13,1,98.1013,95.2532,2.8576,17.8483,23.2962,14.557,123.767,123.987,0.11,43.1362,40.1537,60.0,1,0.0,33715.7798,33075.6068,32115.3472,96346.0417
551,Q6,Risky/offline validator case,51,677,0.00884778,8.8478,296,296,288,281,843,4215,3,2,880,11,3,97.2973,94.9324,2.81,18.0752,23.5461,17.9054,116.1324,116.0658,0.0333,25.0,30.1108,41.7794,1,0.0,33454.7311,32550.5491,31759.39,95278.1699
552,Q6,Risky/offline validator case,52,678,0.00861901,8.619,267,267,262,255,765,3825,4,2,796,10,4,98.1273,95.5056,2.55,17.9756,23.4707,16.8539,112.1001,111.663,0.2186,29.8693,22.4145,34.1176,1,0.0,30978.0429,30397.9298,29585.7714,88757.3141
553,Q6,Risky/offline validator case,53,679,0.00845405,8.454,260,260,258,250,750,3750,7,2,778,7,7,99.2308,96.1538,2.5,18.2142,23.6869,19.2308,107.0502,106.7754,0.1374,25.0,30.129,38.08,1,0.0,30754.4977,30517.9247,29571.6324,88714.8973
554,Q6,Risky/offline validator case,54,680,0.00954539,9.5454,312,312,310,309,927,4635,3,2,934,11,3,99.359,99.0385,2.9712,18.1558,23.651,19.5513,135.8759,136.3277,0.2259,30.534,34.0127,40.712,1,0.0,32685.925,32476.3999,32371.6373,97114.9119
555,Q6,Risky/offline validator case,55,681,0.00947199,9.472,307,307,298,294,882,4410,2,2,912,12,2,97.0684,95.7655,2.873,17.933,23.4446,18.241,107.772,107.7707,0.0007,28.0952,22.0825,31.8367,2,0.0,32411.3518,31461.1819,31038.8841,93116.6524
556,Q6,Risky/offline validator case,56,682,0.00941084,9.4108,311,311,308,301,903,4515,4,2,930,10,4,99.0354,96.7846,2.9035,18.4873,23.936,26.045,117.1128,117.2192,0.0532,32.3455,28.0298,40.8638,1,0.0,33047.0109,32728.2295,31984.4061,95953.2182
557,Q6,Risky/offline validator case,57,683,0.01050122,10.5012,329,329,317,309,927,4635,7,2,975,7,7,96.3526,93.921,2.8176,18.3158,23.8373,24.3161,144.3233,143.8933,0.215,32.0259,28.0002,40.0647,1,0.0,31329.6842,30186.9601,29425.1441,88275.4323
558,Q6,Risky/offline validator case,58,684,0.00892024,8.9202,234,234,231,226,678,3390,3,2,699,11,3,98.7179,96.5812,2.26,18.2387,23.7346,19.6581,88.7155,88.9388,0.1117,30.2655,34.0031,40.354,1,0.0,26232.4663,25896.1526,25335.6298,76006.8895
559,Q6,Risky/offline validator case,59,685,0.00906907,9.0691,269,269,266,260,780,3900,2,2,804,12,2,98.8848,96.6543,2.6,18.2068,23.7426,19.7026,113.5257,114.2963,0.3853,26.0923,24.342,33.9231,1,0.0,29661.2487,29330.4541,28668.8649,86006.5947
560,Q6,Risky/offline validator case,60,686,0.00977424,9.7742,304,304,298,287,861,4305,6,2,906,8,6,98.0263,94.4079,2.8322,18.0585,23.6136,19.4079,122.9686,123.2801,0.1557,26.8432,24.6315,35.331,1,0.0,31102.1656,30488.3071,29362.8998,88088.6993
561,Q6,Risky/offline validator case,61,687,0.00881386,8.8139,247,247,240,233,699,3495,2,2,734,12,2,97.166,94.332,2.33,18.0018,23.4846,19.0283,99.48,99.2874,0.0963,30.7725,22.6812,35.279,1,0.0,28024.0503,27229.8465,26435.6426,79306.9278
562,Q6,Risky/offline validator case,62,688,0.00877562,8.7756,298,298,297,291,873,4365,4,2,893,10,4,99.6644,97.651,2.91,18.0514,23.6097,18.1208,118.6901,118.7373,0.0236,27.7938,25.1245,37.1134,1,0.0,33957.7224,33843.7703,33160.0578,99480.1734
563,Q6,Risky/offline validator case,63,689,0.01053899,10.539,311,311,308,295,885,4425,1,2,930,13,1,99.0354,94.8553,2.8457,18.1905,23.6859,21.5434,122.0204,121.613,0.2037,27.6949,22.0427,31.322,2,0.0,29509.4747,29224.8174,27991.3024,83973.9072
564,Q6,Risky/offline validator case,64,690,0.00832877,8.3288,231,231,229,226,678,3390,2,2,691,12,2,99.1342,97.8355,2.26,18.0491,23.5564,18.1818,92.4325,92.9809,0.2742,32.7788,28.1516,41.9469,1,0.0,27735.1778,27495.0464,27134.8493,81404.5478
565,Q6,Risky/offline validator case,65,691,0.00894751,8.9475,225,225,223,218,654,3270,4,2,673,10,4,99.1111,96.8889,2.18,18.1562,23.5182,18.2222,105.6928,105.4776,0.1076,25.1743,24.1077,32.2018,2,0.0,25146.6609,24923.135,24364.3204,73092.9611
566,Q6,Risky/offline validator case,66,692,0.00918928,9.1893,289,289,285,279,837,4185,4,2,863,10,4,98.6159,96.5398,2.79,18.1684,23.7361,20.0692,130.5672,130.6542,0.0435,26.9176,22.0025,30.3226,2,0.0,31449.6789,31014.3893,30361.4548,91084.3643
567,Q6,Risky/offline validator case,67,693,0.00957416,9.5742,285,285,280,275,825,4125,5,2,850,9,5,98.2456,96.4912,2.75,18.1047,23.6213,18.9474,110.9991,111.3892,0.1951,40.2727,42.006,60.0,1,0.0,29767.6307,29245.3916,28723.1525,86169.4574
568,Q6,Risky/offline validator case,68,694,0.008705,8.705,271,271,261,257,771,3855,2,2,803,12,2,96.31,94.8339,2.57,18.1298,23.6932,19.1882,111.6854,112.1392,0.2269,29.118,22.2428,33.1518,2,0.0,31131.5157,29982.7513,29523.2455,88569.7366
569,Q6,Risky/offline validator case,69,695,0.01037317,10.3732,330,330,324,315,945,4725,2,2,984,12,2,98.1818,95.4545,2.8636,18.0932,23.5789,16.9697,115.9557,116.2323,0.1383,25.473,24.1695,32.7619,2,0.0,31812.8372,31234.422,30366.7991,91100.3974
570,Q6,Risky/offline validator case,70,696,0.00761472,7.6147,235,235,231,225,675,3375,2,2,701,12,2,98.2979,95.7447,2.25,17.9533,23.3791,18.2979,93.6746,93.6878,0.0066,41.3511,40.0285,60.0,1,0.0,30861.263,30335.9649,29548.0178,88644.0533
571,Q6,Risky/offline validator case,71,697,0.00835176,8.3518,281,281,278,270,810,4050,2,2,840,12,2,98.9324,96.0854,2.7,17.9421,23.404,16.3701,97.6367,97.893,0.1282,32.4148,28.043,41.037,1,0.0,33645.619,33286.4131,32328.5307,96985.592
572,Q6,Risky/offline validator case,72,698,0.00765127,7.6513,226,226,222,215,645,3225,3,2,674,11,3,98.2301,95.1327,2.15,17.9974,23.5097,18.5841,114.7053,114.5121,0.0966,28.0775,22.0804,31.814,2,0.0,29537.5723,29014.7834,28099.9029,84299.7086
573,Q6,Risky/offline validator case,73,699,0.00860915,8.6092,266,266,260,250,750,3750,5,2,792,9,5,97.7444,93.985,2.5,18.393,24.0042,18.797,106.295,106.1228,0.0861,32.704,28.1239,38.24,1,0.0,30897.352,30200.4193,29038.8647,87116.5941
574,Q6,Risky/offline validator case,74,700,0.00890445,8.9045,301,301,293,284,852,4260,3,2,895,11,3,97.3422,94.3522,2.8306,17.9596,23.5293,17.608,115.8132,116.0737,0.1303,32.4296,34.2623,43.2394,1,0.0,33803.3079,32904.8811,31894.1509,95682.4528
575,Q6,Risky/offline validator case,75,701,0.00900939,9.0094,314,314,306,303,909,4545,3,2,934,11,3,97.4522,96.4968,2.8949,18.2471,23.7179,21.6561,130.5809,130.0824,0.2493,10.4455,26.0159,30.8911,2,0.0,34852.5145,33964.5523,33631.5665,100894.6996
576,Q6,Risky/offline validator case,76,702,0.01032751,10.3275,322,322,318,314,942,4710,3,2,962,11,3,98.7578,97.5155,2.9255,18.3527,23.7708,21.4286,123.8031,124.1507,0.1738,27.1125,22.008,30.5732,2,0.0,31178.8641,30791.5491,30404.234,91212.7019
577,Q6,Risky/offline validator case,77,703,0.00937239,9.3724,316,316,311,306,918,4590,4,2,943,10,4,98.4177,96.8354,2.9051,18.1075,23.5632,18.6709,120.6162,120.6433,0.0136,40.8366,40.0109,60.0,1,0.0,33716.0568,33182.5749,32649.093,97947.279
578,Q6,Risky/offline validator case,78,704,0.00817332,8.1733,287,287,284,281,843,4215,5,2,858,9,5,98.9547,97.9094,2.81,18.302,23.8249,20.2091,117.5215,117.1918,0.1649,25.0,30.2172,37.5089,1,0.0,35114.2412,34747.1934,34380.1456,103140.4367
579,Q6,Risky/offline validator case,79,705,0.00898335,8.9833,278,278,275,270,810,4050,4,2,831,10,4,98.9209,97.1223,2.7,17.9696,23.4736,19.0647,126.6257,126.3191,0.1533,27.5309,22.0302,31.1111,2,0.0,30946.153,30612.2017,30055.6162,90166.8487
580,Q6,Risky/offline validator case,80,706,0.00858178,8.5818,280,280,277,273,819,4095,3,2,837,11,3,98.9286,97.5,2.73,17.9131,23.3705,17.1429,111.8448,111.7417,0.0515,25.2308,24.1183,32.3077,2,0.0,32627.2486,32277.6709,31811.5674,95434.7022
581,Q6,Risky/offline validator case,81,707,0.00825048,8.2505,256,256,253,250,750,3750,4,2,765,10,4,98.8281,97.6562,2.5,18.1431,23.6579,20.7031,112.6694,112.8642,0.0974,40.56,42.0251,60.0,1,0.0,31028.4827,30664.8677,30301.2526,90903.7579
582,Q6,Risky/offline validator case,82,708,0.01315503,13.155,289,289,283,278,834,4170,4,2,861,10,4,97.9239,96.1938,2.78,17.9948,23.5772,18.3391,125.2756,125.5086,0.1165,24.9209,24.0662,31.7266,2,0.0,21968.7814,21512.6821,21132.5994,63397.7981
583,Q6,Risky/offline validator case,83,709,0.00869957,8.6996,299,299,295,288,864,4320,7,2,893,7,7,98.6622,96.3211,2.88,18.0962,23.4847,18.7291,109.8598,109.7457,0.057,32.5556,28.0772,41.3889,1,0.0,34369.5267,33909.7337,33105.0959,99315.2878
584,Q6,Risky/offline validator case,84,710,0.01316555,13.1655,274,274,272,264,792,3960,2,2,820,12,2,99.2701,96.3504,2.64,18.467,24.0718,23.3577,119.9007,119.8989,0.0009,30.0253,22.4558,34.3182,1,0.0,20811.898,20659.9863,20052.3396,60157.0189
585,Q6,Risky/offline validator case,85,711,0.00875891,8.7589,262,262,259,254,762,3810,1,2,783,13,1,98.855,96.9466,2.54,18.1399,23.6627,19.4656,117.9673,118.0358,0.0343,32.378,28.0357,39.0551,1,0.0,29912.4046,29569.8962,28999.0487,86997.1462
586,Q6,Risky/offline validator case,86,712,0.00913974,9.1397,283,283,280,271,813,4065,4,2,846,10,4,98.9399,95.7597,2.71,18.3465,23.9533,23.6749,105.3929,105.1592,0.1169,32.738,28.1362,41.845,1,0.0,30963.6918,30635.4548,29650.7438,88952.2313
587,Q6,Risky/offline validator case,87,713,0.00878701,8.787,278,278,274,266,798,3990,5,2,830,9,5,98.5612,95.6835,2.66,18.0206,23.4771,16.9065,105.7372,105.2965,0.2204,25.0827,24.0916,32.0301,2,0.0,31637.6213,31182.4037,30271.9686,90815.9058
588,Q6,Risky/offline validator case,88,714,0.00903244,9.0324,298,298,290,288,864,4320,6,2,886,8,6,97.3154,96.6443,2.88,18.226,23.7858,21.1409,123.1065,123.1372,0.0154,25.0,30.5293,36.1111,1,0.0,32992.178,32106.4819,31885.0579,95655.1737
589,Q6,Risky/offline validator case,89,715,0.01197109,11.9711,230,230,228,218,654,3270,1,2,688,13,1,99.1304,94.7826,2.18,17.8722,23.3927,14.7826,91.5299,92.44,0.455,33.1009,28.303,37.2477,1,0.0,19212.9523,19045.8831,18210.5374,54631.6121
590,Q6,Risky/offline validator case,90,716,0.009854,9.854,321,321,315,310,930,4650,3,2,957,11,3,98.1308,96.5732,2.8972,18.2101,23.6346,23.053,132.997,133.5851,0.2941,24.1032,24.0008,30.1935,2,0.0,32575.6137,31966.7238,31459.3154,94377.9463
591,Q6,Risky/offline validator case,91,717,0.00962044,9.6204,290,290,285,278,834,4170,4,2,865,10,4,98.2759,95.8621,2.78,18.2216,23.7537,22.4138,109.7642,109.4807,0.1418,33.2662,28.4008,43.1655,1,0.0,30144.1639,29624.437,28896.8192,86690.4577
592,Q6,Risky/offline validator case,92,718,0.00938987,9.3899,302,302,298,289,867,4335,1,2,902,13,1,98.6755,95.6954,2.8709,18.1449,23.6607,19.8675,118.2358,117.9109,0.1624,24.7197,24.0405,31.3495,2,0.0,32162.3128,31736.3219,30777.8423,92333.527
593,Q6,Risky/offline validator case,93,719,0.01214184,12.1418,324,324,319,316,948,4740,5,2,967,9,5,98.4568,97.5309,2.9259,18.1336,23.7032,19.1358,128.7976,128.7936,0.002,25.0,30.1436,37.9747,1,0.0,26684.5882,26272.789,26025.7094,78077.1283
594,Q6,Risky/offline validator case,94,720,0.00847613,8.4761,256,256,247,242,726,3630,4,2,759,10,4,96.4844,94.5312,2.42,18.2664,23.8461,21.4844,93.8815,93.8963,0.0074,25.0,30.0344,40.9917,1,0.0,30202.4734,29140.6677,28550.7756,85652.3268
595,Q6,Risky/offline validator case,95,721,0.00802345,8.0235,246,246,244,238,714,3570,3,2,736,11,3,99.187,96.748,2.38,18.22,23.7432,19.5122,95.0978,94.9194,0.0892,24.6723,24.0353,31.2605,2,0.0,30660.116,30410.8468,29663.0391,88989.1173
596,Q6,Risky/offline validator case,96,722,0.00768554,7.6855,225,225,222,218,654,3270,5,2,672,9,5,98.6667,96.8889,2.18,18.3028,23.7929,22.2222,111.4379,111.5706,0.0663,32.0734,28.0013,39.8165,1,0.0,29275.7378,28885.3946,28364.937,85094.8111
597,Q6,Risky/offline validator case,97,723,0.00908785,9.0878,308,308,306,302,906,4530,6,2,922,8,6,99.3506,98.0519,2.9416,18.0808,23.5535,16.5584,127.6513,127.1861,0.2326,31.5894,34.1123,42.1192,1,0.0,33891.4082,33671.3341,33231.186,99693.5579
598,Q6,Risky/offline validator case,98,724,0.00972692,9.7269,276,276,272,266,798,3990,2,2,824,12,2,98.5507,96.3768,2.66,18.2014,23.807,19.9275,126.3726,125.977,0.1978,28.4211,22.1244,32.2556,2,0.0,28374.849,27963.6193,27346.7748,82040.3244
599,Q6,Risky/offline validator case,99,725,0.01255084,12.5508,298,298,295,292,876,4380,3,2,891,11,3,98.9933,97.9866,2.92,18.1806,23.6714,18.7919,116.3884,116.4499,0.0308,25.0,30.111,38.2192,1,0.0,23743.4345,23504.4066,23265.3788,69796.1363
600,Q6,Risky/offline validator case,100,726,0.00931744,9.3174,246,246,241,238,714,3570,3,2,733,11,3,97.9675,96.748,2.38,17.8952,23.4081,17.8862,101.5113,101.2613,0.125,30.9804,22.7519,35.5462,1,0.0,26402.0962,25865.4682,25543.4914,76630.4743
601,Q7,Hot-shard Qtum workload,1,627,0.01262295,12.623,433,433,430,403,1209,6045,0,2,1296,16,0,99.3072,93.0716,2.7921,18.4048,23.9716,22.4018,168.5573,167.8755,0.3409,29.0405,22.2277,33.0521,2,0.0,34302.5888,34064.9265,31925.966,95777.8979
602,Q7,Hot-shard Qtum workload,2,628,0.01488281,14.8828,453,453,443,420,1260,6300,0,2,1349,16,0,97.7925,92.7152,2.7815,18.4913,23.9888,25.6071,172.0105,172.1813,0.0854,26.6667,22.0,30.0,2,0.0,30437.8045,29765.8883,28220.481,84661.4429
603,Q7,Hot-shard Qtum workload,3,629,0.01486034,14.8603,430,430,422,399,1197,5985,0,2,1282,16,0,98.1395,92.7907,2.7837,18.4255,23.9395,25.1163,179.8287,179.9545,0.0629,34.1053,28.7607,36.5414,1,0.0,28936.0731,28397.7275,26849.9841,80549.9523
604,Q7,Hot-shard Qtum workload,4,630,0.01536632,15.3663,404,404,398,375,1125,5625,0,2,1206,16,0,98.5149,92.8218,2.7847,18.3393,23.902,22.7723,146.6507,146.8054,0.0774,30.0889,22.4732,34.4,1,0.0,26291.2587,25900.7945,24404.0149,73212.0447
605,Q7,Hot-shard Qtum workload,5,631,0.01352971,13.5297,349,349,341,320,960,4800,0,2,1039,16,0,97.7077,91.6905,2.7507,18.5116,23.9768,27.2206,146.2517,146.2386,0.0066,27.5417,22.0309,31.125,2,0.0,25795.0778,25203.7867,23651.6473,70954.9419
606,Q7,Hot-shard Qtum workload,6,632,0.01577228,15.7723,440,440,433,401,1203,6015,0,2,1313,16,0,98.4091,91.1364,2.7341,18.2541,23.6748,21.3636,175.3362,175.323,0.0066,32.1796,28.0081,39.5511,1,0.0,27897.0518,27453.235,25424.3585,76273.0756
607,Q7,Hot-shard Qtum workload,7,633,0.0151675,15.1675,444,444,437,413,1239,6195,0,2,1325,16,0,98.4234,93.018,2.7905,18.3237,23.887,21.6216,169.1708,169.5612,0.1952,32.7554,28.1427,38.1114,1,0.0,29273.1091,28811.5962,27229.2659,81687.7978
608,Q7,Hot-shard Qtum workload,8,634,0.01238445,12.3844,367,367,361,340,1020,5100,0,2,1095,16,0,98.3651,92.6431,2.7793,18.3606,23.8756,22.0708,145.9396,145.6258,0.1569,27.2941,24.8478,36.1765,1,0.0,29633.9409,29149.4623,27453.7872,82361.3616
609,Q7,Hot-shard Qtum workload,9,635,0.01083213,10.8321,324,324,316,287,861,4305,0,2,964,16,0,97.5309,88.5802,2.6574,18.3402,23.9298,23.4568,132.1309,132.2454,0.0572,31.3008,22.8678,35.9582,1,0.0,29911.0037,29172.4604,26495.2409,79485.7228
610,Q7,Hot-shard Qtum workload,10,636,0.01126611,11.2661,383,383,373,351,1053,5265,0,2,1139,16,0,97.389,91.6449,2.7493,18.668,24.1241,28.9817,155.7621,155.5341,0.114,32.8433,28.1778,42.1083,1,0.0,33995.7746,33108.1564,31155.3965,93466.1896
611,Q7,Hot-shard Qtum workload,11,637,0.0103557,10.3557,305,305,301,281,843,4215,0,2,911,16,0,98.6885,92.1311,2.7639,18.0076,23.5016,19.3443,133.0435,133.1504,0.0535,28.4104,22.1229,32.242,2,0.0,29452.3846,29066.1238,27134.8199,81404.4596
612,Q7,Hot-shard Qtum workload,12,638,0.01465773,14.6577,422,422,409,381,1143,5715,0,2,1253,16,0,96.9194,90.2844,2.7085,18.2119,23.7953,20.8531,159.4545,158.902,0.2763,24.21,24.0034,30.3937,2,0.0,28790.2736,27903.3695,25993.1143,77979.343
613,Q7,Hot-shard Qtum workload,13,639,0.01139007,11.3901,329,329,323,305,915,4575,0,2,981,16,0,98.1763,92.7052,2.7812,18.1347,23.6246,20.0608,127.0424,126.6126,0.2149,31.0273,22.7684,35.6066,1,0.0,28884.8042,28358.0297,26777.7061,80333.1182
614,Q7,Hot-shard Qtum workload,14,640,0.01442702,14.427,399,399,390,365,1095,5475,0,2,1188,16,0,97.7444,91.4787,2.7444,18.2111,23.7014,22.3058,147.8952,147.7769,0.0592,41.6219,40.0411,60.0,1,0.0,27656.441,27032.6115,25299.7518,75899.2554
615,Q7,Hot-shard Qtum workload,15,641,0.01403044,14.0304,426,426,417,391,1173,5865,0,2,1269,16,0,97.8873,91.784,2.7535,18.1254,23.5833,21.3615,180.0372,180.5037,0.2332,28.0392,22.0761,31.7647,2,0.0,30362.5524,29721.09,27867.9765,83603.9295
616,Q7,Hot-shard Qtum workload,16,642,0.01101525,11.0152,310,310,304,291,873,4365,0,2,924,16,0,98.0645,93.871,2.8161,18.2261,23.7813,22.2581,139.0469,138.7556,0.1457,34.8316,28.9525,37.3196,1,0.0,28142.8122,27598.1127,26417.9302,79253.7906
617,Q7,Hot-shard Qtum workload,17,643,0.01164302,11.643,345,345,337,318,954,4770,0,2,1027,16,0,97.6812,92.1739,2.7652,18.3394,23.8707,22.029,155.4145,155.6818,0.1336,32.956,28.2285,42.3899,1,0.0,29631.4975,28944.3904,27312.5108,81937.5323
618,Q7,Hot-shard Qtum workload,18,644,0.01370439,13.7044,440,440,434,415,1245,6225,0,2,1314,16,0,98.6364,94.3182,2.8295,18.1113,23.6085,19.5455,182.6566,182.5473,0.0547,29.0843,22.2362,33.1084,2,0.0,32106.5096,31668.6935,30282.2761,90846.8282
619,Q7,Hot-shard Qtum workload,19,645,0.01103216,11.0322,364,364,357,332,996,4980,0,2,1085,16,0,98.0769,91.2088,2.7363,18.3314,23.8719,23.6264,160.2082,160.2038,0.0022,26.6988,24.569,35.0602,1,0.0,32994.4334,32359.925,30093.8238,90281.4715
620,Q7,Hot-shard Qtum workload,20,646,0.01406148,14.0615,433,433,423,409,1227,6135,0,2,1289,16,0,97.6905,94.4573,2.8337,18.4423,23.9458,25.1732,173.43,173.8681,0.219,41.291,40.026,60.0,1,0.0,30793.3468,30082.1841,29086.5563,87259.6688
621,Q7,Hot-shard Qtum workload,21,647,0.01221713,12.2171,396,396,388,368,1104,5520,0,2,1180,16,0,97.9798,92.9293,2.7879,18.583,24.2099,25.5051,146.1263,145.4306,0.3478,28.9493,22.2105,32.9348,2,0.0,32413.502,31758.6838,30121.6382,90364.9146
622,Q7,Hot-shard Qtum workload,22,648,0.0127019,12.7019,369,369,360,339,1017,5085,0,2,1098,16,0,97.561,91.8699,2.7561,18.4169,23.8714,23.5772,153.9743,153.7702,0.102,40.0737,42.0004,60.0,1,0.0,29050.7742,28342.2187,26688.9227,80066.768
623,Q7,Hot-shard Qtum workload,23,649,0.01370151,13.7015,385,385,375,353,1059,5295,0,2,1145,16,0,97.4026,91.6883,2.7506,18.1744,23.5998,20.5195,155.2027,155.5116,0.1544,24.4986,24.0194,30.9348,2,0.0,28099.0948,27369.2482,25763.5856,77290.7568
624,Q7,Hot-shard Qtum workload,24,650,0.01144079,11.4408,352,352,344,316,948,4740,0,2,1048,16,0,97.7273,89.7727,2.6932,18.2491,23.8231,21.875,159.2477,159.5766,0.1645,32.8101,28.1641,42.0253,1,0.0,30767.1034,30067.8511,27620.4679,82861.4036
625,Q7,Hot-shard Qtum workload,25,651,0.01167536,11.6754,328,328,322,301,903,4515,0,2,978,16,0,98.1707,91.7683,2.753,18.3225,23.7901,23.1707,145.1416,145.2982,0.0783,27.5615,24.9909,36.6777,1,0.0,28093.3401,27579.4376,25780.7786,77342.3358
626,Q7,Hot-shard Qtum workload,26,652,0.01093938,10.9394,346,346,338,315,945,4725,0,2,1030,16,0,97.6879,91.0405,2.7312,18.0427,23.4783,17.6301,136.9649,137.1902,0.1126,30.5926,22.6228,35.0476,1,0.0,31628.8405,30897.5378,28795.0426,86385.1279
627,Q7,Hot-shard Qtum workload,27,653,0.01091722,10.9172,335,335,322,299,897,4485,0,2,992,16,0,96.1194,89.2537,2.6776,18.2718,23.7446,21.194,153.0951,152.7598,0.1676,41.3378,40.028,60.0,1,0.0,30685.4535,29494.6747,27387.9122,82163.7367
628,Q7,Hot-shard Qtum workload,28,654,0.01199026,11.9903,422,422,413,384,1152,5760,0,2,1257,16,0,97.8673,90.9953,2.7299,18.3291,23.8094,23.6967,159.5126,159.9356,0.2115,30.7986,22.6899,35.3125,1,0.0,35195.2305,34444.6213,32025.9918,96077.9753
629,Q7,Hot-shard Qtum workload,29,655,0.01037801,10.378,311,311,308,292,876,4380,0,2,930,16,0,99.0354,93.8907,2.8167,18.3837,23.8389,21.2219,128.5002,128.3235,0.0884,28.4247,22.1249,32.2603,2,0.0,29967.1951,29678.1225,28136.4018,84409.2054
630,Q7,Hot-shard Qtum workload,30,656,0.01450133,14.5013,442,442,434,414,1242,6210,0,2,1318,16,0,98.19,93.6652,2.81,18.2002,23.678,20.8145,172.851,172.5909,0.1301,31.9646,23.1342,36.8116,1,0.0,30479.9587,29928.2852,28549.1016,85647.3047
631,Q7,Hot-shard Qtum workload,31,657,0.01035521,10.3552,347,347,340,320,960,4800,0,2,1034,16,0,97.9827,92.219,2.7666,18.2648,23.6991,21.902,145.4881,145.4204,0.0339,31.625,22.9934,36.375,1,0.0,33509.7084,32833.72,30902.3247,92706.9741
632,Q7,Hot-shard Qtum workload,32,658,0.00982813,9.8281,334,334,327,307,921,4605,0,2,995,16,0,97.9042,91.9162,2.7575,18.3443,23.7527,24.2515,148.2886,148.4067,0.0591,30.0869,22.4727,34.3974,1,0.0,33984.0706,33271.8296,31236.8553,93710.566
633,Q7,Hot-shard Qtum workload,33,659,0.01344725,13.4472,457,457,449,418,1254,6270,0,2,1363,16,0,98.2495,91.4661,2.744,18.1908,23.6629,19.6937,188.569,188.7258,0.0784,25.0,30.1846,42.2967,1,0.0,33984.6488,33389.7315,31084.4271,93253.2813
634,Q7,Hot-shard Qtum workload,34,660,0.01183344,11.8334,357,357,350,327,981,4905,0,2,1064,16,0,98.0392,91.5966,2.7479,18.4748,23.9664,26.0504,143.8714,144.2409,0.1848,43.5719,40.1993,60.0,1,0.0,30168.7421,29577.1982,27633.5537,82900.6612
635,Q7,Hot-shard Qtum workload,35,661,0.01250839,12.5084,438,438,433,406,1218,6090,0,2,1309,16,0,98.8584,92.6941,2.7808,18.3022,23.8728,22.1461,167.6172,167.7164,0.0496,29.8851,22.4185,34.1379,1,0.0,35016.4941,34616.7625,32458.2115,97374.6344
636,Q7,Hot-shard Qtum workload,36,662,0.01382748,13.8275,435,435,426,406,1218,6090,0,2,1296,16,0,97.931,93.3333,2.8,18.2867,23.7045,22.5287,168.9112,169.1458,0.1173,27.1264,22.0085,30.5911,2,0.0,31459.0945,30808.2167,29361.8215,88085.4646
637,Q7,Hot-shard Qtum workload,37,663,0.00988165,9.8816,335,335,323,304,912,4560,0,2,993,16,0,96.4179,90.7463,2.7224,18.5183,24.0131,26.2687,143.1038,143.4475,0.1719,28.0,25.25,37.5,1,0.0,33901.221,32686.8489,30764.093,92292.2791
638,Q7,Hot-shard Qtum workload,38,664,0.01009936,10.0994,340,340,336,313,939,4695,0,2,1016,16,0,98.8235,92.0588,2.7618,18.167,23.5705,20.8824,143.3365,142.9232,0.2067,24.5623,24.0247,31.0543,2,0.0,33665.4963,33269.4316,30992.0598,92976.1794
639,Q7,Hot-shard Qtum workload,39,665,0.01034945,10.3494,320,320,310,297,891,4455,0,2,950,16,0,96.875,92.8125,2.7844,18.364,23.8574,24.375,157.2895,157.0989,0.0953,30.6734,22.6487,35.1515,1,0.0,30919.5234,29953.2883,28697.1827,86091.5481
640,Q7,Hot-shard Qtum workload,40,666,0.01151465,11.5146,436,436,427,405,1215,6075,0,2,1299,16,0,97.9358,92.8899,2.7867,18.5057,24.075,24.3119,178.3649,179.0834,0.3593,32.8099,28.164,37.9753,1,0.0,37864.8136,37083.2005,35172.5906,105517.7718
641,Q7,Hot-shard Qtum workload,41,667,0.01106956,11.0696,341,341,334,317,951,4755,0,2,1016,16,0,97.9472,92.9619,2.7889,18.3476,23.8104,24.0469,149.0825,148.9766,0.053,42.4732,40.0956,60.0,1,0.0,30805.2019,30172.8371,28637.0939,85911.2816
642,Q7,Hot-shard Qtum workload,42,668,0.01073766,10.7377,342,342,337,321,963,4815,0,2,1021,16,0,98.538,93.8596,2.8158,18.5692,24.0764,25.731,153.4367,153.8093,0.1863,30.81,22.6937,35.3271,1,0.0,31850.5031,31384.8524,29894.7704,89684.3112
643,Q7,Hot-shard Qtum workload,43,669,0.00960661,9.6066,312,312,308,293,879,4395,0,2,932,16,0,98.7179,93.9103,2.8173,18.1731,23.6832,20.8333,131.1463,131.4512,0.1525,27.2241,22.0126,30.7167,2,0.0,32477.6513,32061.2712,30499.8456,91499.5369
644,Q7,Hot-shard Qtum workload,44,670,0.01094616,10.9462,418,418,413,383,1149,5745,0,2,1249,16,0,98.8038,91.6268,2.7488,18.5097,24.0402,23.9234,148.624,148.4624,0.0808,32.9817,28.2409,37.5457,1,0.0,38186.925,37730.1436,34989.4552,104968.3656
645,Q7,Hot-shard Qtum workload,45,671,0.00960087,9.6009,309,309,303,292,876,4380,0,2,921,16,0,98.0583,94.4984,2.835,18.4907,23.9336,26.2136,142.9252,143.1042,0.0895,34.7397,29.8765,46.8493,1,0.0,32184.59,31559.6465,30413.9167,91241.7502
646,Q7,Hot-shard Qtum workload,46,672,0.01208541,12.0854,387,387,380,347,1041,5205,0,2,1154,16,0,98.1912,89.6641,2.6899,17.9727,23.3889,18.6047,160.7831,160.3521,0.2155,40.2738,42.006,60.0,1,0.0,32022.0881,31442.8772,28712.3116,86136.9347
647,Q7,Hot-shard Qtum workload,47,673,0.05108919,51.0892,405,405,401,381,1143,5715,0,2,1211,16,0,99.0123,94.0741,2.8222,18.5706,24.1022,26.6667,163.4557,163.6323,0.0883,25.0,30.7639,44.6719,1,0.0,7927.313,7849.0185,7457.5463,22372.6389
648,Q7,Hot-shard Qtum workload,48,674,0.01098563,10.9856,386,386,381,350,1050,5250,0,2,1153,16,0,98.7047,90.6736,2.7202,18.4059,23.9687,23.3161,161.0367,160.7491,0.1438,32.0457,28.0005,39.8857,1,0.0,35136.8041,34681.6642,31859.7965,95579.3895
649,Q7,Hot-shard Qtum workload,49,675,0.01142914,11.4291,430,430,422,406,1218,6090,0,2,1282,16,0,98.1395,94.4186,2.8326,18.3538,23.8645,22.7907,172.2727,171.739,0.2669,32.2989,23.2818,37.2414,1,0.0,37623.1118,36923.1469,35523.2172,106569.6515
650,Q7,Hot-shard Qtum workload,50,676,0.01149793,11.4979,371,371,364,340,1020,5100,0,2,1106,16,0,98.1132,91.6442,2.7493,18.353,23.8686,22.6415,143.2596,142.7568,0.2514,30.7941,34.028,41.0588,1,0.0,32266.6776,31657.8723,29570.5401,88711.6203
651,Q7,Hot-shard Qtum workload,51,677,0.01288801,12.888,417,417,409,388,1164,5820,0,2,1243,16,0,98.0815,93.0456,2.7914,18.4024,23.8333,24.4604,173.6868,173.731,0.0221,33.1959,28.3575,42.9897,1,0.0,32355.6546,31734.9226,30105.5012,90316.5035
652,Q7,Hot-shard Qtum workload,52,678,0.01235112,12.3511,408,408,404,375,1125,5625,0,2,1220,16,0,99.0196,91.9118,2.7574,18.2889,23.75,22.0588,160.9319,161.1529,0.1105,28.5956,22.1503,32.48,2,0.0,33033.4362,32709.5789,30361.6141,91084.8423
653,Q7,Hot-shard Qtum workload,53,679,0.01261398,12.614,459,459,454,429,1287,6435,0,2,1372,16,0,98.9107,93.4641,2.8039,18.3267,23.8762,22.8758,159.7601,160.3359,0.2879,32.5035,28.0634,38.7413,1,0.0,36388.2094,35991.8237,34009.8951,102029.6852
654,Q7,Hot-shard Qtum workload,54,680,0.01416176,14.1618,415,415,403,372,1116,5580,0,2,1233,16,0,97.1084,89.6386,2.6892,18.6461,24.1726,28.6747,166.7602,167.2749,0.2574,32.0,28.0,40.0,1,0.0,29304.2652,28456.913,26267.9196,78803.7589
655,Q7,Hot-shard Qtum workload,55,681,0.01361276,13.6128,376,376,370,344,1032,5160,0,2,1122,16,0,98.4043,91.4894,2.7447,18.4467,23.8727,24.2021,171.0749,171.4985,0.2118,30.4651,22.583,34.8837,1,0.0,27621.1396,27180.3768,25270.4043,75811.213
656,Q7,Hot-shard Qtum workload,56,682,0.01326818,13.2682,453,453,445,422,1266,6330,0,2,1351,16,0,98.234,93.1567,2.7947,18.3851,23.8516,25.1656,180.6657,180.3869,0.1394,29.3207,22.2846,33.4123,1,0.0,34141.8341,33538.8878,31805.4172,95416.2515
657,Q7,Hot-shard Qtum workload,57,683,0.01168388,11.6839,433,433,425,400,1200,6000,0,2,1291,16,0,98.1524,92.3788,2.7714,18.4671,23.9764,24.7113,173.5477,172.9884,0.2796,32.2667,23.2672,37.2,1,0.0,37059.5974,36374.8935,34235.1939,102705.5817
658,Q7,Hot-shard Qtum workload,58,684,0.00969467,9.6947,314,314,311,296,888,4440,0,2,939,16,0,99.0446,94.2675,2.828,18.1694,23.6346,21.0191,134.8061,134.3537,0.2262,31.0811,22.7874,35.6757,1,0.0,32388.9346,32079.4862,30532.2441,91596.7322
659,Q7,Hot-shard Qtum workload,59,685,0.01018422,10.1842,390,390,381,350,1050,5250,0,2,1161,16,0,97.6923,89.7436,2.6923,18.52,24.0163,25.8974,154.6739,154.4657,0.1041,30.0857,34.0003,40.1143,1,0.0,38294.523,37410.8032,34366.8796,103100.6388
660,Q7,Hot-shard Qtum workload,60,686,0.00923743,9.2374,325,325,319,290,870,4350,0,2,969,16,0,98.1538,89.2308,2.6769,18.3125,23.7792,22.1538,131.6495,131.6654,0.008,32.1379,23.2096,37.0345,1,0.0,35182.9307,34533.3996,31393.9997,94181.999
661,Q7,Hot-shard Qtum workload,61,687,0.00851522,8.5152,305,305,293,280,840,4200,0,2,903,16,0,96.0656,91.8033,2.7541,18.4705,24.0232,27.541,140.531,139.7415,0.3947,30.8333,22.7015,35.3571,1,0.0,35818.2004,34408.9598,32882.2824,98646.8471
662,Q7,Hot-shard Qtum workload,62,688,0.01252041,12.5204,445,445,440,422,1266,6330,0,2,1330,16,0,98.8764,94.8315,2.8449,18.3064,23.7489,22.0225,160.0111,159.9628,0.0241,28.2148,22.0969,31.9905,2,0.0,35541.9728,35142.6247,33704.9719,101114.9157
663,Q7,Hot-shard Qtum workload,63,689,0.01208864,12.0886,409,409,401,387,1161,5805,0,2,1219,16,0,98.044,94.621,2.8386,18.4337,23.908,23.7164,156.51,157.0912,0.2906,25.6951,24.2245,33.1783,2,0.0,33833.4172,33171.6388,32013.5267,96040.5802
664,Q7,Hot-shard Qtum workload,64,690,0.01044632,10.4463,306,306,299,282,846,4230,0,2,911,16,0,97.7124,92.1569,2.7647,18.4465,23.9015,24.183,141.4456,141.8238,0.1891,25.5887,24.1972,32.9787,2,0.0,29292.5981,28622.506,26995.1394,80985.4183
665,Q7,Hot-shard Qtum workload,65,691,0.01268449,12.6845,325,325,315,292,876,4380,0,2,965,16,0,96.9231,89.8462,2.6954,18.1988,23.7222,20.6154,136.517,136.6813,0.0821,31.621,22.9918,36.3699,1,0.0,25621.834,24833.4699,23020.2324,69060.6973
666,Q7,Hot-shard Qtum workload,66,692,0.01090171,10.9017,349,349,345,329,987,4935,0,2,1043,16,0,98.8539,94.2693,2.8281,18.3951,23.9188,24.3553,162.0679,162.1248,0.0284,29.8582,22.4116,34.1033,1,0.0,32013.3205,31646.4056,30178.7462,90536.2387
667,Q7,Hot-shard Qtum workload,67,693,0.00938402,9.384,320,320,316,299,897,4485,0,2,956,16,0,98.75,93.4375,2.8031,18.1034,23.5932,19.0625,132.8234,133.0183,0.0975,34.7659,35.0095,46.3545,1,0.0,34100.535,33674.2783,31862.6874,95588.0621
668,Q7,Hot-shard Qtum workload,68,694,0.00925533,9.2553,310,310,303,285,855,4275,0,2,923,16,0,97.7419,91.9355,2.7581,18.153,23.56,19.3548,146.1166,145.824,0.1463,30.6784,22.6503,35.1579,1,0.0,33494.2281,32737.9068,30793.0807,92379.242
669,Q7,Hot-shard Qtum workload,69,695,0.01078683,10.7868,378,378,372,353,1059,5295,0,2,1128,16,0,98.4127,93.3862,2.8016,18.562,24.0627,27.2487,158.61,158.2331,0.1884,24.4079,24.013,30.7649,2,0.0,35042.7197,34486.486,32725.0795,98175.2384
670,Q7,Hot-shard Qtum workload,70,696,0.01097353,10.9735,378,378,369,349,1047,5235,0,2,1125,16,0,97.619,92.328,2.7698,18.5071,23.9941,25.1323,154.3703,154.9397,0.2847,25.8797,24.276,33.5244,1,0.0,34446.5398,33626.3841,31803.8158,95411.4475
671,Q7,Hot-shard Qtum workload,71,697,0.01267144,12.6714,443,443,436,410,1230,6150,0,2,1322,16,0,98.4199,92.5508,2.7765,18.4597,23.8294,25.9594,173.0886,172.8779,0.1054,27.6683,25.0513,36.878,1,0.0,34960.5207,34408.0971,32356.2381,97068.7142
672,Q7,Hot-shard Qtum workload,72,698,0.0097191,9.7191,330,330,327,307,921,4605,0,2,987,16,0,99.0909,93.0303,2.7909,18.2819,23.7281,22.1212,134.4709,133.9072,0.2819,30.5429,22.6071,34.9837,1,0.0,33953.7646,33645.0941,31587.2901,94761.8704
673,Q7,Hot-shard Qtum workload,73,699,0.01055587,10.5559,388,388,381,359,1077,5385,0,2,1157,16,0,98.1959,92.5258,2.7758,18.1314,23.651,20.6186,161.2802,161.5548,0.1373,32.6908,28.1193,41.727,1,0.0,36756.7963,36093.6582,34009.51,102028.5299
674,Q7,Hot-shard Qtum workload,74,700,0.00992309,9.9231,305,305,300,276,828,4140,0,2,910,16,0,98.3607,90.4918,2.7148,18.5032,24.0306,26.5574,147.403,147.2414,0.0808,25.0,30.6183,44.2029,1,0.0,30736.3998,30232.5244,27813.9224,83441.7673
675,Q7,Hot-shard Qtum workload,75,701,0.01283531,12.8353,429,429,423,401,1203,6015,0,2,1281,16,0,98.6014,93.4732,2.8042,18.2115,23.7018,22.1445,182.007,181.4878,0.2596,25.0,30.161,42.1446,1,0.0,33423.4129,32955.9526,31241.9314,93725.7943
676,Q7,Hot-shard Qtum workload,76,702,0.01258937,12.5894,457,457,451,424,1272,6360,0,2,1365,16,0,98.6871,92.779,2.7834,18.2494,23.782,22.1007,167.235,167.0224,0.1063,29.5283,22.3309,33.6792,1,0.0,36300.4518,35823.8594,33679.1938,101037.5813
677,Q7,Hot-shard Qtum workload,77,703,0.01096006,10.9601,395,395,387,368,1104,5520,0,2,1177,16,0,97.9747,93.1646,2.7949,18.038,23.5515,19.2405,145.7949,146.1965,0.2008,25.3913,24.1512,32.6087,2,0.0,36039.9553,35310.0321,33576.4646,100729.3939
678,Q7,Hot-shard Qtum workload,78,704,0.00962071,9.6207,329,329,328,303,909,4545,0,2,986,16,0,99.696,92.0973,2.7629,18.0184,23.7346,17.9331,135.6399,135.8728,0.1165,26.4818,24.4812,34.6535,1,0.0,34197.0781,34093.1356,31494.5734,94483.7203
679,Q7,Hot-shard Qtum workload,79,705,0.00936446,9.3645,305,305,302,289,867,4335,0,2,912,16,0,99.0164,94.7541,2.8426,18.388,23.7861,23.9344,141.6507,141.395,0.1279,30.7843,22.6851,35.2941,1,0.0,32569.9576,32249.5974,30861.3697,92584.109
680,Q7,Hot-shard Qtum workload,80,706,0.01224252,12.2425,457,457,448,419,1257,6285,0,2,1362,16,0,98.0306,91.6849,2.7505,18.1242,23.6001,19.0372,179.505,180.0651,0.28,24.6492,24.0329,31.2172,2,0.0,37328.9281,36593.7851,34224.991,102674.973
681,Q7,Hot-shard Qtum workload,81,707,0.01051673,10.5167,351,351,341,322,966,4830,0,2,1043,16,0,97.151,91.7379,2.7521,18.1573,23.7046,20.5128,149.1063,149.6195,0.2566,26.8116,22.0008,30.1863,2,0.0,33375.406,32424.5397,30617.8938,91853.6815
682,Q7,Hot-shard Qtum workload,82,708,0.01147355,11.4736,428,428,417,394,1182,5910,0,2,1273,16,0,97.4299,92.0561,2.7617,18.1156,23.6175,21.9626,172.9444,172.8724,0.036,33.6853,28.6596,36.0914,1,0.0,37303.1756,36344.4492,34339.8393,103019.5178
683,Q7,Hot-shard Qtum workload,83,709,0.01113931,11.1393,396,396,391,376,1128,5640,0,2,1183,16,0,98.7374,94.9495,2.8485,18.2491,23.7745,22.2222,160.9485,160.8017,0.0734,30.3901,22.5602,34.7872,1,0.0,35549.775,35100.9142,33754.3318,101262.9955
684,Q7,Hot-shard Qtum workload,84,710,0.01148268,11.4827,388,388,383,361,1083,5415,0,2,1159,16,0,98.7113,93.0412,2.7912,18.0854,23.527,18.8144,155.7112,155.5904,0.0604,27.0582,24.7307,35.7341,1,0.0,33790.0359,33354.5973,31438.6674,94316.0022
685,Q7,Hot-shard Qtum workload,85,711,0.01105602,11.056,401,401,394,370,1110,5550,0,2,1196,16,0,98.2544,92.2693,2.7681,18.3778,23.8924,22.9426,152.4707,152.472,0.0007,27.6757,22.0411,31.2973,2,0.0,36269.8265,35636.6874,33465.9247,100397.7742
686,Q7,Hot-shard Qtum workload,86,712,0.00992685,9.9269,350,350,344,326,978,4890,0,2,1044,16,0,98.2857,93.1429,2.7943,18.3244,23.8257,22.8571,145.4634,145.1227,0.1703,29.3006,26.195,39.9387,1,0.0,35257.9081,34653.4868,32840.2229,98520.6688
687,Q7,Hot-shard Qtum workload,87,713,0.01053307,10.5331,353,353,343,307,921,4605,0,2,1049,16,0,97.1671,86.9688,2.6091,18.5881,24.121,25.4958,147.4532,147.2783,0.0874,27.0467,22.0058,30.4886,2,0.0,33513.4929,32564.1021,29146.2955,87438.8865
688,Q7,Hot-shard Qtum workload,88,714,0.0103216,10.3216,367,367,360,342,1026,5130,0,2,1094,16,0,98.0926,93.188,2.7956,18.6526,24.1566,26.9755,143.0573,142.9828,0.0372,25.9649,24.3016,33.6842,1,0.0,35556.4891,34878.2999,33134.3849,99403.1548
689,Q7,Hot-shard Qtum workload,89,715,0.0119368,11.9368,446,446,440,401,1203,6015,0,2,1332,16,0,98.6547,89.9103,2.6973,18.351,23.8275,21.9731,157.8403,157.4275,0.2064,29.9834,22.4445,34.2643,1,0.0,37363.4538,36860.8064,33593.5986,100780.7957
690,Q7,Hot-shard Qtum workload,90,716,0.01284147,12.8415,431,431,423,407,1221,6105,0,2,1285,16,0,98.1439,94.4316,2.8329,18.2852,23.8163,22.2738,169.6129,169.2188,0.197,29.5905,22.3454,33.7592,1,0.0,33563.1252,32940.1438,31694.1809,95082.5427
691,Q7,Hot-shard Qtum workload,91,717,0.01060624,10.6062,354,354,350,330,990,4950,0,2,1058,16,0,98.8701,93.2203,2.7966,18.1782,23.5744,21.1864,148.0714,147.9509,0.0603,27.6848,25.0608,36.9091,1,0.0,33376.5846,32999.4481,31113.7653,93341.2959
692,Q7,Hot-shard Qtum workload,92,718,0.01139623,11.3962,383,383,375,354,1062,5310,0,2,1141,16,0,97.9112,92.4282,2.7728,18.433,23.8869,23.7598,162.633,162.0851,0.2739,30.8851,22.7191,35.4237,1,0.0,33607.6142,32905.6274,31062.9123,93188.7369
693,Q7,Hot-shard Qtum workload,93,719,0.01045876,10.4588,339,339,337,312,936,4680,0,2,1015,16,0,99.41,92.0354,2.7611,18.4671,23.9489,23.5988,151.8846,152.099,0.1072,28.7607,22.1772,32.6923,2,0.0,32413.0265,32221.7992,29831.458,89494.374
694,Q7,Hot-shard Qtum workload,94,720,0.00936694,9.3669,314,314,306,292,876,4380,0,2,934,16,0,97.4522,92.9936,2.7898,18.3184,23.7411,21.9745,130.0435,129.7818,0.1308,25.0959,24.0938,32.0548,2,0.0,33522.1678,32668.0998,31173.4808,93520.4425
695,Q7,Hot-shard Qtum workload,95,721,0.01215464,12.1546,366,366,359,346,1038,5190,0,2,1091,16,0,98.0874,94.5355,2.8361,18.5856,24.0781,29.235,152.1586,152.2632,0.0523,29.0944,22.2382,33.1214,2,0.0,30111.9548,29536.0431,28466.4928,85399.4783
696,Q7,Hot-shard Qtum workload,96,722,0.00988867,9.8887,313,313,310,296,888,4440,0,2,936,16,0,99.0415,94.5687,2.8371,18.4168,23.8961,24.2812,147.3773,147.6893,0.156,33.4054,28.4938,36.4865,1,0.0,31652.386,31349.0085,29933.2468,89799.7405
697,Q7,Hot-shard Qtum workload,97,723,0.01020566,10.2057,362,362,350,337,1011,5055,0,2,1074,16,0,96.6851,93.0939,2.7928,18.2209,23.807,23.7569,145.1543,144.5329,0.3107,32.2136,28.0114,39.4659,1,0.0,35470.503,34294.6852,33020.8826,99062.6479
698,Q7,Hot-shard Qtum workload,98,724,0.01115559,11.1556,425,425,417,396,1188,5940,0,2,1267,16,0,98.1176,93.1765,2.7953,18.2593,23.7504,22.3529,182.2074,181.9512,0.1281,29.2593,22.2716,33.3333,1,0.0,38097.509,37380.3794,35497.9143,106493.7428
699,Q7,Hot-shard Qtum workload,99,725,0.01417119,14.1712,431,431,424,398,1194,5970,0,2,1286,16,0,98.3759,92.3434,2.7703,18.3235,23.8022,23.2019,167.4335,167.8003,0.1834,10.2261,26.0041,30.4523,2,0.0,30413.812,29919.8522,28085.1443,84255.4328
700,Q7,Hot-shard Qtum workload,100,726,0.01310802,13.108,391,391,384,360,1080,5400,0,2,1166,16,0,98.2097,92.0716,2.7621,18.3261,23.8654,22.5064,152.906,153.3734,0.2337,27.5741,22.0333,31.1667,2,0.0,29829.0733,29295.049,27464.1084,82392.3252
