experiment_id,factor_id,level_id,configuration,scenario_id,run_id,base_seed,model_time,stop_code,submitted_tx,prepared_tx,routed_tx,cross_shard_tx,shard_blocks,eligible_validators,active_committees,committee_recoveries,finality_certificates,root_commitments,receipts,terminal_failures,reward_events,quarantine_events,slashing_events,reconfiguration_events,evidence_count,finality_latency_sum,finality_latency_n,receipt_latency_sum,receipt_latency_n,reward_gini_bp,reward_hhi_bp,nakamoto_coefficient,owner_concentration_bp,shard_load_std_bp
OFAT,WORKLOAD,LOW,baseSeed=626|nTx=16|nValidators=10|nShards=4|committee=3|quorum=2|loadThreshold=75|maxTime=180|crossShardPct=0|requestOfflinePct=0|receiptDropPct=0|ownerCap=3000|mobileThreshold=35,1,1,626,61,COMPLETE,16,16,16,3,16,10,4,0,16,16,16,0,80,0,0,0,269,313,16,545,16,6182,2673,2,4326,200
OFAT,WORKLOAD,LOW,baseSeed=626|nTx=16|nValidators=10|nShards=4|committee=3|quorum=2|loadThreshold=75|maxTime=180|crossShardPct=0|requestOfflinePct=0|receiptDropPct=0|ownerCap=3000|mobileThreshold=35,1,2,626,48,COMPLETE,16,16,16,2,16,10,4,0,16,16,16,0,80,0,0,0,269,300,16,526,16,5298,1939,2,2644,200
OFAT,WORKLOAD,LOW,baseSeed=626|nTx=16|nValidators=10|nShards=4|committee=3|quorum=2|loadThreshold=75|maxTime=180|crossShardPct=0|requestOfflinePct=0|receiptDropPct=0|ownerCap=3000|mobileThreshold=35,1,3,626,49,COMPLETE,16,16,16,1,16,10,4,0,16,16,16,0,80,0,0,0,269,289,16,509,16,6019,2398,2,3846,300
OFAT,WORKLOAD,LOW,baseSeed=626|nTx=16|nValidators=10|nShards=4|committee=3|quorum=2|loadThreshold=75|maxTime=180|crossShardPct=0|requestOfflinePct=0|receiptDropPct=0|ownerCap=3000|mobileThreshold=35,1,4,626,47,COMPLETE,16,16,16,1,16,10,4,0,16,16,16,0,80,0,0,0,269,288,16,508,16,5144,1845,3,2548,300
OFAT,WORKLOAD,LOW,baseSeed=626|nTx=16|nValidators=10|nShards=4|committee=3|quorum=2|loadThreshold=75|maxTime=180|crossShardPct=0|requestOfflinePct=0|receiptDropPct=0|ownerCap=3000|mobileThreshold=35,1,5,626,48,COMPLETE,16,16,16,2,16,10,4,0,16,16,16,0,80,0,0,0,269,300,16,526,16,4750,1764,3,2163,200
OFAT,WORKLOAD,LOW,baseSeed=626|nTx=16|nValidators=10|nShards=4|committee=3|quorum=2|loadThreshold=75|maxTime=180|crossShardPct=0|requestOfflinePct=0|receiptDropPct=0|ownerCap=3000|mobileThreshold=35,1,6,626,47,COMPLETE,16,16,16,1,16,10,4,0,16,16,16,0,80,0,0,0,269,288,16,508,16,6317,2523,2,3894,300
OFAT,WORKLOAD,LOW,baseSeed=626|nTx=16|nValidators=10|nShards=4|committee=3|quorum=2|loadThreshold=75|maxTime=180|crossShardPct=0|requestOfflinePct=0|receiptDropPct=0|ownerCap=3000|mobileThreshold=35,1,7,626,48,COMPLETE,16,16,16,2,16,10,4,0,16,16,16,0,80,0,0,0,269,300,16,526,16,4346,1622,3,2451,200
OFAT,WORKLOAD,LOW,baseSeed=626|nTx=16|nValidators=10|nShards=4|committee=3|quorum=2|loadThreshold=75|maxTime=180|crossShardPct=0|requestOfflinePct=0|receiptDropPct=0|ownerCap=3000|mobileThreshold=35,1,8,626,43,COMPLETE,16,16,16,0,16,10,4,0,16,16,16,0,80,0,0,0,269,276,16,490,16,4384,1710,3,2115,400
OFAT,WORKLOAD,LOW,baseSeed=626|nTx=16|nValidators=10|nShards=4|committee=3|quorum=2|loadThreshold=75|maxTime=180|crossShardPct=0|requestOfflinePct=0|receiptDropPct=0|ownerCap=3000|mobileThreshold=35,1,9,626,48,COMPLETE,16,16,16,1,16,10,4,0,16,16,16,0,80,0,0,0,269,289,16,509,16,4730,1778,3,2548,300
OFAT,WORKLOAD,LOW,baseSeed=626|nTx=16|nValidators=10|nShards=4|committee=3|quorum=2|loadThreshold=75|maxTime=180|crossShardPct=0|requestOfflinePct=0|receiptDropPct=0|ownerCap=3000|mobileThreshold=35,1,10,626,43,COMPLETE,16,16,16,0,16,10,4,0,16,16,16,0,80,0,0,0,269,276,16,490,16,4230,1607,3,2115,400
OFAT,WORKLOAD,LOW,baseSeed=626|nTx=16|nValidators=10|nShards=4|committee=3|quorum=2|loadThreshold=75|maxTime=180|crossShardPct=0|requestOfflinePct=0|receiptDropPct=0|ownerCap=3000|mobileThreshold=35,1,11,626,48,COMPLETE,16,16,16,2,16,10,4,0,16,16,16,0,80,0,0,0,269,300,16,526,16,5250,1927,3,2644,200
OFAT,WORKLOAD,LOW,baseSeed=626|nTx=16|nValidators=10|nShards=4|committee=3|quorum=2|loadThreshold=75|maxTime=180|crossShardPct=0|requestOfflinePct=0|receiptDropPct=0|ownerCap=3000|mobileThreshold=35,1,12,626,48,COMPLETE,16,16,16,1,16,10,4,0,16,16,16,0,80,0,0,0,269,288,16,508,16,3778,1504,3,2451,400
OFAT,WORKLOAD,LOW,baseSeed=626|nTx=16|nValidators=10|nShards=4|committee=3|quorum=2|loadThreshold=75|maxTime=180|crossShardPct=0|requestOfflinePct=0|receiptDropPct=0|ownerCap=3000|mobileThreshold=35,1,13,626,49,COMPLETE,16,16,16,1,16,10,4,0,16,16,16,0,80,0,0,0,269,289,16,509,16,5461,2106,2,3461,300
OFAT,WORKLOAD,LOW,baseSeed=626|nTx=16|nValidators=10|nShards=4|committee=3|quorum=2|loadThreshold=75|maxTime=180|crossShardPct=0|requestOfflinePct=0|receiptDropPct=0|ownerCap=3000|mobileThreshold=35,1,14,626,48,COMPLETE,16,16,16,2,16,10,4,0,16,16,16,0,80,0,0,0,269,300,16,526,16,5086,1894,2,2644,200
OFAT,WORKLOAD,LOW,baseSeed=626|nTx=16|nValidators=10|nShards=4|committee=3|quorum=2|loadThreshold=75|maxTime=180|crossShardPct=0|requestOfflinePct=0|receiptDropPct=0|ownerCap=3000|mobileThreshold=35,1,15,626,43,COMPLETE,16,16,16,0,16,10,4,0,16,16,16,0,80,0,0,0,269,276,16,490,16,4884,1969,2,3461,400
OFAT,WORKLOAD,LOW,baseSeed=626|nTx=16|nValidators=10|nShards=4|committee=3|quorum=2|loadThreshold=75|maxTime=180|crossShardPct=0|requestOfflinePct=0|receiptDropPct=0|ownerCap=3000|mobileThreshold=35,1,16,626,49,COMPLETE,16,16,16,2,16,10,4,0,16,16,16,0,80,0,0,0,269,302,16,528,16,4846,1771,3,2500,400
OFAT,WORKLOAD,LOW,baseSeed=626|nTx=16|nValidators=10|nShards=4|committee=3|quorum=2|loadThreshold=75|maxTime=180|crossShardPct=0|requestOfflinePct=0|receiptDropPct=0|ownerCap=3000|mobileThreshold=35,1,17,626,48,COMPLETE,16,16,16,2,16,10,4,0,16,16,16,0,80,0,0,0,269,300,16,526,16,5240,1913,2,2644,200
OFAT,WORKLOAD,LOW,baseSeed=626|nTx=16|nValidators=10|nShards=4|committee=3|quorum=2|loadThreshold=75|maxTime=180|crossShardPct=0|requestOfflinePct=0|receiptDropPct=0|ownerCap=3000|mobileThreshold=35,1,18,626,47,COMPLETE,16,16,16,1,16,10,4,0,16,16,16,0,80,0,0,0,269,288,16,508,16,5730,2245,2,3461,300
OFAT,WORKLOAD,LOW,baseSeed=626|nTx=16|nValidators=10|nShards=4|committee=3|quorum=2|loadThreshold=75|maxTime=180|crossShardPct=0|requestOfflinePct=0|receiptDropPct=0|ownerCap=3000|mobileThreshold=35,1,19,626,43,COMPLETE,16,16,16,0,16,10,4,0,16,16,16,0,80,0,0,0,269,276,16,490,16,4384,1710,3,2115,400
OFAT,WORKLOAD,LOW,baseSeed=626|nTx=16|nValidators=10|nShards=4|committee=3|quorum=2|loadThreshold=75|maxTime=180|crossShardPct=0|requestOfflinePct=0|receiptDropPct=0|ownerCap=3000|mobileThreshold=35,1,20,626,49,COMPLETE,16,16,16,2,16,10,4,0,16,16,16,0,80,0,0,0,269,301,16,527,16,5740,2381,2,3942,200
OFAT,WORKLOAD,LOW,baseSeed=626|nTx=16|nValidators=10|nShards=4|committee=3|quorum=2|loadThreshold=75|maxTime=180|crossShardPct=0|requestOfflinePct=0|receiptDropPct=0|ownerCap=3000|mobileThreshold=35,1,21,626,48,COMPLETE,16,16,16,2,16,10,4,0,16,16,16,0,80,0,0,0,269,300,16,526,16,4740,1745,3,2644,200
OFAT,WORKLOAD,LOW,baseSeed=626|nTx=16|nValidators=10|nShards=4|committee=3|quorum=2|loadThreshold=75|maxTime=180|crossShardPct=0|requestOfflinePct=0|receiptDropPct=0|ownerCap=3000|mobileThreshold=35,1,22,626,49,COMPLETE,16,16,16,1,16,10,4,0,16,16,16,0,80,0,0,0,269,288,16,508,16,4951,1790,3,2548,300
OFAT,WORKLOAD,LOW,baseSeed=626|nTx=16|nValidators=10|nShards=4|committee=3|quorum=2|loadThreshold=75|maxTime=180|crossShardPct=0|requestOfflinePct=0|receiptDropPct=0|ownerCap=3000|mobileThreshold=35,1,23,626,47,COMPLETE,16,16,16,1,16,10,4,0,16,16,16,0,80,0,0,0,269,288,16,508,16,4961,1808,3,2500,300
OFAT,WORKLOAD,LOW,baseSeed=626|nTx=16|nValidators=10|nShards=4|committee=3|quorum=2|loadThreshold=75|maxTime=180|crossShardPct=0|requestOfflinePct=0|receiptDropPct=0|ownerCap=3000|mobileThreshold=35,1,24,626,48,COMPLETE,16,16,16,1,16,10,4,0,16,16,16,0,80,0,0,0,269,288,16,508,16,4634,1677,3,2211,400
OFAT,WORKLOAD,LOW,baseSeed=626|nTx=16|nValidators=10|nShards=4|committee=3|quorum=2|loadThreshold=75|maxTime=180|crossShardPct=0|requestOfflinePct=0|receiptDropPct=0|ownerCap=3000|mobileThreshold=35,1,25,626,47,COMPLETE,16,16,16,1,16,10,4,0,16,16,16,0,80,0,0,0,269,288,16,508,16,3721,1479,3,2163,300
OFAT,WORKLOAD,LOW,baseSeed=626|nTx=16|nValidators=10|nShards=4|committee=3|quorum=2|loadThreshold=75|maxTime=180|crossShardPct=0|requestOfflinePct=0|receiptDropPct=0|ownerCap=3000|mobileThreshold=35,1,26,626,47,COMPLETE,16,16,16,1,16,10,4,0,16,16,16,0,80,0,0,0,269,288,16,508,16,4567,1672,3,2163,300
OFAT,WORKLOAD,LOW,baseSeed=626|nTx=16|nValidators=10|nShards=4|committee=3|quorum=2|loadThreshold=75|maxTime=180|crossShardPct=0|requestOfflinePct=0|receiptDropPct=0|ownerCap=3000|mobileThreshold=35,1,27,626,48,COMPLETE,16,16,16,1,16,10,4,0,16,16,16,0,80,0,0,0,269,288,16,508,16,4596,1941,2,3461,400
OFAT,WORKLOAD,LOW,baseSeed=626|nTx=16|nValidators=10|nShards=4|committee=3|quorum=2|loadThreshold=75|maxTime=180|crossShardPct=0|requestOfflinePct=0|receiptDropPct=0|ownerCap=3000|mobileThreshold=35,1,28,626,48,COMPLETE,16,16,16,1,16,10,4,0,16,16,16,0,80,0,0,0,269,289,16,509,16,5778,2473,2,4182,300
OFAT,WORKLOAD,LOW,baseSeed=626|nTx=16|nValidators=10|nShards=4|committee=3|quorum=2|loadThreshold=75|maxTime=180|crossShardPct=0|requestOfflinePct=0|receiptDropPct=0|ownerCap=3000|mobileThreshold=35,1,29,626,49,COMPLETE,16,16,16,3,16,10,4,0,16,16,16,0,80,0,0,0,269,316,16,548,16,5451,2695,2,4759,300
OFAT,WORKLOAD,LOW,baseSeed=626|nTx=16|nValidators=10|nShards=4|committee=3|quorum=2|loadThreshold=75|maxTime=180|crossShardPct=0|requestOfflinePct=0|receiptDropPct=0|ownerCap=3000|mobileThreshold=35,1,30,626,48,COMPLETE,16,16,16,1,16,10,4,0,16,16,16,0,80,0,0,0,269,288,16,508,16,4221,1582,3,2163,300
OFAT,WORKLOAD,LOW,baseSeed=626|nTx=16|nValidators=10|nShards=4|committee=3|quorum=2|loadThreshold=75|maxTime=180|crossShardPct=0|requestOfflinePct=0|receiptDropPct=0|ownerCap=3000|mobileThreshold=35,1,31,626,49,COMPLETE,16,16,16,1,16,10,4,0,16,16,16,0,80,0,0,0,269,289,16,509,16,5346,2072,2,3461,300
OFAT,WORKLOAD,LOW,baseSeed=626|nTx=16|nValidators=10|nShards=4|committee=3|quorum=2|loadThreshold=75|maxTime=180|crossShardPct=0|requestOfflinePct=0|receiptDropPct=0|ownerCap=3000|mobileThreshold=35,1,32,626,47,COMPLETE,16,16,16,1,16,10,4,0,16,16,16,0,80,0,0,0,269,288,16,508,16,4413,1611,3,2163,300
OFAT,WORKLOAD,LOW,baseSeed=626|nTx=16|nValidators=10|nShards=4|committee=3|quorum=2|loadThreshold=75|maxTime=180|crossShardPct=0|requestOfflinePct=0|receiptDropPct=0|ownerCap=3000|mobileThreshold=35,1,33,626,49,COMPLETE,16,16,16,3,16,10,4,0,16,16,16,0,80,0,0,0,269,313,16,545,16,5605,2173,2,3461,200
OFAT,WORKLOAD,LOW,baseSeed=626|nTx=16|nValidators=10|nShards=4|committee=3|quorum=2|loadThreshold=75|maxTime=180|crossShardPct=0|requestOfflinePct=0|receiptDropPct=0|ownerCap=3000|mobileThreshold=35,1,34,626,48,COMPLETE,16,16,16,2,16,10,4,0,16,16,16,0,80,0,0,0,269,300,16,526,16,5211,2175,2,3894,300
OFAT,WORKLOAD,LOW,baseSeed=626|nTx=16|nValidators=10|nShards=4|committee=3|quorum=2|loadThreshold=75|maxTime=180|crossShardPct=0|requestOfflinePct=0|receiptDropPct=0|ownerCap=3000|mobileThreshold=35,1,35,626,48,COMPLETE,16,16,16,2,16,10,4,0,16,16,16,0,80,0,0,0,269,300,16,526,16,5759,2436,2,4086,200
OFAT,WORKLOAD,LOW,baseSeed=626|nTx=16|nValidators=10|nShards=4|committee=3|quorum=2|loadThreshold=75|maxTime=180|crossShardPct=0|requestOfflinePct=0|receiptDropPct=0|ownerCap=3000|mobileThreshold=35,1,36,626,47,COMPLETE,16,16,16,1,16,10,4,0,16,16,16,0,80,0,0,0,269,288,16,508,16,5423,2103,2,3461,300
OFAT,WORKLOAD,LOW,baseSeed=626|nTx=16|nValidators=10|nShards=4|committee=3|quorum=2|loadThreshold=75|maxTime=180|crossShardPct=0|requestOfflinePct=0|receiptDropPct=0|ownerCap=3000|mobileThreshold=35,1,37,626,49,COMPLETE,16,16,16,2,16,10,4,0,16,16,16,0,80,0,0,0,269,301,16,527,16,5134,1946,2,2596,200
OFAT,WORKLOAD,LOW,baseSeed=626|nTx=16|nValidators=10|nShards=4|committee=3|quorum=2|loadThreshold=75|maxTime=180|crossShardPct=0|requestOfflinePct=0|receiptDropPct=0|ownerCap=3000|mobileThreshold=35,1,38,626,43,COMPLETE,16,16,16,0,16,10,4,0,16,16,16,0,80,0,0,0,269,276,16,490,16,4692,1741,3,2115,400
OFAT,WORKLOAD,LOW,baseSeed=626|nTx=16|nValidators=10|nShards=4|committee=3|quorum=2|loadThreshold=75|maxTime=180|crossShardPct=0|requestOfflinePct=0|receiptDropPct=0|ownerCap=3000|mobileThreshold=35,1,39,626,48,COMPLETE,16,16,16,1,16,10,4,0,16,16,16,0,80,0,0,0,269,289,16,509,16,4730,1778,3,2548,300
OFAT,WORKLOAD,LOW,baseSeed=626|nTx=16|nValidators=10|nShards=4|committee=3|quorum=2|loadThreshold=75|maxTime=180|crossShardPct=0|requestOfflinePct=0|receiptDropPct=0|ownerCap=3000|mobileThreshold=35,1,40,626,48,COMPLETE,16,16,16,1,16,10,4,0,16,16,16,0,80,0,0,0,269,288,16,508,16,5144,1856,3,2548,300
OFAT,WORKLOAD,LOW,baseSeed=626|nTx=16|nValidators=10|nShards=4|committee=3|quorum=2|loadThreshold=75|maxTime=180|crossShardPct=0|requestOfflinePct=0|receiptDropPct=0|ownerCap=3000|mobileThreshold=35,1,41,626,48,COMPLETE,16,16,16,2,16,10,4,0,16,16,16,0,80,0,0,0,269,302,16,528,16,4826,1774,3,2500,400
OFAT,WORKLOAD,LOW,baseSeed=626|nTx=16|nValidators=10|nShards=4|committee=3|quorum=2|loadThreshold=75|maxTime=180|crossShardPct=0|requestOfflinePct=0|receiptDropPct=0|ownerCap=3000|mobileThreshold=35,1,42,626,48,COMPLETE,16,16,16,2,16,10,4,0,16,16,16,0,80,0,0,0,269,300,16,526,16,4192,1611,3,2451,200
OFAT,WORKLOAD,LOW,baseSeed=626|nTx=16|nValidators=10|nShards=4|committee=3|quorum=2|loadThreshold=75|maxTime=180|crossShardPct=0|requestOfflinePct=0|receiptDropPct=0|ownerCap=3000|mobileThreshold=35,1,43,626,47,COMPLETE,16,16,16,1,16,10,4,0,16,16,16,0,80,0,0,0,269,288,16,508,16,4615,1744,3,2548,300
OFAT,WORKLOAD,LOW,baseSeed=626|nTx=16|nValidators=10|nShards=4|committee=3|quorum=2|loadThreshold=75|maxTime=180|crossShardPct=0|requestOfflinePct=0|receiptDropPct=0|ownerCap=3000|mobileThreshold=35,1,44,626,48,COMPLETE,16,16,16,1,16,10,4,0,16,16,16,0,80,0,0,0,269,289,16,509,16,5817,2345,2,3461,300
OFAT,WORKLOAD,LOW,baseSeed=626|nTx=16|nValidators=10|nShards=4|committee=3|quorum=2|loadThreshold=75|maxTime=180|crossShardPct=0|requestOfflinePct=0|receiptDropPct=0|ownerCap=3000|mobileThreshold=35,1,45,626,48,COMPLETE,16,16,16,1,16,10,4,0,16,16,16,0,80,0,0,0,269,288,16,508,16,4759,1742,3,2548,300
OFAT,WORKLOAD,LOW,baseSeed=626|nTx=16|nValidators=10|nShards=4|committee=3|quorum=2|loadThreshold=75|maxTime=180|crossShardPct=0|requestOfflinePct=0|receiptDropPct=0|ownerCap=3000|mobileThreshold=35,1,46,626,49,COMPLETE,16,16,16,2,16,10,4,0,16,16,16,0,80,0,0,0,269,301,16,527,16,5913,2400,2,3894,300
OFAT,WORKLOAD,LOW,baseSeed=626|nTx=16|nValidators=10|nShards=4|committee=3|quorum=2|loadThreshold=75|maxTime=180|crossShardPct=0|requestOfflinePct=0|receiptDropPct=0|ownerCap=3000|mobileThreshold=35,1,47,626,48,COMPLETE,16,16,16,2,16,10,4,0,16,16,16,0,80,0,0,0,269,300,16,526,16,5173,1866,3,2644,200
OFAT,WORKLOAD,LOW,baseSeed=626|nTx=16|nValidators=10|nShards=4|committee=3|quorum=2|loadThreshold=75|maxTime=180|crossShardPct=0|requestOfflinePct=0|receiptDropPct=0|ownerCap=3000|mobileThreshold=35,1,48,626,48,COMPLETE,16,16,16,2,16,10,4,0,16,16,16,0,80,0,0,0,269,300,16,526,16,5663,2212,2,3461,200
OFAT,WORKLOAD,LOW,baseSeed=626|nTx=16|nValidators=10|nShards=4|committee=3|quorum=2|loadThreshold=75|maxTime=180|crossShardPct=0|requestOfflinePct=0|receiptDropPct=0|ownerCap=3000|mobileThreshold=35,1,49,626,49,COMPLETE,16,16,16,3,16,10,4,0,16,16,16,0,80,0,0,0,269,314,16,546,16,5144,1845,3,2548,300
OFAT,WORKLOAD,LOW,baseSeed=626|nTx=16|nValidators=10|nShards=4|committee=3|quorum=2|loadThreshold=75|maxTime=180|crossShardPct=0|requestOfflinePct=0|receiptDropPct=0|ownerCap=3000|mobileThreshold=35,1,50,626,48,COMPLETE,16,16,16,2,16,10,4,0,16,16,16,0,80,0,0,0,269,300,16,526,16,4711,1736,3,2451,200
OFAT,WORKLOAD,LOW,baseSeed=626|nTx=16|nValidators=10|nShards=4|committee=3|quorum=2|loadThreshold=75|maxTime=180|crossShardPct=0|requestOfflinePct=0|receiptDropPct=0|ownerCap=3000|mobileThreshold=35,1,51,626,48,COMPLETE,16,16,16,2,16,10,4,0,16,16,16,0,80,0,0,0,269,301,16,527,16,6586,2765,2,4326,200
OFAT,WORKLOAD,LOW,baseSeed=626|nTx=16|nValidators=10|nShards=4|committee=3|quorum=2|loadThreshold=75|maxTime=180|crossShardPct=0|requestOfflinePct=0|receiptDropPct=0|ownerCap=3000|mobileThreshold=35,1,52,626,47,COMPLETE,16,16,16,1,16,10,4,0,16,16,16,0,80,0,0,0,269,288,16,508,16,4913,1784,3,2548,300
OFAT,WORKLOAD,LOW,baseSeed=626|nTx=16|nValidators=10|nShards=4|committee=3|quorum=2|loadThreshold=75|maxTime=180|crossShardPct=0|requestOfflinePct=0|receiptDropPct=0|ownerCap=3000|mobileThreshold=35,1,53,626,48,COMPLETE,16,16,16,2,16,10,4,0,16,16,16,0,80,0,0,0,269,300,16,526,16,5663,2212,2,3461,200
OFAT,WORKLOAD,LOW,baseSeed=626|nTx=16|nValidators=10|nShards=4|committee=3|quorum=2|loadThreshold=75|maxTime=180|crossShardPct=0|requestOfflinePct=0|receiptDropPct=0|ownerCap=3000|mobileThreshold=35,1,54,626,49,COMPLETE,16,16,16,1,16,10,4,0,16,16,16,0,80,0,0,0,269,289,16,509,16,5000,1815,3,2548,300
OFAT,WORKLOAD,LOW,baseSeed=626|nTx=16|nValidators=10|nShards=4|committee=3|quorum=2|loadThreshold=75|maxTime=180|crossShardPct=0|requestOfflinePct=0|receiptDropPct=0|ownerCap=3000|mobileThreshold=35,1,55,626,49,COMPLETE,16,16,16,2,16,10,4,0,16,16,16,0,80,0,0,0,269,300,16,526,16,5153,2015,2,2740,200
OFAT,WORKLOAD,LOW,baseSeed=626|nTx=16|nValidators=10|nShards=4|committee=3|quorum=2|loadThreshold=75|maxTime=180|crossShardPct=0|requestOfflinePct=0|receiptDropPct=0|ownerCap=3000|mobileThreshold=35,1,56,626,48,COMPLETE,16,16,16,1,16,10,4,0,16,16,16,0,80,0,0,0,269,288,16,508,16,5105,1902,3,2211,300
OFAT,WORKLOAD,LOW,baseSeed=626|nTx=16|nValidators=10|nShards=4|committee=3|quorum=2|loadThreshold=75|maxTime=180|crossShardPct=0|requestOfflinePct=0|receiptDropPct=0|ownerCap=3000|mobileThreshold=35,1,57,626,48,COMPLETE,16,16,16,3,16,10,4,0,16,16,16,0,80,0,0,0,269,314,16,546,16,6365,2795,2,4326,300
OFAT,WORKLOAD,LOW,baseSeed=626|nTx=16|nValidators=10|nShards=4|committee=3|quorum=2|loadThreshold=75|maxTime=180|crossShardPct=0|requestOfflinePct=0|receiptDropPct=0|ownerCap=3000|mobileThreshold=35,1,58,626,48,COMPLETE,16,16,16,2,16,10,4,0,16,16,16,0,80,0,0,0,269,301,16,527,16,5096,1828,3,2596,200
OFAT,WORKLOAD,LOW,baseSeed=626|nTx=16|nValidators=10|nShards=4|committee=3|quorum=2|loadThreshold=75|maxTime=180|crossShardPct=0|requestOfflinePct=0|receiptDropPct=0|ownerCap=3000|mobileThreshold=35,1,59,626,49,COMPLETE,16,16,16,1,16,10,4,0,16,16,16,0,80,0,0,0,269,289,16,509,16,4971,1809,3,2932,300
OFAT,WORKLOAD,LOW,baseSeed=626|nTx=16|nValidators=10|nShards=4|committee=3|quorum=2|loadThreshold=75|maxTime=180|crossShardPct=0|requestOfflinePct=0|receiptDropPct=0|ownerCap=3000|mobileThreshold=35,1,60,626,48,COMPLETE,16,16,16,2,16,10,4,0,16,16,16,0,80,0,0,0,269,300,16,526,16,5173,1866,3,2644,200
OFAT,WORKLOAD,LOW,baseSeed=626|nTx=16|nValidators=10|nShards=4|committee=3|quorum=2|loadThreshold=75|maxTime=180|crossShardPct=0|requestOfflinePct=0|receiptDropPct=0|ownerCap=3000|mobileThreshold=35,1,61,626,49,COMPLETE,16,16,16,4,16,10,4,0,16,16,16,0,80,0,0,0,269,326,16,564,16,5163,2015,2,3076,300
OFAT,WORKLOAD,LOW,baseSeed=626|nTx=16|nValidators=10|nShards=4|committee=3|quorum=2|loadThreshold=75|maxTime=180|crossShardPct=0|requestOfflinePct=0|receiptDropPct=0|ownerCap=3000|mobileThreshold=35,1,62,626,49,COMPLETE,16,16,16,5,16,10,4,0,16,16,16,0,80,0,0,0,269,340,16,584,16,6105,2341,2,3028,300
OFAT,WORKLOAD,LOW,baseSeed=626|nTx=16|nValidators=10|nShards=4|committee=3|quorum=2|loadThreshold=75|maxTime=180|crossShardPct=0|requestOfflinePct=0|receiptDropPct=0|ownerCap=3000|mobileThreshold=35,1,63,626,47,COMPLETE,16,16,16,1,16,10,4,0,16,16,16,0,80,0,0,0,269,288,16,508,16,5269,1928,3,2500,300
OFAT,WORKLOAD,LOW,baseSeed=626|nTx=16|nValidators=10|nShards=4|committee=3|quorum=2|loadThreshold=75|maxTime=180|crossShardPct=0|requestOfflinePct=0|receiptDropPct=0|ownerCap=3000|mobileThreshold=35,1,64,626,49,COMPLETE,16,16,16,1,16,10,4,0,16,16,16,0,80,0,0,0,269,289,16,509,16,6000,2475,2,3894,300
OFAT,WORKLOAD,LOW,baseSeed=626|nTx=16|nValidators=10|nShards=4|committee=3|quorum=2|loadThreshold=75|maxTime=180|crossShardPct=0|requestOfflinePct=0|receiptDropPct=0|ownerCap=3000|mobileThreshold=35,1,65,626,49,COMPLETE,16,16,16,2,16,10,4,0,16,16,16,0,80,0,0,0,269,301,16,527,16,5182,1914,2,2644,200
OFAT,WORKLOAD,LOW,baseSeed=626|nTx=16|nValidators=10|nShards=4|committee=3|quorum=2|loadThreshold=75|maxTime=180|crossShardPct=0|requestOfflinePct=0|receiptDropPct=0|ownerCap=3000|mobileThreshold=35,1,66,626,49,COMPLETE,16,16,16,3,16,10,4,0,16,16,16,0,80,0,0,0,269,314,16,546,16,4990,1957,2,3028,300
OFAT,WORKLOAD,LOW,baseSeed=626|nTx=16|nValidators=10|nShards=4|committee=3|quorum=2|loadThreshold=75|maxTime=180|crossShardPct=0|requestOfflinePct=0|receiptDropPct=0|ownerCap=3000|mobileThreshold=35,1,67,626,49,COMPLETE,16,16,16,2,16,10,4,0,16,16,16,0,80,0,0,0,269,301,16,527,16,5961,2290,2,3028,200
OFAT,WORKLOAD,LOW,baseSeed=626|nTx=16|nValidators=10|nShards=4|committee=3|quorum=2|loadThreshold=75|maxTime=180|crossShardPct=0|requestOfflinePct=0|receiptDropPct=0|ownerCap=3000|mobileThreshold=35,1,68,626,49,COMPLETE,16,16,16,1,16,10,4,0,16,16,16,0,80,0,0,0,269,288,16,508,16,5105,1898,2,3028,300
OFAT,WORKLOAD,LOW,baseSeed=626|nTx=16|nValidators=10|nShards=4|committee=3|quorum=2|loadThreshold=75|maxTime=180|crossShardPct=0|requestOfflinePct=0|receiptDropPct=0|ownerCap=3000|mobileThreshold=35,1,69,626,43,COMPLETE,16,16,16,0,16,10,4,0,16,16,16,0,80,0,0,0,269,276,16,490,16,5807,2237,2,3461,400
OFAT,WORKLOAD,LOW,baseSeed=626|nTx=16|nValidators=10|nShards=4|committee=3|quorum=2|loadThreshold=75|maxTime=180|crossShardPct=0|requestOfflinePct=0|receiptDropPct=0|ownerCap=3000|mobileThreshold=35,1,70,626,62,COMPLETE,16,16,16,5,16,10,4,0,16,16,16,0,80,0,0,0,269,339,16,583,16,4740,1722,3,2548,200
OFAT,WORKLOAD,LOW,baseSeed=626|nTx=16|nValidators=10|nShards=4|committee=3|quorum=2|loadThreshold=75|maxTime=180|crossShardPct=0|requestOfflinePct=0|receiptDropPct=0|ownerCap=3000|mobileThreshold=35,1,71,626,49,COMPLETE,16,16,16,2,16,10,4,0,16,16,16,0,80,0,0,0,269,301,16,527,16,4576,1700,3,2451,200
OFAT,WORKLOAD,LOW,baseSeed=626|nTx=16|nValidators=10|nShards=4|committee=3|quorum=2|loadThreshold=75|maxTime=180|crossShardPct=0|requestOfflinePct=0|receiptDropPct=0|ownerCap=3000|mobileThreshold=35,1,72,626,48,COMPLETE,16,16,16,1,16,10,4,0,16,16,16,0,80,0,0,0,269,288,16,508,16,5028,1822,3,2548,300
OFAT,WORKLOAD,LOW,baseSeed=626|nTx=16|nValidators=10|nShards=4|committee=3|quorum=2|loadThreshold=75|maxTime=180|crossShardPct=0|requestOfflinePct=0|receiptDropPct=0|ownerCap=3000|mobileThreshold=35,1,73,626,47,COMPLETE,16,16,16,1,16,10,4,0,16,16,16,0,80,0,0,0,269,288,16,508,16,5451,2138,2,3509,300
OFAT,WORKLOAD,LOW,baseSeed=626|nTx=16|nValidators=10|nShards=4|committee=3|quorum=2|loadThreshold=75|maxTime=180|crossShardPct=0|requestOfflinePct=0|receiptDropPct=0|ownerCap=3000|mobileThreshold=35,1,74,626,47,COMPLETE,16,16,16,1,16,10,4,0,16,16,16,0,80,0,0,0,269,288,16,508,16,4451,1672,3,2548,300
OFAT,WORKLOAD,LOW,baseSeed=626|nTx=16|nValidators=10|nShards=4|committee=3|quorum=2|loadThreshold=75|maxTime=180|crossShardPct=0|requestOfflinePct=0|receiptDropPct=0|ownerCap=3000|mobileThreshold=35,1,75,626,48,COMPLETE,16,16,16,2,16,10,4,0,16,16,16,0,80,0,0,0,269,300,16,526,16,5336,2079,2,3413,200
OFAT,WORKLOAD,LOW,baseSeed=626|nTx=16|nValidators=10|nShards=4|committee=3|quorum=2|loadThreshold=75|maxTime=180|crossShardPct=0|requestOfflinePct=0|receiptDropPct=0|ownerCap=3000|mobileThreshold=35,1,76,626,47,COMPLETE,16,16,16,1,16,10,4,0,16,16,16,0,80,0,0,0,269,288,16,508,16,5634,2231,2,3461,300
OFAT,WORKLOAD,LOW,baseSeed=626|nTx=16|nValidators=10|nShards=4|committee=3|quorum=2|loadThreshold=75|maxTime=180|crossShardPct=0|requestOfflinePct=0|receiptDropPct=0|ownerCap=3000|mobileThreshold=35,1,77,626,48,COMPLETE,16,16,16,1,16,10,4,0,16,16,16,0,80,0,0,0,269,288,16,508,16,4038,1554,3,2211,300
OFAT,WORKLOAD,LOW,baseSeed=626|nTx=16|nValidators=10|nShards=4|committee=3|quorum=2|loadThreshold=75|maxTime=180|crossShardPct=0|requestOfflinePct=0|receiptDropPct=0|ownerCap=3000|mobileThreshold=35,1,78,626,48,COMPLETE,16,16,16,1,16,10,4,0,16,16,16,0,80,0,0,0,269,289,16,509,16,5461,2106,2,3461,400
OFAT,WORKLOAD,LOW,baseSeed=626|nTx=16|nValidators=10|nShards=4|committee=3|quorum=2|loadThreshold=75|maxTime=180|crossShardPct=0|requestOfflinePct=0|receiptDropPct=0|ownerCap=3000|mobileThreshold=35,1,79,626,48,COMPLETE,16,16,16,1,16,10,4,0,16,16,16,0,80,0,0,0,269,288,16,508,16,4432,1665,3,2451,300
OFAT,WORKLOAD,LOW,baseSeed=626|nTx=16|nValidators=10|nShards=4|committee=3|quorum=2|loadThreshold=75|maxTime=180|crossShardPct=0|requestOfflinePct=0|receiptDropPct=0|ownerCap=3000|mobileThreshold=35,1,80,626,48,COMPLETE,16,16,16,2,16,10,4,0,16,16,16,0,80,0,0,0,269,300,16,526,16,5461,2106,2,3461,400
OFAT,WORKLOAD,LOW,baseSeed=626|nTx=16|nValidators=10|nShards=4|committee=3|quorum=2|loadThreshold=75|maxTime=180|crossShardPct=0|requestOfflinePct=0|receiptDropPct=0|ownerCap=3000|mobileThreshold=35,1,81,626,48,COMPLETE,16,16,16,1,16,10,4,0,16,16,16,0,80,0,0,0,269,288,16,508,16,4884,1807,3,2403,300
OFAT,WORKLOAD,LOW,baseSeed=626|nTx=16|nValidators=10|nShards=4|committee=3|quorum=2|loadThreshold=75|maxTime=180|crossShardPct=0|requestOfflinePct=0|receiptDropPct=0|ownerCap=3000|mobileThreshold=35,1,82,626,48,COMPLETE,16,16,16,2,16,10,4,0,16,16,16,0,80,0,0,0,269,300,16,526,16,5355,2411,2,4326,200
OFAT,WORKLOAD,LOW,baseSeed=626|nTx=16|nValidators=10|nShards=4|committee=3|quorum=2|loadThreshold=75|maxTime=180|crossShardPct=0|requestOfflinePct=0|receiptDropPct=0|ownerCap=3000|mobileThreshold=35,1,83,626,48,COMPLETE,16,16,16,1,16,10,4,0,16,16,16,0,80,0,0,0,269,289,16,509,16,5500,2170,2,3461,300
OFAT,WORKLOAD,LOW,baseSeed=626|nTx=16|nValidators=10|nShards=4|committee=3|quorum=2|loadThreshold=75|maxTime=180|crossShardPct=0|requestOfflinePct=0|receiptDropPct=0|ownerCap=3000|mobileThreshold=35,1,84,626,48,COMPLETE,16,16,16,1,16,10,4,0,16,16,16,0,80,0,0,0,269,289,16,509,16,5615,2275,2,3894,300
OFAT,WORKLOAD,LOW,baseSeed=626|nTx=16|nValidators=10|nShards=4|committee=3|quorum=2|loadThreshold=75|maxTime=180|crossShardPct=0|requestOfflinePct=0|receiptDropPct=0|ownerCap=3000|mobileThreshold=35,1,85,626,47,COMPLETE,16,16,16,1,16,10,4,0,16,16,16,0,80,0,0,0,269,288,16,508,16,4519,1682,3,2211,300
OFAT,WORKLOAD,LOW,baseSeed=626|nTx=16|nValidators=10|nShards=4|committee=3|quorum=2|loadThreshold=75|maxTime=180|crossShardPct=0|requestOfflinePct=0|receiptDropPct=0|ownerCap=3000|mobileThreshold=35,1,86,626,47,COMPLETE,16,16,16,1,16,10,4,0,16,16,16,0,80,0,0,0,269,288,16,508,16,3778,1504,3,2451,300
OFAT,WORKLOAD,LOW,baseSeed=626|nTx=16|nValidators=10|nShards=4|committee=3|quorum=2|loadThreshold=75|maxTime=180|crossShardPct=0|requestOfflinePct=0|receiptDropPct=0|ownerCap=3000|mobileThreshold=35,1,87,626,48,COMPLETE,16,16,16,2,16,10,4,0,16,16,16,0,80,0,0,0,269,300,16,526,16,4875,1772,3,2644,200
OFAT,WORKLOAD,LOW,baseSeed=626|nTx=16|nValidators=10|nShards=4|committee=3|quorum=2|loadThreshold=75|maxTime=180|crossShardPct=0|requestOfflinePct=0|receiptDropPct=0|ownerCap=3000|mobileThreshold=35,1,88,626,48,COMPLETE,16,16,16,1,16,10,4,0,16,16,16,0,80,0,0,0,269,289,16,509,16,3682,1474,3,2163,300
OFAT,WORKLOAD,LOW,baseSeed=626|nTx=16|nValidators=10|nShards=4|committee=3|quorum=2|loadThreshold=75|maxTime=180|crossShardPct=0|requestOfflinePct=0|receiptDropPct=0|ownerCap=3000|mobileThreshold=35,1,89,626,48,COMPLETE,16,16,16,1,16,10,4,0,16,16,16,0,80,0,0,0,269,288,16,508,16,4740,1727,3,2548,300
OFAT,WORKLOAD,LOW,baseSeed=626|nTx=16|nValidators=10|nShards=4|committee=3|quorum=2|loadThreshold=75|maxTime=180|crossShardPct=0|requestOfflinePct=0|receiptDropPct=0|ownerCap=3000|mobileThreshold=35,1,90,626,47,COMPLETE,16,16,16,1,16,10,4,0,16,16,16,0,80,0,0,0,269,288,16,508,16,4740,1741,3,2500,300
OFAT,WORKLOAD,LOW,baseSeed=626|nTx=16|nValidators=10|nShards=4|committee=3|quorum=2|loadThreshold=75|maxTime=180|crossShardPct=0|requestOfflinePct=0|receiptDropPct=0|ownerCap=3000|mobileThreshold=35,1,91,626,49,COMPLETE,16,16,16,3,16,10,4,0,16,16,16,0,80,0,0,0,269,314,16,546,16,5692,2110,2,3269,200
OFAT,WORKLOAD,LOW,baseSeed=626|nTx=16|nValidators=10|nShards=4|committee=3|quorum=2|loadThreshold=75|maxTime=180|crossShardPct=0|requestOfflinePct=0|receiptDropPct=0|ownerCap=3000|mobileThreshold=35,1,92,626,49,COMPLETE,16,16,16,1,16,10,4,0,16,16,16,0,80,0,0,0,269,289,16,509,16,5788,2475,2,4278,300
OFAT,WORKLOAD,LOW,baseSeed=626|nTx=16|nValidators=10|nShards=4|committee=3|quorum=2|loadThreshold=75|maxTime=180|crossShardPct=0|requestOfflinePct=0|receiptDropPct=0|ownerCap=3000|mobileThreshold=35,1,93,626,48,COMPLETE,16,16,16,2,16,10,4,0,16,16,16,0,80,0,0,0,269,301,16,527,16,4951,1792,3,2596,200
OFAT,WORKLOAD,LOW,baseSeed=626|nTx=16|nValidators=10|nShards=4|committee=3|quorum=2|loadThreshold=75|maxTime=180|crossShardPct=0|requestOfflinePct=0|receiptDropPct=0|ownerCap=3000|mobileThreshold=35,1,94,626,49,COMPLETE,16,16,16,2,16,10,4,0,16,16,16,0,80,0,0,0,269,301,16,527,16,5298,2119,2,3509,200
OFAT,WORKLOAD,LOW,baseSeed=626|nTx=16|nValidators=10|nShards=4|committee=3|quorum=2|loadThreshold=75|maxTime=180|crossShardPct=0|requestOfflinePct=0|receiptDropPct=0|ownerCap=3000|mobileThreshold=35,1,95,626,49,COMPLETE,16,16,16,1,16,10,4,0,16,16,16,0,80,0,0,0,269,289,16,509,16,4990,1957,2,3028,300
OFAT,WORKLOAD,LOW,baseSeed=626|nTx=16|nValidators=10|nShards=4|committee=3|quorum=2|loadThreshold=75|maxTime=180|crossShardPct=0|requestOfflinePct=0|receiptDropPct=0|ownerCap=3000|mobileThreshold=35,1,96,626,48,COMPLETE,16,16,16,2,16,10,4,0,16,16,16,0,80,0,0,0,269,301,16,527,16,4836,1785,3,2403,200
OFAT,WORKLOAD,LOW,baseSeed=626|nTx=16|nValidators=10|nShards=4|committee=3|quorum=2|loadThreshold=75|maxTime=180|crossShardPct=0|requestOfflinePct=0|receiptDropPct=0|ownerCap=3000|mobileThreshold=35,1,97,626,43,COMPLETE,16,16,16,0,16,10,4,0,16,16,16,0,80,0,0,0,269,276,16,490,16,4230,1607,3,2500,400
OFAT,WORKLOAD,LOW,baseSeed=626|nTx=16|nValidators=10|nShards=4|committee=3|quorum=2|loadThreshold=75|maxTime=180|crossShardPct=0|requestOfflinePct=0|receiptDropPct=0|ownerCap=3000|mobileThreshold=35,1,98,626,43,COMPLETE,16,16,16,0,16,10,4,0,16,16,16,0,80,0,0,0,269,276,16,490,16,5115,2072,2,3461,400
OFAT,WORKLOAD,LOW,baseSeed=626|nTx=16|nValidators=10|nShards=4|committee=3|quorum=2|loadThreshold=75|maxTime=180|crossShardPct=0|requestOfflinePct=0|receiptDropPct=0|ownerCap=3000|mobileThreshold=35,1,99,626,49,COMPLETE,16,16,16,2,16,10,4,0,16,16,16,0,80,0,0,0,269,301,16,527,16,4865,1818,3,3269,200
OFAT,WORKLOAD,LOW,baseSeed=626|nTx=16|nValidators=10|nShards=4|committee=3|quorum=2|loadThreshold=75|maxTime=180|crossShardPct=0|requestOfflinePct=0|receiptDropPct=0|ownerCap=3000|mobileThreshold=35,1,100,626,48,COMPLETE,16,16,16,2,16,10,4,0,16,16,16,0,80,0,0,0,269,300,16,526,16,4394,1765,3,2596,200
OFAT,WORKLOAD,DEFAULT,baseSeed=626|nTx=24|nValidators=10|nShards=4|committee=3|quorum=2|loadThreshold=75|maxTime=180|crossShardPct=0|requestOfflinePct=0|receiptDropPct=0|ownerCap=3000|mobileThreshold=35,1,1,626,50,COMPLETE,24,24,24,5,24,10,4,0,24,24,24,0,120,0,0,0,397,492,24,846,24,6006,2504,2,4038,200
OFAT,WORKLOAD,DEFAULT,baseSeed=626|nTx=24|nValidators=10|nShards=4|committee=3|quorum=2|loadThreshold=75|maxTime=180|crossShardPct=0|requestOfflinePct=0|receiptDropPct=0|ownerCap=3000|mobileThreshold=35,1,2,626,50,COMPLETE,24,24,24,3,24,10,4,0,24,24,24,0,120,0,0,0,397,468,24,810,24,5198,1877,3,2756,100
OFAT,WORKLOAD,DEFAULT,baseSeed=626|nTx=24|nValidators=10|nShards=4|committee=3|quorum=2|loadThreshold=75|maxTime=180|crossShardPct=0|requestOfflinePct=0|receiptDropPct=0|ownerCap=3000|mobileThreshold=35,1,3,626,48,COMPLETE,24,24,24,1,24,10,4,0,24,24,24,0,120,0,0,0,397,440,24,770,24,6000,2388,2,3846,300
OFAT,WORKLOAD,DEFAULT,baseSeed=626|nTx=24|nValidators=10|nShards=4|committee=3|quorum=2|loadThreshold=75|maxTime=180|crossShardPct=0|requestOfflinePct=0|receiptDropPct=0|ownerCap=3000|mobileThreshold=35,1,4,626,63,COMPLETE,24,24,24,5,24,10,4,0,24,24,24,0,120,0,0,0,397,493,24,847,24,5307,1918,2,2628,200
OFAT,WORKLOAD,DEFAULT,baseSeed=626|nTx=24|nValidators=10|nShards=4|committee=3|quorum=2|loadThreshold=75|maxTime=180|crossShardPct=0|requestOfflinePct=0|receiptDropPct=0|ownerCap=3000|mobileThreshold=35,1,5,626,50,COMPLETE,24,24,24,3,24,10,4,0,24,24,24,0,120,0,0,0,397,467,24,809,24,4852,1779,3,2500,300
OFAT,WORKLOAD,DEFAULT,baseSeed=626|nTx=24|nValidators=10|nShards=4|committee=3|quorum=2|loadThreshold=75|maxTime=180|crossShardPct=0|requestOfflinePct=0|receiptDropPct=0|ownerCap=3000|mobileThreshold=35,1,6,626,50,COMPLETE,24,24,24,3,24,10,4,0,24,24,24,0,120,0,0,0,397,467,24,809,24,6275,2475,2,3750,300
OFAT,WORKLOAD,DEFAULT,baseSeed=626|nTx=24|nValidators=10|nShards=4|committee=3|quorum=2|loadThreshold=75|maxTime=180|crossShardPct=0|requestOfflinePct=0|receiptDropPct=0|ownerCap=3000|mobileThreshold=35,1,7,626,62,COMPLETE,24,24,24,3,24,10,4,0,24,24,24,0,120,0,0,0,397,466,24,808,24,4282,1600,3,2339,200
OFAT,WORKLOAD,DEFAULT,baseSeed=626|nTx=24|nValidators=10|nShards=4|committee=3|quorum=2|loadThreshold=75|maxTime=180|crossShardPct=0|requestOfflinePct=0|receiptDropPct=0|ownerCap=3000|mobileThreshold=35,1,8,626,49,COMPLETE,24,24,24,2,24,10,4,0,24,24,24,0,120,0,0,0,397,455,24,791,24,4576,1728,3,2275,200
OFAT,WORKLOAD,DEFAULT,baseSeed=626|nTx=24|nValidators=10|nShards=4|committee=3|quorum=2|loadThreshold=75|maxTime=180|crossShardPct=0|requestOfflinePct=0|receiptDropPct=0|ownerCap=3000|mobileThreshold=35,1,9,626,63,COMPLETE,24,24,24,4,24,10,4,0,24,24,24,0,120,0,0,0,397,480,24,828,24,4756,1789,3,2467,200
OFAT,WORKLOAD,DEFAULT,baseSeed=626|nTx=24|nValidators=10|nShards=4|committee=3|quorum=2|loadThreshold=75|maxTime=180|crossShardPct=0|requestOfflinePct=0|receiptDropPct=0|ownerCap=3000|mobileThreshold=35,1,10,626,62,COMPLETE,24,24,24,3,24,10,4,0,24,24,24,0,120,0,0,0,397,466,24,808,24,4173,1594,3,2051,300
OFAT,WORKLOAD,DEFAULT,baseSeed=626|nTx=24|nValidators=10|nShards=4|committee=3|quorum=2|loadThreshold=75|maxTime=180|crossShardPct=0|requestOfflinePct=0|receiptDropPct=0|ownerCap=3000|mobileThreshold=35,1,11,626,62,COMPLETE,24,24,24,3,24,10,4,0,24,24,24,0,120,0,0,0,397,466,24,808,24,4974,1817,3,2467,200
OFAT,WORKLOAD,DEFAULT,baseSeed=626|nTx=24|nValidators=10|nShards=4|committee=3|quorum=2|loadThreshold=75|maxTime=180|crossShardPct=0|requestOfflinePct=0|receiptDropPct=0|ownerCap=3000|mobileThreshold=35,1,12,626,50,COMPLETE,24,24,24,5,24,10,4,0,24,24,24,0,120,0,0,0,397,492,24,846,24,3833,1507,3,2339,200
OFAT,WORKLOAD,DEFAULT,baseSeed=626|nTx=24|nValidators=10|nShards=4|committee=3|quorum=2|loadThreshold=75|maxTime=180|crossShardPct=0|requestOfflinePct=0|receiptDropPct=0|ownerCap=3000|mobileThreshold=35,1,13,626,49,COMPLETE,24,24,24,1,24,10,4,0,24,24,24,0,120,0,0,0,397,440,24,770,24,5448,2105,2,3461,300
OFAT,WORKLOAD,DEFAULT,baseSeed=626|nTx=24|nValidators=10|nShards=4|committee=3|quorum=2|loadThreshold=75|maxTime=180|crossShardPct=0|requestOfflinePct=0|receiptDropPct=0|ownerCap=3000|mobileThreshold=35,1,14,626,62,COMPLETE,24,24,24,4,24,10,4,0,24,24,24,0,120,0,0,0,397,480,24,828,24,4756,1789,3,2467,200
OFAT,WORKLOAD,DEFAULT,baseSeed=626|nTx=24|nValidators=10|nShards=4|committee=3|quorum=2|loadThreshold=75|maxTime=180|crossShardPct=0|requestOfflinePct=0|receiptDropPct=0|ownerCap=3000|mobileThreshold=35,1,15,626,50,COMPLETE,24,24,24,4,24,10,4,0,24,24,24,0,120,0,0,0,397,481,24,829,24,4621,1809,3,2884,200
OFAT,WORKLOAD,DEFAULT,baseSeed=626|nTx=24|nValidators=10|nShards=4|committee=3|quorum=2|loadThreshold=75|maxTime=180|crossShardPct=0|requestOfflinePct=0|receiptDropPct=0|ownerCap=3000|mobileThreshold=35,1,16,626,63,COMPLETE,24,24,24,4,24,10,4,0,24,24,24,0,120,0,0,0,397,478,24,826,24,5089,1858,3,2467,200
OFAT,WORKLOAD,DEFAULT,baseSeed=626|nTx=24|nValidators=10|nShards=4|committee=3|quorum=2|loadThreshold=75|maxTime=180|crossShardPct=0|requestOfflinePct=0|receiptDropPct=0|ownerCap=3000|mobileThreshold=35,1,17,626,63,COMPLETE,24,24,24,3,24,10,4,0,24,24,24,0,120,0,0,0,397,466,24,808,24,5032,1829,3,2467,200
OFAT,WORKLOAD,DEFAULT,baseSeed=626|nTx=24|nValidators=10|nShards=4|committee=3|quorum=2|loadThreshold=75|maxTime=180|crossShardPct=0|requestOfflinePct=0|receiptDropPct=0|ownerCap=3000|mobileThreshold=35,1,18,626,50,COMPLETE,24,24,24,4,24,10,4,0,24,24,24,0,120,0,0,0,397,480,24,828,24,5576,2134,2,3173,200
OFAT,WORKLOAD,DEFAULT,baseSeed=626|nTx=24|nValidators=10|nShards=4|committee=3|quorum=2|loadThreshold=75|maxTime=180|crossShardPct=0|requestOfflinePct=0|receiptDropPct=0|ownerCap=3000|mobileThreshold=35,1,19,626,62,COMPLETE,24,24,24,3,24,10,4,0,24,24,24,0,120,0,0,0,397,467,24,809,24,4756,1789,3,2467,200
OFAT,WORKLOAD,DEFAULT,baseSeed=626|nTx=24|nValidators=10|nShards=4|committee=3|quorum=2|loadThreshold=75|maxTime=180|crossShardPct=0|requestOfflinePct=0|receiptDropPct=0|ownerCap=3000|mobileThreshold=35,1,20,626,63,COMPLETE,24,24,24,3,24,10,4,0,24,24,24,0,120,0,0,0,397,467,24,809,24,5711,2356,2,3910,200
OFAT,WORKLOAD,DEFAULT,baseSeed=626|nTx=24|nValidators=10|nShards=4|committee=3|quorum=2|loadThreshold=75|maxTime=180|crossShardPct=0|requestOfflinePct=0|receiptDropPct=0|ownerCap=3000|mobileThreshold=35,1,21,626,47,COMPLETE,24,24,24,1,24,10,4,0,24,24,24,0,120,0,0,0,397,439,24,769,24,4378,1643,3,2403,300
OFAT,WORKLOAD,DEFAULT,baseSeed=626|nTx=24|nValidators=10|nShards=4|committee=3|quorum=2|loadThreshold=75|maxTime=180|crossShardPct=0|requestOfflinePct=0|receiptDropPct=0|ownerCap=3000|mobileThreshold=35,1,22,626,63,COMPLETE,24,24,24,5,24,10,4,0,24,24,24,0,120,0,0,0,397,492,24,846,24,5012,1815,3,2403,200
OFAT,WORKLOAD,DEFAULT,baseSeed=626|nTx=24|nValidators=10|nShards=4|committee=3|quorum=2|loadThreshold=75|maxTime=180|crossShardPct=0|requestOfflinePct=0|receiptDropPct=0|ownerCap=3000|mobileThreshold=35,1,23,626,62,COMPLETE,24,24,24,4,24,10,4,0,24,24,24,0,120,0,0,0,397,480,24,828,24,4833,1758,3,2339,200
OFAT,WORKLOAD,DEFAULT,baseSeed=626|nTx=24|nValidators=10|nShards=4|committee=3|quorum=2|loadThreshold=75|maxTime=180|crossShardPct=0|requestOfflinePct=0|receiptDropPct=0|ownerCap=3000|mobileThreshold=35,1,24,626,63,COMPLETE,24,24,24,5,24,10,4,0,24,24,24,0,120,0,0,0,397,492,24,846,24,4583,1655,3,2403,300
OFAT,WORKLOAD,DEFAULT,baseSeed=626|nTx=24|nValidators=10|nShards=4|committee=3|quorum=2|loadThreshold=75|maxTime=180|crossShardPct=0|requestOfflinePct=0|receiptDropPct=0|ownerCap=3000|mobileThreshold=35,1,25,626,50,COMPLETE,24,24,24,3,24,10,4,0,24,24,24,0,120,0,0,0,397,467,24,809,24,3705,1470,3,2019,200
OFAT,WORKLOAD,DEFAULT,baseSeed=626|nTx=24|nValidators=10|nShards=4|committee=3|quorum=2|loadThreshold=75|maxTime=180|crossShardPct=0|requestOfflinePct=0|receiptDropPct=0|ownerCap=3000|mobileThreshold=35,1,26,626,49,COMPLETE,24,24,24,2,24,10,4,0,24,24,24,0,120,0,0,0,397,453,24,789,24,4666,1695,3,2339,200
OFAT,WORKLOAD,DEFAULT,baseSeed=626|nTx=24|nValidators=10|nShards=4|committee=3|quorum=2|loadThreshold=75|maxTime=180|crossShardPct=0|requestOfflinePct=0|receiptDropPct=0|ownerCap=3000|mobileThreshold=35,1,27,626,62,COMPLETE,24,24,24,4,24,10,4,0,24,24,24,0,120,0,0,0,397,479,24,827,24,4660,1958,2,3461,300
OFAT,WORKLOAD,DEFAULT,baseSeed=626|nTx=24|nValidators=10|nShards=4|committee=3|quorum=2|loadThreshold=75|maxTime=180|crossShardPct=0|requestOfflinePct=0|receiptDropPct=0|ownerCap=3000|mobileThreshold=35,1,28,626,62,COMPLETE,24,24,24,3,24,10,4,0,24,24,24,0,120,0,0,0,397,466,24,808,24,5762,2423,2,4070,300
OFAT,WORKLOAD,DEFAULT,baseSeed=626|nTx=24|nValidators=10|nShards=4|committee=3|quorum=2|loadThreshold=75|maxTime=180|crossShardPct=0|requestOfflinePct=0|receiptDropPct=0|ownerCap=3000|mobileThreshold=35,1,29,626,47,COMPLETE,24,24,24,1,24,10,4,0,24,24,24,0,120,0,0,0,397,440,24,770,24,4743,2063,2,3750,300
OFAT,WORKLOAD,DEFAULT,baseSeed=626|nTx=24|nValidators=10|nShards=4|committee=3|quorum=2|loadThreshold=75|maxTime=180|crossShardPct=0|requestOfflinePct=0|receiptDropPct=0|ownerCap=3000|mobileThreshold=35,1,30,626,48,COMPLETE,24,24,24,2,24,10,4,0,24,24,24,0,120,0,0,0,397,454,24,790,24,4173,1582,3,2051,300
OFAT,WORKLOAD,DEFAULT,baseSeed=626|nTx=24|nValidators=10|nShards=4|committee=3|quorum=2|loadThreshold=75|maxTime=180|crossShardPct=0|requestOfflinePct=0|receiptDropPct=0|ownerCap=3000|mobileThreshold=35,1,31,626,63,COMPLETE,24,24,24,6,24,10,4,0,24,24,24,0,120,0,0,0,397,506,24,866,24,5262,1994,2,3173,200
OFAT,WORKLOAD,DEFAULT,baseSeed=626|nTx=24|nValidators=10|nShards=4|committee=3|quorum=2|loadThreshold=75|maxTime=180|crossShardPct=0|requestOfflinePct=0|receiptDropPct=0|ownerCap=3000|mobileThreshold=35,1,32,626,62,COMPLETE,24,24,24,6,24,10,4,0,24,24,24,0,120,0,0,0,397,505,24,865,24,4551,1663,3,2500,200
OFAT,WORKLOAD,DEFAULT,baseSeed=626|nTx=24|nValidators=10|nShards=4|committee=3|quorum=2|loadThreshold=75|maxTime=180|crossShardPct=0|requestOfflinePct=0|receiptDropPct=0|ownerCap=3000|mobileThreshold=35,1,33,626,62,COMPLETE,24,24,24,4,24,10,4,0,24,24,24,0,120,0,0,0,397,480,24,828,24,5544,2141,2,3461,200
OFAT,WORKLOAD,DEFAULT,baseSeed=626|nTx=24|nValidators=10|nShards=4|committee=3|quorum=2|loadThreshold=75|maxTime=180|crossShardPct=0|requestOfflinePct=0|receiptDropPct=0|ownerCap=3000|mobileThreshold=35,1,34,626,49,COMPLETE,24,24,24,4,24,10,4,0,24,24,24,0,120,0,0,0,397,481,24,829,24,5102,2098,2,3750,300
OFAT,WORKLOAD,DEFAULT,baseSeed=626|nTx=24|nValidators=10|nShards=4|committee=3|quorum=2|loadThreshold=75|maxTime=180|crossShardPct=0|requestOfflinePct=0|receiptDropPct=0|ownerCap=3000|mobileThreshold=35,1,35,626,49,COMPLETE,24,24,24,5,24,10,4,0,24,24,24,0,120,0,0,0,397,493,24,847,24,5833,2534,2,4294,200
OFAT,WORKLOAD,DEFAULT,baseSeed=626|nTx=24|nValidators=10|nShards=4|committee=3|quorum=2|loadThreshold=75|maxTime=180|crossShardPct=0|requestOfflinePct=0|receiptDropPct=0|ownerCap=3000|mobileThreshold=35,1,36,626,62,COMPLETE,24,24,24,3,24,10,4,0,24,24,24,0,120,0,0,0,397,466,24,808,24,5442,2119,2,3461,200
OFAT,WORKLOAD,DEFAULT,baseSeed=626|nTx=24|nValidators=10|nShards=4|committee=3|quorum=2|loadThreshold=75|maxTime=180|crossShardPct=0|requestOfflinePct=0|receiptDropPct=0|ownerCap=3000|mobileThreshold=35,1,37,626,63,COMPLETE,24,24,24,6,24,10,4,0,24,24,24,0,120,0,0,0,397,506,24,866,24,5160,1965,2,2884,200
OFAT,WORKLOAD,DEFAULT,baseSeed=626|nTx=24|nValidators=10|nShards=4|committee=3|quorum=2|loadThreshold=75|maxTime=180|crossShardPct=0|requestOfflinePct=0|receiptDropPct=0|ownerCap=3000|mobileThreshold=35,1,38,626,62,COMPLETE,24,24,24,4,24,10,4,0,24,24,24,0,120,0,0,0,397,480,24,828,24,4833,1773,3,2467,200
OFAT,WORKLOAD,DEFAULT,baseSeed=626|nTx=24|nValidators=10|nShards=4|committee=3|quorum=2|loadThreshold=75|maxTime=180|crossShardPct=0|requestOfflinePct=0|receiptDropPct=0|ownerCap=3000|mobileThreshold=35,1,39,626,47,COMPLETE,24,24,24,1,24,10,4,0,24,24,24,0,120,0,0,0,397,439,24,769,24,4615,1748,3,2500,300
OFAT,WORKLOAD,DEFAULT,baseSeed=626|nTx=24|nValidators=10|nShards=4|committee=3|quorum=2|loadThreshold=75|maxTime=180|crossShardPct=0|requestOfflinePct=0|receiptDropPct=0|ownerCap=3000|mobileThreshold=35,1,40,626,49,COMPLETE,24,24,24,1,24,10,4,0,24,24,24,0,120,0,0,0,397,441,24,771,24,5173,1887,3,2852,300
OFAT,WORKLOAD,DEFAULT,baseSeed=626|nTx=24|nValidators=10|nShards=4|committee=3|quorum=2|loadThreshold=75|maxTime=180|crossShardPct=0|requestOfflinePct=0|receiptDropPct=0|ownerCap=3000|mobileThreshold=35,1,41,626,48,COMPLETE,24,24,24,2,24,10,4,0,24,24,24,0,120,0,0,0,397,455,24,791,24,5032,1829,3,2916,200
OFAT,WORKLOAD,DEFAULT,baseSeed=626|nTx=24|nValidators=10|nShards=4|committee=3|quorum=2|loadThreshold=75|maxTime=180|crossShardPct=0|requestOfflinePct=0|receiptDropPct=0|ownerCap=3000|mobileThreshold=35,1,42,626,48,COMPLETE,24,24,24,2,24,10,4,0,24,24,24,0,120,0,0,0,397,453,24,789,24,4262,1631,3,2403,200
OFAT,WORKLOAD,DEFAULT,baseSeed=626|nTx=24|nValidators=10|nShards=4|committee=3|quorum=2|loadThreshold=75|maxTime=180|crossShardPct=0|requestOfflinePct=0|receiptDropPct=0|ownerCap=3000|mobileThreshold=35,1,43,626,48,COMPLETE,24,24,24,2,24,10,4,0,24,24,24,0,120,0,0,0,397,454,24,790,24,4628,1752,3,2467,200
OFAT,WORKLOAD,DEFAULT,baseSeed=626|nTx=24|nValidators=10|nShards=4|committee=3|quorum=2|loadThreshold=75|maxTime=180|crossShardPct=0|requestOfflinePct=0|receiptDropPct=0|ownerCap=3000|mobileThreshold=35,1,44,626,50,COMPLETE,24,24,24,3,24,10,4,0,24,24,24,0,120,0,0,0,397,467,24,809,24,5641,2241,2,3173,200
OFAT,WORKLOAD,DEFAULT,baseSeed=626|nTx=24|nValidators=10|nShards=4|committee=3|quorum=2|loadThreshold=75|maxTime=180|crossShardPct=0|requestOfflinePct=0|receiptDropPct=0|ownerCap=3000|mobileThreshold=35,1,45,626,47,COMPLETE,24,24,24,1,24,10,4,0,24,24,24,0,120,0,0,0,397,440,24,770,24,4634,1728,3,2500,300
OFAT,WORKLOAD,DEFAULT,baseSeed=626|nTx=24|nValidators=10|nShards=4|committee=3|quorum=2|loadThreshold=75|maxTime=180|crossShardPct=0|requestOfflinePct=0|receiptDropPct=0|ownerCap=3000|mobileThreshold=35,1,46,626,48,COMPLETE,24,24,24,2,24,10,4,0,24,24,24,0,120,0,0,0,397,453,24,789,24,6006,2504,2,4038,200
OFAT,WORKLOAD,DEFAULT,baseSeed=626|nTx=24|nValidators=10|nShards=4|committee=3|quorum=2|loadThreshold=75|maxTime=180|crossShardPct=0|requestOfflinePct=0|receiptDropPct=0|ownerCap=3000|mobileThreshold=35,1,47,626,62,COMPLETE,24,24,24,5,24,10,4,0,24,24,24,0,120,0,0,0,397,492,24,846,24,5044,1808,3,2692,200
OFAT,WORKLOAD,DEFAULT,baseSeed=626|nTx=24|nValidators=10|nShards=4|committee=3|quorum=2|loadThreshold=75|maxTime=180|crossShardPct=0|requestOfflinePct=0|receiptDropPct=0|ownerCap=3000|mobileThreshold=35,1,48,626,50,COMPLETE,24,24,24,3,24,10,4,0,24,24,24,0,120,0,0,0,397,468,24,810,24,5647,2211,2,3461,100
OFAT,WORKLOAD,DEFAULT,baseSeed=626|nTx=24|nValidators=10|nShards=4|committee=3|quorum=2|loadThreshold=75|maxTime=180|crossShardPct=0|requestOfflinePct=0|receiptDropPct=0|ownerCap=3000|mobileThreshold=35,1,49,626,62,COMPLETE,24,24,24,4,24,10,4,0,24,24,24,0,120,0,0,0,397,480,24,828,24,5012,1808,3,2403,300
OFAT,WORKLOAD,DEFAULT,baseSeed=626|nTx=24|nValidators=10|nShards=4|committee=3|quorum=2|loadThreshold=75|maxTime=180|crossShardPct=0|requestOfflinePct=0|receiptDropPct=0|ownerCap=3000|mobileThreshold=35,1,50,626,62,COMPLETE,24,24,24,4,24,10,4,0,24,24,24,0,120,0,0,0,397,479,24,827,24,4711,1735,3,2403,200
OFAT,WORKLOAD,DEFAULT,baseSeed=626|nTx=24|nValidators=10|nShards=4|committee=3|quorum=2|loadThreshold=75|maxTime=180|crossShardPct=0|requestOfflinePct=0|receiptDropPct=0|ownerCap=3000|mobileThreshold=35,1,51,626,63,COMPLETE,24,24,24,6,24,10,4,0,24,24,24,0,120,0,0,0,397,506,24,866,24,6538,2741,2,4326,200
OFAT,WORKLOAD,DEFAULT,baseSeed=626|nTx=24|nValidators=10|nShards=4|committee=3|quorum=2|loadThreshold=75|maxTime=180|crossShardPct=0|requestOfflinePct=0|receiptDropPct=0|ownerCap=3000|mobileThreshold=35,1,52,626,50,COMPLETE,24,24,24,4,24,10,4,0,24,24,24,0,120,0,0,0,397,480,24,828,24,4910,1781,3,2467,200
OFAT,WORKLOAD,DEFAULT,baseSeed=626|nTx=24|nValidators=10|nShards=4|committee=3|quorum=2|loadThreshold=75|maxTime=180|crossShardPct=0|requestOfflinePct=0|receiptDropPct=0|ownerCap=3000|mobileThreshold=35,1,53,626,48,COMPLETE,24,24,24,2,24,10,4,0,24,24,24,0,120,0,0,0,397,453,24,789,24,5474,2122,2,3173,200
OFAT,WORKLOAD,DEFAULT,baseSeed=626|nTx=24|nValidators=10|nShards=4|committee=3|quorum=2|loadThreshold=75|maxTime=180|crossShardPct=0|requestOfflinePct=0|receiptDropPct=0|ownerCap=3000|mobileThreshold=35,1,54,626,62,COMPLETE,24,24,24,3,24,10,4,0,24,24,24,0,120,0,0,0,397,465,24,807,24,5038,1829,3,2467,200
OFAT,WORKLOAD,DEFAULT,baseSeed=626|nTx=24|nValidators=10|nShards=4|committee=3|quorum=2|loadThreshold=75|maxTime=180|crossShardPct=0|requestOfflinePct=0|receiptDropPct=0|ownerCap=3000|mobileThreshold=35,1,55,626,61,COMPLETE,24,24,24,2,24,10,4,0,24,24,24,0,120,0,0,0,397,453,24,789,24,5474,2122,2,3173,300
OFAT,WORKLOAD,DEFAULT,baseSeed=626|nTx=24|nValidators=10|nShards=4|committee=3|quorum=2|loadThreshold=75|maxTime=180|crossShardPct=0|requestOfflinePct=0|receiptDropPct=0|ownerCap=3000|mobileThreshold=35,1,56,626,48,COMPLETE,24,24,24,2,24,10,4,0,24,24,24,0,120,0,0,0,397,454,24,790,24,5179,1906,3,2467,200
OFAT,WORKLOAD,DEFAULT,baseSeed=626|nTx=24|nValidators=10|nShards=4|committee=3|quorum=2|loadThreshold=75|maxTime=180|crossShardPct=0|requestOfflinePct=0|receiptDropPct=0|ownerCap=3000|mobileThreshold=35,1,57,626,50,COMPLETE,24,24,24,5,24,10,4,0,24,24,24,0,120,0,0,0,397,494,24,848,24,5993,2472,2,3750,200
OFAT,WORKLOAD,DEFAULT,baseSeed=626|nTx=24|nValidators=10|nShards=4|committee=3|quorum=2|loadThreshold=75|maxTime=180|crossShardPct=0|requestOfflinePct=0|receiptDropPct=0|ownerCap=3000|mobileThreshold=35,1,58,626,47,COMPLETE,24,24,24,1,24,10,4,0,24,24,24,0,120,0,0,0,397,440,24,770,24,4801,1763,3,2115,300
OFAT,WORKLOAD,DEFAULT,baseSeed=626|nTx=24|nValidators=10|nShards=4|committee=3|quorum=2|loadThreshold=75|maxTime=180|crossShardPct=0|requestOfflinePct=0|receiptDropPct=0|ownerCap=3000|mobileThreshold=35,1,59,626,50,COMPLETE,24,24,24,2,24,10,4,0,24,24,24,0,120,0,0,0,397,453,24,789,24,5038,1835,3,3076,200
OFAT,WORKLOAD,DEFAULT,baseSeed=626|nTx=24|nValidators=10|nShards=4|committee=3|quorum=2|loadThreshold=75|maxTime=180|crossShardPct=0|requestOfflinePct=0|receiptDropPct=0|ownerCap=3000|mobileThreshold=35,1,60,626,50,COMPLETE,24,24,24,3,24,10,4,0,24,24,24,0,120,0,0,0,397,466,24,808,24,4980,1789,3,2403,300
OFAT,WORKLOAD,DEFAULT,baseSeed=626|nTx=24|nValidators=10|nShards=4|committee=3|quorum=2|loadThreshold=75|maxTime=180|crossShardPct=0|requestOfflinePct=0|receiptDropPct=0|ownerCap=3000|mobileThreshold=35,1,61,626,62,COMPLETE,24,24,24,4,24,10,4,0,24,24,24,0,120,0,0,0,397,480,24,828,24,5500,2237,2,3846,300
OFAT,WORKLOAD,DEFAULT,baseSeed=626|nTx=24|nValidators=10|nShards=4|committee=3|quorum=2|loadThreshold=75|maxTime=180|crossShardPct=0|requestOfflinePct=0|receiptDropPct=0|ownerCap=3000|mobileThreshold=35,1,62,626,63,COMPLETE,24,24,24,5,24,10,4,0,24,24,24,0,120,0,0,0,397,492,24,846,24,6467,2599,2,3750,200
OFAT,WORKLOAD,DEFAULT,baseSeed=626|nTx=24|nValidators=10|nShards=4|committee=3|quorum=2|loadThreshold=75|maxTime=180|crossShardPct=0|requestOfflinePct=0|receiptDropPct=0|ownerCap=3000|mobileThreshold=35,1,63,626,62,COMPLETE,24,24,24,6,24,10,4,0,24,24,24,0,120,0,0,0,397,505,24,865,24,5250,1913,3,2435,200
OFAT,WORKLOAD,DEFAULT,baseSeed=626|nTx=24|nValidators=10|nShards=4|committee=3|quorum=2|loadThreshold=75|maxTime=180|crossShardPct=0|requestOfflinePct=0|receiptDropPct=0|ownerCap=3000|mobileThreshold=35,1,64,626,49,COMPLETE,24,24,24,3,24,10,4,0,24,24,24,0,120,0,0,0,397,466,24,808,24,5884,2387,2,3750,300
OFAT,WORKLOAD,DEFAULT,baseSeed=626|nTx=24|nValidators=10|nShards=4|committee=3|quorum=2|loadThreshold=75|maxTime=180|crossShardPct=0|requestOfflinePct=0|receiptDropPct=0|ownerCap=3000|mobileThreshold=35,1,65,626,50,COMPLETE,24,24,24,2,24,10,4,0,24,24,24,0,120,0,0,0,397,453,24,789,24,4878,1772,3,2692,200
OFAT,WORKLOAD,DEFAULT,baseSeed=626|nTx=24|nValidators=10|nShards=4|committee=3|quorum=2|loadThreshold=75|maxTime=180|crossShardPct=0|requestOfflinePct=0|receiptDropPct=0|ownerCap=3000|mobileThreshold=35,1,66,626,49,COMPLETE,24,24,24,3,24,10,4,0,24,24,24,0,120,0,0,0,397,465,24,807,24,5314,2193,2,3750,300
OFAT,WORKLOAD,DEFAULT,baseSeed=626|nTx=24|nValidators=10|nShards=4|committee=3|quorum=2|loadThreshold=75|maxTime=180|crossShardPct=0|requestOfflinePct=0|receiptDropPct=0|ownerCap=3000|mobileThreshold=35,1,67,626,62,COMPLETE,24,24,24,5,24,10,4,0,24,24,24,0,120,0,0,0,397,493,24,847,24,6108,2408,2,3750,200
OFAT,WORKLOAD,DEFAULT,baseSeed=626|nTx=24|nValidators=10|nShards=4|committee=3|quorum=2|loadThreshold=75|maxTime=180|crossShardPct=0|requestOfflinePct=0|receiptDropPct=0|ownerCap=3000|mobileThreshold=35,1,68,626,50,COMPLETE,24,24,24,3,24,10,4,0,24,24,24,0,120,0,0,0,397,468,24,810,24,5128,1889,2,2948,200
OFAT,WORKLOAD,DEFAULT,baseSeed=626|nTx=24|nValidators=10|nShards=4|committee=3|quorum=2|loadThreshold=75|maxTime=180|crossShardPct=0|requestOfflinePct=0|receiptDropPct=0|ownerCap=3000|mobileThreshold=35,1,69,626,48,COMPLETE,24,24,24,1,24,10,4,0,24,24,24,0,120,0,0,0,397,440,24,770,24,5923,2329,2,3750,300
OFAT,WORKLOAD,DEFAULT,baseSeed=626|nTx=24|nValidators=10|nShards=4|committee=3|quorum=2|loadThreshold=75|maxTime=180|crossShardPct=0|requestOfflinePct=0|receiptDropPct=0|ownerCap=3000|mobileThreshold=35,1,70,626,62,COMPLETE,24,24,24,3,24,10,4,0,24,24,24,0,120,0,0,0,397,465,24,807,24,4314,1623,3,2115,300
OFAT,WORKLOAD,DEFAULT,baseSeed=626|nTx=24|nValidators=10|nShards=4|committee=3|quorum=2|loadThreshold=75|maxTime=180|crossShardPct=0|requestOfflinePct=0|receiptDropPct=0|ownerCap=3000|mobileThreshold=35,1,71,626,49,COMPLETE,24,24,24,4,24,10,4,0,24,24,24,0,120,0,0,0,397,478,24,826,24,4583,1655,3,2403,300
OFAT,WORKLOAD,DEFAULT,baseSeed=626|nTx=24|nValidators=10|nShards=4|committee=3|quorum=2|loadThreshold=75|maxTime=180|crossShardPct=0|requestOfflinePct=0|receiptDropPct=0|ownerCap=3000|mobileThreshold=35,1,72,626,62,COMPLETE,24,24,24,3,24,10,4,0,24,24,24,0,120,0,0,0,397,466,24,808,24,5038,1829,3,2467,200
OFAT,WORKLOAD,DEFAULT,baseSeed=626|nTx=24|nValidators=10|nShards=4|committee=3|quorum=2|loadThreshold=75|maxTime=180|crossShardPct=0|requestOfflinePct=0|receiptDropPct=0|ownerCap=3000|mobileThreshold=35,1,73,626,47,COMPLETE,24,24,24,1,24,10,4,0,24,24,24,0,120,0,0,0,397,440,24,770,24,5467,2163,2,3621,300
OFAT,WORKLOAD,DEFAULT,baseSeed=626|nTx=24|nValidators=10|nShards=4|committee=3|quorum=2|loadThreshold=75|maxTime=180|crossShardPct=0|requestOfflinePct=0|receiptDropPct=0|ownerCap=3000|mobileThreshold=35,1,74,626,49,COMPLETE,24,24,24,2,24,10,4,0,24,24,24,0,120,0,0,0,397,455,24,791,24,4519,1673,3,2467,200
OFAT,WORKLOAD,DEFAULT,baseSeed=626|nTx=24|nValidators=10|nShards=4|committee=3|quorum=2|loadThreshold=75|maxTime=180|crossShardPct=0|requestOfflinePct=0|receiptDropPct=0|ownerCap=3000|mobileThreshold=35,1,75,626,62,COMPLETE,24,24,24,4,24,10,4,0,24,24,24,0,120,0,0,0,397,481,24,829,24,5250,2183,2,3782,200
OFAT,WORKLOAD,DEFAULT,baseSeed=626|nTx=24|nValidators=10|nShards=4|committee=3|quorum=2|loadThreshold=75|maxTime=180|crossShardPct=0|requestOfflinePct=0|receiptDropPct=0|ownerCap=3000|mobileThreshold=35,1,76,626,48,COMPLETE,24,24,24,2,24,10,4,0,24,24,24,0,120,0,0,0,397,453,24,789,24,5570,2203,2,3461,200
OFAT,WORKLOAD,DEFAULT,baseSeed=626|nTx=24|nValidators=10|nShards=4|committee=3|quorum=2|loadThreshold=75|maxTime=180|crossShardPct=0|requestOfflinePct=0|receiptDropPct=0|ownerCap=3000|mobileThreshold=35,1,77,626,49,COMPLETE,24,24,24,1,24,10,4,0,24,24,24,0,120,0,0,0,397,441,24,771,24,3891,1519,3,2403,300
OFAT,WORKLOAD,DEFAULT,baseSeed=626|nTx=24|nValidators=10|nShards=4|committee=3|quorum=2|loadThreshold=75|maxTime=180|crossShardPct=0|requestOfflinePct=0|receiptDropPct=0|ownerCap=3000|mobileThreshold=35,1,78,626,62,COMPLETE,24,24,24,4,24,10,4,0,24,24,24,0,120,0,0,0,397,479,24,827,24,5397,2043,2,3173,300
OFAT,WORKLOAD,DEFAULT,baseSeed=626|nTx=24|nValidators=10|nShards=4|committee=3|quorum=2|loadThreshold=75|maxTime=180|crossShardPct=0|requestOfflinePct=0|receiptDropPct=0|ownerCap=3000|mobileThreshold=35,1,79,626,50,COMPLETE,24,24,24,3,24,10,4,0,24,24,24,0,120,0,0,1,398,466,24,808,24,4391,1634,3,2403,600
OFAT,WORKLOAD,DEFAULT,baseSeed=626|nTx=24|nValidators=10|nShards=4|committee=3|quorum=2|loadThreshold=75|maxTime=180|crossShardPct=0|requestOfflinePct=0|receiptDropPct=0|ownerCap=3000|mobileThreshold=35,1,80,626,62,COMPLETE,24,24,24,4,24,10,4,0,24,24,24,0,120,0,0,0,397,480,24,828,24,5621,2227,2,3750,200
OFAT,WORKLOAD,DEFAULT,baseSeed=626|nTx=24|nValidators=10|nShards=4|committee=3|quorum=2|loadThreshold=75|maxTime=180|crossShardPct=0|requestOfflinePct=0|receiptDropPct=0|ownerCap=3000|mobileThreshold=35,1,81,626,49,COMPLETE,24,24,24,1,24,10,4,0,24,24,24,0,120,0,0,0,397,441,24,771,24,5044,1884,3,2500,300
OFAT,WORKLOAD,DEFAULT,baseSeed=626|nTx=24|nValidators=10|nShards=4|committee=3|quorum=2|loadThreshold=75|maxTime=180|crossShardPct=0|requestOfflinePct=0|receiptDropPct=0|ownerCap=3000|mobileThreshold=35,1,82,626,48,COMPLETE,24,24,24,2,24,10,4,0,24,24,24,0,120,0,0,0,397,453,24,789,24,5333,2263,2,4038,200
OFAT,WORKLOAD,DEFAULT,baseSeed=626|nTx=24|nValidators=10|nShards=4|committee=3|quorum=2|loadThreshold=75|maxTime=180|crossShardPct=0|requestOfflinePct=0|receiptDropPct=0|ownerCap=3000|mobileThreshold=35,1,83,626,49,COMPLETE,24,24,24,4,24,10,4,0,24,24,24,0,120,0,0,0,397,480,24,828,24,5365,2098,2,3173,200
OFAT,WORKLOAD,DEFAULT,baseSeed=626|nTx=24|nValidators=10|nShards=4|committee=3|quorum=2|loadThreshold=75|maxTime=180|crossShardPct=0|requestOfflinePct=0|receiptDropPct=0|ownerCap=3000|mobileThreshold=35,1,84,626,50,COMPLETE,24,24,24,3,24,10,4,0,24,24,24,0,120,0,0,0,397,468,24,810,24,5551,2209,2,3750,200
OFAT,WORKLOAD,DEFAULT,baseSeed=626|nTx=24|nValidators=10|nShards=4|committee=3|quorum=2|loadThreshold=75|maxTime=180|crossShardPct=0|requestOfflinePct=0|receiptDropPct=0|ownerCap=3000|mobileThreshold=35,1,85,626,49,COMPLETE,24,24,24,1,24,10,4,0,24,24,24,0,120,0,0,0,397,441,24,771,24,4416,1648,3,2179,300
OFAT,WORKLOAD,DEFAULT,baseSeed=626|nTx=24|nValidators=10|nShards=4|committee=3|quorum=2|loadThreshold=75|maxTime=180|crossShardPct=0|requestOfflinePct=0|receiptDropPct=0|ownerCap=3000|mobileThreshold=35,1,86,626,50,COMPLETE,24,24,24,2,24,10,4,0,24,24,24,0,120,0,0,0,397,453,24,789,24,3724,1487,3,2339,300
OFAT,WORKLOAD,DEFAULT,baseSeed=626|nTx=24|nValidators=10|nShards=4|committee=3|quorum=2|loadThreshold=75|maxTime=180|crossShardPct=0|requestOfflinePct=0|receiptDropPct=0|ownerCap=3000|mobileThreshold=35,1,87,626,50,COMPLETE,24,24,24,4,24,10,4,0,24,24,24,0,120,0,0,0,397,478,24,826,24,4416,1649,3,2403,300
OFAT,WORKLOAD,DEFAULT,baseSeed=626|nTx=24|nValidators=10|nShards=4|committee=3|quorum=2|loadThreshold=75|maxTime=180|crossShardPct=0|requestOfflinePct=0|receiptDropPct=0|ownerCap=3000|mobileThreshold=35,1,88,626,63,COMPLETE,24,24,24,5,24,10,4,0,24,24,24,0,120,0,0,0,397,492,24,846,24,3641,1464,3,2051,300
OFAT,WORKLOAD,DEFAULT,baseSeed=626|nTx=24|nValidators=10|nShards=4|committee=3|quorum=2|loadThreshold=75|maxTime=180|crossShardPct=0|requestOfflinePct=0|receiptDropPct=0|ownerCap=3000|mobileThreshold=35,1,89,626,62,COMPLETE,24,24,24,5,24,10,4,0,24,24,24,0,120,0,0,0,397,492,24,846,24,4519,1663,3,2115,300
OFAT,WORKLOAD,DEFAULT,baseSeed=626|nTx=24|nValidators=10|nShards=4|committee=3|quorum=2|loadThreshold=75|maxTime=180|crossShardPct=0|requestOfflinePct=0|receiptDropPct=0|ownerCap=3000|mobileThreshold=35,1,90,626,62,COMPLETE,24,24,24,2,24,10,4,0,24,24,24,0,120,0,0,0,397,454,24,790,24,4673,1734,3,2500,300
OFAT,WORKLOAD,DEFAULT,baseSeed=626|nTx=24|nValidators=10|nShards=4|committee=3|quorum=2|loadThreshold=75|maxTime=180|crossShardPct=0|requestOfflinePct=0|receiptDropPct=0|ownerCap=3000|mobileThreshold=35,1,91,626,47,COMPLETE,24,24,24,1,24,10,4,0,24,24,24,0,120,0,0,0,397,439,24,769,24,5442,1981,3,2788,300
OFAT,WORKLOAD,DEFAULT,baseSeed=626|nTx=24|nValidators=10|nShards=4|committee=3|quorum=2|loadThreshold=75|maxTime=180|crossShardPct=0|requestOfflinePct=0|receiptDropPct=0|ownerCap=3000|mobileThreshold=35,1,92,626,62,COMPLETE,24,24,24,3,24,10,4,0,24,24,24,0,120,0,0,0,397,467,24,809,24,5692,2386,2,4134,300
OFAT,WORKLOAD,DEFAULT,baseSeed=626|nTx=24|nValidators=10|nShards=4|committee=3|quorum=2|loadThreshold=75|maxTime=180|crossShardPct=0|requestOfflinePct=0|receiptDropPct=0|ownerCap=3000|mobileThreshold=35,1,93,626,50,COMPLETE,24,24,24,5,24,10,4,0,24,24,24,0,120,0,0,0,397,494,24,848,24,4743,1737,3,2275,300
OFAT,WORKLOAD,DEFAULT,baseSeed=626|nTx=24|nValidators=10|nShards=4|committee=3|quorum=2|loadThreshold=75|maxTime=180|crossShardPct=0|requestOfflinePct=0|receiptDropPct=0|ownerCap=3000|mobileThreshold=35,1,94,626,62,COMPLETE,24,24,24,3,24,10,4,0,24,24,24,0,120,0,0,0,397,465,24,807,24,5262,2140,2,3621,200
OFAT,WORKLOAD,DEFAULT,baseSeed=626|nTx=24|nValidators=10|nShards=4|committee=3|quorum=2|loadThreshold=75|maxTime=180|crossShardPct=0|requestOfflinePct=0|receiptDropPct=0|ownerCap=3000|mobileThreshold=35,1,95,626,50,COMPLETE,24,24,24,3,24,10,4,0,24,24,24,0,120,0,0,0,397,468,24,810,24,5083,2009,2,3173,300
OFAT,WORKLOAD,DEFAULT,baseSeed=626|nTx=24|nValidators=10|nShards=4|committee=3|quorum=2|loadThreshold=75|maxTime=180|crossShardPct=0|requestOfflinePct=0|receiptDropPct=0|ownerCap=3000|mobileThreshold=35,1,96,626,49,COMPLETE,24,24,24,2,24,10,4,0,24,24,24,0,120,0,0,0,397,455,24,791,24,4705,1750,3,2211,200
OFAT,WORKLOAD,DEFAULT,baseSeed=626|nTx=24|nValidators=10|nShards=4|committee=3|quorum=2|loadThreshold=75|maxTime=180|crossShardPct=0|requestOfflinePct=0|receiptDropPct=0|ownerCap=3000|mobileThreshold=35,1,97,626,63,COMPLETE,24,24,24,4,24,10,4,0,24,24,24,0,120,0,0,0,397,480,24,828,24,4737,1742,3,2660,200
OFAT,WORKLOAD,DEFAULT,baseSeed=626|nTx=24|nValidators=10|nShards=4|committee=3|quorum=2|loadThreshold=75|maxTime=180|crossShardPct=0|requestOfflinePct=0|receiptDropPct=0|ownerCap=3000|mobileThreshold=35,1,98,626,62,COMPLETE,24,24,24,4,24,10,4,0,24,24,24,0,120,0,0,0,397,480,24,828,24,5224,2090,2,3461,200
OFAT,WORKLOAD,DEFAULT,baseSeed=626|nTx=24|nValidators=10|nShards=4|committee=3|quorum=2|loadThreshold=75|maxTime=180|crossShardPct=0|requestOfflinePct=0|receiptDropPct=0|ownerCap=3000|mobileThreshold=35,1,99,626,50,COMPLETE,24,24,24,2,24,10,4,0,24,24,24,0,120,0,0,0,397,454,24,790,24,4564,1688,3,2788,200
OFAT,WORKLOAD,DEFAULT,baseSeed=626|nTx=24|nValidators=10|nShards=4|committee=3|quorum=2|loadThreshold=75|maxTime=180|crossShardPct=0|requestOfflinePct=0|receiptDropPct=0|ownerCap=3000|mobileThreshold=35,1,100,626,47,COMPLETE,24,24,24,1,24,10,4,0,24,24,24,0,120,0,0,0,397,440,24,770,24,4775,1878,2,3173,300
OFAT,WORKLOAD,HIGH,baseSeed=626|nTx=40|nValidators=10|nShards=4|committee=3|quorum=2|loadThreshold=75|maxTime=180|crossShardPct=0|requestOfflinePct=0|receiptDropPct=0|ownerCap=3000|mobileThreshold=35,1,1,626,63,COMPLETE,40,40,40,11,40,10,4,0,40,40,40,0,200,0,0,5,658,891,40,1501,40,5865,2383,2,3807,900
OFAT,WORKLOAD,HIGH,baseSeed=626|nTx=40|nValidators=10|nShards=4|committee=3|quorum=2|loadThreshold=75|maxTime=180|crossShardPct=0|requestOfflinePct=0|receiptDropPct=0|ownerCap=3000|mobileThreshold=35,1,2,626,51,COMPLETE,40,40,40,5,40,10,4,0,40,40,40,0,200,0,0,5,658,813,40,1387,40,5057,1810,3,2500,900
OFAT,WORKLOAD,HIGH,baseSeed=626|nTx=40|nValidators=10|nShards=4|committee=3|quorum=2|loadThreshold=75|maxTime=180|crossShardPct=0|requestOfflinePct=0|receiptDropPct=0|ownerCap=3000|mobileThreshold=35,1,3,626,63,COMPLETE,40,40,40,6,40,10,4,0,40,40,40,0,200,0,0,5,658,826,40,1406,40,5923,2326,2,3711,800
OFAT,WORKLOAD,HIGH,baseSeed=626|nTx=40|nValidators=10|nShards=4|committee=3|quorum=2|loadThreshold=75|maxTime=180|crossShardPct=0|requestOfflinePct=0|receiptDropPct=0|ownerCap=3000|mobileThreshold=35,1,4,626,63,COMPLETE,40,40,40,5,40,10,4,0,40,40,40,0,200,0,0,5,658,813,40,1387,40,5123,1841,3,2423,700
OFAT,WORKLOAD,HIGH,baseSeed=626|nTx=40|nValidators=10|nShards=4|committee=3|quorum=2|loadThreshold=75|maxTime=180|crossShardPct=0|requestOfflinePct=0|receiptDropPct=0|ownerCap=3000|mobileThreshold=35,1,5,626,51,COMPLETE,40,40,40,5,40,10,4,0,40,40,40,0,200,0,0,4,657,814,40,1388,40,4853,1781,3,2365,200
OFAT,WORKLOAD,HIGH,baseSeed=626|nTx=40|nValidators=10|nShards=4|committee=3|quorum=2|loadThreshold=75|maxTime=180|crossShardPct=0|requestOfflinePct=0|receiptDropPct=0|ownerCap=3000|mobileThreshold=35,1,6,626,51,COMPLETE,40,40,40,5,40,10,4,0,40,40,40,0,200,0,0,6,659,813,40,1387,40,6188,2423,2,3634,900
OFAT,WORKLOAD,HIGH,baseSeed=626|nTx=40|nValidators=10|nShards=4|committee=3|quorum=2|loadThreshold=75|maxTime=180|crossShardPct=0|requestOfflinePct=0|receiptDropPct=0|ownerCap=3000|mobileThreshold=35,1,7,626,63,COMPLETE,40,40,40,5,40,10,4,0,40,40,40,0,200,0,0,5,658,811,40,1385,40,4196,1584,3,2076,900
OFAT,WORKLOAD,HIGH,baseSeed=626|nTx=40|nValidators=10|nShards=4|committee=3|quorum=2|loadThreshold=75|maxTime=180|crossShardPct=0|requestOfflinePct=0|receiptDropPct=0|ownerCap=3000|mobileThreshold=35,1,8,626,51,COMPLETE,40,40,40,4,40,10,4,0,40,40,40,0,200,0,0,6,659,803,40,1371,40,4742,1775,3,2461,700
OFAT,WORKLOAD,HIGH,baseSeed=626|nTx=40|nValidators=10|nShards=4|committee=3|quorum=2|loadThreshold=75|maxTime=180|crossShardPct=0|requestOfflinePct=0|receiptDropPct=0|ownerCap=3000|mobileThreshold=35,1,9,626,63,COMPLETE,40,40,40,10,40,10,4,0,40,40,40,0,200,0,0,5,658,877,40,1481,40,4403,1712,3,2076,600
OFAT,WORKLOAD,HIGH,baseSeed=626|nTx=40|nValidators=10|nShards=4|committee=3|quorum=2|loadThreshold=75|maxTime=180|crossShardPct=0|requestOfflinePct=0|receiptDropPct=0|ownerCap=3000|mobileThreshold=35,1,10,626,63,COMPLETE,40,40,40,4,40,10,4,0,40,40,40,0,200,0,0,5,658,802,40,1370,40,4188,1590,3,2211,600
OFAT,WORKLOAD,HIGH,baseSeed=626|nTx=40|nValidators=10|nShards=4|committee=3|quorum=2|loadThreshold=75|maxTime=180|crossShardPct=0|requestOfflinePct=0|receiptDropPct=0|ownerCap=3000|mobileThreshold=35,1,11,626,63,COMPLETE,40,40,40,8,40,10,4,0,40,40,40,0,200,0,0,6,659,851,40,1443,40,5038,1832,3,2673,1300
OFAT,WORKLOAD,HIGH,baseSeed=626|nTx=40|nValidators=10|nShards=4|committee=3|quorum=2|loadThreshold=75|maxTime=180|crossShardPct=0|requestOfflinePct=0|receiptDropPct=0|ownerCap=3000|mobileThreshold=35,1,12,626,62,COMPLETE,40,40,40,6,40,10,4,0,40,40,40,0,200,0,0,6,659,820,40,1400,40,3746,1482,3,2250,800
OFAT,WORKLOAD,HIGH,baseSeed=626|nTx=40|nValidators=10|nShards=4|committee=3|quorum=2|loadThreshold=75|maxTime=180|crossShardPct=0|requestOfflinePct=0|receiptDropPct=0|ownerCap=3000|mobileThreshold=35,1,13,626,63,COMPLETE,40,40,40,6,40,10,4,0,40,40,40,0,200,0,0,6,659,827,40,1407,40,5426,2108,2,3461,700
OFAT,WORKLOAD,HIGH,baseSeed=626|nTx=40|nValidators=10|nShards=4|committee=3|quorum=2|loadThreshold=75|maxTime=180|crossShardPct=0|requestOfflinePct=0|receiptDropPct=0|ownerCap=3000|mobileThreshold=35,1,14,626,63,COMPLETE,40,40,40,5,40,10,4,0,40,40,40,0,200,0,0,5,658,813,40,1387,40,4526,1728,3,2288,500
OFAT,WORKLOAD,HIGH,baseSeed=626|nTx=40|nValidators=10|nShards=4|committee=3|quorum=2|loadThreshold=75|maxTime=180|crossShardPct=0|requestOfflinePct=0|receiptDropPct=0|ownerCap=3000|mobileThreshold=35,1,15,626,51,COMPLETE,40,40,40,4,40,10,4,0,40,40,40,0,200,0,0,5,658,802,40,1370,40,4876,1875,2,3115,500
OFAT,WORKLOAD,HIGH,baseSeed=626|nTx=40|nValidators=10|nShards=4|committee=3|quorum=2|loadThreshold=75|maxTime=180|crossShardPct=0|requestOfflinePct=0|receiptDropPct=0|ownerCap=3000|mobileThreshold=35,1,16,626,62,COMPLETE,40,40,40,8,40,10,4,0,40,40,40,0,200,0,0,6,659,849,40,1441,40,4769,1749,3,2153,800
OFAT,WORKLOAD,HIGH,baseSeed=626|nTx=40|nValidators=10|nShards=4|committee=3|quorum=2|loadThreshold=75|maxTime=180|crossShardPct=0|requestOfflinePct=0|receiptDropPct=0|ownerCap=3000|mobileThreshold=35,1,17,626,61,COMPLETE,40,40,40,7,40,10,4,0,40,40,40,0,200,0,0,9,662,839,40,1425,40,4930,1798,3,2326,800
OFAT,WORKLOAD,HIGH,baseSeed=626|nTx=40|nValidators=10|nShards=4|committee=3|quorum=2|loadThreshold=75|maxTime=180|crossShardPct=0|requestOfflinePct=0|receiptDropPct=0|ownerCap=3000|mobileThreshold=35,1,18,626,63,COMPLETE,40,40,40,7,40,10,4,0,40,40,40,0,200,0,0,5,658,839,40,1425,40,5715,2243,2,3461,1700
OFAT,WORKLOAD,HIGH,baseSeed=626|nTx=40|nValidators=10|nShards=4|committee=3|quorum=2|loadThreshold=75|maxTime=180|crossShardPct=0|requestOfflinePct=0|receiptDropPct=0|ownerCap=3000|mobileThreshold=35,1,19,626,64,COMPLETE,40,40,40,5,40,10,4,0,40,40,40,0,200,0,0,5,658,817,40,1391,40,4607,1748,3,2326,900
OFAT,WORKLOAD,HIGH,baseSeed=626|nTx=40|nValidators=10|nShards=4|committee=3|quorum=2|loadThreshold=75|maxTime=180|crossShardPct=0|requestOfflinePct=0|receiptDropPct=0|ownerCap=3000|mobileThreshold=35,1,20,626,62,COMPLETE,40,40,40,8,40,10,4,0,40,40,40,0,200,0,0,9,662,853,40,1445,40,5823,2530,2,4326,600
OFAT,WORKLOAD,HIGH,baseSeed=626|nTx=40|nValidators=10|nShards=4|committee=3|quorum=2|loadThreshold=75|maxTime=180|crossShardPct=0|requestOfflinePct=0|receiptDropPct=0|ownerCap=3000|mobileThreshold=35,1,21,626,51,COMPLETE,40,40,40,7,40,10,4,0,40,40,40,0,200,0,0,6,659,839,40,1425,40,4484,1665,3,2461,1100
OFAT,WORKLOAD,HIGH,baseSeed=626|nTx=40|nValidators=10|nShards=4|committee=3|quorum=2|loadThreshold=75|maxTime=180|crossShardPct=0|requestOfflinePct=0|receiptDropPct=0|ownerCap=3000|mobileThreshold=35,1,22,626,63,COMPLETE,40,40,40,5,40,10,4,0,40,40,40,0,200,0,0,5,658,815,40,1389,40,4696,1763,3,2076,900
OFAT,WORKLOAD,HIGH,baseSeed=626|nTx=40|nValidators=10|nShards=4|committee=3|quorum=2|loadThreshold=75|maxTime=180|crossShardPct=0|requestOfflinePct=0|receiptDropPct=0|ownerCap=3000|mobileThreshold=35,1,23,626,62,COMPLETE,40,40,40,6,40,10,4,0,40,40,40,0,200,0,0,8,661,825,40,1405,40,4923,1791,3,2423,800
OFAT,WORKLOAD,HIGH,baseSeed=626|nTx=40|nValidators=10|nShards=4|committee=3|quorum=2|loadThreshold=75|maxTime=180|crossShardPct=0|requestOfflinePct=0|receiptDropPct=0|ownerCap=3000|mobileThreshold=35,1,24,626,62,COMPLETE,40,40,40,6,40,10,4,0,40,40,40,0,200,0,0,6,659,826,40,1406,40,4738,1703,3,2538,900
OFAT,WORKLOAD,HIGH,baseSeed=626|nTx=40|nValidators=10|nShards=4|committee=3|quorum=2|loadThreshold=75|maxTime=180|crossShardPct=0|requestOfflinePct=0|receiptDropPct=0|ownerCap=3000|mobileThreshold=35,1,25,626,50,COMPLETE,40,40,40,5,40,10,4,0,40,40,40,0,200,0,0,6,659,814,40,1388,40,3884,1508,3,2423,800
OFAT,WORKLOAD,HIGH,baseSeed=626|nTx=40|nValidators=10|nShards=4|committee=3|quorum=2|loadThreshold=75|maxTime=180|crossShardPct=0|requestOfflinePct=0|receiptDropPct=0|ownerCap=3000|mobileThreshold=35,1,26,626,63,COMPLETE,40,40,40,5,40,10,4,0,40,40,40,0,200,0,0,6,659,815,40,1389,40,4603,1681,3,2288,900
OFAT,WORKLOAD,HIGH,baseSeed=626|nTx=40|nValidators=10|nShards=4|committee=3|quorum=2|loadThreshold=75|maxTime=180|crossShardPct=0|requestOfflinePct=0|receiptDropPct=0|ownerCap=3000|mobileThreshold=35,1,27,626,51,COMPLETE,40,40,40,6,40,10,4,0,40,40,40,0,200,0,0,5,658,827,40,1407,40,4700,1965,2,3461,900
OFAT,WORKLOAD,HIGH,baseSeed=626|nTx=40|nValidators=10|nShards=4|committee=3|quorum=2|loadThreshold=75|maxTime=180|crossShardPct=0|requestOfflinePct=0|receiptDropPct=0|ownerCap=3000|mobileThreshold=35,1,28,626,62,COMPLETE,40,40,40,8,40,10,4,0,40,40,40,0,200,0,0,8,661,854,40,1446,40,5830,2454,2,4115,700
OFAT,WORKLOAD,HIGH,baseSeed=626|nTx=40|nValidators=10|nShards=4|committee=3|quorum=2|loadThreshold=75|maxTime=180|crossShardPct=0|requestOfflinePct=0|receiptDropPct=0|ownerCap=3000|mobileThreshold=35,1,29,626,51,COMPLETE,40,40,40,5,40,10,4,0,40,40,40,0,200,0,0,5,658,814,40,1388,40,4719,2082,2,3807,900
OFAT,WORKLOAD,HIGH,baseSeed=626|nTx=40|nValidators=10|nShards=4|committee=3|quorum=2|loadThreshold=75|maxTime=180|crossShardPct=0|requestOfflinePct=0|receiptDropPct=0|ownerCap=3000|mobileThreshold=35,1,30,626,63,COMPLETE,40,40,40,3,40,10,4,0,40,40,40,0,200,0,0,5,658,788,40,1350,40,4265,1613,3,2076,900
OFAT,WORKLOAD,HIGH,baseSeed=626|nTx=40|nValidators=10|nShards=4|committee=3|quorum=2|loadThreshold=75|maxTime=180|crossShardPct=0|requestOfflinePct=0|receiptDropPct=0|ownerCap=3000|mobileThreshold=35,1,31,626,62,COMPLETE,40,40,40,5,40,10,4,0,40,40,40,0,200,0,0,6,659,812,40,1386,40,5361,2078,2,3461,900
OFAT,WORKLOAD,HIGH,baseSeed=626|nTx=40|nValidators=10|nShards=4|committee=3|quorum=2|loadThreshold=75|maxTime=180|crossShardPct=0|requestOfflinePct=0|receiptDropPct=0|ownerCap=3000|mobileThreshold=35,1,32,626,51,COMPLETE,40,40,40,6,40,10,4,0,40,40,40,0,200,0,0,5,658,827,40,1407,40,4450,1624,3,2346,1500
OFAT,WORKLOAD,HIGH,baseSeed=626|nTx=40|nValidators=10|nShards=4|committee=3|quorum=2|loadThreshold=75|maxTime=180|crossShardPct=0|requestOfflinePct=0|receiptDropPct=0|ownerCap=3000|mobileThreshold=35,1,33,626,63,COMPLETE,40,40,40,6,40,10,4,0,40,40,40,0,200,0,0,6,659,824,40,1404,40,5438,2090,2,3461,800
OFAT,WORKLOAD,HIGH,baseSeed=626|nTx=40|nValidators=10|nShards=4|committee=3|quorum=2|loadThreshold=75|maxTime=180|crossShardPct=0|requestOfflinePct=0|receiptDropPct=0|ownerCap=3000|mobileThreshold=35,1,34,626,51,COMPLETE,40,40,40,5,40,10,4,0,40,40,40,0,200,0,0,5,658,815,40,1389,40,5211,2213,2,3980,900
OFAT,WORKLOAD,HIGH,baseSeed=626|nTx=40|nValidators=10|nShards=4|committee=3|quorum=2|loadThreshold=75|maxTime=180|crossShardPct=0|requestOfflinePct=0|receiptDropPct=0|ownerCap=3000|mobileThreshold=35,1,35,626,51,COMPLETE,40,40,40,6,40,10,4,0,40,40,40,0,200,0,0,5,658,827,40,1407,40,5753,2309,2,3769,700
OFAT,WORKLOAD,HIGH,baseSeed=626|nTx=40|nValidators=10|nShards=4|committee=3|quorum=2|loadThreshold=75|maxTime=180|crossShardPct=0|requestOfflinePct=0|receiptDropPct=0|ownerCap=3000|mobileThreshold=35,1,36,626,63,COMPLETE,40,40,40,5,40,10,4,0,40,40,40,0,200,0,0,5,658,812,40,1386,40,5500,2161,2,3634,800
OFAT,WORKLOAD,HIGH,baseSeed=626|nTx=40|nValidators=10|nShards=4|committee=3|quorum=2|loadThreshold=75|maxTime=180|crossShardPct=0|requestOfflinePct=0|receiptDropPct=0|ownerCap=3000|mobileThreshold=35,1,37,626,63,COMPLETE,40,40,40,6,40,10,4,0,40,40,40,0,200,0,0,5,658,827,40,1407,40,5315,2027,2,3288,400
OFAT,WORKLOAD,HIGH,baseSeed=626|nTx=40|nValidators=10|nShards=4|committee=3|quorum=2|loadThreshold=75|maxTime=180|crossShardPct=0|requestOfflinePct=0|receiptDropPct=0|ownerCap=3000|mobileThreshold=35,1,38,626,62,COMPLETE,40,40,40,6,40,10,4,0,40,40,40,0,200,0,0,7,660,825,40,1405,40,4850,1765,3,2423,600
OFAT,WORKLOAD,HIGH,baseSeed=626|nTx=40|nValidators=10|nShards=4|committee=3|quorum=2|loadThreshold=75|maxTime=180|crossShardPct=0|requestOfflinePct=0|receiptDropPct=0|ownerCap=3000|mobileThreshold=35,1,39,626,51,COMPLETE,40,40,40,7,40,10,4,0,40,40,40,0,200,0,0,5,658,840,40,1426,40,4746,1780,3,2596,900
OFAT,WORKLOAD,HIGH,baseSeed=626|nTx=40|nValidators=10|nShards=4|committee=3|quorum=2|loadThreshold=75|maxTime=180|crossShardPct=0|requestOfflinePct=0|receiptDropPct=0|ownerCap=3000|mobileThreshold=35,1,40,626,63,COMPLETE,40,40,40,5,40,10,4,0,40,40,40,0,200,0,0,5,658,813,40,1387,40,5126,1874,3,2884,900
OFAT,WORKLOAD,HIGH,baseSeed=626|nTx=40|nValidators=10|nShards=4|committee=3|quorum=2|loadThreshold=75|maxTime=180|crossShardPct=0|requestOfflinePct=0|receiptDropPct=0|ownerCap=3000|mobileThreshold=35,1,41,626,63,COMPLETE,40,40,40,5,40,10,4,0,40,40,40,0,200,0,0,5,658,812,40,1386,40,4907,1787,3,2846,900
OFAT,WORKLOAD,HIGH,baseSeed=626|nTx=40|nValidators=10|nShards=4|committee=3|quorum=2|loadThreshold=75|maxTime=180|crossShardPct=0|requestOfflinePct=0|receiptDropPct=0|ownerCap=3000|mobileThreshold=35,1,42,626,63,COMPLETE,40,40,40,8,40,10,4,0,40,40,40,0,200,0,0,5,658,853,40,1445,40,4200,1592,3,2250,900
OFAT,WORKLOAD,HIGH,baseSeed=626|nTx=40|nValidators=10|nShards=4|committee=3|quorum=2|loadThreshold=75|maxTime=180|crossShardPct=0|requestOfflinePct=0|receiptDropPct=0|ownerCap=3000|mobileThreshold=35,1,43,626,63,COMPLETE,40,40,40,10,40,10,4,0,40,40,40,0,200,0,0,7,660,878,40,1482,40,4384,1710,3,2500,500
OFAT,WORKLOAD,HIGH,baseSeed=626|nTx=40|nValidators=10|nShards=4|committee=3|quorum=2|loadThreshold=75|maxTime=180|crossShardPct=0|requestOfflinePct=0|receiptDropPct=0|ownerCap=3000|mobileThreshold=35,1,44,626,51,COMPLETE,40,40,40,8,40,10,4,0,40,40,40,0,200,0,0,5,658,854,40,1446,40,5653,2236,2,3461,800
OFAT,WORKLOAD,HIGH,baseSeed=626|nTx=40|nValidators=10|nShards=4|committee=3|quorum=2|loadThreshold=75|maxTime=180|crossShardPct=0|requestOfflinePct=0|receiptDropPct=0|ownerCap=3000|mobileThreshold=35,1,45,626,63,COMPLETE,40,40,40,4,40,10,4,0,40,40,40,0,200,0,0,5,658,802,40,1370,40,4703,1728,3,2423,800
OFAT,WORKLOAD,HIGH,baseSeed=626|nTx=40|nValidators=10|nShards=4|committee=3|quorum=2|loadThreshold=75|maxTime=180|crossShardPct=0|requestOfflinePct=0|receiptDropPct=0|ownerCap=3000|mobileThreshold=35,1,46,626,63,COMPLETE,40,40,40,6,40,10,4,0,40,40,40,0,200,0,0,6,659,827,40,1407,40,6073,2542,2,4153,900
OFAT,WORKLOAD,HIGH,baseSeed=626|nTx=40|nValidators=10|nShards=4|committee=3|quorum=2|loadThreshold=75|maxTime=180|crossShardPct=0|requestOfflinePct=0|receiptDropPct=0|ownerCap=3000|mobileThreshold=35,1,47,626,63,COMPLETE,40,40,40,5,40,10,4,0,40,40,40,0,200,0,0,5,658,814,40,1388,40,5034,1803,3,2423,800
OFAT,WORKLOAD,HIGH,baseSeed=626|nTx=40|nValidators=10|nShards=4|committee=3|quorum=2|loadThreshold=75|maxTime=180|crossShardPct=0|requestOfflinePct=0|receiptDropPct=0|ownerCap=3000|mobileThreshold=35,1,48,626,62,COMPLETE,40,40,40,3,40,10,4,0,40,40,40,0,200,0,0,5,658,785,40,1347,40,5542,2151,2,3288,700
OFAT,WORKLOAD,HIGH,baseSeed=626|nTx=40|nValidators=10|nShards=4|committee=3|quorum=2|loadThreshold=75|maxTime=180|crossShardPct=0|requestOfflinePct=0|receiptDropPct=0|ownerCap=3000|mobileThreshold=35,1,49,626,62,COMPLETE,40,40,40,4,40,10,4,0,40,40,40,0,200,0,0,6,659,799,40,1367,40,5050,1813,3,2461,800
OFAT,WORKLOAD,HIGH,baseSeed=626|nTx=40|nValidators=10|nShards=4|committee=3|quorum=2|loadThreshold=75|maxTime=180|crossShardPct=0|requestOfflinePct=0|receiptDropPct=0|ownerCap=3000|mobileThreshold=35,1,50,626,51,COMPLETE,40,40,40,3,40,10,4,0,40,40,40,0,200,0,0,6,659,785,40,1347,40,4715,1737,3,2211,900
OFAT,WORKLOAD,HIGH,baseSeed=626|nTx=40|nValidators=10|nShards=4|committee=3|quorum=2|loadThreshold=75|maxTime=180|crossShardPct=0|requestOfflinePct=0|receiptDropPct=0|ownerCap=3000|mobileThreshold=35,1,51,626,62,COMPLETE,40,40,40,6,40,10,4,0,40,40,40,0,200,0,0,7,660,827,40,1407,40,6400,2576,2,3980,900
OFAT,WORKLOAD,HIGH,baseSeed=626|nTx=40|nValidators=10|nShards=4|committee=3|quorum=2|loadThreshold=75|maxTime=180|crossShardPct=0|requestOfflinePct=0|receiptDropPct=0|ownerCap=3000|mobileThreshold=35,1,52,626,62,COMPLETE,40,40,40,6,40,10,4,0,40,40,40,0,200,0,0,5,658,827,40,1407,40,4942,1792,3,2423,700
OFAT,WORKLOAD,HIGH,baseSeed=626|nTx=40|nValidators=10|nShards=4|committee=3|quorum=2|loadThreshold=75|maxTime=180|crossShardPct=0|requestOfflinePct=0|receiptDropPct=0|ownerCap=3000|mobileThreshold=35,1,53,626,63,COMPLETE,40,40,40,8,40,10,4,0,40,40,40,0,200,0,0,4,657,851,40,1443,40,5792,2321,2,3634,1200
OFAT,WORKLOAD,HIGH,baseSeed=626|nTx=40|nValidators=10|nShards=4|committee=3|quorum=2|loadThreshold=75|maxTime=180|crossShardPct=0|requestOfflinePct=0|receiptDropPct=0|ownerCap=3000|mobileThreshold=35,1,54,626,51,COMPLETE,40,40,40,6,40,10,4,0,40,40,40,0,200,0,0,7,660,827,40,1407,40,4761,1755,3,2326,400
OFAT,WORKLOAD,HIGH,baseSeed=626|nTx=40|nValidators=10|nShards=4|committee=3|quorum=2|loadThreshold=75|maxTime=180|crossShardPct=0|requestOfflinePct=0|receiptDropPct=0|ownerCap=3000|mobileThreshold=35,1,55,626,51,COMPLETE,40,40,40,4,40,10,4,0,40,40,40,0,200,0,0,5,658,803,40,1371,40,5546,2163,2,3288,500
OFAT,WORKLOAD,HIGH,baseSeed=626|nTx=40|nValidators=10|nShards=4|committee=3|quorum=2|loadThreshold=75|maxTime=180|crossShardPct=0|requestOfflinePct=0|receiptDropPct=0|ownerCap=3000|mobileThreshold=35,1,56,626,63,COMPLETE,40,40,40,6,40,10,4,0,40,40,40,0,200,0,0,6,659,828,40,1408,40,5388,1965,3,2500,1000
OFAT,WORKLOAD,HIGH,baseSeed=626|nTx=40|nValidators=10|nShards=4|committee=3|quorum=2|loadThreshold=75|maxTime=180|crossShardPct=0|requestOfflinePct=0|receiptDropPct=0|ownerCap=3000|mobileThreshold=35,1,57,626,62,COMPLETE,40,40,40,9,40,10,4,0,40,40,40,0,200,0,0,6,659,863,40,1461,40,5784,2316,2,3461,800
OFAT,WORKLOAD,HIGH,baseSeed=626|nTx=40|nValidators=10|nShards=4|committee=3|quorum=2|loadThreshold=75|maxTime=180|crossShardPct=0|requestOfflinePct=0|receiptDropPct=0|ownerCap=3000|mobileThreshold=35,1,58,626,51,COMPLETE,40,40,40,5,40,10,4,0,40,40,40,0,200,0,0,5,658,816,40,1390,40,4838,1758,3,2250,800
OFAT,WORKLOAD,HIGH,baseSeed=626|nTx=40|nValidators=10|nShards=4|committee=3|quorum=2|loadThreshold=75|maxTime=180|crossShardPct=0|requestOfflinePct=0|receiptDropPct=0|ownerCap=3000|mobileThreshold=35,1,59,626,62,COMPLETE,40,40,40,5,40,10,4,0,40,40,40,0,200,0,0,6,659,812,40,1386,40,4853,1775,3,2538,700
OFAT,WORKLOAD,HIGH,baseSeed=626|nTx=40|nValidators=10|nShards=4|committee=3|quorum=2|loadThreshold=75|maxTime=180|crossShardPct=0|requestOfflinePct=0|receiptDropPct=0|ownerCap=3000|mobileThreshold=35,1,60,626,63,COMPLETE,40,40,40,9,40,10,4,0,40,40,40,0,200,0,0,5,658,865,40,1463,40,5180,1875,3,2673,1500
OFAT,WORKLOAD,HIGH,baseSeed=626|nTx=40|nValidators=10|nShards=4|committee=3|quorum=2|loadThreshold=75|maxTime=180|crossShardPct=0|requestOfflinePct=0|receiptDropPct=0|ownerCap=3000|mobileThreshold=35,1,61,626,63,COMPLETE,40,40,40,7,40,10,4,0,40,40,40,0,200,0,0,5,658,840,40,1426,40,5480,2189,2,3711,900
OFAT,WORKLOAD,HIGH,baseSeed=626|nTx=40|nValidators=10|nShards=4|committee=3|quorum=2|loadThreshold=75|maxTime=180|crossShardPct=0|requestOfflinePct=0|receiptDropPct=0|ownerCap=3000|mobileThreshold=35,1,62,626,63,COMPLETE,40,40,40,5,40,10,4,0,40,40,40,0,200,0,0,5,658,815,40,1389,40,6357,2507,2,3634,700
OFAT,WORKLOAD,HIGH,baseSeed=626|nTx=40|nValidators=10|nShards=4|committee=3|quorum=2|loadThreshold=75|maxTime=180|crossShardPct=0|requestOfflinePct=0|receiptDropPct=0|ownerCap=3000|mobileThreshold=35,1,63,626,63,COMPLETE,40,40,40,5,40,10,4,0,40,40,40,0,200,0,0,5,658,814,40,1388,40,5292,1919,3,2634,700
OFAT,WORKLOAD,HIGH,baseSeed=626|nTx=40|nValidators=10|nShards=4|committee=3|quorum=2|loadThreshold=75|maxTime=180|crossShardPct=0|requestOfflinePct=0|receiptDropPct=0|ownerCap=3000|mobileThreshold=35,1,64,626,63,COMPLETE,40,40,40,13,40,10,4,0,40,40,40,0,200,0,0,5,658,916,40,1538,40,5792,2321,2,3634,500
OFAT,WORKLOAD,HIGH,baseSeed=626|nTx=40|nValidators=10|nShards=4|committee=3|quorum=2|loadThreshold=75|maxTime=180|crossShardPct=0|requestOfflinePct=0|receiptDropPct=0|ownerCap=3000|mobileThreshold=35,1,65,626,63,COMPLETE,40,40,40,7,40,10,4,0,40,40,40,0,200,0,0,5,658,840,40,1426,40,4911,1779,3,2500,900
OFAT,WORKLOAD,HIGH,baseSeed=626|nTx=40|nValidators=10|nShards=4|committee=3|quorum=2|loadThreshold=75|maxTime=180|crossShardPct=0|requestOfflinePct=0|receiptDropPct=0|ownerCap=3000|mobileThreshold=35,1,66,626,62,COMPLETE,40,40,40,5,40,10,4,0,40,40,40,0,200,0,0,5,658,810,40,1384,40,5115,2030,2,3288,700
OFAT,WORKLOAD,HIGH,baseSeed=626|nTx=40|nValidators=10|nShards=4|committee=3|quorum=2|loadThreshold=75|maxTime=180|crossShardPct=0|requestOfflinePct=0|receiptDropPct=0|ownerCap=3000|mobileThreshold=35,1,67,626,63,COMPLETE,40,40,40,4,40,10,4,0,40,40,40,0,200,0,0,4,657,800,40,1368,40,5903,2270,2,3461,200
OFAT,WORKLOAD,HIGH,baseSeed=626|nTx=40|nValidators=10|nShards=4|committee=3|quorum=2|loadThreshold=75|maxTime=180|crossShardPct=0|requestOfflinePct=0|receiptDropPct=0|ownerCap=3000|mobileThreshold=35,1,68,626,51,COMPLETE,40,40,40,5,40,10,4,0,40,40,40,0,200,0,0,5,658,814,40,1388,40,5138,1917,2,3115,800
OFAT,WORKLOAD,HIGH,baseSeed=626|nTx=40|nValidators=10|nShards=4|committee=3|quorum=2|loadThreshold=75|maxTime=180|crossShardPct=0|requestOfflinePct=0|receiptDropPct=0|ownerCap=3000|mobileThreshold=35,1,69,626,62,COMPLETE,40,40,40,9,40,10,4,0,40,40,40,0,200,0,0,6,659,863,40,1461,40,5969,2405,2,3980,800
OFAT,WORKLOAD,HIGH,baseSeed=626|nTx=40|nValidators=10|nShards=4|committee=3|quorum=2|loadThreshold=75|maxTime=180|crossShardPct=0|requestOfflinePct=0|receiptDropPct=0|ownerCap=3000|mobileThreshold=35,1,70,626,51,COMPLETE,40,40,40,4,40,10,4,0,40,40,40,0,200,0,0,5,658,801,40,1369,40,4353,1629,3,2211,900
OFAT,WORKLOAD,HIGH,baseSeed=626|nTx=40|nValidators=10|nShards=4|committee=3|quorum=2|loadThreshold=75|maxTime=180|crossShardPct=0|requestOfflinePct=0|receiptDropPct=0|ownerCap=3000|mobileThreshold=35,1,71,626,63,COMPLETE,40,40,40,9,40,10,4,0,40,40,40,0,200,0,0,5,658,865,40,1463,40,4565,1663,3,2384,1700
OFAT,WORKLOAD,HIGH,baseSeed=626|nTx=40|nValidators=10|nShards=4|committee=3|quorum=2|loadThreshold=75|maxTime=180|crossShardPct=0|requestOfflinePct=0|receiptDropPct=0|ownerCap=3000|mobileThreshold=35,1,72,626,63,COMPLETE,40,40,40,6,40,10,4,0,40,40,40,0,200,0,0,5,658,828,40,1408,40,5003,1819,3,2384,800
OFAT,WORKLOAD,HIGH,baseSeed=626|nTx=40|nValidators=10|nShards=4|committee=3|quorum=2|loadThreshold=75|maxTime=180|crossShardPct=0|requestOfflinePct=0|receiptDropPct=0|ownerCap=3000|mobileThreshold=35,1,73,626,51,COMPLETE,40,40,40,7,40,10,4,0,40,40,40,0,200,0,0,6,659,841,40,1427,40,5365,2120,2,3538,900
OFAT,WORKLOAD,HIGH,baseSeed=626|nTx=40|nValidators=10|nShards=4|committee=3|quorum=2|loadThreshold=75|maxTime=180|crossShardPct=0|requestOfflinePct=0|receiptDropPct=0|ownerCap=3000|mobileThreshold=35,1,74,626,51,COMPLETE,40,40,40,5,40,10,4,0,40,40,40,0,200,0,0,6,659,815,40,1389,40,4250,1610,3,2153,900
OFAT,WORKLOAD,HIGH,baseSeed=626|nTx=40|nValidators=10|nShards=4|committee=3|quorum=2|loadThreshold=75|maxTime=180|crossShardPct=0|requestOfflinePct=0|receiptDropPct=0|ownerCap=3000|mobileThreshold=35,1,75,626,63,COMPLETE,40,40,40,8,40,10,4,0,40,40,40,0,200,0,0,5,658,851,40,1443,40,5238,2128,2,3634,900
OFAT,WORKLOAD,HIGH,baseSeed=626|nTx=40|nValidators=10|nShards=4|committee=3|quorum=2|loadThreshold=75|maxTime=180|crossShardPct=0|requestOfflinePct=0|receiptDropPct=0|ownerCap=3000|mobileThreshold=35,1,76,626,51,COMPLETE,40,40,40,4,40,10,4,0,40,40,40,0,200,0,0,4,657,801,40,1369,40,5719,2285,2,3634,200
OFAT,WORKLOAD,HIGH,baseSeed=626|nTx=40|nValidators=10|nShards=4|committee=3|quorum=2|loadThreshold=75|maxTime=180|crossShardPct=0|requestOfflinePct=0|receiptDropPct=0|ownerCap=3000|mobileThreshold=35,1,77,626,51,COMPLETE,40,40,40,4,40,10,4,0,40,40,40,0,200,0,0,5,658,800,40,1368,40,3780,1495,3,2288,800
OFAT,WORKLOAD,HIGH,baseSeed=626|nTx=40|nValidators=10|nShards=4|committee=3|quorum=2|loadThreshold=75|maxTime=180|crossShardPct=0|requestOfflinePct=0|receiptDropPct=0|ownerCap=3000|mobileThreshold=35,1,78,626,50,COMPLETE,40,40,40,3,40,10,4,0,40,40,40,0,200,0,0,5,658,789,40,1351,40,5376,2013,2,2942,900
OFAT,WORKLOAD,HIGH,baseSeed=626|nTx=40|nValidators=10|nShards=4|committee=3|quorum=2|loadThreshold=75|maxTime=180|crossShardPct=0|requestOfflinePct=0|receiptDropPct=0|ownerCap=3000|mobileThreshold=35,1,79,626,63,COMPLETE,40,40,40,7,40,10,4,0,40,40,40,0,200,0,0,6,659,841,40,1427,40,4419,1659,3,2423,700
OFAT,WORKLOAD,HIGH,baseSeed=626|nTx=40|nValidators=10|nShards=4|committee=3|quorum=2|loadThreshold=75|maxTime=180|crossShardPct=0|requestOfflinePct=0|receiptDropPct=0|ownerCap=3000|mobileThreshold=35,1,80,626,63,COMPLETE,40,40,40,7,40,10,4,0,40,40,40,0,200,0,0,5,658,839,40,1425,40,5438,2103,2,3461,500
OFAT,WORKLOAD,HIGH,baseSeed=626|nTx=40|nValidators=10|nShards=4|committee=3|quorum=2|loadThreshold=75|maxTime=180|crossShardPct=0|requestOfflinePct=0|receiptDropPct=0|ownerCap=3000|mobileThreshold=35,1,81,626,62,COMPLETE,40,40,40,5,40,10,4,0,40,40,40,0,200,0,0,6,659,813,40,1387,40,5003,1867,3,2384,1000
OFAT,WORKLOAD,HIGH,baseSeed=626|nTx=40|nValidators=10|nShards=4|committee=3|quorum=2|loadThreshold=75|maxTime=180|crossShardPct=0|requestOfflinePct=0|receiptDropPct=0|ownerCap=3000|mobileThreshold=35,1,82,626,63,COMPLETE,40,40,40,8,40,10,4,0,40,40,40,0,200,0,0,5,658,853,40,1445,40,5219,2133,2,3807,600
OFAT,WORKLOAD,HIGH,baseSeed=626|nTx=40|nValidators=10|nShards=4|committee=3|quorum=2|loadThreshold=75|maxTime=180|crossShardPct=0|requestOfflinePct=0|receiptDropPct=0|ownerCap=3000|mobileThreshold=35,1,83,626,64,COMPLETE,40,40,40,8,40,10,4,0,40,40,40,0,200,0,0,4,657,853,40,1445,40,5507,2147,2,3288,300
OFAT,WORKLOAD,HIGH,baseSeed=626|nTx=40|nValidators=10|nShards=4|committee=3|quorum=2|loadThreshold=75|maxTime=180|crossShardPct=0|requestOfflinePct=0|receiptDropPct=0|ownerCap=3000|mobileThreshold=35,1,84,626,63,COMPLETE,40,40,40,5,40,10,4,0,40,40,40,0,200,0,0,5,658,814,40,1388,40,5369,2069,2,3288,800
OFAT,WORKLOAD,HIGH,baseSeed=626|nTx=40|nValidators=10|nShards=4|committee=3|quorum=2|loadThreshold=75|maxTime=180|crossShardPct=0|requestOfflinePct=0|receiptDropPct=0|ownerCap=3000|mobileThreshold=35,1,85,626,51,COMPLETE,40,40,40,7,40,10,4,0,40,40,40,0,200,0,0,5,658,841,40,1427,40,4376,1627,3,2423,800
OFAT,WORKLOAD,HIGH,baseSeed=626|nTx=40|nValidators=10|nShards=4|committee=3|quorum=2|loadThreshold=75|maxTime=180|crossShardPct=0|requestOfflinePct=0|receiptDropPct=0|ownerCap=3000|mobileThreshold=35,1,86,626,63,COMPLETE,40,40,40,9,40,10,4,0,40,40,40,0,200,0,0,5,658,864,40,1462,40,3761,1485,3,2211,700
OFAT,WORKLOAD,HIGH,baseSeed=626|nTx=40|nValidators=10|nShards=4|committee=3|quorum=2|loadThreshold=75|maxTime=180|crossShardPct=0|requestOfflinePct=0|receiptDropPct=0|ownerCap=3000|mobileThreshold=35,1,87,626,63,COMPLETE,40,40,40,5,40,10,4,0,40,40,40,0,200,0,0,5,658,814,40,1388,40,4350,1629,3,2153,500
OFAT,WORKLOAD,HIGH,baseSeed=626|nTx=40|nValidators=10|nShards=4|committee=3|quorum=2|loadThreshold=75|maxTime=180|crossShardPct=0|requestOfflinePct=0|receiptDropPct=0|ownerCap=3000|mobileThreshold=35,1,88,626,63,COMPLETE,40,40,40,8,40,10,4,0,40,40,40,0,200,0,0,5,658,851,40,1443,40,3596,1463,3,2153,500
OFAT,WORKLOAD,HIGH,baseSeed=626|nTx=40|nValidators=10|nShards=4|committee=3|quorum=2|loadThreshold=75|maxTime=180|crossShardPct=0|requestOfflinePct=0|receiptDropPct=0|ownerCap=3000|mobileThreshold=35,1,89,626,63,COMPLETE,40,40,40,4,40,10,4,0,40,40,40,0,200,0,0,5,658,800,40,1368,40,4619,1681,3,2250,900
OFAT,WORKLOAD,HIGH,baseSeed=626|nTx=40|nValidators=10|nShards=4|committee=3|quorum=2|loadThreshold=75|maxTime=180|crossShardPct=0|requestOfflinePct=0|receiptDropPct=0|ownerCap=3000|mobileThreshold=35,1,90,626,63,COMPLETE,40,40,40,7,40,10,4,0,40,40,40,0,200,0,0,5,658,839,40,1425,40,4738,1734,3,2461,700
OFAT,WORKLOAD,HIGH,baseSeed=626|nTx=40|nValidators=10|nShards=4|committee=3|quorum=2|loadThreshold=75|maxTime=180|crossShardPct=0|requestOfflinePct=0|receiptDropPct=0|ownerCap=3000|mobileThreshold=35,1,91,626,63,COMPLETE,40,40,40,10,40,10,4,0,40,40,40,0,200,0,0,5,658,878,40,1482,40,5411,1958,3,2673,700
OFAT,WORKLOAD,HIGH,baseSeed=626|nTx=40|nValidators=10|nShards=4|committee=3|quorum=2|loadThreshold=75|maxTime=180|crossShardPct=0|requestOfflinePct=0|receiptDropPct=0|ownerCap=3000|mobileThreshold=35,1,92,626,63,COMPLETE,40,40,40,6,40,10,4,0,40,40,40,0,200,0,0,5,658,825,40,1405,40,5750,2489,2,4326,700
OFAT,WORKLOAD,HIGH,baseSeed=626|nTx=40|nValidators=10|nShards=4|committee=3|quorum=2|loadThreshold=75|maxTime=180|crossShardPct=0|requestOfflinePct=0|receiptDropPct=0|ownerCap=3000|mobileThreshold=35,1,93,626,51,COMPLETE,40,40,40,6,40,10,4,0,40,40,40,0,200,0,0,5,658,828,40,1408,40,4707,1740,3,2115,700
OFAT,WORKLOAD,HIGH,baseSeed=626|nTx=40|nValidators=10|nShards=4|committee=3|quorum=2|loadThreshold=75|maxTime=180|crossShardPct=0|requestOfflinePct=0|receiptDropPct=0|ownerCap=3000|mobileThreshold=35,1,94,626,62,COMPLETE,40,40,40,7,40,10,4,0,40,40,40,0,200,0,0,7,660,837,40,1423,40,5269,2260,2,3980,600
OFAT,WORKLOAD,HIGH,baseSeed=626|nTx=40|nValidators=10|nShards=4|committee=3|quorum=2|loadThreshold=75|maxTime=180|crossShardPct=0|requestOfflinePct=0|receiptDropPct=0|ownerCap=3000|mobileThreshold=35,1,95,626,51,COMPLETE,40,40,40,3,40,10,4,0,40,40,40,0,200,0,0,6,659,788,40,1350,40,5042,2015,2,3288,700
OFAT,WORKLOAD,HIGH,baseSeed=626|nTx=40|nValidators=10|nShards=4|committee=3|quorum=2|loadThreshold=75|maxTime=180|crossShardPct=0|requestOfflinePct=0|receiptDropPct=0|ownerCap=3000|mobileThreshold=35,1,96,626,51,COMPLETE,40,40,40,4,40,10,4,0,40,40,40,0,200,0,0,6,659,800,40,1368,40,4784,1762,3,2250,800
OFAT,WORKLOAD,HIGH,baseSeed=626|nTx=40|nValidators=10|nShards=4|committee=3|quorum=2|loadThreshold=75|maxTime=180|crossShardPct=0|requestOfflinePct=0|receiptDropPct=0|ownerCap=3000|mobileThreshold=35,1,97,626,63,COMPLETE,40,40,40,8,40,10,4,0,40,40,40,0,200,0,0,5,658,853,40,1445,40,4603,1703,3,2730,700
OFAT,WORKLOAD,HIGH,baseSeed=626|nTx=40|nValidators=10|nShards=4|committee=3|quorum=2|loadThreshold=75|maxTime=180|crossShardPct=0|requestOfflinePct=0|receiptDropPct=0|ownerCap=3000|mobileThreshold=35,1,98,626,62,COMPLETE,40,40,40,7,40,10,4,0,40,40,40,0,200,0,0,9,662,839,40,1425,40,5265,2146,2,3634,100
OFAT,WORKLOAD,HIGH,baseSeed=626|nTx=40|nValidators=10|nShards=4|committee=3|quorum=2|loadThreshold=75|maxTime=180|crossShardPct=0|requestOfflinePct=0|receiptDropPct=0|ownerCap=3000|mobileThreshold=35,1,99,626,62,COMPLETE,40,40,40,7,40,10,4,0,40,40,40,0,200,0,0,7,660,837,40,1423,40,4357,1635,3,2711,900
OFAT,WORKLOAD,HIGH,baseSeed=626|nTx=40|nValidators=10|nShards=4|committee=3|quorum=2|loadThreshold=75|maxTime=180|crossShardPct=0|requestOfflinePct=0|receiptDropPct=0|ownerCap=3000|mobileThreshold=35,1,100,626,63,COMPLETE,40,40,40,10,40,10,4,0,40,40,40,0,200,0,0,6,659,878,40,1482,40,4753,1863,2,3115,1100
OFAT,CROSS_SHARD_PCT,LOW,baseSeed=626|nTx=28|nValidators=10|nShards=4|committee=3|quorum=2|loadThreshold=75|maxTime=180|crossShardPct=20|requestOfflinePct=0|receiptDropPct=0|ownerCap=3000|mobileThreshold=35,3,1,626,63,COMPLETE,28,28,28,8,28,10,4,0,28,28,28,0,140,0,0,0,461,615,28,1045,28,5851,2360,2,3708,400
OFAT,CROSS_SHARD_PCT,LOW,baseSeed=626|nTx=28|nValidators=10|nShards=4|committee=3|quorum=2|loadThreshold=75|maxTime=180|crossShardPct=20|requestOfflinePct=0|receiptDropPct=0|ownerCap=3000|mobileThreshold=35,3,2,626,63,COMPLETE,28,28,28,10,28,10,4,0,28,28,28,0,140,0,0,0,461,642,28,1084,28,4901,1764,3,2362,300
OFAT,CROSS_SHARD_PCT,LOW,baseSeed=626|nTx=28|nValidators=10|nShards=4|committee=3|quorum=2|loadThreshold=75|maxTime=180|crossShardPct=20|requestOfflinePct=0|receiptDropPct=0|ownerCap=3000|mobileThreshold=35,3,3,626,49,COMPLETE,28,28,28,7,28,10,4,0,28,28,28,0,140,0,0,1,462,603,28,1027,28,5928,2323,2,3653,700
OFAT,CROSS_SHARD_PCT,LOW,baseSeed=626|nTx=28|nValidators=10|nShards=4|committee=3|quorum=2|loadThreshold=75|maxTime=180|crossShardPct=20|requestOfflinePct=0|receiptDropPct=0|ownerCap=3000|mobileThreshold=35,3,4,626,63,COMPLETE,28,28,28,9,28,10,4,0,28,28,28,0,140,0,0,1,462,627,28,1063,28,5109,1834,3,2417,700
OFAT,CROSS_SHARD_PCT,LOW,baseSeed=626|nTx=28|nValidators=10|nShards=4|committee=3|quorum=2|loadThreshold=75|maxTime=180|crossShardPct=20|requestOfflinePct=0|receiptDropPct=0|ownerCap=3000|mobileThreshold=35,3,5,626,63,COMPLETE,28,28,28,9,28,10,4,0,28,28,28,0,140,0,0,0,461,627,28,1063,28,4741,1737,3,2445,300
OFAT,CROSS_SHARD_PCT,LOW,baseSeed=626|nTx=28|nValidators=10|nShards=4|committee=3|quorum=2|loadThreshold=75|maxTime=180|crossShardPct=20|requestOfflinePct=0|receiptDropPct=0|ownerCap=3000|mobileThreshold=35,3,6,626,50,COMPLETE,28,28,28,7,28,10,4,0,28,28,28,0,140,0,0,1,462,602,28,1026,28,6417,2579,2,3956,1000
OFAT,CROSS_SHARD_PCT,LOW,baseSeed=626|nTx=28|nValidators=10|nShards=4|committee=3|quorum=2|loadThreshold=75|maxTime=180|crossShardPct=20|requestOfflinePct=0|receiptDropPct=0|ownerCap=3000|mobileThreshold=35,3,7,626,51,COMPLETE,28,28,28,7,28,10,4,0,28,28,28,0,140,0,0,0,461,602,28,1026,28,4263,1596,3,2307,200
OFAT,CROSS_SHARD_PCT,LOW,baseSeed=626|nTx=28|nValidators=10|nShards=4|committee=3|quorum=2|loadThreshold=75|maxTime=180|crossShardPct=20|requestOfflinePct=0|receiptDropPct=0|ownerCap=3000|mobileThreshold=35,3,8,626,50,COMPLETE,28,28,28,8,28,10,4,0,28,28,28,0,140,0,0,0,461,614,28,1044,28,4582,1739,3,2362,300
OFAT,CROSS_SHARD_PCT,LOW,baseSeed=626|nTx=28|nValidators=10|nShards=4|committee=3|quorum=2|loadThreshold=75|maxTime=180|crossShardPct=20|requestOfflinePct=0|receiptDropPct=0|ownerCap=3000|mobileThreshold=35,3,9,626,50,COMPLETE,28,28,28,8,28,10,4,0,28,28,28,0,140,0,0,0,461,616,28,1046,28,4703,1772,3,2417,200
OFAT,CROSS_SHARD_PCT,LOW,baseSeed=626|nTx=28|nValidators=10|nShards=4|committee=3|quorum=2|loadThreshold=75|maxTime=180|crossShardPct=20|requestOfflinePct=0|receiptDropPct=0|ownerCap=3000|mobileThreshold=35,3,10,626,51,COMPLETE,28,28,28,8,28,10,4,0,28,28,28,0,140,0,0,0,461,616,28,1046,28,4109,1589,3,1978,200
OFAT,CROSS_SHARD_PCT,LOW,baseSeed=626|nTx=28|nValidators=10|nShards=4|committee=3|quorum=2|loadThreshold=75|maxTime=180|crossShardPct=20|requestOfflinePct=0|receiptDropPct=0|ownerCap=3000|mobileThreshold=35,3,11,626,63,COMPLETE,28,28,28,10,28,10,4,0,28,28,28,0,140,0,0,1,462,640,28,1082,28,5098,1852,3,2609,1000
OFAT,CROSS_SHARD_PCT,LOW,baseSeed=626|nTx=28|nValidators=10|nShards=4|committee=3|quorum=2|loadThreshold=75|maxTime=180|crossShardPct=20|requestOfflinePct=0|receiptDropPct=0|ownerCap=3000|mobileThreshold=35,3,12,626,51,COMPLETE,28,28,28,6,28,10,4,0,28,28,28,0,140,0,0,0,461,588,28,1006,28,3637,1463,3,2060,300
OFAT,CROSS_SHARD_PCT,LOW,baseSeed=626|nTx=28|nValidators=10|nShards=4|committee=3|quorum=2|loadThreshold=75|maxTime=180|crossShardPct=20|requestOfflinePct=0|receiptDropPct=0|ownerCap=3000|mobileThreshold=35,3,13,626,64,COMPLETE,28,28,28,9,28,10,4,0,28,28,28,0,140,0,0,0,461,629,28,1065,28,5489,2181,2,3708,300
OFAT,CROSS_SHARD_PCT,LOW,baseSeed=626|nTx=28|nValidators=10|nShards=4|committee=3|quorum=2|loadThreshold=75|maxTime=180|crossShardPct=20|requestOfflinePct=0|receiptDropPct=0|ownerCap=3000|mobileThreshold=35,3,14,626,50,COMPLETE,28,28,28,9,28,10,4,0,28,28,28,0,140,0,0,0,461,629,28,1065,28,4703,1772,3,2417,200
OFAT,CROSS_SHARD_PCT,LOW,baseSeed=626|nTx=28|nValidators=10|nShards=4|committee=3|quorum=2|loadThreshold=75|maxTime=180|crossShardPct=20|requestOfflinePct=0|receiptDropPct=0|ownerCap=3000|mobileThreshold=35,3,15,626,51,COMPLETE,28,28,28,6,28,10,4,0,28,28,28,0,140,0,0,1,462,590,28,1008,28,4818,1846,2,2967,1000
OFAT,CROSS_SHARD_PCT,LOW,baseSeed=626|nTx=28|nValidators=10|nShards=4|committee=3|quorum=2|loadThreshold=75|maxTime=180|crossShardPct=20|requestOfflinePct=0|receiptDropPct=0|ownerCap=3000|mobileThreshold=35,3,16,626,51,COMPLETE,28,28,28,7,28,10,4,0,28,28,28,0,140,0,0,0,461,603,28,1027,28,5043,1840,3,2417,200
OFAT,CROSS_SHARD_PCT,LOW,baseSeed=626|nTx=28|nValidators=10|nShards=4|committee=3|quorum=2|loadThreshold=75|maxTime=180|crossShardPct=20|requestOfflinePct=0|receiptDropPct=0|ownerCap=3000|mobileThreshold=35,3,17,626,63,COMPLETE,28,28,28,7,28,10,4,0,28,28,28,0,140,0,0,0,461,601,28,1025,28,5000,1819,3,2609,200
OFAT,CROSS_SHARD_PCT,LOW,baseSeed=626|nTx=28|nValidators=10|nShards=4|committee=3|quorum=2|loadThreshold=75|maxTime=180|crossShardPct=20|requestOfflinePct=0|receiptDropPct=0|ownerCap=3000|mobileThreshold=35,3,18,626,50,COMPLETE,28,28,28,6,28,10,4,0,28,28,28,0,140,0,0,0,461,589,28,1007,28,5648,2212,2,3461,200
OFAT,CROSS_SHARD_PCT,LOW,baseSeed=626|nTx=28|nValidators=10|nShards=4|committee=3|quorum=2|loadThreshold=75|maxTime=180|crossShardPct=20|requestOfflinePct=0|receiptDropPct=0|ownerCap=3000|mobileThreshold=35,3,19,626,63,COMPLETE,28,28,28,7,28,10,4,0,28,28,28,0,140,0,0,1,462,600,28,1024,28,4939,1845,3,2857,800
OFAT,CROSS_SHARD_PCT,LOW,baseSeed=626|nTx=28|nValidators=10|nShards=4|committee=3|quorum=2|loadThreshold=75|maxTime=180|crossShardPct=20|requestOfflinePct=0|receiptDropPct=0|ownerCap=3000|mobileThreshold=35,3,20,626,63,COMPLETE,28,28,28,8,28,10,4,0,28,28,28,0,140,0,0,1,462,614,28,1044,28,5681,2403,2,4093,800
OFAT,CROSS_SHARD_PCT,LOW,baseSeed=626|nTx=28|nValidators=10|nShards=4|committee=3|quorum=2|loadThreshold=75|maxTime=180|crossShardPct=20|requestOfflinePct=0|receiptDropPct=0|ownerCap=3000|mobileThreshold=35,3,21,626,62,COMPLETE,28,28,28,8,28,10,4,0,28,28,28,0,140,0,0,1,462,613,28,1043,28,4593,1700,3,2609,1000
OFAT,CROSS_SHARD_PCT,LOW,baseSeed=626|nTx=28|nValidators=10|nShards=4|committee=3|quorum=2|loadThreshold=75|maxTime=180|crossShardPct=20|requestOfflinePct=0|receiptDropPct=0|ownerCap=3000|mobileThreshold=35,3,22,626,50,COMPLETE,28,28,28,8,28,10,4,0,28,28,28,0,140,0,0,0,461,616,28,1046,28,4736,1732,3,2307,400
OFAT,CROSS_SHARD_PCT,LOW,baseSeed=626|nTx=28|nValidators=10|nShards=4|committee=3|quorum=2|loadThreshold=75|maxTime=180|crossShardPct=20|requestOfflinePct=0|receiptDropPct=0|ownerCap=3000|mobileThreshold=35,3,23,626,51,COMPLETE,28,28,28,6,28,10,4,0,28,28,28,0,140,0,0,1,462,589,28,1007,28,4912,1784,3,2500,800
OFAT,CROSS_SHARD_PCT,LOW,baseSeed=626|nTx=28|nValidators=10|nShards=4|committee=3|quorum=2|loadThreshold=75|maxTime=180|crossShardPct=20|requestOfflinePct=0|receiptDropPct=0|ownerCap=3000|mobileThreshold=35,3,24,626,63,COMPLETE,28,28,28,8,28,10,4,0,28,28,28,0,140,0,0,1,462,612,28,1042,28,4637,1671,3,2417,1100
OFAT,CROSS_SHARD_PCT,LOW,baseSeed=626|nTx=28|nValidators=10|nShards=4|committee=3|quorum=2|loadThreshold=75|maxTime=180|crossShardPct=20|requestOfflinePct=0|receiptDropPct=0|ownerCap=3000|mobileThreshold=35,3,25,626,51,COMPLETE,28,28,28,9,28,10,4,0,28,28,28,0,140,0,0,1,462,630,28,1066,28,3780,1480,3,2225,1000
OFAT,CROSS_SHARD_PCT,LOW,baseSeed=626|nTx=28|nValidators=10|nShards=4|committee=3|quorum=2|loadThreshold=75|maxTime=180|crossShardPct=20|requestOfflinePct=0|receiptDropPct=0|ownerCap=3000|mobileThreshold=35,3,26,626,63,COMPLETE,28,28,28,7,28,10,4,0,28,28,28,0,140,0,0,0,461,602,28,1026,28,4565,1665,3,2115,300
OFAT,CROSS_SHARD_PCT,LOW,baseSeed=626|nTx=28|nValidators=10|nShards=4|committee=3|quorum=2|loadThreshold=75|maxTime=180|crossShardPct=20|requestOfflinePct=0|receiptDropPct=0|ownerCap=3000|mobileThreshold=35,3,27,626,51,COMPLETE,28,28,28,7,28,10,4,0,28,28,28,0,140,0,0,1,462,601,28,1025,28,4598,1888,2,3214,1000
OFAT,CROSS_SHARD_PCT,LOW,baseSeed=626|nTx=28|nValidators=10|nShards=4|committee=3|quorum=2|loadThreshold=75|maxTime=180|crossShardPct=20|requestOfflinePct=0|receiptDropPct=0|ownerCap=3000|mobileThreshold=35,3,28,626,63,COMPLETE,28,28,28,8,28,10,4,0,28,28,28,0,140,0,0,1,462,612,28,1042,28,5725,2314,2,3791,1100
OFAT,CROSS_SHARD_PCT,LOW,baseSeed=626|nTx=28|nValidators=10|nShards=4|committee=3|quorum=2|loadThreshold=75|maxTime=180|crossShardPct=20|requestOfflinePct=0|receiptDropPct=0|ownerCap=3000|mobileThreshold=35,3,29,626,63,COMPLETE,28,28,28,7,28,10,4,0,28,28,28,0,140,0,0,2,463,602,28,1026,28,4917,2172,2,3956,1000
OFAT,CROSS_SHARD_PCT,LOW,baseSeed=626|nTx=28|nValidators=10|nShards=4|committee=3|quorum=2|loadThreshold=75|maxTime=180|crossShardPct=20|requestOfflinePct=0|receiptDropPct=0|ownerCap=3000|mobileThreshold=35,3,30,626,62,COMPLETE,28,28,28,7,28,10,4,0,28,28,28,0,140,0,0,1,462,600,28,1024,28,4269,1602,3,2307,700
OFAT,CROSS_SHARD_PCT,LOW,baseSeed=626|nTx=28|nValidators=10|nShards=4|committee=3|quorum=2|loadThreshold=75|maxTime=180|crossShardPct=20|requestOfflinePct=0|receiptDropPct=0|ownerCap=3000|mobileThreshold=35,3,31,626,63,COMPLETE,28,28,28,10,28,10,4,0,28,28,28,0,140,0,0,0,461,639,28,1081,28,5379,2085,2,3461,300
OFAT,CROSS_SHARD_PCT,LOW,baseSeed=626|nTx=28|nValidators=10|nShards=4|committee=3|quorum=2|loadThreshold=75|maxTime=180|crossShardPct=20|requestOfflinePct=0|receiptDropPct=0|ownerCap=3000|mobileThreshold=35,3,32,626,63,COMPLETE,28,28,28,9,28,10,4,0,28,28,28,0,140,0,0,0,461,627,28,1063,28,4456,1632,3,2500,300
OFAT,CROSS_SHARD_PCT,LOW,baseSeed=626|nTx=28|nValidators=10|nShards=4|committee=3|quorum=2|loadThreshold=75|maxTime=180|crossShardPct=20|requestOfflinePct=0|receiptDropPct=0|ownerCap=3000|mobileThreshold=35,3,33,626,51,COMPLETE,28,28,28,6,28,10,4,0,28,28,28,0,140,0,0,0,461,589,28,1007,28,5527,2132,2,3461,200
OFAT,CROSS_SHARD_PCT,LOW,baseSeed=626|nTx=28|nValidators=10|nShards=4|committee=3|quorum=2|loadThreshold=75|maxTime=180|crossShardPct=20|requestOfflinePct=0|receiptDropPct=0|ownerCap=3000|mobileThreshold=35,3,34,626,50,COMPLETE,28,28,28,7,28,10,4,0,28,28,28,0,140,0,0,0,461,602,28,1026,28,5164,2196,2,3956,200
OFAT,CROSS_SHARD_PCT,LOW,baseSeed=626|nTx=28|nValidators=10|nShards=4|committee=3|quorum=2|loadThreshold=75|maxTime=180|crossShardPct=20|requestOfflinePct=0|receiptDropPct=0|ownerCap=3000|mobileThreshold=35,3,35,626,63,COMPLETE,28,28,28,7,28,10,4,0,28,28,28,0,140,0,0,0,461,604,28,1028,28,5829,2363,2,3846,300
OFAT,CROSS_SHARD_PCT,LOW,baseSeed=626|nTx=28|nValidators=10|nShards=4|committee=3|quorum=2|loadThreshold=75|maxTime=180|crossShardPct=20|requestOfflinePct=0|receiptDropPct=0|ownerCap=3000|mobileThreshold=35,3,36,626,51,COMPLETE,28,28,28,8,28,10,4,0,28,28,28,0,140,0,0,0,461,616,28,1046,28,5439,2114,2,3461,200
OFAT,CROSS_SHARD_PCT,LOW,baseSeed=626|nTx=28|nValidators=10|nShards=4|committee=3|quorum=2|loadThreshold=75|maxTime=180|crossShardPct=20|requestOfflinePct=0|receiptDropPct=0|ownerCap=3000|mobileThreshold=35,3,37,626,63,COMPLETE,28,28,28,8,28,10,4,0,28,28,28,0,140,0,0,0,461,616,28,1046,28,5291,2011,2,3214,300
OFAT,CROSS_SHARD_PCT,LOW,baseSeed=626|nTx=28|nValidators=10|nShards=4|committee=3|quorum=2|loadThreshold=75|maxTime=180|crossShardPct=20|requestOfflinePct=0|receiptDropPct=0|ownerCap=3000|mobileThreshold=35,3,38,626,63,COMPLETE,28,28,28,9,28,10,4,0,28,28,28,0,140,0,0,0,461,628,28,1064,28,4791,1763,3,2417,200
OFAT,CROSS_SHARD_PCT,LOW,baseSeed=626|nTx=28|nValidators=10|nShards=4|committee=3|quorum=2|loadThreshold=75|maxTime=180|crossShardPct=20|requestOfflinePct=0|receiptDropPct=0|ownerCap=3000|mobileThreshold=35,3,39,626,51,COMPLETE,28,28,28,7,28,10,4,0,28,28,28,0,140,0,0,0,461,602,28,1026,28,4565,1739,3,2637,400
OFAT,CROSS_SHARD_PCT,LOW,baseSeed=626|nTx=28|nValidators=10|nShards=4|committee=3|quorum=2|loadThreshold=75|maxTime=180|crossShardPct=20|requestOfflinePct=0|receiptDropPct=0|ownerCap=3000|mobileThreshold=35,3,40,626,63,COMPLETE,28,28,28,9,28,10,4,0,28,28,28,0,140,0,0,1,462,629,28,1065,28,5115,1864,3,2692,600
OFAT,CROSS_SHARD_PCT,LOW,baseSeed=626|nTx=28|nValidators=10|nShards=4|committee=3|quorum=2|loadThreshold=75|maxTime=180|crossShardPct=20|requestOfflinePct=0|receiptDropPct=0|ownerCap=3000|mobileThreshold=35,3,41,626,63,COMPLETE,28,28,28,8,28,10,4,0,28,28,28,0,140,0,0,1,462,614,28,1044,28,4912,1788,3,2747,600
OFAT,CROSS_SHARD_PCT,LOW,baseSeed=626|nTx=28|nValidators=10|nShards=4|committee=3|quorum=2|loadThreshold=75|maxTime=180|crossShardPct=20|requestOfflinePct=0|receiptDropPct=0|ownerCap=3000|mobileThreshold=35,3,42,626,63,COMPLETE,28,28,28,10,28,10,4,0,28,28,28,0,140,0,0,0,461,640,28,1082,28,4175,1589,3,2307,200
OFAT,CROSS_SHARD_PCT,LOW,baseSeed=626|nTx=28|nValidators=10|nShards=4|committee=3|quorum=2|loadThreshold=75|maxTime=180|crossShardPct=20|requestOfflinePct=0|receiptDropPct=0|ownerCap=3000|mobileThreshold=35,3,43,626,50,COMPLETE,28,28,28,7,28,10,4,0,28,28,28,0,140,0,0,1,462,602,28,1026,28,4412,1704,3,2252,800
OFAT,CROSS_SHARD_PCT,LOW,baseSeed=626|nTx=28|nValidators=10|nShards=4|committee=3|quorum=2|loadThreshold=75|maxTime=180|crossShardPct=20|requestOfflinePct=0|receiptDropPct=0|ownerCap=3000|mobileThreshold=35,3,44,626,63,COMPLETE,28,28,28,9,28,10,4,0,28,28,28,0,140,0,0,1,462,625,28,1061,28,5851,2360,2,3708,800
OFAT,CROSS_SHARD_PCT,LOW,baseSeed=626|nTx=28|nValidators=10|nShards=4|committee=3|quorum=2|loadThreshold=75|maxTime=180|crossShardPct=20|requestOfflinePct=0|receiptDropPct=0|ownerCap=3000|mobileThreshold=35,3,45,626,63,COMPLETE,28,28,28,7,28,10,4,0,28,28,28,0,140,0,0,0,461,602,28,1026,28,4631,1728,3,2500,300
OFAT,CROSS_SHARD_PCT,LOW,baseSeed=626|nTx=28|nValidators=10|nShards=4|committee=3|quorum=2|loadThreshold=75|maxTime=180|crossShardPct=20|requestOfflinePct=0|receiptDropPct=0|ownerCap=3000|mobileThreshold=35,3,46,626,50,COMPLETE,28,28,28,7,28,10,4,0,28,28,28,0,140,0,0,1,462,603,28,1027,28,5648,2212,2,3461,700
OFAT,CROSS_SHARD_PCT,LOW,baseSeed=626|nTx=28|nValidators=10|nShards=4|committee=3|quorum=2|loadThreshold=75|maxTime=180|crossShardPct=20|requestOfflinePct=0|receiptDropPct=0|ownerCap=3000|mobileThreshold=35,3,47,626,63,COMPLETE,28,28,28,8,28,10,4,0,28,28,28,0,140,0,0,1,462,612,28,1042,28,4983,1800,3,2307,700
OFAT,CROSS_SHARD_PCT,LOW,baseSeed=626|nTx=28|nValidators=10|nShards=4|committee=3|quorum=2|loadThreshold=75|maxTime=180|crossShardPct=20|requestOfflinePct=0|receiptDropPct=0|ownerCap=3000|mobileThreshold=35,3,48,626,63,COMPLETE,28,28,28,9,28,10,4,0,28,28,28,0,140,0,0,0,461,630,28,1066,28,5500,2136,2,3214,200
OFAT,CROSS_SHARD_PCT,LOW,baseSeed=626|nTx=28|nValidators=10|nShards=4|committee=3|quorum=2|loadThreshold=75|maxTime=180|crossShardPct=20|requestOfflinePct=0|receiptDropPct=0|ownerCap=3000|mobileThreshold=35,3,49,626,63,COMPLETE,28,28,28,9,28,10,4,0,28,28,28,0,140,0,0,0,461,629,28,1065,28,4989,1800,3,2362,300
OFAT,CROSS_SHARD_PCT,LOW,baseSeed=626|nTx=28|nValidators=10|nShards=4|committee=3|quorum=2|loadThreshold=75|maxTime=180|crossShardPct=20|requestOfflinePct=0|receiptDropPct=0|ownerCap=3000|mobileThreshold=35,3,50,626,63,COMPLETE,28,28,28,9,28,10,4,0,28,28,28,0,140,0,0,0,461,627,28,1063,28,4637,1720,3,2307,200
OFAT,CROSS_SHARD_PCT,LOW,baseSeed=626|nTx=28|nValidators=10|nShards=4|committee=3|quorum=2|loadThreshold=75|maxTime=180|crossShardPct=20|requestOfflinePct=0|receiptDropPct=0|ownerCap=3000|mobileThreshold=35,3,51,626,63,COMPLETE,28,28,28,8,28,10,4,0,28,28,28,0,140,0,0,0,461,612,28,1042,28,6263,2461,2,3708,300
OFAT,CROSS_SHARD_PCT,LOW,baseSeed=626|nTx=28|nValidators=10|nShards=4|committee=3|quorum=2|loadThreshold=75|maxTime=180|crossShardPct=20|requestOfflinePct=0|receiptDropPct=0|ownerCap=3000|mobileThreshold=35,3,52,626,63,COMPLETE,28,28,28,8,28,10,4,0,28,28,28,0,140,0,0,1,462,616,28,1046,28,4851,1759,3,2609,1000
OFAT,CROSS_SHARD_PCT,LOW,baseSeed=626|nTx=28|nValidators=10|nShards=4|committee=3|quorum=2|loadThreshold=75|maxTime=180|crossShardPct=20|requestOfflinePct=0|receiptDropPct=0|ownerCap=3000|mobileThreshold=35,3,53,626,63,COMPLETE,28,28,28,9,28,10,4,0,28,28,28,0,140,0,0,1,462,628,28,1064,28,5549,2171,2,3214,600
OFAT,CROSS_SHARD_PCT,LOW,baseSeed=626|nTx=28|nValidators=10|nShards=4|committee=3|quorum=2|loadThreshold=75|maxTime=180|crossShardPct=20|requestOfflinePct=0|receiptDropPct=0|ownerCap=3000|mobileThreshold=35,3,54,626,63,COMPLETE,28,28,28,8,28,10,4,0,28,28,28,0,140,0,0,0,461,614,28,1044,28,5016,1821,3,2609,200
OFAT,CROSS_SHARD_PCT,LOW,baseSeed=626|nTx=28|nValidators=10|nShards=4|committee=3|quorum=2|loadThreshold=75|maxTime=180|crossShardPct=20|requestOfflinePct=0|receiptDropPct=0|ownerCap=3000|mobileThreshold=35,3,55,626,50,COMPLETE,28,28,28,8,28,10,4,0,28,28,28,0,140,0,0,1,462,614,28,1044,28,5500,2136,2,3214,800
OFAT,CROSS_SHARD_PCT,LOW,baseSeed=626|nTx=28|nValidators=10|nShards=4|committee=3|quorum=2|loadThreshold=75|maxTime=180|crossShardPct=20|requestOfflinePct=0|receiptDropPct=0|ownerCap=3000|mobileThreshold=35,3,56,626,63,COMPLETE,28,28,28,8,28,10,4,0,28,28,28,0,140,0,0,0,461,617,28,1047,28,5379,1951,3,2609,200
OFAT,CROSS_SHARD_PCT,LOW,baseSeed=626|nTx=28|nValidators=10|nShards=4|committee=3|quorum=2|loadThreshold=75|maxTime=180|crossShardPct=20|requestOfflinePct=0|receiptDropPct=0|ownerCap=3000|mobileThreshold=35,3,57,626,63,COMPLETE,28,28,28,11,28,10,4,0,28,28,28,0,140,0,0,1,462,654,28,1102,28,5642,2232,2,3214,1000
OFAT,CROSS_SHARD_PCT,LOW,baseSeed=626|nTx=28|nValidators=10|nShards=4|committee=3|quorum=2|loadThreshold=75|maxTime=180|crossShardPct=20|requestOfflinePct=0|receiptDropPct=0|ownerCap=3000|mobileThreshold=35,3,58,626,50,COMPLETE,28,28,28,7,28,10,4,0,28,28,28,0,140,0,0,2,463,601,28,1025,28,4890,1775,3,2225,1000
OFAT,CROSS_SHARD_PCT,LOW,baseSeed=626|nTx=28|nValidators=10|nShards=4|committee=3|quorum=2|loadThreshold=75|maxTime=180|crossShardPct=20|requestOfflinePct=0|receiptDropPct=0|ownerCap=3000|mobileThreshold=35,3,59,626,63,COMPLETE,28,28,28,9,28,10,4,0,28,28,28,0,140,0,0,0,461,627,28,1063,28,4884,1784,3,2747,300
OFAT,CROSS_SHARD_PCT,LOW,baseSeed=626|nTx=28|nValidators=10|nShards=4|committee=3|quorum=2|loadThreshold=75|maxTime=180|crossShardPct=20|requestOfflinePct=0|receiptDropPct=0|ownerCap=3000|mobileThreshold=35,3,60,626,63,COMPLETE,28,28,28,10,28,10,4,0,28,28,28,0,140,0,0,1,462,639,28,1081,28,4901,1764,3,2362,500
OFAT,CROSS_SHARD_PCT,LOW,baseSeed=626|nTx=28|nValidators=10|nShards=4|committee=3|quorum=2|loadThreshold=75|maxTime=180|crossShardPct=20|requestOfflinePct=0|receiptDropPct=0|ownerCap=3000|mobileThreshold=35,3,61,626,51,COMPLETE,28,28,28,8,28,10,4,0,28,28,28,0,140,0,0,0,461,614,28,1044,28,5637,2288,2,3901,200
OFAT,CROSS_SHARD_PCT,LOW,baseSeed=626|nTx=28|nValidators=10|nShards=4|committee=3|quorum=2|loadThreshold=75|maxTime=180|crossShardPct=20|requestOfflinePct=0|receiptDropPct=0|ownerCap=3000|mobileThreshold=35,3,62,626,63,COMPLETE,28,28,28,11,28,10,4,0,28,28,28,0,140,0,0,1,462,653,28,1101,28,6346,2501,2,3708,800
OFAT,CROSS_SHARD_PCT,LOW,baseSeed=626|nTx=28|nValidators=10|nShards=4|committee=3|quorum=2|loadThreshold=75|maxTime=180|crossShardPct=20|requestOfflinePct=0|receiptDropPct=0|ownerCap=3000|mobileThreshold=35,3,63,626,50,COMPLETE,28,28,28,8,28,10,4,0,28,28,28,0,140,0,0,0,461,616,28,1046,28,5109,1880,3,2307,200
OFAT,CROSS_SHARD_PCT,LOW,baseSeed=626|nTx=28|nValidators=10|nShards=4|committee=3|quorum=2|loadThreshold=75|maxTime=180|crossShardPct=20|requestOfflinePct=0|receiptDropPct=0|ownerCap=3000|mobileThreshold=35,3,64,626,63,COMPLETE,28,28,28,11,28,10,4,0,28,28,28,0,140,0,0,0,461,653,28,1101,28,5802,2320,2,3708,300
OFAT,CROSS_SHARD_PCT,LOW,baseSeed=626|nTx=28|nValidators=10|nShards=4|committee=3|quorum=2|loadThreshold=75|maxTime=180|crossShardPct=20|requestOfflinePct=0|receiptDropPct=0|ownerCap=3000|mobileThreshold=35,3,65,626,63,COMPLETE,28,28,28,9,28,10,4,0,28,28,28,0,140,0,0,0,461,626,28,1062,28,4879,1770,3,2417,200
OFAT,CROSS_SHARD_PCT,LOW,baseSeed=626|nTx=28|nValidators=10|nShards=4|committee=3|quorum=2|loadThreshold=75|maxTime=180|crossShardPct=20|requestOfflinePct=0|receiptDropPct=0|ownerCap=3000|mobileThreshold=35,3,66,626,63,COMPLETE,28,28,28,9,28,10,4,0,28,28,28,0,140,0,0,1,462,629,28,1065,28,5390,2213,2,3708,800
OFAT,CROSS_SHARD_PCT,LOW,baseSeed=626|nTx=28|nValidators=10|nShards=4|committee=3|quorum=2|loadThreshold=75|maxTime=180|crossShardPct=20|requestOfflinePct=0|receiptDropPct=0|ownerCap=3000|mobileThreshold=35,3,67,626,63,COMPLETE,28,28,28,10,28,10,4,0,28,28,28,0,140,0,0,1,462,639,28,1081,28,5895,2240,2,3214,1000
OFAT,CROSS_SHARD_PCT,LOW,baseSeed=626|nTx=28|nValidators=10|nShards=4|committee=3|quorum=2|loadThreshold=75|maxTime=180|crossShardPct=20|requestOfflinePct=0|receiptDropPct=0|ownerCap=3000|mobileThreshold=35,3,68,626,63,COMPLETE,28,28,28,6,28,10,4,0,28,28,28,0,140,0,0,0,461,586,28,1004,28,5043,1882,3,2967,200
OFAT,CROSS_SHARD_PCT,LOW,baseSeed=626|nTx=28|nValidators=10|nShards=4|committee=3|quorum=2|loadThreshold=75|maxTime=180|crossShardPct=20|requestOfflinePct=0|receiptDropPct=0|ownerCap=3000|mobileThreshold=35,3,69,626,63,COMPLETE,28,28,28,6,28,10,4,0,28,28,28,0,140,0,0,0,461,590,28,1008,28,6000,2410,2,3956,200
OFAT,CROSS_SHARD_PCT,LOW,baseSeed=626|nTx=28|nValidators=10|nShards=4|committee=3|quorum=2|loadThreshold=75|maxTime=180|crossShardPct=20|requestOfflinePct=0|receiptDropPct=0|ownerCap=3000|mobileThreshold=35,3,70,626,63,COMPLETE,28,28,28,8,28,10,4,0,28,28,28,0,140,0,0,0,461,615,28,1045,28,4291,1618,3,2115,300
OFAT,CROSS_SHARD_PCT,LOW,baseSeed=626|nTx=28|nValidators=10|nShards=4|committee=3|quorum=2|loadThreshold=75|maxTime=180|crossShardPct=20|requestOfflinePct=0|receiptDropPct=0|ownerCap=3000|mobileThreshold=35,3,71,626,63,COMPLETE,28,28,28,8,28,10,4,0,28,28,28,0,140,0,0,0,461,615,28,1045,28,4527,1658,3,2307,200
OFAT,CROSS_SHARD_PCT,LOW,baseSeed=626|nTx=28|nValidators=10|nShards=4|committee=3|quorum=2|loadThreshold=75|maxTime=180|crossShardPct=20|requestOfflinePct=0|receiptDropPct=0|ownerCap=3000|mobileThreshold=35,3,72,626,63,COMPLETE,28,28,28,12,28,10,4,0,28,28,28,0,140,0,0,1,462,668,28,1122,28,4879,1770,3,2417,400
OFAT,CROSS_SHARD_PCT,LOW,baseSeed=626|nTx=28|nValidators=10|nShards=4|committee=3|quorum=2|loadThreshold=75|maxTime=180|crossShardPct=20|requestOfflinePct=0|receiptDropPct=0|ownerCap=3000|mobileThreshold=35,3,73,626,63,COMPLETE,28,28,28,10,28,10,4,0,28,28,28,0,140,0,0,1,462,640,28,1082,28,5280,2052,2,3214,900
OFAT,CROSS_SHARD_PCT,LOW,baseSeed=626|nTx=28|nValidators=10|nShards=4|committee=3|quorum=2|loadThreshold=75|maxTime=180|crossShardPct=20|requestOfflinePct=0|receiptDropPct=0|ownerCap=3000|mobileThreshold=35,3,74,626,63,COMPLETE,28,28,28,7,28,10,4,0,28,28,28,0,140,0,0,0,461,601,28,1025,28,4489,1660,3,2362,300
OFAT,CROSS_SHARD_PCT,LOW,baseSeed=626|nTx=28|nValidators=10|nShards=4|committee=3|quorum=2|loadThreshold=75|maxTime=180|crossShardPct=20|requestOfflinePct=0|receiptDropPct=0|ownerCap=3000|mobileThreshold=35,3,75,626,62,COMPLETE,28,28,28,7,28,10,4,0,28,28,28,0,140,0,0,1,462,601,28,1025,28,5208,2115,2,3598,800
OFAT,CROSS_SHARD_PCT,LOW,baseSeed=626|nTx=28|nValidators=10|nShards=4|committee=3|quorum=2|loadThreshold=75|maxTime=180|crossShardPct=20|requestOfflinePct=0|receiptDropPct=0|ownerCap=3000|mobileThreshold=35,3,76,626,63,COMPLETE,28,28,28,10,28,10,4,0,28,28,28,0,140,0,0,1,462,639,28,1081,28,5642,2232,2,3461,800
OFAT,CROSS_SHARD_PCT,LOW,baseSeed=626|nTx=28|nValidators=10|nShards=4|committee=3|quorum=2|loadThreshold=75|maxTime=180|crossShardPct=20|requestOfflinePct=0|receiptDropPct=0|ownerCap=3000|mobileThreshold=35,3,77,626,50,COMPLETE,28,28,28,7,28,10,4,0,28,28,28,0,140,0,0,0,461,603,28,1027,28,4000,1549,3,2417,200
OFAT,CROSS_SHARD_PCT,LOW,baseSeed=626|nTx=28|nValidators=10|nShards=4|committee=3|quorum=2|loadThreshold=75|maxTime=180|crossShardPct=20|requestOfflinePct=0|receiptDropPct=0|ownerCap=3000|mobileThreshold=35,3,78,626,51,COMPLETE,28,28,28,8,28,10,4,0,28,28,28,0,140,0,0,0,461,618,28,1048,28,5373,2014,2,2967,200
OFAT,CROSS_SHARD_PCT,LOW,baseSeed=626|nTx=28|nValidators=10|nShards=4|committee=3|quorum=2|loadThreshold=75|maxTime=180|crossShardPct=20|requestOfflinePct=0|receiptDropPct=0|ownerCap=3000|mobileThreshold=35,3,79,626,63,COMPLETE,28,28,28,9,28,10,4,0,28,28,28,0,140,0,0,0,461,628,28,1064,28,4313,1619,3,2362,300
OFAT,CROSS_SHARD_PCT,LOW,baseSeed=626|nTx=28|nValidators=10|nShards=4|committee=3|quorum=2|loadThreshold=75|maxTime=180|crossShardPct=20|requestOfflinePct=0|receiptDropPct=0|ownerCap=3000|mobileThreshold=35,3,80,626,63,COMPLETE,28,28,28,8,28,10,4,0,28,28,28,0,140,0,0,0,461,615,28,1045,28,5461,2114,2,3461,200
OFAT,CROSS_SHARD_PCT,LOW,baseSeed=626|nTx=28|nValidators=10|nShards=4|committee=3|quorum=2|loadThreshold=75|maxTime=180|crossShardPct=20|requestOfflinePct=0|receiptDropPct=0|ownerCap=3000|mobileThreshold=35,3,81,626,51,COMPLETE,28,28,28,7,28,10,4,0,28,28,28,0,140,0,0,0,461,602,28,1026,28,4956,1857,3,2307,200
OFAT,CROSS_SHARD_PCT,LOW,baseSeed=626|nTx=28|nValidators=10|nShards=4|committee=3|quorum=2|loadThreshold=75|maxTime=180|crossShardPct=20|requestOfflinePct=0|receiptDropPct=0|ownerCap=3000|mobileThreshold=35,3,82,626,62,COMPLETE,28,28,28,10,28,10,4,0,28,28,28,0,140,0,0,1,462,638,28,1080,28,5164,2012,2,3461,700
OFAT,CROSS_SHARD_PCT,LOW,baseSeed=626|nTx=28|nValidators=10|nShards=4|committee=3|quorum=2|loadThreshold=75|maxTime=180|crossShardPct=20|requestOfflinePct=0|receiptDropPct=0|ownerCap=3000|mobileThreshold=35,3,83,626,63,COMPLETE,28,28,28,8,28,10,4,0,28,28,28,0,140,0,0,0,461,616,28,1046,28,5532,2184,2,3461,300
OFAT,CROSS_SHARD_PCT,LOW,baseSeed=626|nTx=28|nValidators=10|nShards=4|committee=3|quorum=2|loadThreshold=75|maxTime=180|crossShardPct=20|requestOfflinePct=0|receiptDropPct=0|ownerCap=3000|mobileThreshold=35,3,84,626,62,COMPLETE,28,28,28,10,28,10,4,0,28,28,28,0,140,0,0,1,462,640,28,1082,28,5532,2189,2,3708,1000
OFAT,CROSS_SHARD_PCT,LOW,baseSeed=626|nTx=28|nValidators=10|nShards=4|committee=3|quorum=2|loadThreshold=75|maxTime=180|crossShardPct=20|requestOfflinePct=0|receiptDropPct=0|ownerCap=3000|mobileThreshold=35,3,85,626,63,COMPLETE,28,28,28,7,28,10,4,0,28,28,28,0,140,0,0,0,461,600,28,1024,28,4390,1639,3,2170,300
OFAT,CROSS_SHARD_PCT,LOW,baseSeed=626|nTx=28|nValidators=10|nShards=4|committee=3|quorum=2|loadThreshold=75|maxTime=180|crossShardPct=20|requestOfflinePct=0|receiptDropPct=0|ownerCap=3000|mobileThreshold=35,3,86,626,63,COMPLETE,28,28,28,7,28,10,4,0,28,28,28,0,140,0,0,1,462,602,28,1026,28,3637,1463,3,2060,700
OFAT,CROSS_SHARD_PCT,LOW,baseSeed=626|nTx=28|nValidators=10|nShards=4|committee=3|quorum=2|loadThreshold=75|maxTime=180|crossShardPct=20|requestOfflinePct=0|receiptDropPct=0|ownerCap=3000|mobileThreshold=35,3,87,626,63,COMPLETE,28,28,28,5,28,10,4,0,28,28,28,0,140,0,0,0,461,576,28,988,28,4527,1680,3,2417,200
OFAT,CROSS_SHARD_PCT,LOW,baseSeed=626|nTx=28|nValidators=10|nShards=4|committee=3|quorum=2|loadThreshold=75|maxTime=180|crossShardPct=20|requestOfflinePct=0|receiptDropPct=0|ownerCap=3000|mobileThreshold=35,3,88,626,63,COMPLETE,28,28,28,8,28,10,4,0,28,28,28,0,140,0,0,0,461,614,28,1044,28,3582,1458,3,1978,200
OFAT,CROSS_SHARD_PCT,LOW,baseSeed=626|nTx=28|nValidators=10|nShards=4|committee=3|quorum=2|loadThreshold=75|maxTime=180|crossShardPct=20|requestOfflinePct=0|receiptDropPct=0|ownerCap=3000|mobileThreshold=35,3,89,626,63,COMPLETE,28,28,28,10,28,10,4,0,28,28,28,0,140,0,0,1,462,641,28,1083,28,4653,1691,3,2362,900
OFAT,CROSS_SHARD_PCT,LOW,baseSeed=626|nTx=28|nValidators=10|nShards=4|committee=3|quorum=2|loadThreshold=75|maxTime=180|crossShardPct=20|requestOfflinePct=0|receiptDropPct=0|ownerCap=3000|mobileThreshold=35,3,90,626,63,COMPLETE,28,28,28,9,28,10,4,0,28,28,28,0,140,0,0,0,461,630,28,1066,28,4719,1736,3,2307,200
OFAT,CROSS_SHARD_PCT,LOW,baseSeed=626|nTx=28|nValidators=10|nShards=4|committee=3|quorum=2|loadThreshold=75|maxTime=180|crossShardPct=20|requestOfflinePct=0|receiptDropPct=0|ownerCap=3000|mobileThreshold=35,3,91,626,62,COMPLETE,28,28,28,8,28,10,4,0,28,28,28,0,140,0,0,0,461,614,28,1044,28,5423,1971,3,2747,300
OFAT,CROSS_SHARD_PCT,LOW,baseSeed=626|nTx=28|nValidators=10|nShards=4|committee=3|quorum=2|loadThreshold=75|maxTime=180|crossShardPct=20|requestOfflinePct=0|receiptDropPct=0|ownerCap=3000|mobileThreshold=35,3,92,626,63,COMPLETE,28,28,28,9,28,10,4,0,28,28,28,0,140,0,0,1,462,629,28,1065,28,5505,2213,2,3791,400
OFAT,CROSS_SHARD_PCT,LOW,baseSeed=626|nTx=28|nValidators=10|nShards=4|committee=3|quorum=2|loadThreshold=75|maxTime=180|crossShardPct=20|requestOfflinePct=0|receiptDropPct=0|ownerCap=3000|mobileThreshold=35,3,93,626,63,COMPLETE,28,28,28,9,28,10,4,0,28,28,28,0,140,0,0,1,462,626,28,1062,28,4741,1743,3,2225,1000
OFAT,CROSS_SHARD_PCT,LOW,baseSeed=626|nTx=28|nValidators=10|nShards=4|committee=3|quorum=2|loadThreshold=75|maxTime=180|crossShardPct=20|requestOfflinePct=0|receiptDropPct=0|ownerCap=3000|mobileThreshold=35,3,94,626,50,COMPLETE,28,28,28,6,28,10,4,0,28,28,28,0,140,0,0,0,461,590,28,1008,28,5379,2327,2,4093,300
OFAT,CROSS_SHARD_PCT,LOW,baseSeed=626|nTx=28|nValidators=10|nShards=4|committee=3|quorum=2|loadThreshold=75|maxTime=180|crossShardPct=20|requestOfflinePct=0|receiptDropPct=0|ownerCap=3000|mobileThreshold=35,3,95,626,50,COMPLETE,28,28,28,8,28,10,4,0,28,28,28,0,140,0,0,2,463,614,28,1044,28,4983,1948,2,2967,1000
OFAT,CROSS_SHARD_PCT,LOW,baseSeed=626|nTx=28|nValidators=10|nShards=4|committee=3|quorum=2|loadThreshold=75|maxTime=180|crossShardPct=20|requestOfflinePct=0|receiptDropPct=0|ownerCap=3000|mobileThreshold=35,3,96,626,51,COMPLETE,28,28,28,7,28,10,4,0,28,28,28,0,140,0,0,0,461,601,28,1025,28,4703,1749,3,2252,200
OFAT,CROSS_SHARD_PCT,LOW,baseSeed=626|nTx=28|nValidators=10|nShards=4|committee=3|quorum=2|loadThreshold=75|maxTime=180|crossShardPct=20|requestOfflinePct=0|receiptDropPct=0|ownerCap=3000|mobileThreshold=35,3,97,626,51,COMPLETE,28,28,28,8,28,10,4,0,28,28,28,0,140,0,0,1,462,615,28,1045,28,4445,1642,3,2445,800
OFAT,CROSS_SHARD_PCT,LOW,baseSeed=626|nTx=28|nValidators=10|nShards=4|committee=3|quorum=2|loadThreshold=75|maxTime=180|crossShardPct=20|requestOfflinePct=0|receiptDropPct=0|ownerCap=3000|mobileThreshold=35,3,98,626,63,COMPLETE,28,28,28,6,28,10,4,0,28,28,28,0,140,0,0,0,461,588,28,1006,28,5197,2084,2,3461,200
OFAT,CROSS_SHARD_PCT,LOW,baseSeed=626|nTx=28|nValidators=10|nShards=4|committee=3|quorum=2|loadThreshold=75|maxTime=180|crossShardPct=20|requestOfflinePct=0|receiptDropPct=0|ownerCap=3000|mobileThreshold=35,3,99,626,63,COMPLETE,28,28,28,7,28,10,4,0,28,28,28,0,140,0,0,1,462,602,28,1026,28,4214,1597,3,2554,700
OFAT,CROSS_SHARD_PCT,LOW,baseSeed=626|nTx=28|nValidators=10|nShards=4|committee=3|quorum=2|loadThreshold=75|maxTime=180|crossShardPct=20|requestOfflinePct=0|receiptDropPct=0|ownerCap=3000|mobileThreshold=35,3,100,626,51,COMPLETE,28,28,28,7,28,10,4,0,28,28,28,0,140,0,0,0,461,602,28,1026,28,4604,1824,3,2967,200
OFAT,CROSS_SHARD_PCT,DEFAULT,baseSeed=626|nTx=28|nValidators=10|nShards=4|committee=3|quorum=2|loadThreshold=75|maxTime=180|crossShardPct=60|requestOfflinePct=0|receiptDropPct=0|ownerCap=3000|mobileThreshold=35,3,1,626,51,COMPLETE,28,28,28,17,28,10,4,0,28,28,28,0,140,0,0,1,462,734,28,1218,28,5956,2457,2,3956,900
OFAT,CROSS_SHARD_PCT,DEFAULT,baseSeed=626|nTx=28|nValidators=10|nShards=4|committee=3|quorum=2|loadThreshold=75|maxTime=180|crossShardPct=60|requestOfflinePct=0|receiptDropPct=0|ownerCap=3000|mobileThreshold=35,3,2,626,64,COMPLETE,28,28,28,18,28,10,4,0,28,28,28,0,140,0,0,0,461,745,28,1235,28,4901,1764,3,2362,300
OFAT,CROSS_SHARD_PCT,DEFAULT,baseSeed=626|nTx=28|nValidators=10|nShards=4|committee=3|quorum=2|loadThreshold=75|maxTime=180|crossShardPct=60|requestOfflinePct=0|receiptDropPct=0|ownerCap=3000|mobileThreshold=35,3,3,626,51,COMPLETE,28,28,28,17,28,10,4,0,28,28,28,0,140,0,0,1,462,732,28,1216,28,5994,2385,2,3846,800
OFAT,CROSS_SHARD_PCT,DEFAULT,baseSeed=626|nTx=28|nValidators=10|nShards=4|committee=3|quorum=2|loadThreshold=75|maxTime=180|crossShardPct=60|requestOfflinePct=0|receiptDropPct=0|ownerCap=3000|mobileThreshold=35,3,4,626,51,COMPLETE,28,28,28,18,28,10,4,0,28,28,28,0,140,0,0,1,462,746,28,1236,28,5137,1841,3,2609,1000
OFAT,CROSS_SHARD_PCT,DEFAULT,baseSeed=626|nTx=28|nValidators=10|nShards=4|committee=3|quorum=2|loadThreshold=75|maxTime=180|crossShardPct=60|requestOfflinePct=0|receiptDropPct=0|ownerCap=3000|mobileThreshold=35,3,5,626,51,COMPLETE,28,28,28,17,28,10,4,0,28,28,28,0,140,0,0,1,462,735,28,1219,28,4857,1780,3,2307,500
OFAT,CROSS_SHARD_PCT,DEFAULT,baseSeed=626|nTx=28|nValidators=10|nShards=4|committee=3|quorum=2|loadThreshold=75|maxTime=180|crossShardPct=60|requestOfflinePct=0|receiptDropPct=0|ownerCap=3000|mobileThreshold=35,3,6,626,63,COMPLETE,28,28,28,18,28,10,4,0,28,28,28,0,140,0,0,0,461,746,28,1236,28,6263,2461,2,3708,300
OFAT,CROSS_SHARD_PCT,DEFAULT,baseSeed=626|nTx=28|nValidators=10|nShards=4|committee=3|quorum=2|loadThreshold=75|maxTime=180|crossShardPct=60|requestOfflinePct=0|receiptDropPct=0|ownerCap=3000|mobileThreshold=35,3,7,626,51,COMPLETE,28,28,28,17,28,10,4,0,28,28,28,0,140,0,0,1,462,733,28,1217,28,4263,1596,3,2307,900
OFAT,CROSS_SHARD_PCT,DEFAULT,baseSeed=626|nTx=28|nValidators=10|nShards=4|committee=3|quorum=2|loadThreshold=75|maxTime=180|crossShardPct=60|requestOfflinePct=0|receiptDropPct=0|ownerCap=3000|mobileThreshold=35,3,8,626,63,COMPLETE,28,28,28,18,28,10,4,0,28,28,28,0,140,0,0,0,461,745,28,1235,28,4516,1720,3,2307,300
OFAT,CROSS_SHARD_PCT,DEFAULT,baseSeed=626|nTx=28|nValidators=10|nShards=4|committee=3|quorum=2|loadThreshold=75|maxTime=180|crossShardPct=60|requestOfflinePct=0|receiptDropPct=0|ownerCap=3000|mobileThreshold=35,3,9,626,51,COMPLETE,28,28,28,18,28,10,4,0,28,28,28,0,140,0,0,1,462,745,28,1235,28,4741,1782,3,2609,1000
OFAT,CROSS_SHARD_PCT,DEFAULT,baseSeed=626|nTx=28|nValidators=10|nShards=4|committee=3|quorum=2|loadThreshold=75|maxTime=180|crossShardPct=60|requestOfflinePct=0|receiptDropPct=0|ownerCap=3000|mobileThreshold=35,3,10,626,63,COMPLETE,28,28,28,18,28,10,4,0,28,28,28,0,140,0,0,0,461,744,28,1234,28,4170,1594,3,2060,300
OFAT,CROSS_SHARD_PCT,DEFAULT,baseSeed=626|nTx=28|nValidators=10|nShards=4|committee=3|quorum=2|loadThreshold=75|maxTime=180|crossShardPct=60|requestOfflinePct=0|receiptDropPct=0|ownerCap=3000|mobileThreshold=35,3,11,626,51,COMPLETE,28,28,28,17,28,10,4,0,28,28,28,0,140,0,0,1,462,735,28,1219,28,5043,1840,3,2417,900
OFAT,CROSS_SHARD_PCT,DEFAULT,baseSeed=626|nTx=28|nValidators=10|nShards=4|committee=3|quorum=2|loadThreshold=75|maxTime=180|crossShardPct=60|requestOfflinePct=0|receiptDropPct=0|ownerCap=3000|mobileThreshold=35,3,12,626,63,COMPLETE,28,28,28,19,28,10,4,0,28,28,28,0,140,0,0,0,461,757,28,1253,28,3780,1487,3,2115,300
OFAT,CROSS_SHARD_PCT,DEFAULT,baseSeed=626|nTx=28|nValidators=10|nShards=4|committee=3|quorum=2|loadThreshold=75|maxTime=180|crossShardPct=60|requestOfflinePct=0|receiptDropPct=0|ownerCap=3000|mobileThreshold=35,3,13,626,63,COMPLETE,28,28,28,18,28,10,4,0,28,28,28,0,140,0,0,1,462,745,28,1235,28,5461,2114,2,3461,700
OFAT,CROSS_SHARD_PCT,DEFAULT,baseSeed=626|nTx=28|nValidators=10|nShards=4|committee=3|quorum=2|loadThreshold=75|maxTime=180|crossShardPct=60|requestOfflinePct=0|receiptDropPct=0|ownerCap=3000|mobileThreshold=35,3,14,626,63,COMPLETE,28,28,28,18,28,10,4,0,28,28,28,0,140,0,0,0,461,744,28,1234,28,4582,1739,3,2362,300
OFAT,CROSS_SHARD_PCT,DEFAULT,baseSeed=626|nTx=28|nValidators=10|nShards=4|committee=3|quorum=2|loadThreshold=75|maxTime=180|crossShardPct=60|requestOfflinePct=0|receiptDropPct=0|ownerCap=3000|mobileThreshold=35,3,15,626,51,COMPLETE,28,28,28,17,28,10,4,0,28,28,28,0,140,0,0,1,462,733,28,1217,28,4824,1892,2,3214,800
OFAT,CROSS_SHARD_PCT,DEFAULT,baseSeed=626|nTx=28|nValidators=10|nShards=4|committee=3|quorum=2|loadThreshold=75|maxTime=180|crossShardPct=60|requestOfflinePct=0|receiptDropPct=0|ownerCap=3000|mobileThreshold=35,3,16,626,63,COMPLETE,28,28,28,18,28,10,4,0,28,28,28,0,140,0,0,1,462,746,28,1236,28,4906,1788,3,2362,1100
OFAT,CROSS_SHARD_PCT,DEFAULT,baseSeed=626|nTx=28|nValidators=10|nShards=4|committee=3|quorum=2|loadThreshold=75|maxTime=180|crossShardPct=60|requestOfflinePct=0|receiptDropPct=0|ownerCap=3000|mobileThreshold=35,3,17,626,51,COMPLETE,28,28,28,17,28,10,4,0,28,28,28,0,140,0,0,1,462,734,28,1218,28,4967,1802,3,2417,900
OFAT,CROSS_SHARD_PCT,DEFAULT,baseSeed=626|nTx=28|nValidators=10|nShards=4|committee=3|quorum=2|loadThreshold=75|maxTime=180|crossShardPct=60|requestOfflinePct=0|receiptDropPct=0|ownerCap=3000|mobileThreshold=35,3,18,626,51,COMPLETE,28,28,28,17,28,10,4,0,28,28,28,0,140,0,0,1,462,733,28,1217,28,5769,2316,2,3708,500
OFAT,CROSS_SHARD_PCT,DEFAULT,baseSeed=626|nTx=28|nValidators=10|nShards=4|committee=3|quorum=2|loadThreshold=75|maxTime=180|crossShardPct=60|requestOfflinePct=0|receiptDropPct=0|ownerCap=3000|mobileThreshold=35,3,19,626,51,COMPLETE,28,28,28,17,28,10,4,0,28,28,28,0,140,0,0,1,462,734,28,1218,28,4703,1772,3,2417,900
OFAT,CROSS_SHARD_PCT,DEFAULT,baseSeed=626|nTx=28|nValidators=10|nShards=4|committee=3|quorum=2|loadThreshold=75|maxTime=180|crossShardPct=60|requestOfflinePct=0|receiptDropPct=0|ownerCap=3000|mobileThreshold=35,3,20,626,64,COMPLETE,28,28,28,18,28,10,4,0,28,28,28,0,140,0,0,0,461,745,28,1235,28,5791,2434,2,4093,300
OFAT,CROSS_SHARD_PCT,DEFAULT,baseSeed=626|nTx=28|nValidators=10|nShards=4|committee=3|quorum=2|loadThreshold=75|maxTime=180|crossShardPct=60|requestOfflinePct=0|receiptDropPct=0|ownerCap=3000|mobileThreshold=35,3,21,626,51,COMPLETE,28,28,28,18,28,10,4,0,28,28,28,0,140,0,0,1,462,749,28,1239,28,4593,1700,3,2609,1000
OFAT,CROSS_SHARD_PCT,DEFAULT,baseSeed=626|nTx=28|nValidators=10|nShards=4|committee=3|quorum=2|loadThreshold=75|maxTime=180|crossShardPct=60|requestOfflinePct=0|receiptDropPct=0|ownerCap=3000|mobileThreshold=35,3,22,626,51,COMPLETE,28,28,28,17,28,10,4,0,28,28,28,0,140,0,0,1,462,734,28,1218,28,4769,1759,3,2307,900
OFAT,CROSS_SHARD_PCT,DEFAULT,baseSeed=626|nTx=28|nValidators=10|nShards=4|committee=3|quorum=2|loadThreshold=75|maxTime=180|crossShardPct=60|requestOfflinePct=0|receiptDropPct=0|ownerCap=3000|mobileThreshold=35,3,23,626,63,COMPLETE,28,28,28,19,28,10,4,0,28,28,28,0,140,0,0,1,462,757,28,1253,28,5060,1853,2,2554,1000
OFAT,CROSS_SHARD_PCT,DEFAULT,baseSeed=626|nTx=28|nValidators=10|nShards=4|committee=3|quorum=2|loadThreshold=75|maxTime=180|crossShardPct=60|requestOfflinePct=0|receiptDropPct=0|ownerCap=3000|mobileThreshold=35,3,24,626,63,COMPLETE,28,28,28,18,28,10,4,0,28,28,28,0,140,0,0,0,461,744,28,1234,28,4565,1649,3,2362,300
OFAT,CROSS_SHARD_PCT,DEFAULT,baseSeed=626|nTx=28|nValidators=10|nShards=4|committee=3|quorum=2|loadThreshold=75|maxTime=180|crossShardPct=60|requestOfflinePct=0|receiptDropPct=0|ownerCap=3000|mobileThreshold=35,3,25,626,63,COMPLETE,28,28,28,18,28,10,4,0,28,28,28,0,140,0,0,1,462,745,28,1235,28,3675,1471,3,2115,500
OFAT,CROSS_SHARD_PCT,DEFAULT,baseSeed=626|nTx=28|nValidators=10|nShards=4|committee=3|quorum=2|loadThreshold=75|maxTime=180|crossShardPct=60|requestOfflinePct=0|receiptDropPct=0|ownerCap=3000|mobileThreshold=35,3,26,626,51,COMPLETE,28,28,28,17,28,10,4,0,28,28,28,0,140,0,0,1,462,733,28,1217,28,4510,1662,3,2115,800
OFAT,CROSS_SHARD_PCT,DEFAULT,baseSeed=626|nTx=28|nValidators=10|nShards=4|committee=3|quorum=2|loadThreshold=75|maxTime=180|crossShardPct=60|requestOfflinePct=0|receiptDropPct=0|ownerCap=3000|mobileThreshold=35,3,27,626,51,COMPLETE,28,28,28,17,28,10,4,0,28,28,28,0,140,0,0,1,462,734,28,1218,28,4648,1953,2,3461,900
OFAT,CROSS_SHARD_PCT,DEFAULT,baseSeed=626|nTx=28|nValidators=10|nShards=4|committee=3|quorum=2|loadThreshold=75|maxTime=180|crossShardPct=60|requestOfflinePct=0|receiptDropPct=0|ownerCap=3000|mobileThreshold=35,3,28,626,64,COMPLETE,28,28,28,18,28,10,4,0,28,28,28,0,140,0,0,0,461,747,28,1237,28,5758,2409,2,4038,300
OFAT,CROSS_SHARD_PCT,DEFAULT,baseSeed=626|nTx=28|nValidators=10|nShards=4|committee=3|quorum=2|loadThreshold=75|maxTime=180|crossShardPct=60|requestOfflinePct=0|receiptDropPct=0|ownerCap=3000|mobileThreshold=35,3,29,626,51,COMPLETE,28,28,28,17,28,10,4,0,28,28,28,0,140,0,0,1,462,733,28,1217,28,4813,2157,2,3956,900
OFAT,CROSS_SHARD_PCT,DEFAULT,baseSeed=626|nTx=28|nValidators=10|nShards=4|committee=3|quorum=2|loadThreshold=75|maxTime=180|crossShardPct=60|requestOfflinePct=0|receiptDropPct=0|ownerCap=3000|mobileThreshold=35,3,30,626,63,COMPLETE,28,28,28,18,28,10,4,0,28,28,28,0,140,0,0,0,461,746,28,1236,28,4225,1602,3,2060,300
OFAT,CROSS_SHARD_PCT,DEFAULT,baseSeed=626|nTx=28|nValidators=10|nShards=4|committee=3|quorum=2|loadThreshold=75|maxTime=180|crossShardPct=60|requestOfflinePct=0|receiptDropPct=0|ownerCap=3000|mobileThreshold=35,3,31,626,64,COMPLETE,28,28,28,18,28,10,4,0,28,28,28,0,140,0,0,1,462,746,28,1236,28,5554,2200,2,3708,500
OFAT,CROSS_SHARD_PCT,DEFAULT,baseSeed=626|nTx=28|nValidators=10|nShards=4|committee=3|quorum=2|loadThreshold=75|maxTime=180|crossShardPct=60|requestOfflinePct=0|receiptDropPct=0|ownerCap=3000|mobileThreshold=35,3,32,626,63,COMPLETE,28,28,28,18,28,10,4,0,28,28,28,0,140,0,0,0,461,744,28,1234,28,4456,1632,3,2500,300
OFAT,CROSS_SHARD_PCT,DEFAULT,baseSeed=626|nTx=28|nValidators=10|nShards=4|committee=3|quorum=2|loadThreshold=75|maxTime=180|crossShardPct=60|requestOfflinePct=0|receiptDropPct=0|ownerCap=3000|mobileThreshold=35,3,33,626,63,COMPLETE,28,28,28,18,28,10,4,0,28,28,28,0,140,0,0,0,461,746,28,1236,28,5384,2035,2,3214,300
OFAT,CROSS_SHARD_PCT,DEFAULT,baseSeed=626|nTx=28|nValidators=10|nShards=4|committee=3|quorum=2|loadThreshold=75|maxTime=180|crossShardPct=60|requestOfflinePct=0|receiptDropPct=0|ownerCap=3000|mobileThreshold=35,3,34,626,51,COMPLETE,28,28,28,17,28,10,4,0,28,28,28,0,140,0,0,1,462,734,28,1218,28,5071,2074,2,3708,500
OFAT,CROSS_SHARD_PCT,DEFAULT,baseSeed=626|nTx=28|nValidators=10|nShards=4|committee=3|quorum=2|loadThreshold=75|maxTime=180|crossShardPct=60|requestOfflinePct=0|receiptDropPct=0|ownerCap=3000|mobileThreshold=35,3,35,626,63,COMPLETE,28,28,28,18,28,10,4,0,28,28,28,0,140,0,0,1,462,745,28,1235,28,5763,2484,2,4230,600
OFAT,CROSS_SHARD_PCT,DEFAULT,baseSeed=626|nTx=28|nValidators=10|nShards=4|committee=3|quorum=2|loadThreshold=75|maxTime=180|crossShardPct=60|requestOfflinePct=0|receiptDropPct=0|ownerCap=3000|mobileThreshold=35,3,36,626,64,COMPLETE,28,28,28,19,28,10,4,0,28,28,28,0,140,0,0,0,461,758,28,1254,28,5423,2103,2,3461,300
OFAT,CROSS_SHARD_PCT,DEFAULT,baseSeed=626|nTx=28|nValidators=10|nShards=4|committee=3|quorum=2|loadThreshold=75|maxTime=180|crossShardPct=60|requestOfflinePct=0|receiptDropPct=0|ownerCap=3000|mobileThreshold=35,3,37,626,64,COMPLETE,28,28,28,18,28,10,4,0,28,28,28,0,140,0,0,1,462,748,28,1238,28,5313,2026,2,3214,1100
OFAT,CROSS_SHARD_PCT,DEFAULT,baseSeed=626|nTx=28|nValidators=10|nShards=4|committee=3|quorum=2|loadThreshold=75|maxTime=180|crossShardPct=60|requestOfflinePct=0|receiptDropPct=0|ownerCap=3000|mobileThreshold=35,3,38,626,64,COMPLETE,28,28,28,18,28,10,4,0,28,28,28,0,140,0,0,0,461,746,28,1236,28,4846,1767,3,2362,300
OFAT,CROSS_SHARD_PCT,DEFAULT,baseSeed=626|nTx=28|nValidators=10|nShards=4|committee=3|quorum=2|loadThreshold=75|maxTime=180|crossShardPct=60|requestOfflinePct=0|receiptDropPct=0|ownerCap=3000|mobileThreshold=35,3,39,626,63,COMPLETE,28,28,28,19,28,10,4,0,28,28,28,0,140,0,0,1,462,757,28,1253,28,4384,1710,3,2500,500
OFAT,CROSS_SHARD_PCT,DEFAULT,baseSeed=626|nTx=28|nValidators=10|nShards=4|committee=3|quorum=2|loadThreshold=75|maxTime=180|crossShardPct=60|requestOfflinePct=0|receiptDropPct=0|ownerCap=3000|mobileThreshold=35,3,40,626,51,COMPLETE,28,28,28,17,28,10,4,0,28,28,28,0,140,0,0,1,462,734,28,1218,28,5082,1864,3,2747,800
OFAT,CROSS_SHARD_PCT,DEFAULT,baseSeed=626|nTx=28|nValidators=10|nShards=4|committee=3|quorum=2|loadThreshold=75|maxTime=180|crossShardPct=60|requestOfflinePct=0|receiptDropPct=0|ownerCap=3000|mobileThreshold=35,3,41,626,63,COMPLETE,28,28,28,18,28,10,4,0,28,28,28,0,140,0,0,0,461,744,28,1234,28,4846,1769,3,2747,300
OFAT,CROSS_SHARD_PCT,DEFAULT,baseSeed=626|nTx=28|nValidators=10|nShards=4|committee=3|quorum=2|loadThreshold=75|maxTime=180|crossShardPct=60|requestOfflinePct=0|receiptDropPct=0|ownerCap=3000|mobileThreshold=35,3,42,626,63,COMPLETE,28,28,28,18,28,10,4,0,28,28,28,0,140,0,0,0,461,744,28,1234,28,4214,1597,3,2115,300
OFAT,CROSS_SHARD_PCT,DEFAULT,baseSeed=626|nTx=28|nValidators=10|nShards=4|committee=3|quorum=2|loadThreshold=75|maxTime=180|crossShardPct=60|requestOfflinePct=0|receiptDropPct=0|ownerCap=3000|mobileThreshold=35,3,43,626,51,COMPLETE,28,28,28,17,28,10,4,0,28,28,28,0,140,0,0,1,462,733,28,1217,28,4516,1720,3,2362,800
OFAT,CROSS_SHARD_PCT,DEFAULT,baseSeed=626|nTx=28|nValidators=10|nShards=4|committee=3|quorum=2|loadThreshold=75|maxTime=180|crossShardPct=60|requestOfflinePct=0|receiptDropPct=0|ownerCap=3000|mobileThreshold=35,3,44,626,51,COMPLETE,28,28,28,18,28,10,4,0,28,28,28,0,140,0,0,1,462,746,28,1236,28,5747,2287,2,3461,800
OFAT,CROSS_SHARD_PCT,DEFAULT,baseSeed=626|nTx=28|nValidators=10|nShards=4|committee=3|quorum=2|loadThreshold=75|maxTime=180|crossShardPct=60|requestOfflinePct=0|receiptDropPct=0|ownerCap=3000|mobileThreshold=35,3,45,626,64,COMPLETE,28,28,28,18,28,10,4,0,28,28,28,0,140,0,0,0,461,745,28,1235,28,4664,1730,3,2307,300
OFAT,CROSS_SHARD_PCT,DEFAULT,baseSeed=626|nTx=28|nValidators=10|nShards=4|committee=3|quorum=2|loadThreshold=75|maxTime=180|crossShardPct=60|requestOfflinePct=0|receiptDropPct=0|ownerCap=3000|mobileThreshold=35,3,46,626,63,COMPLETE,28,28,28,19,28,10,4,0,28,28,28,0,140,0,0,1,462,758,28,1254,28,5950,2429,2,3956,900
OFAT,CROSS_SHARD_PCT,DEFAULT,baseSeed=626|nTx=28|nValidators=10|nShards=4|committee=3|quorum=2|loadThreshold=75|maxTime=180|crossShardPct=60|requestOfflinePct=0|receiptDropPct=0|ownerCap=3000|mobileThreshold=35,3,47,626,64,COMPLETE,28,28,28,19,28,10,4,0,28,28,28,0,140,0,0,0,461,759,28,1255,28,4961,1783,3,2362,300
OFAT,CROSS_SHARD_PCT,DEFAULT,baseSeed=626|nTx=28|nValidators=10|nShards=4|committee=3|quorum=2|loadThreshold=75|maxTime=180|crossShardPct=60|requestOfflinePct=0|receiptDropPct=0|ownerCap=3000|mobileThreshold=35,3,48,626,51,COMPLETE,28,28,28,17,28,10,4,0,28,28,28,0,140,0,0,1,462,734,28,1218,28,5648,2212,2,3461,900
OFAT,CROSS_SHARD_PCT,DEFAULT,baseSeed=626|nTx=28|nValidators=10|nShards=4|committee=3|quorum=2|loadThreshold=75|maxTime=180|crossShardPct=60|requestOfflinePct=0|receiptDropPct=0|ownerCap=3000|mobileThreshold=35,3,49,626,64,COMPLETE,28,28,28,18,28,10,4,0,28,28,28,0,140,0,0,0,461,745,28,1235,28,5016,1801,3,2362,300
OFAT,CROSS_SHARD_PCT,DEFAULT,baseSeed=626|nTx=28|nValidators=10|nShards=4|committee=3|quorum=2|loadThreshold=75|maxTime=180|crossShardPct=60|requestOfflinePct=0|receiptDropPct=0|ownerCap=3000|mobileThreshold=35,3,50,626,64,COMPLETE,28,28,28,18,28,10,4,0,28,28,28,0,140,0,0,0,461,745,28,1235,28,4686,1733,3,2225,200
OFAT,CROSS_SHARD_PCT,DEFAULT,baseSeed=626|nTx=28|nValidators=10|nShards=4|committee=3|quorum=2|loadThreshold=75|maxTime=180|crossShardPct=60|requestOfflinePct=0|receiptDropPct=0|ownerCap=3000|mobileThreshold=35,3,51,626,51,COMPLETE,28,28,28,18,28,10,4,0,28,28,28,0,140,0,0,1,462,748,28,1238,28,6417,2579,2,3956,900
OFAT,CROSS_SHARD_PCT,DEFAULT,baseSeed=626|nTx=28|nValidators=10|nShards=4|committee=3|quorum=2|loadThreshold=75|maxTime=180|crossShardPct=60|requestOfflinePct=0|receiptDropPct=0|ownerCap=3000|mobileThreshold=35,3,52,626,51,COMPLETE,28,28,28,17,28,10,4,0,28,28,28,0,140,0,0,2,463,735,28,1219,28,4879,1770,3,2417,1200
OFAT,CROSS_SHARD_PCT,DEFAULT,baseSeed=626|nTx=28|nValidators=10|nShards=4|committee=3|quorum=2|loadThreshold=75|maxTime=180|crossShardPct=60|requestOfflinePct=0|receiptDropPct=0|ownerCap=3000|mobileThreshold=35,3,53,626,63,COMPLETE,28,28,28,18,28,10,4,0,28,28,28,0,140,0,0,1,462,746,28,1236,28,5747,2287,2,3461,700
OFAT,CROSS_SHARD_PCT,DEFAULT,baseSeed=626|nTx=28|nValidators=10|nShards=4|committee=3|quorum=2|loadThreshold=75|maxTime=180|crossShardPct=60|requestOfflinePct=0|receiptDropPct=0|ownerCap=3000|mobileThreshold=35,3,54,626,63,COMPLETE,28,28,28,19,28,10,4,0,28,28,28,0,140,0,0,1,462,757,28,1253,28,4917,1791,3,2554,1000
OFAT,CROSS_SHARD_PCT,DEFAULT,baseSeed=626|nTx=28|nValidators=10|nShards=4|committee=3|quorum=2|loadThreshold=75|maxTime=180|crossShardPct=60|requestOfflinePct=0|receiptDropPct=0|ownerCap=3000|mobileThreshold=35,3,55,626,51,COMPLETE,28,28,28,17,28,10,4,0,28,28,28,0,140,0,0,1,462,733,28,1217,28,5351,2085,2,2967,900
OFAT,CROSS_SHARD_PCT,DEFAULT,baseSeed=626|nTx=28|nValidators=10|nShards=4|committee=3|quorum=2|loadThreshold=75|maxTime=180|crossShardPct=60|requestOfflinePct=0|receiptDropPct=0|ownerCap=3000|mobileThreshold=35,3,56,626,63,COMPLETE,28,28,28,19,28,10,4,0,28,28,28,0,140,0,0,1,462,757,28,1253,28,5274,1915,3,2609,900
OFAT,CROSS_SHARD_PCT,DEFAULT,baseSeed=626|nTx=28|nValidators=10|nShards=4|committee=3|quorum=2|loadThreshold=75|maxTime=180|crossShardPct=60|requestOfflinePct=0|receiptDropPct=0|ownerCap=3000|mobileThreshold=35,3,57,626,63,COMPLETE,28,28,28,18,28,10,4,0,28,28,28,0,140,0,0,0,461,744,28,1234,28,5747,2287,2,3461,300
OFAT,CROSS_SHARD_PCT,DEFAULT,baseSeed=626|nTx=28|nValidators=10|nShards=4|committee=3|quorum=2|loadThreshold=75|maxTime=180|crossShardPct=60|requestOfflinePct=0|receiptDropPct=0|ownerCap=3000|mobileThreshold=35,3,58,626,51,COMPLETE,28,28,28,17,28,10,4,0,28,28,28,0,140,0,0,1,462,732,28,1216,28,4796,1763,3,2115,800
OFAT,CROSS_SHARD_PCT,DEFAULT,baseSeed=626|nTx=28|nValidators=10|nShards=4|committee=3|quorum=2|loadThreshold=75|maxTime=180|crossShardPct=60|requestOfflinePct=0|receiptDropPct=0|ownerCap=3000|mobileThreshold=35,3,59,626,63,COMPLETE,28,28,28,18,28,10,4,0,28,28,28,0,140,0,0,1,462,744,28,1234,28,5098,1852,3,2939,1000
OFAT,CROSS_SHARD_PCT,DEFAULT,baseSeed=626|nTx=28|nValidators=10|nShards=4|committee=3|quorum=2|loadThreshold=75|maxTime=180|crossShardPct=60|requestOfflinePct=0|receiptDropPct=0|ownerCap=3000|mobileThreshold=35,3,60,626,63,COMPLETE,28,28,28,18,28,10,4,0,28,28,28,0,140,0,0,1,462,744,28,1234,28,4961,1783,3,2362,800
OFAT,CROSS_SHARD_PCT,DEFAULT,baseSeed=626|nTx=28|nValidators=10|nShards=4|committee=3|quorum=2|loadThreshold=75|maxTime=180|crossShardPct=60|requestOfflinePct=0|receiptDropPct=0|ownerCap=3000|mobileThreshold=35,3,61,626,51,COMPLETE,28,28,28,17,28,10,4,0,28,28,28,0,140,0,0,1,462,733,28,1217,28,5664,2361,2,4093,1000
OFAT,CROSS_SHARD_PCT,DEFAULT,baseSeed=626|nTx=28|nValidators=10|nShards=4|committee=3|quorum=2|loadThreshold=75|maxTime=180|crossShardPct=60|requestOfflinePct=0|receiptDropPct=0|ownerCap=3000|mobileThreshold=35,3,62,626,63,COMPLETE,28,28,28,18,28,10,4,0,28,28,28,0,140,0,0,0,461,744,28,1234,28,6274,2448,2,3461,300
OFAT,CROSS_SHARD_PCT,DEFAULT,baseSeed=626|nTx=28|nValidators=10|nShards=4|committee=3|quorum=2|loadThreshold=75|maxTime=180|crossShardPct=60|requestOfflinePct=0|receiptDropPct=0|ownerCap=3000|mobileThreshold=35,3,63,626,64,COMPLETE,28,28,28,18,28,10,4,0,28,28,28,0,140,0,0,1,462,746,28,1236,28,5137,1895,3,2307,500
OFAT,CROSS_SHARD_PCT,DEFAULT,baseSeed=626|nTx=28|nValidators=10|nShards=4|committee=3|quorum=2|loadThreshold=75|maxTime=180|crossShardPct=60|requestOfflinePct=0|receiptDropPct=0|ownerCap=3000|mobileThreshold=35,3,64,626,51,COMPLETE,28,28,28,17,28,10,4,0,28,28,28,0,140,0,0,1,462,735,28,1219,28,5851,2360,2,3708,500
OFAT,CROSS_SHARD_PCT,DEFAULT,baseSeed=626|nTx=28|nValidators=10|nShards=4|committee=3|quorum=2|loadThreshold=75|maxTime=180|crossShardPct=60|requestOfflinePct=0|receiptDropPct=0|ownerCap=3000|mobileThreshold=35,3,65,626,64,COMPLETE,28,28,28,18,28,10,4,0,28,28,28,0,140,0,0,1,462,745,28,1235,28,4851,1759,3,2609,1000
OFAT,CROSS_SHARD_PCT,DEFAULT,baseSeed=626|nTx=28|nValidators=10|nShards=4|committee=3|quorum=2|loadThreshold=75|maxTime=180|crossShardPct=60|requestOfflinePct=0|receiptDropPct=0|ownerCap=3000|mobileThreshold=35,3,66,626,51,COMPLETE,28,28,28,17,28,10,4,0,28,28,28,0,140,0,0,1,462,733,28,1217,28,5197,2084,2,3461,900
OFAT,CROSS_SHARD_PCT,DEFAULT,baseSeed=626|nTx=28|nValidators=10|nShards=4|committee=3|quorum=2|loadThreshold=75|maxTime=180|crossShardPct=60|requestOfflinePct=0|receiptDropPct=0|ownerCap=3000|mobileThreshold=35,3,67,626,51,COMPLETE,28,28,28,18,28,10,4,0,28,28,28,0,140,0,0,1,462,747,28,1237,28,5945,2288,2,3461,900
OFAT,CROSS_SHARD_PCT,DEFAULT,baseSeed=626|nTx=28|nValidators=10|nShards=4|committee=3|quorum=2|loadThreshold=75|maxTime=180|crossShardPct=60|requestOfflinePct=0|receiptDropPct=0|ownerCap=3000|mobileThreshold=35,3,68,626,64,COMPLETE,28,28,28,19,28,10,4,0,28,28,28,0,140,0,0,1,462,758,28,1254,28,5148,1901,2,2967,900
OFAT,CROSS_SHARD_PCT,DEFAULT,baseSeed=626|nTx=28|nValidators=10|nShards=4|committee=3|quorum=2|loadThreshold=75|maxTime=180|crossShardPct=60|requestOfflinePct=0|receiptDropPct=0|ownerCap=3000|mobileThreshold=35,3,69,626,63,COMPLETE,28,28,28,18,28,10,4,0,28,28,28,0,140,0,0,0,461,744,28,1234,28,5906,2312,2,3708,300
OFAT,CROSS_SHARD_PCT,DEFAULT,baseSeed=626|nTx=28|nValidators=10|nShards=4|committee=3|quorum=2|loadThreshold=75|maxTime=180|crossShardPct=60|requestOfflinePct=0|receiptDropPct=0|ownerCap=3000|mobileThreshold=35,3,70,626,51,COMPLETE,28,28,28,17,28,10,4,0,28,28,28,0,140,0,0,1,462,732,28,1216,28,4291,1618,3,2115,800
OFAT,CROSS_SHARD_PCT,DEFAULT,baseSeed=626|nTx=28|nValidators=10|nShards=4|committee=3|quorum=2|loadThreshold=75|maxTime=180|crossShardPct=60|requestOfflinePct=0|receiptDropPct=0|ownerCap=3000|mobileThreshold=35,3,71,626,51,COMPLETE,28,28,28,17,28,10,4,0,28,28,28,0,140,0,0,1,462,733,28,1217,28,4527,1658,3,2307,900
OFAT,CROSS_SHARD_PCT,DEFAULT,baseSeed=626|nTx=28|nValidators=10|nShards=4|committee=3|quorum=2|loadThreshold=75|maxTime=180|crossShardPct=60|requestOfflinePct=0|receiptDropPct=0|ownerCap=3000|mobileThreshold=35,3,72,626,51,COMPLETE,28,28,28,18,28,10,4,0,28,28,28,0,140,0,0,1,462,747,28,1237,28,4989,1811,3,2417,900
OFAT,CROSS_SHARD_PCT,DEFAULT,baseSeed=626|nTx=28|nValidators=10|nShards=4|committee=3|quorum=2|loadThreshold=75|maxTime=180|crossShardPct=60|requestOfflinePct=0|receiptDropPct=0|ownerCap=3000|mobileThreshold=35,3,73,626,51,COMPLETE,28,28,28,17,28,10,4,0,28,28,28,0,140,0,0,1,462,734,28,1218,28,5307,2085,2,3406,900
OFAT,CROSS_SHARD_PCT,DEFAULT,baseSeed=626|nTx=28|nValidators=10|nShards=4|committee=3|quorum=2|loadThreshold=75|maxTime=180|crossShardPct=60|requestOfflinePct=0|receiptDropPct=0|ownerCap=3000|mobileThreshold=35,3,74,626,51,COMPLETE,28,28,28,18,28,10,4,0,28,28,28,0,140,0,0,1,462,747,28,1237,28,4505,1671,3,2417,900
OFAT,CROSS_SHARD_PCT,DEFAULT,baseSeed=626|nTx=28|nValidators=10|nShards=4|committee=3|quorum=2|loadThreshold=75|maxTime=180|crossShardPct=60|requestOfflinePct=0|receiptDropPct=0|ownerCap=3000|mobileThreshold=35,3,75,626,64,COMPLETE,28,28,28,20,28,10,4,0,28,28,28,0,140,0,0,0,461,770,28,1272,28,5208,2115,2,3598,300
OFAT,CROSS_SHARD_PCT,DEFAULT,baseSeed=626|nTx=28|nValidators=10|nShards=4|committee=3|quorum=2|loadThreshold=75|maxTime=180|crossShardPct=60|requestOfflinePct=0|receiptDropPct=0|ownerCap=3000|mobileThreshold=35,3,76,626,64,COMPLETE,28,28,28,18,28,10,4,0,28,28,28,0,140,0,0,0,461,746,28,1236,28,5758,2312,2,3708,300
OFAT,CROSS_SHARD_PCT,DEFAULT,baseSeed=626|nTx=28|nValidators=10|nShards=4|committee=3|quorum=2|loadThreshold=75|maxTime=180|crossShardPct=60|requestOfflinePct=0|receiptDropPct=0|ownerCap=3000|mobileThreshold=35,3,77,626,51,COMPLETE,28,28,28,17,28,10,4,0,28,28,28,0,140,0,0,1,462,732,28,1216,28,3994,1558,3,2609,1000
OFAT,CROSS_SHARD_PCT,DEFAULT,baseSeed=626|nTx=28|nValidators=10|nShards=4|committee=3|quorum=2|loadThreshold=75|maxTime=180|crossShardPct=60|requestOfflinePct=0|receiptDropPct=0|ownerCap=3000|mobileThreshold=35,3,78,626,64,COMPLETE,28,28,28,18,28,10,4,0,28,28,28,0,140,0,0,1,462,747,28,1237,28,5406,2048,2,3214,500
OFAT,CROSS_SHARD_PCT,DEFAULT,baseSeed=626|nTx=28|nValidators=10|nShards=4|committee=3|quorum=2|loadThreshold=75|maxTime=180|crossShardPct=60|requestOfflinePct=0|receiptDropPct=0|ownerCap=3000|mobileThreshold=35,3,79,626,64,COMPLETE,28,28,28,19,28,10,4,0,28,28,28,0,140,0,0,0,461,759,28,1255,28,4445,1642,3,2362,300
OFAT,CROSS_SHARD_PCT,DEFAULT,baseSeed=626|nTx=28|nValidators=10|nShards=4|committee=3|quorum=2|loadThreshold=75|maxTime=180|crossShardPct=60|requestOfflinePct=0|receiptDropPct=0|ownerCap=3000|mobileThreshold=35,3,80,626,64,COMPLETE,28,28,28,18,28,10,4,0,28,28,28,0,140,0,0,0,461,747,28,1237,28,5450,2113,2,3461,300
OFAT,CROSS_SHARD_PCT,DEFAULT,baseSeed=626|nTx=28|nValidators=10|nShards=4|committee=3|quorum=2|loadThreshold=75|maxTime=180|crossShardPct=60|requestOfflinePct=0|receiptDropPct=0|ownerCap=3000|mobileThreshold=35,3,81,626,64,COMPLETE,28,28,28,18,28,10,4,0,28,28,28,0,140,0,0,0,461,745,28,1235,28,5159,1922,3,2554,200
OFAT,CROSS_SHARD_PCT,DEFAULT,baseSeed=626|nTx=28|nValidators=10|nShards=4|committee=3|quorum=2|loadThreshold=75|maxTime=180|crossShardPct=60|requestOfflinePct=0|receiptDropPct=0|ownerCap=3000|mobileThreshold=35,3,82,626,63,COMPLETE,28,28,28,18,28,10,4,0,28,28,28,0,140,0,0,0,461,744,28,1234,28,5214,2092,2,3708,300
OFAT,CROSS_SHARD_PCT,DEFAULT,baseSeed=626|nTx=28|nValidators=10|nShards=4|committee=3|quorum=2|loadThreshold=75|maxTime=180|crossShardPct=60|requestOfflinePct=0|receiptDropPct=0|ownerCap=3000|mobileThreshold=35,3,83,626,51,COMPLETE,28,28,28,17,28,10,4,0,28,28,28,0,140,0,0,2,463,736,28,1220,28,5620,2262,2,3708,900
OFAT,CROSS_SHARD_PCT,DEFAULT,baseSeed=626|nTx=28|nValidators=10|nShards=4|committee=3|quorum=2|loadThreshold=75|maxTime=180|crossShardPct=60|requestOfflinePct=0|receiptDropPct=0|ownerCap=3000|mobileThreshold=35,3,84,626,51,COMPLETE,28,28,28,18,28,10,4,0,28,28,28,0,140,0,0,1,462,747,28,1237,28,5532,2189,2,3708,1000
OFAT,CROSS_SHARD_PCT,DEFAULT,baseSeed=626|nTx=28|nValidators=10|nShards=4|committee=3|quorum=2|loadThreshold=75|maxTime=180|crossShardPct=60|requestOfflinePct=0|receiptDropPct=0|ownerCap=3000|mobileThreshold=35,3,85,626,64,COMPLETE,28,28,28,18,28,10,4,0,28,28,28,0,140,0,0,0,461,745,28,1235,28,4390,1639,3,2170,300
OFAT,CROSS_SHARD_PCT,DEFAULT,baseSeed=626|nTx=28|nValidators=10|nShards=4|committee=3|quorum=2|loadThreshold=75|maxTime=180|crossShardPct=60|requestOfflinePct=0|receiptDropPct=0|ownerCap=3000|mobileThreshold=35,3,86,626,63,COMPLETE,28,28,28,18,28,10,4,0,28,28,28,0,140,0,0,0,461,744,28,1234,28,3708,1483,3,2307,300
OFAT,CROSS_SHARD_PCT,DEFAULT,baseSeed=626|nTx=28|nValidators=10|nShards=4|committee=3|quorum=2|loadThreshold=75|maxTime=180|crossShardPct=60|requestOfflinePct=0|receiptDropPct=0|ownerCap=3000|mobileThreshold=35,3,87,626,64,COMPLETE,28,28,28,18,28,10,4,0,28,28,28,0,140,0,0,0,461,746,28,1236,28,4604,1706,3,2609,200
OFAT,CROSS_SHARD_PCT,DEFAULT,baseSeed=626|nTx=28|nValidators=10|nShards=4|committee=3|quorum=2|loadThreshold=75|maxTime=180|crossShardPct=60|requestOfflinePct=0|receiptDropPct=0|ownerCap=3000|mobileThreshold=35,3,88,626,51,COMPLETE,28,28,28,17,28,10,4,0,28,28,28,0,140,0,0,1,462,733,28,1217,28,3582,1458,3,1978,900
OFAT,CROSS_SHARD_PCT,DEFAULT,baseSeed=626|nTx=28|nValidators=10|nShards=4|committee=3|quorum=2|loadThreshold=75|maxTime=180|crossShardPct=60|requestOfflinePct=0|receiptDropPct=0|ownerCap=3000|mobileThreshold=35,3,89,626,51,COMPLETE,28,28,28,17,28,10,4,0,28,28,28,0,140,0,0,1,462,732,28,1216,28,4510,1662,3,2115,800
OFAT,CROSS_SHARD_PCT,DEFAULT,baseSeed=626|nTx=28|nValidators=10|nShards=4|committee=3|quorum=2|loadThreshold=75|maxTime=180|crossShardPct=60|requestOfflinePct=0|receiptDropPct=0|ownerCap=3000|mobileThreshold=35,3,90,626,64,COMPLETE,28,28,28,19,28,10,4,0,28,28,28,0,140,0,0,0,461,759,28,1255,28,4664,1733,3,2500,300
OFAT,CROSS_SHARD_PCT,DEFAULT,baseSeed=626|nTx=28|nValidators=10|nShards=4|committee=3|quorum=2|loadThreshold=75|maxTime=180|crossShardPct=60|requestOfflinePct=0|receiptDropPct=0|ownerCap=3000|mobileThreshold=35,3,91,626,51,COMPLETE,28,28,28,17,28,10,4,0,28,28,28,0,140,0,0,1,462,734,28,1218,28,5412,1962,2,2692,800
OFAT,CROSS_SHARD_PCT,DEFAULT,baseSeed=626|nTx=28|nValidators=10|nShards=4|committee=3|quorum=2|loadThreshold=75|maxTime=180|crossShardPct=60|requestOfflinePct=0|receiptDropPct=0|ownerCap=3000|mobileThreshold=35,3,92,626,51,COMPLETE,28,28,28,17,28,10,4,0,28,28,28,0,140,0,0,1,462,734,28,1218,28,5692,2458,2,4285,900
OFAT,CROSS_SHARD_PCT,DEFAULT,baseSeed=626|nTx=28|nValidators=10|nShards=4|committee=3|quorum=2|loadThreshold=75|maxTime=180|crossShardPct=60|requestOfflinePct=0|receiptDropPct=0|ownerCap=3000|mobileThreshold=35,3,93,626,51,COMPLETE,28,28,28,17,28,10,4,0,28,28,28,0,140,0,0,1,462,733,28,1217,28,4703,1727,3,2307,900
OFAT,CROSS_SHARD_PCT,DEFAULT,baseSeed=626|nTx=28|nValidators=10|nShards=4|committee=3|quorum=2|loadThreshold=75|maxTime=180|crossShardPct=60|requestOfflinePct=0|receiptDropPct=0|ownerCap=3000|mobileThreshold=35,3,94,626,64,COMPLETE,28,28,28,18,28,10,4,0,28,28,28,0,140,0,0,0,461,747,28,1237,28,5401,2328,2,4093,200
OFAT,CROSS_SHARD_PCT,DEFAULT,baseSeed=626|nTx=28|nValidators=10|nShards=4|committee=3|quorum=2|loadThreshold=75|maxTime=180|crossShardPct=60|requestOfflinePct=0|receiptDropPct=0|ownerCap=3000|mobileThreshold=35,3,95,626,51,COMPLETE,28,28,28,17,28,10,4,0,28,28,28,0,140,0,0,1,462,733,28,1217,28,4961,1977,2,3214,500
OFAT,CROSS_SHARD_PCT,DEFAULT,baseSeed=626|nTx=28|nValidators=10|nShards=4|committee=3|quorum=2|loadThreshold=75|maxTime=180|crossShardPct=60|requestOfflinePct=0|receiptDropPct=0|ownerCap=3000|mobileThreshold=35,3,96,626,64,COMPLETE,28,28,28,18,28,10,4,0,28,28,28,0,140,0,0,0,461,746,28,1236,28,4824,1765,3,2307,200
OFAT,CROSS_SHARD_PCT,DEFAULT,baseSeed=626|nTx=28|nValidators=10|nShards=4|committee=3|quorum=2|loadThreshold=75|maxTime=180|crossShardPct=60|requestOfflinePct=0|receiptDropPct=0|ownerCap=3000|mobileThreshold=35,3,97,626,64,COMPLETE,28,28,28,18,28,10,4,0,28,28,28,0,140,0,0,1,462,745,28,1235,28,4390,1639,3,2500,700
OFAT,CROSS_SHARD_PCT,DEFAULT,baseSeed=626|nTx=28|nValidators=10|nShards=4|committee=3|quorum=2|loadThreshold=75|maxTime=180|crossShardPct=60|requestOfflinePct=0|receiptDropPct=0|ownerCap=3000|mobileThreshold=35,3,98,626,64,COMPLETE,28,28,28,19,28,10,4,0,28,28,28,0,140,0,0,0,461,757,28,1253,28,5340,2189,2,3708,200
OFAT,CROSS_SHARD_PCT,DEFAULT,baseSeed=626|nTx=28|nValidators=10|nShards=4|committee=3|quorum=2|loadThreshold=75|maxTime=180|crossShardPct=60|requestOfflinePct=0|receiptDropPct=0|ownerCap=3000|mobileThreshold=35,3,99,626,51,COMPLETE,28,28,28,17,28,10,4,0,28,28,28,0,140,0,0,1,462,733,28,1217,28,4505,1671,3,2747,900
OFAT,CROSS_SHARD_PCT,DEFAULT,baseSeed=626|nTx=28|nValidators=10|nShards=4|committee=3|quorum=2|loadThreshold=75|maxTime=180|crossShardPct=60|requestOfflinePct=0|receiptDropPct=0|ownerCap=3000|mobileThreshold=35,3,100,626,51,COMPLETE,28,28,28,17,28,10,4,0,28,28,28,0,140,0,0,1,462,733,28,1217,28,4604,1824,3,2967,900
OFAT,CROSS_SHARD_PCT,HIGH,baseSeed=626|nTx=28|nValidators=10|nShards=4|committee=3|quorum=2|loadThreshold=75|maxTime=180|crossShardPct=80|requestOfflinePct=0|receiptDropPct=0|ownerCap=3000|mobileThreshold=35,3,1,626,64,COMPLETE,28,28,28,24,28,10,4,0,28,28,28,0,140,0,0,0,461,823,28,1349,28,5802,2320,2,3708,300
OFAT,CROSS_SHARD_PCT,HIGH,baseSeed=626|nTx=28|nValidators=10|nShards=4|committee=3|quorum=2|loadThreshold=75|maxTime=180|crossShardPct=80|requestOfflinePct=0|receiptDropPct=0|ownerCap=3000|mobileThreshold=35,3,2,626,64,COMPLETE,28,28,28,24,28,10,4,0,28,28,28,0,140,0,0,0,461,823,28,1349,28,4961,1783,3,2362,300
OFAT,CROSS_SHARD_PCT,HIGH,baseSeed=626|nTx=28|nValidators=10|nShards=4|committee=3|quorum=2|loadThreshold=75|maxTime=180|crossShardPct=80|requestOfflinePct=0|receiptDropPct=0|ownerCap=3000|mobileThreshold=35,3,3,626,64,COMPLETE,28,28,28,23,28,10,4,0,28,28,28,0,140,0,0,0,461,810,28,1330,28,5994,2385,2,3846,300
OFAT,CROSS_SHARD_PCT,HIGH,baseSeed=626|nTx=28|nValidators=10|nShards=4|committee=3|quorum=2|loadThreshold=75|maxTime=180|crossShardPct=80|requestOfflinePct=0|receiptDropPct=0|ownerCap=3000|mobileThreshold=35,3,4,626,64,COMPLETE,28,28,28,23,28,10,4,0,28,28,28,0,140,0,0,0,461,811,28,1331,28,4989,1800,3,2362,300
OFAT,CROSS_SHARD_PCT,HIGH,baseSeed=626|nTx=28|nValidators=10|nShards=4|committee=3|quorum=2|loadThreshold=75|maxTime=180|crossShardPct=80|requestOfflinePct=0|receiptDropPct=0|ownerCap=3000|mobileThreshold=35,3,5,626,64,COMPLETE,28,28,28,23,28,10,4,0,28,28,28,0,140,0,0,0,461,811,28,1331,28,4840,1776,3,2692,400
OFAT,CROSS_SHARD_PCT,HIGH,baseSeed=626|nTx=28|nValidators=10|nShards=4|committee=3|quorum=2|loadThreshold=75|maxTime=180|crossShardPct=80|requestOfflinePct=0|receiptDropPct=0|ownerCap=3000|mobileThreshold=35,3,6,626,64,COMPLETE,28,28,28,23,28,10,4,0,28,28,28,0,140,0,0,0,461,810,28,1330,28,6120,2373,2,3461,400
OFAT,CROSS_SHARD_PCT,HIGH,baseSeed=626|nTx=28|nValidators=10|nShards=4|committee=3|quorum=2|loadThreshold=75|maxTime=180|crossShardPct=80|requestOfflinePct=0|receiptDropPct=0|ownerCap=3000|mobileThreshold=35,3,7,626,64,COMPLETE,28,28,28,23,28,10,4,0,28,28,28,0,140,0,0,0,461,810,28,1330,28,4258,1602,3,2115,300
OFAT,CROSS_SHARD_PCT,HIGH,baseSeed=626|nTx=28|nValidators=10|nShards=4|committee=3|quorum=2|loadThreshold=75|maxTime=180|crossShardPct=80|requestOfflinePct=0|receiptDropPct=0|ownerCap=3000|mobileThreshold=35,3,8,626,64,COMPLETE,28,28,28,22,28,10,4,0,28,28,28,0,140,0,0,1,462,798,28,1312,28,4587,1741,3,2362,500
OFAT,CROSS_SHARD_PCT,HIGH,baseSeed=626|nTx=28|nValidators=10|nShards=4|committee=3|quorum=2|loadThreshold=75|maxTime=180|crossShardPct=80|requestOfflinePct=0|receiptDropPct=0|ownerCap=3000|mobileThreshold=35,3,9,626,65,COMPLETE,28,28,28,23,28,10,4,0,28,28,28,0,140,0,0,1,462,811,28,1331,28,4543,1723,3,2362,400
OFAT,CROSS_SHARD_PCT,HIGH,baseSeed=626|nTx=28|nValidators=10|nShards=4|committee=3|quorum=2|loadThreshold=75|maxTime=180|crossShardPct=80|requestOfflinePct=0|receiptDropPct=0|ownerCap=3000|mobileThreshold=35,3,10,626,64,COMPLETE,28,28,28,24,28,10,4,0,28,28,28,0,140,0,0,0,461,823,28,1349,28,4170,1594,3,2060,300
OFAT,CROSS_SHARD_PCT,HIGH,baseSeed=626|nTx=28|nValidators=10|nShards=4|committee=3|quorum=2|loadThreshold=75|maxTime=180|crossShardPct=80|requestOfflinePct=0|receiptDropPct=0|ownerCap=3000|mobileThreshold=35,3,11,626,65,COMPLETE,28,28,28,23,28,10,4,0,28,28,28,0,140,0,0,1,462,811,28,1331,28,4846,1771,3,2500,500
OFAT,CROSS_SHARD_PCT,HIGH,baseSeed=626|nTx=28|nValidators=10|nShards=4|committee=3|quorum=2|loadThreshold=75|maxTime=180|crossShardPct=80|requestOfflinePct=0|receiptDropPct=0|ownerCap=3000|mobileThreshold=35,3,12,626,64,COMPLETE,28,28,28,21,28,10,4,0,28,28,28,0,140,0,0,0,461,785,28,1293,28,3780,1497,3,1978,400
OFAT,CROSS_SHARD_PCT,HIGH,baseSeed=626|nTx=28|nValidators=10|nShards=4|committee=3|quorum=2|loadThreshold=75|maxTime=180|crossShardPct=80|requestOfflinePct=0|receiptDropPct=0|ownerCap=3000|mobileThreshold=35,3,13,626,64,COMPLETE,28,28,28,23,28,10,4,0,28,28,28,0,140,0,0,0,461,810,28,1330,28,5401,2048,2,3214,400
OFAT,CROSS_SHARD_PCT,HIGH,baseSeed=626|nTx=28|nValidators=10|nShards=4|committee=3|quorum=2|loadThreshold=75|maxTime=180|crossShardPct=80|requestOfflinePct=0|receiptDropPct=0|ownerCap=3000|mobileThreshold=35,3,14,626,64,COMPLETE,28,28,28,23,28,10,4,0,28,28,28,0,140,0,0,0,461,810,28,1330,28,4478,1723,3,2362,400
OFAT,CROSS_SHARD_PCT,HIGH,baseSeed=626|nTx=28|nValidators=10|nShards=4|committee=3|quorum=2|loadThreshold=75|maxTime=180|crossShardPct=80|requestOfflinePct=0|receiptDropPct=0|ownerCap=3000|mobileThreshold=35,3,15,626,65,COMPLETE,28,28,28,24,28,10,4,0,28,28,28,0,140,0,0,1,462,825,28,1351,28,4884,1969,2,3461,500
OFAT,CROSS_SHARD_PCT,HIGH,baseSeed=626|nTx=28|nValidators=10|nShards=4|committee=3|quorum=2|loadThreshold=75|maxTime=180|crossShardPct=80|requestOfflinePct=0|receiptDropPct=0|ownerCap=3000|mobileThreshold=35,3,16,626,64,COMPLETE,28,28,28,23,28,10,4,0,28,28,28,0,140,0,0,0,461,811,28,1331,28,4791,1750,3,2252,400
OFAT,CROSS_SHARD_PCT,HIGH,baseSeed=626|nTx=28|nValidators=10|nShards=4|committee=3|quorum=2|loadThreshold=75|maxTime=180|crossShardPct=80|requestOfflinePct=0|receiptDropPct=0|ownerCap=3000|mobileThreshold=35,3,17,626,64,COMPLETE,28,28,28,24,28,10,4,0,28,28,28,0,140,0,0,0,461,823,28,1349,28,4730,1749,3,2170,400
OFAT,CROSS_SHARD_PCT,HIGH,baseSeed=626|nTx=28|nValidators=10|nShards=4|committee=3|quorum=2|loadThreshold=75|maxTime=180|crossShardPct=80|requestOfflinePct=0|receiptDropPct=0|ownerCap=3000|mobileThreshold=35,3,18,626,65,COMPLETE,28,28,28,25,28,10,4,0,28,28,28,0,140,0,0,1,462,838,28,1370,28,5653,2236,2,3461,500
OFAT,CROSS_SHARD_PCT,HIGH,baseSeed=626|nTx=28|nValidators=10|nShards=4|committee=3|quorum=2|loadThreshold=75|maxTime=180|crossShardPct=80|requestOfflinePct=0|receiptDropPct=0|ownerCap=3000|mobileThreshold=35,3,19,626,64,COMPLETE,28,28,28,23,28,10,4,0,28,28,28,0,140,0,0,0,461,811,28,1331,28,4582,1739,3,2362,300
OFAT,CROSS_SHARD_PCT,HIGH,baseSeed=626|nTx=28|nValidators=10|nShards=4|committee=3|quorum=2|loadThreshold=75|maxTime=180|crossShardPct=80|requestOfflinePct=0|receiptDropPct=0|ownerCap=3000|mobileThreshold=35,3,20,626,64,COMPLETE,28,28,28,23,28,10,4,0,28,28,28,0,140,0,0,1,462,810,28,1330,28,5736,2417,2,4093,1000
OFAT,CROSS_SHARD_PCT,HIGH,baseSeed=626|nTx=28|nValidators=10|nShards=4|committee=3|quorum=2|loadThreshold=75|maxTime=180|crossShardPct=80|requestOfflinePct=0|receiptDropPct=0|ownerCap=3000|mobileThreshold=35,3,21,626,64,COMPLETE,28,28,28,23,28,10,4,0,28,28,28,0,140,0,0,0,461,811,28,1331,28,4357,1635,3,2362,300
OFAT,CROSS_SHARD_PCT,HIGH,baseSeed=626|nTx=28|nValidators=10|nShards=4|committee=3|quorum=2|loadThreshold=75|maxTime=180|crossShardPct=80|requestOfflinePct=0|receiptDropPct=0|ownerCap=3000|mobileThreshold=35,3,22,626,64,COMPLETE,28,28,28,23,28,10,4,0,28,28,28,0,140,0,0,0,461,810,28,1330,28,4774,1770,3,2170,300
OFAT,CROSS_SHARD_PCT,HIGH,baseSeed=626|nTx=28|nValidators=10|nShards=4|committee=3|quorum=2|loadThreshold=75|maxTime=180|crossShardPct=80|requestOfflinePct=0|receiptDropPct=0|ownerCap=3000|mobileThreshold=35,3,23,626,64,COMPLETE,28,28,28,23,28,10,4,0,28,28,28,0,140,0,0,0,461,811,28,1331,28,4912,1784,3,2500,300
OFAT,CROSS_SHARD_PCT,HIGH,baseSeed=626|nTx=28|nValidators=10|nShards=4|committee=3|quorum=2|loadThreshold=75|maxTime=180|crossShardPct=80|requestOfflinePct=0|receiptDropPct=0|ownerCap=3000|mobileThreshold=35,3,24,626,64,COMPLETE,28,28,28,23,28,10,4,0,28,28,28,0,140,0,0,1,462,810,28,1330,28,4543,1648,3,2307,700
OFAT,CROSS_SHARD_PCT,HIGH,baseSeed=626|nTx=28|nValidators=10|nShards=4|committee=3|quorum=2|loadThreshold=75|maxTime=180|crossShardPct=80|requestOfflinePct=0|receiptDropPct=0|ownerCap=3000|mobileThreshold=35,3,25,626,64,COMPLETE,28,28,28,23,28,10,4,0,28,28,28,0,140,0,0,1,462,810,28,1330,28,3780,1480,3,2225,1000
OFAT,CROSS_SHARD_PCT,HIGH,baseSeed=626|nTx=28|nValidators=10|nShards=4|committee=3|quorum=2|loadThreshold=75|maxTime=180|crossShardPct=80|requestOfflinePct=0|receiptDropPct=0|ownerCap=3000|mobileThreshold=35,3,26,626,64,COMPLETE,28,28,28,23,28,10,4,0,28,28,28,0,140,0,0,0,461,810,28,1330,28,4510,1662,3,2115,300
OFAT,CROSS_SHARD_PCT,HIGH,baseSeed=626|nTx=28|nValidators=10|nShards=4|committee=3|quorum=2|loadThreshold=75|maxTime=180|crossShardPct=80|requestOfflinePct=0|receiptDropPct=0|ownerCap=3000|mobileThreshold=35,3,27,626,64,COMPLETE,28,28,28,22,28,10,4,0,28,28,28,0,140,0,0,1,462,798,28,1312,28,4708,2040,2,3708,900
OFAT,CROSS_SHARD_PCT,HIGH,baseSeed=626|nTx=28|nValidators=10|nShards=4|committee=3|quorum=2|loadThreshold=75|maxTime=180|crossShardPct=80|requestOfflinePct=0|receiptDropPct=0|ownerCap=3000|mobileThreshold=35,3,28,626,64,COMPLETE,28,28,28,21,28,10,4,0,28,28,28,0,140,0,0,1,462,785,28,1293,28,5725,2314,2,3791,900
OFAT,CROSS_SHARD_PCT,HIGH,baseSeed=626|nTx=28|nValidators=10|nShards=4|committee=3|quorum=2|loadThreshold=75|maxTime=180|crossShardPct=80|requestOfflinePct=0|receiptDropPct=0|ownerCap=3000|mobileThreshold=35,3,29,626,51,COMPLETE,28,28,28,21,28,10,4,0,28,28,28,0,140,0,0,1,462,786,28,1294,28,4813,2157,2,3956,900
OFAT,CROSS_SHARD_PCT,HIGH,baseSeed=626|nTx=28|nValidators=10|nShards=4|committee=3|quorum=2|loadThreshold=75|maxTime=180|crossShardPct=80|requestOfflinePct=0|receiptDropPct=0|ownerCap=3000|mobileThreshold=35,3,30,626,51,COMPLETE,28,28,28,22,28,10,4,0,28,28,28,0,140,0,0,1,462,799,28,1313,28,4175,1596,3,1978,900
OFAT,CROSS_SHARD_PCT,HIGH,baseSeed=626|nTx=28|nValidators=10|nShards=4|committee=3|quorum=2|loadThreshold=75|maxTime=180|crossShardPct=80|requestOfflinePct=0|receiptDropPct=0|ownerCap=3000|mobileThreshold=35,3,31,626,51,COMPLETE,28,28,28,22,28,10,4,0,28,28,28,0,140,0,0,1,462,799,28,1313,28,5439,2114,2,3461,900
OFAT,CROSS_SHARD_PCT,HIGH,baseSeed=626|nTx=28|nValidators=10|nShards=4|committee=3|quorum=2|loadThreshold=75|maxTime=180|crossShardPct=80|requestOfflinePct=0|receiptDropPct=0|ownerCap=3000|mobileThreshold=35,3,32,626,51,COMPLETE,28,28,28,22,28,10,4,0,28,28,28,0,140,0,0,1,462,799,28,1313,28,4461,1626,3,2307,900
OFAT,CROSS_SHARD_PCT,HIGH,baseSeed=626|nTx=28|nValidators=10|nShards=4|committee=3|quorum=2|loadThreshold=75|maxTime=180|crossShardPct=80|requestOfflinePct=0|receiptDropPct=0|ownerCap=3000|mobileThreshold=35,3,33,626,51,COMPLETE,28,28,28,22,28,10,4,0,28,28,28,0,140,0,0,1,462,800,28,1314,28,5527,2132,2,3461,900
OFAT,CROSS_SHARD_PCT,HIGH,baseSeed=626|nTx=28|nValidators=10|nShards=4|committee=3|quorum=2|loadThreshold=75|maxTime=180|crossShardPct=80|requestOfflinePct=0|receiptDropPct=0|ownerCap=3000|mobileThreshold=35,3,34,626,51,COMPLETE,28,28,28,22,28,10,4,0,28,28,28,0,140,0,0,1,462,799,28,1313,28,5164,2196,2,3956,900
OFAT,CROSS_SHARD_PCT,HIGH,baseSeed=626|nTx=28|nValidators=10|nShards=4|committee=3|quorum=2|loadThreshold=75|maxTime=180|crossShardPct=80|requestOfflinePct=0|receiptDropPct=0|ownerCap=3000|mobileThreshold=35,3,35,626,51,COMPLETE,28,28,28,22,28,10,4,0,28,28,28,0,140,0,0,1,462,798,28,1312,28,5868,2435,2,4038,1000
OFAT,CROSS_SHARD_PCT,HIGH,baseSeed=626|nTx=28|nValidators=10|nShards=4|committee=3|quorum=2|loadThreshold=75|maxTime=180|crossShardPct=80|requestOfflinePct=0|receiptDropPct=0|ownerCap=3000|mobileThreshold=35,3,36,626,51,COMPLETE,28,28,28,22,28,10,4,0,28,28,28,0,140,0,0,1,462,799,28,1313,28,5439,2114,2,3461,900
OFAT,CROSS_SHARD_PCT,HIGH,baseSeed=626|nTx=28|nValidators=10|nShards=4|committee=3|quorum=2|loadThreshold=75|maxTime=180|crossShardPct=80|requestOfflinePct=0|receiptDropPct=0|ownerCap=3000|mobileThreshold=35,3,37,626,51,COMPLETE,28,28,28,21,28,10,4,0,28,28,28,0,140,0,0,1,462,786,28,1294,28,5175,1962,2,2967,900
OFAT,CROSS_SHARD_PCT,HIGH,baseSeed=626|nTx=28|nValidators=10|nShards=4|committee=3|quorum=2|loadThreshold=75|maxTime=180|crossShardPct=80|requestOfflinePct=0|receiptDropPct=0|ownerCap=3000|mobileThreshold=35,3,38,626,51,COMPLETE,28,28,28,22,28,10,4,0,28,28,28,0,140,0,0,2,463,800,28,1314,28,4791,1763,3,2417,1200
OFAT,CROSS_SHARD_PCT,HIGH,baseSeed=626|nTx=28|nValidators=10|nShards=4|committee=3|quorum=2|loadThreshold=75|maxTime=180|crossShardPct=80|requestOfflinePct=0|receiptDropPct=0|ownerCap=3000|mobileThreshold=35,3,39,626,64,COMPLETE,28,28,28,24,28,10,4,0,28,28,28,0,140,0,0,1,462,824,28,1350,28,4587,1741,3,2390,500
OFAT,CROSS_SHARD_PCT,HIGH,baseSeed=626|nTx=28|nValidators=10|nShards=4|committee=3|quorum=2|loadThreshold=75|maxTime=180|crossShardPct=80|requestOfflinePct=0|receiptDropPct=0|ownerCap=3000|mobileThreshold=35,3,40,626,64,COMPLETE,28,28,28,23,28,10,4,0,28,28,28,0,140,0,0,1,462,811,28,1331,28,5148,1882,3,2802,500
OFAT,CROSS_SHARD_PCT,HIGH,baseSeed=626|nTx=28|nValidators=10|nShards=4|committee=3|quorum=2|loadThreshold=75|maxTime=180|crossShardPct=80|requestOfflinePct=0|receiptDropPct=0|ownerCap=3000|mobileThreshold=35,3,41,626,64,COMPLETE,28,28,28,23,28,10,4,0,28,28,28,0,140,0,0,1,462,811,28,1331,28,4884,1775,3,2747,500
OFAT,CROSS_SHARD_PCT,HIGH,baseSeed=626|nTx=28|nValidators=10|nShards=4|committee=3|quorum=2|loadThreshold=75|maxTime=180|crossShardPct=80|requestOfflinePct=0|receiptDropPct=0|ownerCap=3000|mobileThreshold=35,3,42,626,51,COMPLETE,28,28,28,22,28,10,4,0,28,28,28,0,140,0,0,1,462,798,28,1312,28,4175,1589,3,2307,900
OFAT,CROSS_SHARD_PCT,HIGH,baseSeed=626|nTx=28|nValidators=10|nShards=4|committee=3|quorum=2|loadThreshold=75|maxTime=180|crossShardPct=80|requestOfflinePct=0|receiptDropPct=0|ownerCap=3000|mobileThreshold=35,3,43,626,51,COMPLETE,28,28,28,23,28,10,4,0,28,28,28,0,140,0,0,1,462,812,28,1332,28,4571,1740,3,2417,900
OFAT,CROSS_SHARD_PCT,HIGH,baseSeed=626|nTx=28|nValidators=10|nShards=4|committee=3|quorum=2|loadThreshold=75|maxTime=180|crossShardPct=80|requestOfflinePct=0|receiptDropPct=0|ownerCap=3000|mobileThreshold=35,3,44,626,51,COMPLETE,28,28,28,21,28,10,4,0,28,28,28,0,140,0,0,1,462,786,28,1294,28,5747,2287,2,3461,900
OFAT,CROSS_SHARD_PCT,HIGH,baseSeed=626|nTx=28|nValidators=10|nShards=4|committee=3|quorum=2|loadThreshold=75|maxTime=180|crossShardPct=80|requestOfflinePct=0|receiptDropPct=0|ownerCap=3000|mobileThreshold=35,3,45,626,51,COMPLETE,28,28,28,20,28,10,4,0,28,28,28,0,140,0,0,1,462,772,28,1274,28,4637,1720,3,2307,900
OFAT,CROSS_SHARD_PCT,HIGH,baseSeed=626|nTx=28|nValidators=10|nShards=4|committee=3|quorum=2|loadThreshold=75|maxTime=180|crossShardPct=80|requestOfflinePct=0|receiptDropPct=0|ownerCap=3000|mobileThreshold=35,3,46,626,64,COMPLETE,28,28,28,22,28,10,4,0,28,28,28,0,140,0,0,2,463,799,28,1313,28,5851,2360,2,3708,900
OFAT,CROSS_SHARD_PCT,HIGH,baseSeed=626|nTx=28|nValidators=10|nShards=4|committee=3|quorum=2|loadThreshold=75|maxTime=180|crossShardPct=80|requestOfflinePct=0|receiptDropPct=0|ownerCap=3000|mobileThreshold=35,3,47,626,64,COMPLETE,28,28,28,24,28,10,4,0,28,28,28,0,140,0,0,0,461,824,28,1350,28,4961,1783,3,2362,300
OFAT,CROSS_SHARD_PCT,HIGH,baseSeed=626|nTx=28|nValidators=10|nShards=4|committee=3|quorum=2|loadThreshold=75|maxTime=180|crossShardPct=80|requestOfflinePct=0|receiptDropPct=0|ownerCap=3000|mobileThreshold=35,3,48,626,51,COMPLETE,28,28,28,22,28,10,4,0,28,28,28,0,140,0,0,1,462,799,28,1313,28,5802,2320,2,3708,500
OFAT,CROSS_SHARD_PCT,HIGH,baseSeed=626|nTx=28|nValidators=10|nShards=4|committee=3|quorum=2|loadThreshold=75|maxTime=180|crossShardPct=80|requestOfflinePct=0|receiptDropPct=0|ownerCap=3000|mobileThreshold=35,3,49,626,64,COMPLETE,28,28,28,23,28,10,4,0,28,28,28,0,140,0,0,2,463,812,28,1332,28,5016,1801,3,2362,900
OFAT,CROSS_SHARD_PCT,HIGH,baseSeed=626|nTx=28|nValidators=10|nShards=4|committee=3|quorum=2|loadThreshold=75|maxTime=180|crossShardPct=80|requestOfflinePct=0|receiptDropPct=0|ownerCap=3000|mobileThreshold=35,3,50,626,51,COMPLETE,28,28,28,22,28,10,4,0,28,28,28,0,140,0,0,1,462,798,28,1312,28,4637,1720,3,2307,900
OFAT,CROSS_SHARD_PCT,HIGH,baseSeed=626|nTx=28|nValidators=10|nShards=4|committee=3|quorum=2|loadThreshold=75|maxTime=180|crossShardPct=80|requestOfflinePct=0|receiptDropPct=0|ownerCap=3000|mobileThreshold=35,3,51,626,64,COMPLETE,28,28,28,23,28,10,4,0,28,28,28,0,140,0,0,1,462,811,28,1331,28,6346,2501,2,3708,500
OFAT,CROSS_SHARD_PCT,HIGH,baseSeed=626|nTx=28|nValidators=10|nShards=4|committee=3|quorum=2|loadThreshold=75|maxTime=180|crossShardPct=80|requestOfflinePct=0|receiptDropPct=0|ownerCap=3000|mobileThreshold=35,3,52,626,51,COMPLETE,28,28,28,22,28,10,4,0,28,28,28,0,140,0,0,1,462,798,28,1312,28,4879,1770,3,2417,900
OFAT,CROSS_SHARD_PCT,HIGH,baseSeed=626|nTx=28|nValidators=10|nShards=4|committee=3|quorum=2|loadThreshold=75|maxTime=180|crossShardPct=80|requestOfflinePct=0|receiptDropPct=0|ownerCap=3000|mobileThreshold=35,3,53,626,51,COMPLETE,28,28,28,22,28,10,4,0,28,28,28,0,140,0,0,2,463,800,28,1314,28,5648,2212,2,3461,1200
OFAT,CROSS_SHARD_PCT,HIGH,baseSeed=626|nTx=28|nValidators=10|nShards=4|committee=3|quorum=2|loadThreshold=75|maxTime=180|crossShardPct=80|requestOfflinePct=0|receiptDropPct=0|ownerCap=3000|mobileThreshold=35,3,54,626,64,COMPLETE,28,28,28,23,28,10,4,0,28,28,28,0,140,0,0,0,461,811,28,1331,28,4868,1773,3,2362,300
OFAT,CROSS_SHARD_PCT,HIGH,baseSeed=626|nTx=28|nValidators=10|nShards=4|committee=3|quorum=2|loadThreshold=75|maxTime=180|crossShardPct=80|requestOfflinePct=0|receiptDropPct=0|ownerCap=3000|mobileThreshold=35,3,55,626,64,COMPLETE,28,28,28,24,28,10,4,0,28,28,28,0,140,0,0,1,462,824,28,1350,28,5500,2136,2,3214,500
OFAT,CROSS_SHARD_PCT,HIGH,baseSeed=626|nTx=28|nValidators=10|nShards=4|committee=3|quorum=2|loadThreshold=75|maxTime=180|crossShardPct=80|requestOfflinePct=0|receiptDropPct=0|ownerCap=3000|mobileThreshold=35,3,56,626,64,COMPLETE,28,28,28,25,28,10,4,0,28,28,28,0,140,0,0,0,461,836,28,1368,28,5214,1899,3,2362,300
OFAT,CROSS_SHARD_PCT,HIGH,baseSeed=626|nTx=28|nValidators=10|nShards=4|committee=3|quorum=2|loadThreshold=75|maxTime=180|crossShardPct=80|requestOfflinePct=0|receiptDropPct=0|ownerCap=3000|mobileThreshold=35,3,57,626,65,COMPLETE,28,28,28,23,28,10,4,0,28,28,28,0,140,0,0,1,462,811,28,1331,28,5653,2236,2,3461,500
OFAT,CROSS_SHARD_PCT,HIGH,baseSeed=626|nTx=28|nValidators=10|nShards=4|committee=3|quorum=2|loadThreshold=75|maxTime=180|crossShardPct=80|requestOfflinePct=0|receiptDropPct=0|ownerCap=3000|mobileThreshold=35,3,58,626,64,COMPLETE,28,28,28,23,28,10,4,0,28,28,28,0,140,0,0,0,461,811,28,1331,28,4846,1772,3,2115,400
OFAT,CROSS_SHARD_PCT,HIGH,baseSeed=626|nTx=28|nValidators=10|nShards=4|committee=3|quorum=2|loadThreshold=75|maxTime=180|crossShardPct=80|requestOfflinePct=0|receiptDropPct=0|ownerCap=3000|mobileThreshold=35,3,59,626,65,COMPLETE,28,28,28,23,28,10,4,0,28,28,28,0,140,0,0,1,462,811,28,1331,28,4846,1771,3,2500,500
OFAT,CROSS_SHARD_PCT,HIGH,baseSeed=626|nTx=28|nValidators=10|nShards=4|committee=3|quorum=2|loadThreshold=75|maxTime=180|crossShardPct=80|requestOfflinePct=0|receiptDropPct=0|ownerCap=3000|mobileThreshold=35,3,60,626,64,COMPLETE,28,28,28,23,28,10,4,0,28,28,28,0,140,0,0,0,461,810,28,1330,28,4846,1772,3,2115,400
OFAT,CROSS_SHARD_PCT,HIGH,baseSeed=626|nTx=28|nValidators=10|nShards=4|committee=3|quorum=2|loadThreshold=75|maxTime=180|crossShardPct=80|requestOfflinePct=0|receiptDropPct=0|ownerCap=3000|mobileThreshold=35,3,61,626,64,COMPLETE,28,28,28,23,28,10,4,0,28,28,28,0,140,0,0,1,462,810,28,1330,28,5505,2213,2,3791,700
OFAT,CROSS_SHARD_PCT,HIGH,baseSeed=626|nTx=28|nValidators=10|nShards=4|committee=3|quorum=2|loadThreshold=75|maxTime=180|crossShardPct=80|requestOfflinePct=0|receiptDropPct=0|ownerCap=3000|mobileThreshold=35,3,62,626,64,COMPLETE,28,28,28,23,28,10,4,0,28,28,28,0,140,0,0,1,462,810,28,1330,28,6225,2413,2,3214,1000
OFAT,CROSS_SHARD_PCT,HIGH,baseSeed=626|nTx=28|nValidators=10|nShards=4|committee=3|quorum=2|loadThreshold=75|maxTime=180|crossShardPct=80|requestOfflinePct=0|receiptDropPct=0|ownerCap=3000|mobileThreshold=35,3,63,626,64,COMPLETE,28,28,28,23,28,10,4,0,28,28,28,0,140,0,0,0,461,810,28,1330,28,5340,1962,3,2747,400
OFAT,CROSS_SHARD_PCT,HIGH,baseSeed=626|nTx=28|nValidators=10|nShards=4|committee=3|quorum=2|loadThreshold=75|maxTime=180|crossShardPct=80|requestOfflinePct=0|receiptDropPct=0|ownerCap=3000|mobileThreshold=35,3,64,626,64,COMPLETE,28,28,28,24,28,10,4,0,28,28,28,0,140,0,0,0,461,823,28,1349,28,5796,2308,2,3708,300
OFAT,CROSS_SHARD_PCT,HIGH,baseSeed=626|nTx=28|nValidators=10|nShards=4|committee=3|quorum=2|loadThreshold=75|maxTime=180|crossShardPct=80|requestOfflinePct=0|receiptDropPct=0|ownerCap=3000|mobileThreshold=35,3,65,626,64,COMPLETE,28,28,28,24,28,10,4,0,28,28,28,0,140,0,0,0,461,824,28,1350,28,4818,1754,3,2362,300
OFAT,CROSS_SHARD_PCT,HIGH,baseSeed=626|nTx=28|nValidators=10|nShards=4|committee=3|quorum=2|loadThreshold=75|maxTime=180|crossShardPct=80|requestOfflinePct=0|receiptDropPct=0|ownerCap=3000|mobileThreshold=35,3,66,626,65,COMPLETE,28,28,28,23,28,10,4,0,28,28,28,0,140,0,0,1,462,811,28,1331,28,5038,1996,2,3214,900
OFAT,CROSS_SHARD_PCT,HIGH,baseSeed=626|nTx=28|nValidators=10|nShards=4|committee=3|quorum=2|loadThreshold=75|maxTime=180|crossShardPct=80|requestOfflinePct=0|receiptDropPct=0|ownerCap=3000|mobileThreshold=35,3,67,626,64,COMPLETE,28,28,28,23,28,10,4,0,28,28,28,0,140,0,0,1,462,810,28,1330,28,5895,2240,2,3214,1000
OFAT,CROSS_SHARD_PCT,HIGH,baseSeed=626|nTx=28|nValidators=10|nShards=4|committee=3|quorum=2|loadThreshold=75|maxTime=180|crossShardPct=80|requestOfflinePct=0|receiptDropPct=0|ownerCap=3000|mobileThreshold=35,3,68,626,64,COMPLETE,28,28,28,23,28,10,4,0,28,28,28,0,140,0,0,0,461,810,28,1330,28,5208,1951,2,3214,300
OFAT,CROSS_SHARD_PCT,HIGH,baseSeed=626|nTx=28|nValidators=10|nShards=4|committee=3|quorum=2|loadThreshold=75|maxTime=180|crossShardPct=80|requestOfflinePct=0|receiptDropPct=0|ownerCap=3000|mobileThreshold=35,3,69,626,64,COMPLETE,28,28,28,22,28,10,4,0,28,28,28,0,140,0,0,1,462,796,28,1310,28,5818,2240,2,3461,500
OFAT,CROSS_SHARD_PCT,HIGH,baseSeed=626|nTx=28|nValidators=10|nShards=4|committee=3|quorum=2|loadThreshold=75|maxTime=180|crossShardPct=80|requestOfflinePct=0|receiptDropPct=0|ownerCap=3000|mobileThreshold=35,3,70,626,64,COMPLETE,28,28,28,23,28,10,4,0,28,28,28,0,140,0,0,0,461,810,28,1330,28,4324,1623,3,2170,400
OFAT,CROSS_SHARD_PCT,HIGH,baseSeed=626|nTx=28|nValidators=10|nShards=4|committee=3|quorum=2|loadThreshold=75|maxTime=180|crossShardPct=80|requestOfflinePct=0|receiptDropPct=0|ownerCap=3000|mobileThreshold=35,3,71,626,64,COMPLETE,28,28,28,23,28,10,4,0,28,28,28,0,140,0,0,0,461,809,28,1329,28,4532,1649,3,2170,400
OFAT,CROSS_SHARD_PCT,HIGH,baseSeed=626|nTx=28|nValidators=10|nShards=4|committee=3|quorum=2|loadThreshold=75|maxTime=180|crossShardPct=80|requestOfflinePct=0|receiptDropPct=0|ownerCap=3000|mobileThreshold=35,3,72,626,64,COMPLETE,28,28,28,24,28,10,4,0,28,28,28,0,140,0,0,0,461,824,28,1350,28,4752,1754,3,2170,400
OFAT,CROSS_SHARD_PCT,HIGH,baseSeed=626|nTx=28|nValidators=10|nShards=4|committee=3|quorum=2|loadThreshold=75|maxTime=180|crossShardPct=80|requestOfflinePct=0|receiptDropPct=0|ownerCap=3000|mobileThreshold=35,3,73,626,65,COMPLETE,28,28,28,24,28,10,4,0,28,28,28,0,140,0,0,1,462,824,28,1350,28,5406,2136,2,3598,900
OFAT,CROSS_SHARD_PCT,HIGH,baseSeed=626|nTx=28|nValidators=10|nShards=4|committee=3|quorum=2|loadThreshold=75|maxTime=180|crossShardPct=80|requestOfflinePct=0|receiptDropPct=0|ownerCap=3000|mobileThreshold=35,3,74,626,64,COMPLETE,28,28,28,22,28,10,4,0,28,28,28,0,140,0,0,1,462,796,28,1310,28,4483,1685,3,2609,900
OFAT,CROSS_SHARD_PCT,HIGH,baseSeed=626|nTx=28|nValidators=10|nShards=4|committee=3|quorum=2|loadThreshold=75|maxTime=180|crossShardPct=80|requestOfflinePct=0|receiptDropPct=0|ownerCap=3000|mobileThreshold=35,3,75,626,64,COMPLETE,28,28,28,22,28,10,4,0,28,28,28,0,140,0,0,1,462,798,28,1312,28,5335,2287,2,4038,800
OFAT,CROSS_SHARD_PCT,HIGH,baseSeed=626|nTx=28|nValidators=10|nShards=4|committee=3|quorum=2|loadThreshold=75|maxTime=180|crossShardPct=80|requestOfflinePct=0|receiptDropPct=0|ownerCap=3000|mobileThreshold=35,3,76,626,64,COMPLETE,28,28,28,23,28,10,4,0,28,28,28,0,140,0,0,1,462,811,28,1331,28,5549,2171,2,3214,600
OFAT,CROSS_SHARD_PCT,HIGH,baseSeed=626|nTx=28|nValidators=10|nShards=4|committee=3|quorum=2|loadThreshold=75|maxTime=180|crossShardPct=80|requestOfflinePct=0|receiptDropPct=0|ownerCap=3000|mobileThreshold=35,3,77,626,64,COMPLETE,28,28,28,23,28,10,4,0,28,28,28,0,140,0,0,1,462,811,28,1331,28,4098,1574,3,2225,800
OFAT,CROSS_SHARD_PCT,HIGH,baseSeed=626|nTx=28|nValidators=10|nShards=4|committee=3|quorum=2|loadThreshold=75|maxTime=180|crossShardPct=80|requestOfflinePct=0|receiptDropPct=0|ownerCap=3000|mobileThreshold=35,3,78,626,64,COMPLETE,28,28,28,23,28,10,4,0,28,28,28,0,140,0,0,1,462,811,28,1331,28,5351,2004,2,2719,700
OFAT,CROSS_SHARD_PCT,HIGH,baseSeed=626|nTx=28|nValidators=10|nShards=4|committee=3|quorum=2|loadThreshold=75|maxTime=180|crossShardPct=80|requestOfflinePct=0|receiptDropPct=0|ownerCap=3000|mobileThreshold=35,3,79,626,64,COMPLETE,28,28,28,24,28,10,4,0,28,28,28,0,140,0,0,0,461,823,28,1349,28,4346,1623,3,2362,300
OFAT,CROSS_SHARD_PCT,HIGH,baseSeed=626|nTx=28|nValidators=10|nShards=4|committee=3|quorum=2|loadThreshold=75|maxTime=180|crossShardPct=80|requestOfflinePct=0|receiptDropPct=0|ownerCap=3000|mobileThreshold=35,3,80,626,64,COMPLETE,28,28,28,23,28,10,4,0,28,28,28,0,140,0,0,0,461,810,28,1330,28,5582,2202,2,3708,300
OFAT,CROSS_SHARD_PCT,HIGH,baseSeed=626|nTx=28|nValidators=10|nShards=4|committee=3|quorum=2|loadThreshold=75|maxTime=180|crossShardPct=80|requestOfflinePct=0|receiptDropPct=0|ownerCap=3000|mobileThreshold=35,3,81,626,64,COMPLETE,28,28,28,22,28,10,4,0,28,28,28,0,140,0,0,2,463,798,28,1312,28,4901,1826,3,2637,800
OFAT,CROSS_SHARD_PCT,HIGH,baseSeed=626|nTx=28|nValidators=10|nShards=4|committee=3|quorum=2|loadThreshold=75|maxTime=180|crossShardPct=80|requestOfflinePct=0|receiptDropPct=0|ownerCap=3000|mobileThreshold=35,3,82,626,64,COMPLETE,28,28,28,21,28,10,4,0,28,28,28,0,140,0,0,1,462,785,28,1293,28,5302,2216,2,3956,900
OFAT,CROSS_SHARD_PCT,HIGH,baseSeed=626|nTx=28|nValidators=10|nShards=4|committee=3|quorum=2|loadThreshold=75|maxTime=180|crossShardPct=80|requestOfflinePct=0|receiptDropPct=0|ownerCap=3000|mobileThreshold=35,3,83,626,51,COMPLETE,28,28,28,21,28,10,4,0,28,28,28,0,140,0,0,1,462,785,28,1293,28,5532,2184,2,3461,800
OFAT,CROSS_SHARD_PCT,HIGH,baseSeed=626|nTx=28|nValidators=10|nShards=4|committee=3|quorum=2|loadThreshold=75|maxTime=180|crossShardPct=80|requestOfflinePct=0|receiptDropPct=0|ownerCap=3000|mobileThreshold=35,3,84,626,51,COMPLETE,28,28,28,22,28,10,4,0,28,28,28,0,140,0,0,1,462,798,28,1312,28,5532,2189,2,3708,1000
OFAT,CROSS_SHARD_PCT,HIGH,baseSeed=626|nTx=28|nValidators=10|nShards=4|committee=3|quorum=2|loadThreshold=75|maxTime=180|crossShardPct=80|requestOfflinePct=0|receiptDropPct=0|ownerCap=3000|mobileThreshold=35,3,85,626,51,COMPLETE,28,28,28,22,28,10,4,0,28,28,28,0,140,0,0,2,463,800,28,1314,28,4373,1628,3,2307,1200
OFAT,CROSS_SHARD_PCT,HIGH,baseSeed=626|nTx=28|nValidators=10|nShards=4|committee=3|quorum=2|loadThreshold=75|maxTime=180|crossShardPct=80|requestOfflinePct=0|receiptDropPct=0|ownerCap=3000|mobileThreshold=35,3,86,626,64,COMPLETE,28,28,28,23,28,10,4,0,28,28,28,0,140,0,0,1,462,811,28,1331,28,3895,1528,3,2554,1000
OFAT,CROSS_SHARD_PCT,HIGH,baseSeed=626|nTx=28|nValidators=10|nShards=4|committee=3|quorum=2|loadThreshold=75|maxTime=180|crossShardPct=80|requestOfflinePct=0|receiptDropPct=0|ownerCap=3000|mobileThreshold=35,3,87,626,51,COMPLETE,28,28,28,22,28,10,4,0,28,28,28,0,140,0,0,2,463,801,28,1315,28,4527,1680,3,2417,1200
OFAT,CROSS_SHARD_PCT,HIGH,baseSeed=626|nTx=28|nValidators=10|nShards=4|committee=3|quorum=2|loadThreshold=75|maxTime=180|crossShardPct=80|requestOfflinePct=0|receiptDropPct=0|ownerCap=3000|mobileThreshold=35,3,88,626,51,COMPLETE,28,28,28,22,28,10,4,0,28,28,28,0,140,0,0,1,462,799,28,1313,28,3582,1458,3,1978,900
OFAT,CROSS_SHARD_PCT,HIGH,baseSeed=626|nTx=28|nValidators=10|nShards=4|committee=3|quorum=2|loadThreshold=75|maxTime=180|crossShardPct=80|requestOfflinePct=0|receiptDropPct=0|ownerCap=3000|mobileThreshold=35,3,89,626,51,COMPLETE,28,28,28,22,28,10,4,0,28,28,28,0,140,0,0,2,463,800,28,1314,28,4637,1688,3,2307,1200
OFAT,CROSS_SHARD_PCT,HIGH,baseSeed=626|nTx=28|nValidators=10|nShards=4|committee=3|quorum=2|loadThreshold=75|maxTime=180|crossShardPct=80|requestOfflinePct=0|receiptDropPct=0|ownerCap=3000|mobileThreshold=35,3,90,626,51,COMPLETE,28,28,28,22,28,10,4,0,28,28,28,0,140,0,0,1,462,799,28,1313,28,4703,1727,3,2307,900
OFAT,CROSS_SHARD_PCT,HIGH,baseSeed=626|nTx=28|nValidators=10|nShards=4|committee=3|quorum=2|loadThreshold=75|maxTime=180|crossShardPct=80|requestOfflinePct=0|receiptDropPct=0|ownerCap=3000|mobileThreshold=35,3,91,626,51,COMPLETE,28,28,28,21,28,10,4,0,28,28,28,0,140,0,0,1,462,785,28,1293,28,5439,1968,3,2747,900
OFAT,CROSS_SHARD_PCT,HIGH,baseSeed=626|nTx=28|nValidators=10|nShards=4|committee=3|quorum=2|loadThreshold=75|maxTime=180|crossShardPct=80|requestOfflinePct=0|receiptDropPct=0|ownerCap=3000|mobileThreshold=35,3,92,626,51,COMPLETE,28,28,28,21,28,10,4,0,28,28,28,0,140,0,0,1,462,784,28,1292,28,5692,2458,2,4285,1000
OFAT,CROSS_SHARD_PCT,HIGH,baseSeed=626|nTx=28|nValidators=10|nShards=4|committee=3|quorum=2|loadThreshold=75|maxTime=180|crossShardPct=80|requestOfflinePct=0|receiptDropPct=0|ownerCap=3000|mobileThreshold=35,3,93,626,51,COMPLETE,28,28,28,22,28,10,4,0,28,28,28,0,140,0,0,1,462,799,28,1313,28,4703,1727,3,2307,900
OFAT,CROSS_SHARD_PCT,HIGH,baseSeed=626|nTx=28|nValidators=10|nShards=4|committee=3|quorum=2|loadThreshold=75|maxTime=180|crossShardPct=80|requestOfflinePct=0|receiptDropPct=0|ownerCap=3000|mobileThreshold=35,3,94,626,64,COMPLETE,28,28,28,23,28,10,4,0,28,28,28,0,140,0,0,1,462,811,28,1331,28,5379,2327,2,4093,500
OFAT,CROSS_SHARD_PCT,HIGH,baseSeed=626|nTx=28|nValidators=10|nShards=4|committee=3|quorum=2|loadThreshold=75|maxTime=180|crossShardPct=80|requestOfflinePct=0|receiptDropPct=0|ownerCap=3000|mobileThreshold=35,3,95,626,51,COMPLETE,28,28,28,22,28,10,4,0,28,28,28,0,140,0,0,1,462,798,28,1312,28,4890,1932,2,2967,900
OFAT,CROSS_SHARD_PCT,HIGH,baseSeed=626|nTx=28|nValidators=10|nShards=4|committee=3|quorum=2|loadThreshold=75|maxTime=180|crossShardPct=80|requestOfflinePct=0|receiptDropPct=0|ownerCap=3000|mobileThreshold=35,3,96,626,64,COMPLETE,28,28,28,23,28,10,4,0,28,28,28,0,140,0,0,1,462,811,28,1331,28,4813,1762,3,2307,500
OFAT,CROSS_SHARD_PCT,HIGH,baseSeed=626|nTx=28|nValidators=10|nShards=4|committee=3|quorum=2|loadThreshold=75|maxTime=180|crossShardPct=80|requestOfflinePct=0|receiptDropPct=0|ownerCap=3000|mobileThreshold=35,3,97,626,51,COMPLETE,28,28,28,22,28,10,4,0,28,28,28,0,140,0,0,1,462,799,28,1313,28,4379,1623,3,2445,500
OFAT,CROSS_SHARD_PCT,HIGH,baseSeed=626|nTx=28|nValidators=10|nShards=4|committee=3|quorum=2|loadThreshold=75|maxTime=180|crossShardPct=80|requestOfflinePct=0|receiptDropPct=0|ownerCap=3000|mobileThreshold=35,3,98,626,51,COMPLETE,28,28,28,22,28,10,4,0,28,28,28,0,140,0,0,2,463,800,28,1314,28,5197,2084,2,3461,1200
OFAT,CROSS_SHARD_PCT,HIGH,baseSeed=626|nTx=28|nValidators=10|nShards=4|committee=3|quorum=2|loadThreshold=75|maxTime=180|crossShardPct=80|requestOfflinePct=0|receiptDropPct=0|ownerCap=3000|mobileThreshold=35,3,99,626,51,COMPLETE,28,28,28,22,28,10,4,0,28,28,28,0,140,0,0,1,462,800,28,1314,28,4505,1671,3,2747,900
OFAT,CROSS_SHARD_PCT,HIGH,baseSeed=626|nTx=28|nValidators=10|nShards=4|committee=3|quorum=2|loadThreshold=75|maxTime=180|crossShardPct=80|requestOfflinePct=0|receiptDropPct=0|ownerCap=3000|mobileThreshold=35,3,100,626,51,COMPLETE,28,28,28,22,28,10,4,0,28,28,28,0,140,0,0,1,462,801,28,1315,28,4604,1824,3,2967,900
OFAT,REQUEST_OFFLINE_PCT,LOW,baseSeed=626|nTx=24|nValidators=10|nShards=4|committee=3|quorum=2|loadThreshold=75|maxTime=240|crossShardPct=0|requestOfflinePct=10|receiptDropPct=29|ownerCap=3000|mobileThreshold=35,4,1,626,62,COMPLETE,24,20,20,2,20,10,4,0,20,20,12,12,92,0,0,0,329,528,20,550,12,5754,2260,2,3647,300
OFAT,REQUEST_OFFLINE_PCT,LOW,baseSeed=626|nTx=24|nValidators=10|nShards=4|committee=3|quorum=2|loadThreshold=75|maxTime=240|crossShardPct=0|requestOfflinePct=10|receiptDropPct=29|ownerCap=3000|mobileThreshold=35,4,2,626,63,COMPLETE,24,19,19,2,19,10,4,0,19,19,14,10,90,0,0,0,317,501,19,637,14,4814,1744,3,2236,400
OFAT,REQUEST_OFFLINE_PCT,LOW,baseSeed=626|nTx=24|nValidators=10|nShards=4|committee=3|quorum=2|loadThreshold=75|maxTime=240|crossShardPct=0|requestOfflinePct=10|receiptDropPct=29|ownerCap=3000|mobileThreshold=35,4,3,626,62,COMPLETE,24,20,20,1,20,10,4,0,20,20,13,11,93,0,0,0,330,515,20,592,13,5991,2373,2,3821,200
OFAT,REQUEST_OFFLINE_PCT,LOW,baseSeed=626|nTx=24|nValidators=10|nShards=4|committee=3|quorum=2|loadThreshold=75|maxTime=240|crossShardPct=0|requestOfflinePct=10|receiptDropPct=29|ownerCap=3000|mobileThreshold=35,4,4,626,64,COMPLETE,24,19,19,2,19,10,4,0,19,19,12,12,88,0,0,0,315,501,19,547,12,4888,1766,3,2274,300
OFAT,REQUEST_OFFLINE_PCT,LOW,baseSeed=626|nTx=24|nValidators=10|nShards=4|committee=3|quorum=2|loadThreshold=75|maxTime=240|crossShardPct=0|requestOfflinePct=10|receiptDropPct=29|ownerCap=3000|mobileThreshold=35,4,5,626,63,COMPLETE,24,20,20,4,20,10,4,0,20,20,13,11,93,0,0,0,330,553,20,631,13,4593,1716,3,2113,200
OFAT,REQUEST_OFFLINE_PCT,LOW,baseSeed=626|nTx=24|nValidators=10|nShards=4|committee=3|quorum=2|loadThreshold=75|maxTime=240|crossShardPct=0|requestOfflinePct=10|receiptDropPct=29|ownerCap=3000|mobileThreshold=35,4,6,626,63,COMPLETE,24,19,19,2,19,10,4,0,19,19,12,12,88,0,0,0,315,500,19,527,12,6373,2542,2,3905,300
OFAT,REQUEST_OFFLINE_PCT,LOW,baseSeed=626|nTx=24|nValidators=10|nShards=4|committee=3|quorum=2|loadThreshold=75|maxTime=240|crossShardPct=0|requestOfflinePct=10|receiptDropPct=29|ownerCap=3000|mobileThreshold=35,4,7,626,63,COMPLETE,24,20,20,1,20,10,4,0,20,20,14,10,94,0,0,0,331,515,20,621,14,4153,1554,3,2298,200
OFAT,REQUEST_OFFLINE_PCT,LOW,baseSeed=626|nTx=24|nValidators=10|nShards=4|committee=3|quorum=2|loadThreshold=75|maxTime=240|crossShardPct=0|requestOfflinePct=10|receiptDropPct=29|ownerCap=3000|mobileThreshold=35,4,8,626,63,COMPLETE,24,19,19,3,19,10,4,0,19,19,13,11,89,0,0,0,316,514,19,613,13,4446,1689,3,2170,300
OFAT,REQUEST_OFFLINE_PCT,LOW,baseSeed=626|nTx=24|nValidators=10|nShards=4|committee=3|quorum=2|loadThreshold=75|maxTime=240|crossShardPct=0|requestOfflinePct=10|receiptDropPct=29|ownerCap=3000|mobileThreshold=35,4,9,626,62,COMPLETE,24,19,19,3,19,10,4,0,19,19,12,12,88,0,0,0,315,514,19,568,12,4914,1838,2,2660,200
OFAT,REQUEST_OFFLINE_PCT,LOW,baseSeed=626|nTx=24|nValidators=10|nShards=4|committee=3|quorum=2|loadThreshold=75|maxTime=240|crossShardPct=0|requestOfflinePct=10|receiptDropPct=29|ownerCap=3000|mobileThreshold=35,4,10,626,63,COMPLETE,24,19,19,3,19,10,4,0,19,19,14,10,90,0,0,0,317,516,19,658,14,4375,1626,3,2278,400
OFAT,REQUEST_OFFLINE_PCT,LOW,baseSeed=626|nTx=24|nValidators=10|nShards=4|committee=3|quorum=2|loadThreshold=75|maxTime=240|crossShardPct=0|requestOfflinePct=10|receiptDropPct=29|ownerCap=3000|mobileThreshold=35,4,11,626,63,COMPLETE,24,20,20,2,20,10,4,0,20,20,14,10,94,0,0,0,331,529,20,640,14,5024,1827,3,2540,400
OFAT,REQUEST_OFFLINE_PCT,LOW,baseSeed=626|nTx=24|nValidators=10|nShards=4|committee=3|quorum=2|loadThreshold=75|maxTime=240|crossShardPct=0|requestOfflinePct=10|receiptDropPct=29|ownerCap=3000|mobileThreshold=35,4,12,626,63,COMPLETE,24,19,19,2,19,10,4,0,19,19,12,12,88,0,0,0,315,501,19,564,12,3660,1449,3,2145,300
OFAT,REQUEST_OFFLINE_PCT,LOW,baseSeed=626|nTx=24|nValidators=10|nShards=4|committee=3|quorum=2|loadThreshold=75|maxTime=240|crossShardPct=0|requestOfflinePct=10|receiptDropPct=29|ownerCap=3000|mobileThreshold=35,4,13,626,46,COMPLETE,24,19,19,0,19,10,4,0,19,19,13,11,89,0,0,0,316,476,19,572,13,5391,2108,2,3574,400
OFAT,REQUEST_OFFLINE_PCT,LOW,baseSeed=626|nTx=24|nValidators=10|nShards=4|committee=3|quorum=2|loadThreshold=75|maxTime=240|crossShardPct=0|requestOfflinePct=10|receiptDropPct=29|ownerCap=3000|mobileThreshold=35,4,14,626,63,COMPLETE,24,20,20,1,20,10,4,0,20,20,13,11,93,0,0,0,330,515,20,589,13,4569,1724,3,2439,300
OFAT,REQUEST_OFFLINE_PCT,LOW,baseSeed=626|nTx=24|nValidators=10|nShards=4|committee=3|quorum=2|loadThreshold=75|maxTime=240|crossShardPct=0|requestOfflinePct=10|receiptDropPct=29|ownerCap=3000|mobileThreshold=35,4,15,626,62,COMPLETE,24,20,20,1,20,10,4,0,20,20,13,11,93,0,0,0,330,514,20,593,13,4658,1808,3,3048,300
OFAT,REQUEST_OFFLINE_PCT,LOW,baseSeed=626|nTx=24|nValidators=10|nShards=4|committee=3|quorum=2|loadThreshold=75|maxTime=240|crossShardPct=0|requestOfflinePct=10|receiptDropPct=29|ownerCap=3000|mobileThreshold=35,4,16,626,62,COMPLETE,24,19,19,2,19,10,4,0,19,19,12,12,88,0,0,0,315,500,19,546,12,4948,1793,3,2489,200
OFAT,REQUEST_OFFLINE_PCT,LOW,baseSeed=626|nTx=24|nValidators=10|nShards=4|committee=3|quorum=2|loadThreshold=75|maxTime=240|crossShardPct=0|requestOfflinePct=10|receiptDropPct=29|ownerCap=3000|mobileThreshold=35,4,17,626,61,COMPLETE,24,20,20,1,20,10,4,0,20,20,13,11,93,0,0,0,330,514,20,592,13,4934,1801,3,2723,300
OFAT,REQUEST_OFFLINE_PCT,LOW,baseSeed=626|nTx=24|nValidators=10|nShards=4|committee=3|quorum=2|loadThreshold=75|maxTime=240|crossShardPct=0|requestOfflinePct=10|receiptDropPct=29|ownerCap=3000|mobileThreshold=35,4,18,626,62,COMPLETE,24,20,20,2,20,10,4,0,20,20,14,10,94,0,0,0,331,527,20,655,14,5879,2407,2,3830,400
OFAT,REQUEST_OFFLINE_PCT,LOW,baseSeed=626|nTx=24|nValidators=10|nShards=4|committee=3|quorum=2|loadThreshold=75|maxTime=240|crossShardPct=0|requestOfflinePct=10|receiptDropPct=29|ownerCap=3000|mobileThreshold=35,4,19,626,63,COMPLETE,24,19,19,1,19,10,4,0,19,19,12,12,88,0,0,0,315,488,19,547,12,4467,1704,3,2274,300
OFAT,REQUEST_OFFLINE_PCT,LOW,baseSeed=626|nTx=24|nValidators=10|nShards=4|committee=3|quorum=2|loadThreshold=75|maxTime=240|crossShardPct=0|requestOfflinePct=10|receiptDropPct=29|ownerCap=3000|mobileThreshold=35,4,20,626,46,COMPLETE,24,19,19,0,19,10,4,0,19,19,13,11,89,0,0,0,316,476,19,574,13,5731,2414,2,4085,400
OFAT,REQUEST_OFFLINE_PCT,LOW,baseSeed=626|nTx=24|nValidators=10|nShards=4|committee=3|quorum=2|loadThreshold=75|maxTime=240|crossShardPct=0|requestOfflinePct=10|receiptDropPct=29|ownerCap=3000|mobileThreshold=35,4,21,626,64,COMPLETE,24,18,18,3,18,10,4,0,18,18,13,11,85,0,0,0,302,488,18,627,13,4723,1780,3,2991,200
OFAT,REQUEST_OFFLINE_PCT,LOW,baseSeed=626|nTx=24|nValidators=10|nShards=4|committee=3|quorum=2|loadThreshold=75|maxTime=240|crossShardPct=0|requestOfflinePct=10|receiptDropPct=29|ownerCap=3000|mobileThreshold=35,4,22,626,63,COMPLETE,24,20,20,5,20,10,4,0,20,20,13,11,93,0,0,0,330,565,20,627,13,5146,1858,3,2601,300
OFAT,REQUEST_OFFLINE_PCT,LOW,baseSeed=626|nTx=24|nValidators=10|nShards=4|committee=3|quorum=2|loadThreshold=75|maxTime=240|crossShardPct=0|requestOfflinePct=10|receiptDropPct=29|ownerCap=3000|mobileThreshold=35,4,23,626,64,COMPLETE,24,19,19,5,19,10,4,0,19,19,13,11,89,0,0,0,316,539,19,647,13,4897,1772,3,2553,300
OFAT,REQUEST_OFFLINE_PCT,LOW,baseSeed=626|nTx=24|nValidators=10|nShards=4|committee=3|quorum=2|loadThreshold=75|maxTime=240|crossShardPct=0|requestOfflinePct=10|receiptDropPct=29|ownerCap=3000|mobileThreshold=35,4,24,626,63,COMPLETE,24,20,20,2,20,10,4,0,20,20,14,10,94,0,0,0,331,526,20,654,14,4540,1642,3,2419,300
OFAT,REQUEST_OFFLINE_PCT,LOW,baseSeed=626|nTx=24|nValidators=10|nShards=4|committee=3|quorum=2|loadThreshold=75|maxTime=240|crossShardPct=0|requestOfflinePct=10|receiptDropPct=29|ownerCap=3000|mobileThreshold=35,4,25,626,63,COMPLETE,24,20,20,5,20,10,4,0,20,20,13,11,93,0,0,0,330,566,20,629,13,3764,1475,3,2398,200
OFAT,REQUEST_OFFLINE_PCT,LOW,baseSeed=626|nTx=24|nValidators=10|nShards=4|committee=3|quorum=2|loadThreshold=75|maxTime=240|crossShardPct=0|requestOfflinePct=10|receiptDropPct=29|ownerCap=3000|mobileThreshold=35,4,26,626,63,COMPLETE,24,20,20,4,20,10,4,0,20,20,13,11,93,0,0,0,330,552,20,609,13,4479,1642,3,2154,300
OFAT,REQUEST_OFFLINE_PCT,LOW,baseSeed=626|nTx=24|nValidators=10|nShards=4|committee=3|quorum=2|loadThreshold=75|maxTime=240|crossShardPct=0|requestOfflinePct=10|receiptDropPct=29|ownerCap=3000|mobileThreshold=35,4,27,626,62,COMPLETE,24,19,19,1,19,10,4,0,19,19,12,12,88,0,0,0,315,489,19,548,12,4819,2128,2,3905,300
OFAT,REQUEST_OFFLINE_PCT,LOW,baseSeed=626|nTx=24|nValidators=10|nShards=4|committee=3|quorum=2|loadThreshold=75|maxTime=240|crossShardPct=0|requestOfflinePct=10|receiptDropPct=29|ownerCap=3000|mobileThreshold=35,4,28,626,63,COMPLETE,24,20,20,2,20,10,4,0,20,20,13,11,93,0,0,0,330,526,20,608,13,5682,2405,2,4105,300
OFAT,REQUEST_OFFLINE_PCT,LOW,baseSeed=626|nTx=24|nValidators=10|nShards=4|committee=3|quorum=2|loadThreshold=75|maxTime=240|crossShardPct=0|requestOfflinePct=10|receiptDropPct=29|ownerCap=3000|mobileThreshold=35,4,29,626,63,COMPLETE,24,19,19,1,19,10,4,0,19,19,14,10,90,0,0,0,317,488,19,617,14,4713,2080,2,3839,300
OFAT,REQUEST_OFFLINE_PCT,LOW,baseSeed=626|nTx=24|nValidators=10|nShards=4|committee=3|quorum=2|loadThreshold=75|maxTime=240|crossShardPct=0|requestOfflinePct=10|receiptDropPct=29|ownerCap=3000|mobileThreshold=35,4,30,626,63,COMPLETE,24,20,20,4,20,10,4,0,20,20,12,12,92,0,0,0,329,552,20,583,12,4196,1576,3,2131,300
OFAT,REQUEST_OFFLINE_PCT,LOW,baseSeed=626|nTx=24|nValidators=10|nShards=4|committee=3|quorum=2|loadThreshold=75|maxTime=240|crossShardPct=0|requestOfflinePct=10|receiptDropPct=29|ownerCap=3000|mobileThreshold=35,4,31,626,63,COMPLETE,24,19,19,2,19,10,4,0,19,19,12,12,88,0,0,0,315,502,19,530,12,5291,2011,2,3218,300
OFAT,REQUEST_OFFLINE_PCT,LOW,baseSeed=626|nTx=24|nValidators=10|nShards=4|committee=3|quorum=2|loadThreshold=75|maxTime=240|crossShardPct=0|requestOfflinePct=10|receiptDropPct=29|ownerCap=3000|mobileThreshold=35,4,32,626,64,COMPLETE,24,19,19,5,19,10,4,0,19,19,14,10,90,0,0,0,317,540,19,674,14,4594,1667,3,2531,300
OFAT,REQUEST_OFFLINE_PCT,LOW,baseSeed=626|nTx=24|nValidators=10|nShards=4|committee=3|quorum=2|loadThreshold=75|maxTime=240|crossShardPct=0|requestOfflinePct=10|receiptDropPct=29|ownerCap=3000|mobileThreshold=35,4,33,626,63,COMPLETE,24,20,20,4,20,10,4,0,20,20,13,11,93,0,0,0,330,553,20,626,13,5317,2016,2,3333,300
OFAT,REQUEST_OFFLINE_PCT,LOW,baseSeed=626|nTx=24|nValidators=10|nShards=4|committee=3|quorum=2|loadThreshold=75|maxTime=240|crossShardPct=0|requestOfflinePct=10|receiptDropPct=29|ownerCap=3000|mobileThreshold=35,4,34,626,63,COMPLETE,24,20,20,3,20,10,4,0,20,20,13,11,93,0,0,0,330,539,20,608,13,4991,2045,2,3699,300
OFAT,REQUEST_OFFLINE_PCT,LOW,baseSeed=626|nTx=24|nValidators=10|nShards=4|committee=3|quorum=2|loadThreshold=75|maxTime=240|crossShardPct=0|requestOfflinePct=10|receiptDropPct=29|ownerCap=3000|mobileThreshold=35,4,35,626,64,COMPLETE,24,20,20,3,20,10,4,0,20,20,14,10,94,0,0,0,331,541,20,671,14,5629,2320,2,3911,200
OFAT,REQUEST_OFFLINE_PCT,LOW,baseSeed=626|nTx=24|nValidators=10|nShards=4|committee=3|quorum=2|loadThreshold=75|maxTime=240|crossShardPct=0|requestOfflinePct=10|receiptDropPct=29|ownerCap=3000|mobileThreshold=35,4,36,626,63,COMPLETE,24,20,20,1,20,10,4,0,20,20,13,11,93,0,0,0,330,516,20,594,13,5308,2043,2,3333,400
OFAT,REQUEST_OFFLINE_PCT,LOW,baseSeed=626|nTx=24|nValidators=10|nShards=4|committee=3|quorum=2|loadThreshold=75|maxTime=240|crossShardPct=0|requestOfflinePct=10|receiptDropPct=29|ownerCap=3000|mobileThreshold=35,4,37,626,62,COMPLETE,24,20,20,2,20,10,4,0,20,20,13,11,93,0,0,0,330,527,20,610,13,5154,1944,2,3048,300
OFAT,REQUEST_OFFLINE_PCT,LOW,baseSeed=626|nTx=24|nValidators=10|nShards=4|committee=3|quorum=2|loadThreshold=75|maxTime=240|crossShardPct=0|requestOfflinePct=10|receiptDropPct=29|ownerCap=3000|mobileThreshold=35,4,38,626,64,COMPLETE,24,20,20,3,20,10,4,0,20,20,14,10,94,0,0,0,331,539,20,636,14,4741,1730,3,2419,300
OFAT,REQUEST_OFFLINE_PCT,LOW,baseSeed=626|nTx=24|nValidators=10|nShards=4|committee=3|quorum=2|loadThreshold=75|maxTime=240|crossShardPct=0|requestOfflinePct=10|receiptDropPct=29|ownerCap=3000|mobileThreshold=35,4,39,626,62,COMPLETE,24,20,20,1,20,10,4,0,20,20,13,11,93,0,0,0,330,514,20,572,13,4528,1713,3,2479,300
OFAT,REQUEST_OFFLINE_PCT,LOW,baseSeed=626|nTx=24|nValidators=10|nShards=4|committee=3|quorum=2|loadThreshold=75|maxTime=240|crossShardPct=0|requestOfflinePct=10|receiptDropPct=29|ownerCap=3000|mobileThreshold=35,4,40,626,61,COMPLETE,24,21,21,1,21,10,4,0,21,21,14,10,98,0,0,0,345,541,21,633,14,5169,1859,3,3127,200
OFAT,REQUEST_OFFLINE_PCT,LOW,baseSeed=626|nTx=24|nValidators=10|nShards=4|committee=3|quorum=2|loadThreshold=75|maxTime=240|crossShardPct=0|requestOfflinePct=10|receiptDropPct=29|ownerCap=3000|mobileThreshold=35,4,41,626,64,COMPLETE,24,19,19,4,19,10,4,0,19,19,12,12,88,0,0,0,315,526,19,584,12,4708,1727,3,2618,300
OFAT,REQUEST_OFFLINE_PCT,LOW,baseSeed=626|nTx=24|nValidators=10|nShards=4|committee=3|quorum=2|loadThreshold=75|maxTime=240|crossShardPct=0|requestOfflinePct=10|receiptDropPct=29|ownerCap=3000|mobileThreshold=35,4,42,626,63,COMPLETE,24,20,20,4,20,10,4,0,20,20,13,11,93,0,0,0,330,554,20,612,13,4203,1575,3,2113,400
OFAT,REQUEST_OFFLINE_PCT,LOW,baseSeed=626|nTx=24|nValidators=10|nShards=4|committee=3|quorum=2|loadThreshold=75|maxTime=240|crossShardPct=0|requestOfflinePct=10|receiptDropPct=29|ownerCap=3000|mobileThreshold=35,4,43,626,64,COMPLETE,24,18,18,2,18,10,4,0,18,18,14,10,86,0,0,0,303,475,18,634,14,4460,1699,3,2477,400
OFAT,REQUEST_OFFLINE_PCT,LOW,baseSeed=626|nTx=24|nValidators=10|nShards=4|committee=3|quorum=2|loadThreshold=75|maxTime=240|crossShardPct=0|requestOfflinePct=10|receiptDropPct=29|ownerCap=3000|mobileThreshold=35,4,44,626,63,COMPLETE,24,22,22,4,22,10,4,0,22,22,15,9,103,0,0,0,360,607,22,722,15,5992,2502,2,3676,200
OFAT,REQUEST_OFFLINE_PCT,LOW,baseSeed=626|nTx=24|nValidators=10|nShards=4|committee=3|quorum=2|loadThreshold=75|maxTime=240|crossShardPct=0|requestOfflinePct=10|receiptDropPct=29|ownerCap=3000|mobileThreshold=35,4,45,626,62,COMPLETE,24,19,19,2,19,10,4,0,19,19,12,12,88,0,0,0,315,500,19,567,12,4579,1694,3,2231,300
OFAT,REQUEST_OFFLINE_PCT,LOW,baseSeed=626|nTx=24|nValidators=10|nShards=4|committee=3|quorum=2|loadThreshold=75|maxTime=240|crossShardPct=0|requestOfflinePct=10|receiptDropPct=29|ownerCap=3000|mobileThreshold=35,4,46,626,63,COMPLETE,24,21,21,3,21,10,4,0,21,21,14,10,98,0,0,0,345,567,21,652,14,5864,2372,2,3861,300
OFAT,REQUEST_OFFLINE_PCT,LOW,baseSeed=626|nTx=24|nValidators=10|nShards=4|committee=3|quorum=2|loadThreshold=75|maxTime=240|crossShardPct=0|requestOfflinePct=10|receiptDropPct=29|ownerCap=3000|mobileThreshold=35,4,47,626,63,COMPLETE,24,19,19,4,19,10,4,0,19,19,12,12,88,0,0,0,315,526,19,580,12,5103,1854,3,2875,100
OFAT,REQUEST_OFFLINE_PCT,LOW,baseSeed=626|nTx=24|nValidators=10|nShards=4|committee=3|quorum=2|loadThreshold=75|maxTime=240|crossShardPct=0|requestOfflinePct=10|receiptDropPct=29|ownerCap=3000|mobileThreshold=35,4,48,626,61,COMPLETE,24,21,21,1,21,10,4,0,21,21,14,10,98,0,0,0,345,541,21,633,14,5247,2031,2,2895,400
OFAT,REQUEST_OFFLINE_PCT,LOW,baseSeed=626|nTx=24|nValidators=10|nShards=4|committee=3|quorum=2|loadThreshold=75|maxTime=240|crossShardPct=0|requestOfflinePct=10|receiptDropPct=29|ownerCap=3000|mobileThreshold=35,4,49,626,63,COMPLETE,24,19,19,5,19,10,4,0,19,19,13,11,89,0,0,0,316,538,19,627,13,5153,1846,3,2638,200
OFAT,REQUEST_OFFLINE_PCT,LOW,baseSeed=626|nTx=24|nValidators=10|nShards=4|committee=3|quorum=2|loadThreshold=75|maxTime=240|crossShardPct=0|requestOfflinePct=10|receiptDropPct=29|ownerCap=3000|mobileThreshold=35,4,50,626,63,COMPLETE,24,21,21,3,21,10,4,0,21,21,14,10,98,0,0,0,345,566,21,672,14,4714,1722,3,2316,300
OFAT,REQUEST_OFFLINE_PCT,LOW,baseSeed=626|nTx=24|nValidators=10|nShards=4|committee=3|quorum=2|loadThreshold=75|maxTime=240|crossShardPct=0|requestOfflinePct=10|receiptDropPct=29|ownerCap=3000|mobileThreshold=35,4,51,626,62,COMPLETE,24,20,20,1,20,10,4,0,20,20,14,10,94,0,0,0,331,515,20,636,14,6241,2451,2,3750,300
OFAT,REQUEST_OFFLINE_PCT,LOW,baseSeed=626|nTx=24|nValidators=10|nShards=4|committee=3|quorum=2|loadThreshold=75|maxTime=240|crossShardPct=0|requestOfflinePct=10|receiptDropPct=29|ownerCap=3000|mobileThreshold=35,4,52,626,63,COMPLETE,24,20,20,2,20,10,4,0,20,20,13,11,93,0,0,0,330,527,20,609,13,5008,1826,3,2520,200
OFAT,REQUEST_OFFLINE_PCT,LOW,baseSeed=626|nTx=24|nValidators=10|nShards=4|committee=3|quorum=2|loadThreshold=75|maxTime=240|crossShardPct=0|requestOfflinePct=10|receiptDropPct=29|ownerCap=3000|mobileThreshold=35,4,53,626,62,COMPLETE,24,19,19,3,19,10,4,0,19,19,12,12,88,0,0,0,315,514,19,568,12,5231,2008,2,2918,300
OFAT,REQUEST_OFFLINE_PCT,LOW,baseSeed=626|nTx=24|nValidators=10|nShards=4|committee=3|quorum=2|loadThreshold=75|maxTime=240|crossShardPct=0|requestOfflinePct=10|receiptDropPct=29|ownerCap=3000|mobileThreshold=35,4,54,626,63,COMPLETE,24,19,19,2,19,10,4,0,19,19,14,10,90,0,0,0,317,500,19,635,14,4789,1750,3,2362,300
OFAT,REQUEST_OFFLINE_PCT,LOW,baseSeed=626|nTx=24|nValidators=10|nShards=4|committee=3|quorum=2|loadThreshold=75|maxTime=240|crossShardPct=0|requestOfflinePct=10|receiptDropPct=29|ownerCap=3000|mobileThreshold=35,4,55,626,64,COMPLETE,24,20,20,2,20,10,4,0,20,20,13,11,93,0,0,0,330,527,20,571,13,5560,2186,2,3414,400
OFAT,REQUEST_OFFLINE_PCT,LOW,baseSeed=626|nTx=24|nValidators=10|nShards=4|committee=3|quorum=2|loadThreshold=75|maxTime=240|crossShardPct=0|requestOfflinePct=10|receiptDropPct=29|ownerCap=3000|mobileThreshold=35,4,56,626,62,COMPLETE,24,20,20,2,20,10,4,0,20,20,12,12,92,0,0,0,329,527,20,563,12,5122,1854,3,2459,300
OFAT,REQUEST_OFFLINE_PCT,LOW,baseSeed=626|nTx=24|nValidators=10|nShards=4|committee=3|quorum=2|loadThreshold=75|maxTime=240|crossShardPct=0|requestOfflinePct=10|receiptDropPct=29|ownerCap=3000|mobileThreshold=35,4,57,626,63,COMPLETE,24,19,19,2,19,10,4,0,19,19,14,10,90,0,0,0,317,500,19,650,14,5911,2432,2,3628,200
OFAT,REQUEST_OFFLINE_PCT,LOW,baseSeed=626|nTx=24|nValidators=10|nShards=4|committee=3|quorum=2|loadThreshold=75|maxTime=240|crossShardPct=0|requestOfflinePct=10|receiptDropPct=29|ownerCap=3000|mobileThreshold=35,4,58,626,63,COMPLETE,24,20,20,2,20,10,4,0,20,20,13,11,93,0,0,0,330,528,20,590,13,4894,1763,3,2398,100
OFAT,REQUEST_OFFLINE_PCT,LOW,baseSeed=626|nTx=24|nValidators=10|nShards=4|committee=3|quorum=2|loadThreshold=75|maxTime=240|crossShardPct=0|requestOfflinePct=10|receiptDropPct=29|ownerCap=3000|mobileThreshold=35,4,59,626,63,COMPLETE,24,19,19,3,19,10,4,0,19,19,12,12,88,0,0,0,315,514,19,585,12,5051,1833,3,2918,300
OFAT,REQUEST_OFFLINE_PCT,LOW,baseSeed=626|nTx=24|nValidators=10|nShards=4|committee=3|quorum=2|loadThreshold=75|maxTime=240|crossShardPct=0|requestOfflinePct=10|receiptDropPct=29|ownerCap=3000|mobileThreshold=35,4,60,626,63,COMPLETE,24,20,20,2,20,10,4,0,20,20,13,11,93,0,0,0,330,527,20,593,13,4991,1811,3,2357,300
OFAT,REQUEST_OFFLINE_PCT,LOW,baseSeed=626|nTx=24|nValidators=10|nShards=4|committee=3|quorum=2|loadThreshold=75|maxTime=240|crossShardPct=0|requestOfflinePct=10|receiptDropPct=29|ownerCap=3000|mobileThreshold=35,4,61,626,63,COMPLETE,24,19,19,3,19,10,4,0,19,19,12,12,88,0,0,0,315,514,19,566,12,5515,2195,2,3733,300
OFAT,REQUEST_OFFLINE_PCT,LOW,baseSeed=626|nTx=24|nValidators=10|nShards=4|committee=3|quorum=2|loadThreshold=75|maxTime=240|crossShardPct=0|requestOfflinePct=10|receiptDropPct=29|ownerCap=3000|mobileThreshold=35,4,62,626,64,COMPLETE,24,20,20,4,20,10,4,0,20,20,14,10,94,0,0,0,331,553,20,657,14,6330,2512,2,3306,200
OFAT,REQUEST_OFFLINE_PCT,LOW,baseSeed=626|nTx=24|nValidators=10|nShards=4|committee=3|quorum=2|loadThreshold=75|maxTime=240|crossShardPct=0|requestOfflinePct=10|receiptDropPct=29|ownerCap=3000|mobileThreshold=35,4,63,626,64,COMPLETE,24,19,19,2,19,10,4,0,19,19,13,11,89,0,0,0,316,500,19,588,13,5212,1890,3,2595,300
OFAT,REQUEST_OFFLINE_PCT,LOW,baseSeed=626|nTx=24|nValidators=10|nShards=4|committee=3|quorum=2|loadThreshold=75|maxTime=240|crossShardPct=0|requestOfflinePct=10|receiptDropPct=29|ownerCap=3000|mobileThreshold=35,4,64,626,61,COMPLETE,24,19,19,1,19,10,4,0,19,19,12,12,88,0,0,0,315,487,19,547,12,5669,2236,2,3605,300
OFAT,REQUEST_OFFLINE_PCT,LOW,baseSeed=626|nTx=24|nValidators=10|nShards=4|committee=3|quorum=2|loadThreshold=75|maxTime=240|crossShardPct=0|requestOfflinePct=10|receiptDropPct=29|ownerCap=3000|mobileThreshold=35,4,65,626,45,COMPLETE,24,19,19,0,19,10,4,0,19,19,14,10,90,0,0,0,317,475,19,617,14,4789,1734,3,2531,300
OFAT,REQUEST_OFFLINE_PCT,LOW,baseSeed=626|nTx=24|nValidators=10|nShards=4|committee=3|quorum=2|loadThreshold=75|maxTime=240|crossShardPct=0|requestOfflinePct=10|receiptDropPct=29|ownerCap=3000|mobileThreshold=35,4,66,626,62,COMPLETE,24,19,19,2,19,10,4,0,19,19,13,11,89,0,0,0,316,501,19,610,13,5136,1995,2,3191,200
OFAT,REQUEST_OFFLINE_PCT,LOW,baseSeed=626|nTx=24|nValidators=10|nShards=4|committee=3|quorum=2|loadThreshold=75|maxTime=240|crossShardPct=0|requestOfflinePct=10|receiptDropPct=29|ownerCap=3000|mobileThreshold=35,4,67,626,63,COMPLETE,24,20,20,4,20,10,4,0,20,20,12,12,92,0,0,0,329,553,20,566,12,5942,2275,2,3360,200
OFAT,REQUEST_OFFLINE_PCT,LOW,baseSeed=626|nTx=24|nValidators=10|nShards=4|committee=3|quorum=2|loadThreshold=75|maxTime=240|crossShardPct=0|requestOfflinePct=10|receiptDropPct=29|ownerCap=3000|mobileThreshold=35,4,68,626,63,COMPLETE,24,19,19,4,19,10,4,0,19,19,14,10,90,0,0,0,317,525,19,654,14,5000,1839,3,2869,300
OFAT,REQUEST_OFFLINE_PCT,LOW,baseSeed=626|nTx=24|nValidators=10|nShards=4|committee=3|quorum=2|loadThreshold=75|maxTime=240|crossShardPct=0|requestOfflinePct=10|receiptDropPct=29|ownerCap=3000|mobileThreshold=35,4,69,626,63,COMPLETE,24,20,20,3,20,10,4,0,20,20,14,10,94,0,0,0,331,540,20,660,14,5959,2419,2,4032,200
OFAT,REQUEST_OFFLINE_PCT,LOW,baseSeed=626|nTx=24|nValidators=10|nShards=4|committee=3|quorum=2|loadThreshold=75|maxTime=240|crossShardPct=0|requestOfflinePct=10|receiptDropPct=29|ownerCap=3000|mobileThreshold=35,4,70,626,63,COMPLETE,24,20,20,4,20,10,4,0,20,20,12,12,92,0,0,0,329,552,20,584,12,4409,1633,3,2418,200
OFAT,REQUEST_OFFLINE_PCT,LOW,baseSeed=626|nTx=24|nValidators=10|nShards=4|committee=3|quorum=2|loadThreshold=75|maxTime=240|crossShardPct=0|requestOfflinePct=10|receiptDropPct=29|ownerCap=3000|mobileThreshold=35,4,71,626,64,COMPLETE,24,19,19,2,19,10,4,0,19,19,12,12,88,0,0,0,315,500,19,551,12,4484,1623,3,2403,300
OFAT,REQUEST_OFFLINE_PCT,LOW,baseSeed=626|nTx=24|nValidators=10|nShards=4|committee=3|quorum=2|loadThreshold=75|maxTime=240|crossShardPct=0|requestOfflinePct=10|receiptDropPct=29|ownerCap=3000|mobileThreshold=35,4,72,626,63,COMPLETE,24,20,20,4,20,10,4,0,20,20,13,11,93,0,0,0,330,553,20,611,13,4666,1728,3,2073,400
OFAT,REQUEST_OFFLINE_PCT,LOW,baseSeed=626|nTx=24|nValidators=10|nShards=4|committee=3|quorum=2|loadThreshold=75|maxTime=240|crossShardPct=0|requestOfflinePct=10|receiptDropPct=29|ownerCap=3000|mobileThreshold=35,4,73,626,63,COMPLETE,24,19,19,2,19,10,4,0,19,19,13,11,89,0,0,0,316,502,19,608,13,5170,1993,2,3234,300
OFAT,REQUEST_OFFLINE_PCT,LOW,baseSeed=626|nTx=24|nValidators=10|nShards=4|committee=3|quorum=2|loadThreshold=75|maxTime=240|crossShardPct=0|requestOfflinePct=10|receiptDropPct=29|ownerCap=3000|mobileThreshold=35,4,74,626,62,COMPLETE,24,20,20,2,20,10,4,0,20,20,14,10,94,0,0,0,331,527,20,617,14,4580,1694,3,2620,200
OFAT,REQUEST_OFFLINE_PCT,LOW,baseSeed=626|nTx=24|nValidators=10|nShards=4|committee=3|quorum=2|loadThreshold=75|maxTime=240|crossShardPct=0|requestOfflinePct=10|receiptDropPct=29|ownerCap=3000|mobileThreshold=35,4,75,626,63,COMPLETE,24,18,18,4,18,10,4,0,18,18,11,13,83,0,0,0,300,500,18,538,11,5063,2069,2,3590,300
OFAT,REQUEST_OFFLINE_PCT,LOW,baseSeed=626|nTx=24|nValidators=10|nShards=4|committee=3|quorum=2|loadThreshold=75|maxTime=240|crossShardPct=0|requestOfflinePct=10|receiptDropPct=29|ownerCap=3000|mobileThreshold=35,4,76,626,64,COMPLETE,24,20,20,3,20,10,4,0,20,20,14,10,94,0,0,0,331,541,20,656,14,5846,2380,2,3830,400
OFAT,REQUEST_OFFLINE_PCT,LOW,baseSeed=626|nTx=24|nValidators=10|nShards=4|committee=3|quorum=2|loadThreshold=75|maxTime=240|crossShardPct=0|requestOfflinePct=10|receiptDropPct=29|ownerCap=3000|mobileThreshold=35,4,77,626,63,COMPLETE,24,18,18,3,18,10,4,0,18,18,13,11,85,0,0,0,302,488,18,629,13,3839,1535,3,2678,300
OFAT,REQUEST_OFFLINE_PCT,LOW,baseSeed=626|nTx=24|nValidators=10|nShards=4|committee=3|quorum=2|loadThreshold=75|maxTime=240|crossShardPct=0|requestOfflinePct=10|receiptDropPct=29|ownerCap=3000|mobileThreshold=35,4,78,626,64,COMPLETE,24,21,21,4,21,10,4,0,21,21,13,11,97,0,0,0,344,580,21,627,13,5280,1961,2,2918,300
OFAT,REQUEST_OFFLINE_PCT,LOW,baseSeed=626|nTx=24|nValidators=10|nShards=4|committee=3|quorum=2|loadThreshold=75|maxTime=240|crossShardPct=0|requestOfflinePct=10|receiptDropPct=29|ownerCap=3000|mobileThreshold=35,4,79,626,64,COMPLETE,24,18,18,2,18,10,4,0,18,18,13,11,85,0,0,0,302,475,18,589,13,4357,1624,3,2589,300
OFAT,REQUEST_OFFLINE_PCT,LOW,baseSeed=626|nTx=24|nValidators=10|nShards=4|committee=3|quorum=2|loadThreshold=75|maxTime=240|crossShardPct=0|requestOfflinePct=10|receiptDropPct=29|ownerCap=3000|mobileThreshold=35,4,80,626,63,COMPLETE,24,21,21,2,21,10,4,0,21,21,14,10,98,0,0,0,345,553,21,637,14,5447,2123,2,3590,300
OFAT,REQUEST_OFFLINE_PCT,LOW,baseSeed=626|nTx=24|nValidators=10|nShards=4|committee=3|quorum=2|loadThreshold=75|maxTime=240|crossShardPct=0|requestOfflinePct=10|receiptDropPct=29|ownerCap=3000|mobileThreshold=35,4,81,626,63,COMPLETE,24,20,20,3,20,10,4,0,20,20,12,12,92,0,0,0,329,540,20,566,12,5098,1907,2,2581,200
OFAT,REQUEST_OFFLINE_PCT,LOW,baseSeed=626|nTx=24|nValidators=10|nShards=4|committee=3|quorum=2|loadThreshold=75|maxTime=240|crossShardPct=0|requestOfflinePct=10|receiptDropPct=29|ownerCap=3000|mobileThreshold=35,4,82,626,62,COMPLETE,24,19,19,2,19,10,4,0,19,19,13,11,89,0,0,0,316,501,19,592,13,5102,2002,2,3404,300
OFAT,REQUEST_OFFLINE_PCT,LOW,baseSeed=626|nTx=24|nValidators=10|nShards=4|committee=3|quorum=2|loadThreshold=75|maxTime=240|crossShardPct=0|requestOfflinePct=10|receiptDropPct=29|ownerCap=3000|mobileThreshold=35,4,83,626,63,COMPLETE,24,20,20,7,20,10,4,0,20,20,13,11,93,0,0,0,330,591,20,647,13,5365,2119,2,3495,200
OFAT,REQUEST_OFFLINE_PCT,LOW,baseSeed=626|nTx=24|nValidators=10|nShards=4|committee=3|quorum=2|loadThreshold=75|maxTime=240|crossShardPct=0|requestOfflinePct=10|receiptDropPct=29|ownerCap=3000|mobileThreshold=35,4,84,626,63,COMPLETE,24,19,19,5,19,10,4,0,19,19,13,11,89,0,0,0,316,540,19,614,13,5425,2158,2,3574,300
OFAT,REQUEST_OFFLINE_PCT,LOW,baseSeed=626|nTx=24|nValidators=10|nShards=4|committee=3|quorum=2|loadThreshold=75|maxTime=240|crossShardPct=0|requestOfflinePct=10|receiptDropPct=29|ownerCap=3000|mobileThreshold=35,4,85,626,63,COMPLETE,24,20,20,4,20,10,4,0,20,20,13,11,93,0,0,0,330,552,20,627,13,4609,1692,3,2439,200
OFAT,REQUEST_OFFLINE_PCT,LOW,baseSeed=626|nTx=24|nValidators=10|nShards=4|committee=3|quorum=2|loadThreshold=75|maxTime=240|crossShardPct=0|requestOfflinePct=10|receiptDropPct=29|ownerCap=3000|mobileThreshold=35,4,86,626,63,COMPLETE,24,19,19,3,19,10,4,0,19,19,12,12,88,0,0,0,315,513,19,529,12,3575,1456,3,2403,200
OFAT,REQUEST_OFFLINE_PCT,LOW,baseSeed=626|nTx=24|nValidators=10|nShards=4|committee=3|quorum=2|loadThreshold=75|maxTime=240|crossShardPct=0|requestOfflinePct=10|receiptDropPct=29|ownerCap=3000|mobileThreshold=35,4,87,626,61,COMPLETE,24,19,19,1,19,10,4,0,19,19,14,10,90,0,0,0,317,488,19,636,14,4662,1749,3,2827,300
OFAT,REQUEST_OFFLINE_PCT,LOW,baseSeed=626|nTx=24|nValidators=10|nShards=4|committee=3|quorum=2|loadThreshold=75|maxTime=240|crossShardPct=0|requestOfflinePct=10|receiptDropPct=29|ownerCap=3000|mobileThreshold=35,4,88,626,63,COMPLETE,24,20,20,2,20,10,4,0,20,20,14,10,94,0,0,0,331,527,20,640,14,3620,1475,3,2258,300
OFAT,REQUEST_OFFLINE_PCT,LOW,baseSeed=626|nTx=24|nValidators=10|nShards=4|committee=3|quorum=2|loadThreshold=75|maxTime=240|crossShardPct=0|requestOfflinePct=10|receiptDropPct=29|ownerCap=3000|mobileThreshold=35,4,89,626,63,COMPLETE,24,20,20,3,20,10,4,0,20,20,12,12,92,0,0,0,329,540,20,587,12,4491,1645,3,2090,300
OFAT,REQUEST_OFFLINE_PCT,LOW,baseSeed=626|nTx=24|nValidators=10|nShards=4|committee=3|quorum=2|loadThreshold=75|maxTime=240|crossShardPct=0|requestOfflinePct=10|receiptDropPct=29|ownerCap=3000|mobileThreshold=35,4,90,626,61,COMPLETE,24,21,21,1,21,10,4,0,21,21,15,9,99,0,0,0,346,540,21,679,15,4701,1721,3,2413,200
OFAT,REQUEST_OFFLINE_PCT,LOW,baseSeed=626|nTx=24|nValidators=10|nShards=4|committee=3|quorum=2|loadThreshold=75|maxTime=240|crossShardPct=0|requestOfflinePct=10|receiptDropPct=29|ownerCap=3000|mobileThreshold=35,4,91,626,63,COMPLETE,24,19,19,1,19,10,4,0,19,19,13,11,89,0,0,0,316,489,19,591,13,5331,1932,3,2595,400
OFAT,REQUEST_OFFLINE_PCT,LOW,baseSeed=626|nTx=24|nValidators=10|nShards=4|committee=3|quorum=2|loadThreshold=75|maxTime=240|crossShardPct=0|requestOfflinePct=10|receiptDropPct=29|ownerCap=3000|mobileThreshold=35,4,92,626,62,COMPLETE,24,21,21,2,21,10,4,0,21,21,13,11,97,0,0,0,344,553,21,575,13,5630,2360,2,4124,300
OFAT,REQUEST_OFFLINE_PCT,LOW,baseSeed=626|nTx=24|nValidators=10|nShards=4|committee=3|quorum=2|loadThreshold=75|maxTime=240|crossShardPct=0|requestOfflinePct=10|receiptDropPct=29|ownerCap=3000|mobileThreshold=35,4,93,626,63,COMPLETE,24,19,19,2,19,10,4,0,19,19,13,11,89,0,0,0,316,500,19,572,13,4676,1713,3,2170,300
OFAT,REQUEST_OFFLINE_PCT,LOW,baseSeed=626|nTx=24|nValidators=10|nShards=4|committee=3|quorum=2|loadThreshold=75|maxTime=240|crossShardPct=0|requestOfflinePct=10|receiptDropPct=29|ownerCap=3000|mobileThreshold=35,4,94,626,46,COMPLETE,24,21,21,0,21,10,4,0,21,21,14,10,98,0,0,0,345,528,21,621,14,5146,2194,2,3899,300
OFAT,REQUEST_OFFLINE_PCT,LOW,baseSeed=626|nTx=24|nValidators=10|nShards=4|committee=3|quorum=2|loadThreshold=75|maxTime=240|crossShardPct=0|requestOfflinePct=10|receiptDropPct=29|ownerCap=3000|mobileThreshold=35,4,95,626,62,COMPLETE,24,20,20,1,20,10,4,0,20,20,13,11,93,0,0,0,330,515,20,572,13,4747,1843,3,2764,200
OFAT,REQUEST_OFFLINE_PCT,LOW,baseSeed=626|nTx=24|nValidators=10|nShards=4|committee=3|quorum=2|loadThreshold=75|maxTime=240|crossShardPct=0|requestOfflinePct=10|receiptDropPct=29|ownerCap=3000|mobileThreshold=35,4,96,626,63,COMPLETE,24,21,21,2,21,10,4,0,21,21,14,10,98,0,0,0,345,555,21,654,14,4621,1725,3,2084,300
OFAT,REQUEST_OFFLINE_PCT,LOW,baseSeed=626|nTx=24|nValidators=10|nShards=4|committee=3|quorum=2|loadThreshold=75|maxTime=240|crossShardPct=0|requestOfflinePct=10|receiptDropPct=29|ownerCap=3000|mobileThreshold=35,4,97,626,62,COMPLETE,24,18,18,2,18,10,4,0,18,18,12,12,84,0,0,0,301,474,18,546,12,4279,1595,3,2342,400
OFAT,REQUEST_OFFLINE_PCT,LOW,baseSeed=626|nTx=24|nValidators=10|nShards=4|committee=3|quorum=2|loadThreshold=75|maxTime=240|crossShardPct=0|requestOfflinePct=10|receiptDropPct=29|ownerCap=3000|mobileThreshold=35,4,98,626,62,COMPLETE,24,20,20,2,20,10,4,0,20,20,14,10,94,0,0,0,331,528,20,638,14,5258,2169,2,3750,200
OFAT,REQUEST_OFFLINE_PCT,LOW,baseSeed=626|nTx=24|nValidators=10|nShards=4|committee=3|quorum=2|loadThreshold=75|maxTime=240|crossShardPct=0|requestOfflinePct=10|receiptDropPct=29|ownerCap=3000|mobileThreshold=35,4,99,626,62,COMPLETE,24,19,19,2,19,10,4,0,19,19,14,10,90,0,0,0,317,501,19,637,14,4637,1725,3,3248,200
OFAT,REQUEST_OFFLINE_PCT,LOW,baseSeed=626|nTx=24|nValidators=10|nShards=4|committee=3|quorum=2|loadThreshold=75|maxTime=240|crossShardPct=0|requestOfflinePct=10|receiptDropPct=29|ownerCap=3000|mobileThreshold=35,4,100,626,63,COMPLETE,24,21,21,4,21,10,4,0,21,21,13,11,97,0,0,0,344,580,21,595,13,4618,1817,2,3073,300
OFAT,REQUEST_OFFLINE_PCT,DEFAULT,baseSeed=626|nTx=24|nValidators=10|nShards=4|committee=3|quorum=2|loadThreshold=75|maxTime=240|crossShardPct=0|requestOfflinePct=20|receiptDropPct=29|ownerCap=3000|mobileThreshold=35,4,1,626,61,COMPLETE,24,17,17,1,17,10,4,0,17,17,10,14,78,0,0,0,285,435,17,437,10,5657,2243,2,3526,300
OFAT,REQUEST_OFFLINE_PCT,DEFAULT,baseSeed=626|nTx=24|nValidators=10|nShards=4|committee=3|quorum=2|loadThreshold=75|maxTime=240|crossShardPct=0|requestOfflinePct=20|receiptDropPct=29|ownerCap=3000|mobileThreshold=35,4,2,626,61,COMPLETE,24,17,17,1,17,10,4,0,17,17,12,12,80,0,0,0,287,435,17,525,12,4971,1786,3,2654,200
OFAT,REQUEST_OFFLINE_PCT,DEFAULT,baseSeed=626|nTx=24|nValidators=10|nShards=4|committee=3|quorum=2|loadThreshold=75|maxTime=240|crossShardPct=0|requestOfflinePct=20|receiptDropPct=29|ownerCap=3000|mobileThreshold=35,4,3,626,62,COMPLETE,24,17,17,1,17,10,4,0,17,17,12,12,80,0,0,0,287,436,17,529,12,6090,2466,2,4028,300
OFAT,REQUEST_OFFLINE_PCT,DEFAULT,baseSeed=626|nTx=24|nValidators=10|nShards=4|committee=3|quorum=2|loadThreshold=75|maxTime=240|crossShardPct=0|requestOfflinePct=20|receiptDropPct=29|ownerCap=3000|mobileThreshold=35,4,4,626,64,COMPLETE,24,17,17,2,17,10,4,0,17,17,11,13,79,0,0,0,286,449,17,484,11,4952,1791,3,2248,300
OFAT,REQUEST_OFFLINE_PCT,DEFAULT,baseSeed=626|nTx=24|nValidators=10|nShards=4|committee=3|quorum=2|loadThreshold=75|maxTime=240|crossShardPct=0|requestOfflinePct=20|receiptDropPct=29|ownerCap=3000|mobileThreshold=35,4,5,626,63,COMPLETE,24,18,18,2,18,10,4,0,18,18,11,13,83,0,0,0,300,474,18,521,11,4945,1812,3,2363,300
OFAT,REQUEST_OFFLINE_PCT,DEFAULT,baseSeed=626|nTx=24|nValidators=10|nShards=4|committee=3|quorum=2|loadThreshold=75|maxTime=240|crossShardPct=0|requestOfflinePct=20|receiptDropPct=29|ownerCap=3000|mobileThreshold=35,4,6,626,63,COMPLETE,24,17,17,2,17,10,4,0,17,17,11,13,79,0,0,0,286,448,17,497,11,6454,2597,2,3923,300
OFAT,REQUEST_OFFLINE_PCT,DEFAULT,baseSeed=626|nTx=24|nValidators=10|nShards=4|committee=3|quorum=2|loadThreshold=75|maxTime=240|crossShardPct=0|requestOfflinePct=20|receiptDropPct=29|ownerCap=3000|mobileThreshold=35,4,7,626,62,COMPLETE,24,17,17,1,17,10,4,0,17,17,12,12,80,0,0,0,287,436,17,546,12,4042,1552,3,1990,300
OFAT,REQUEST_OFFLINE_PCT,DEFAULT,baseSeed=626|nTx=24|nValidators=10|nShards=4|committee=3|quorum=2|loadThreshold=75|maxTime=240|crossShardPct=0|requestOfflinePct=20|receiptDropPct=29|ownerCap=3000|mobileThreshold=35,4,8,626,62,COMPLETE,24,17,17,1,17,10,4,0,17,17,11,13,79,0,0,0,286,436,17,501,11,4435,1673,3,2344,400
OFAT,REQUEST_OFFLINE_PCT,DEFAULT,baseSeed=626|nTx=24|nValidators=10|nShards=4|committee=3|quorum=2|loadThreshold=75|maxTime=240|crossShardPct=0|requestOfflinePct=20|receiptDropPct=29|ownerCap=3000|mobileThreshold=35,4,9,626,61,COMPLETE,24,16,16,1,16,10,4,0,16,16,11,13,75,0,0,0,272,410,16,500,11,4545,1714,3,2474,400
OFAT,REQUEST_OFFLINE_PCT,DEFAULT,baseSeed=626|nTx=24|nValidators=10|nShards=4|committee=3|quorum=2|loadThreshold=75|maxTime=240|crossShardPct=0|requestOfflinePct=20|receiptDropPct=29|ownerCap=3000|mobileThreshold=35,4,10,626,63,COMPLETE,24,17,17,1,17,10,4,0,17,17,12,12,80,0,0,0,287,436,17,544,12,4251,1602,3,2369,200
OFAT,REQUEST_OFFLINE_PCT,DEFAULT,baseSeed=626|nTx=24|nValidators=10|nShards=4|committee=3|quorum=2|loadThreshold=75|maxTime=240|crossShardPct=0|requestOfflinePct=20|receiptDropPct=29|ownerCap=3000|mobileThreshold=35,4,11,626,62,COMPLETE,24,17,17,2,17,10,4,0,17,17,11,13,79,0,0,0,286,449,17,502,11,5028,1839,3,2488,300
OFAT,REQUEST_OFFLINE_PCT,DEFAULT,baseSeed=626|nTx=24|nValidators=10|nShards=4|committee=3|quorum=2|loadThreshold=75|maxTime=240|crossShardPct=0|requestOfflinePct=20|receiptDropPct=29|ownerCap=3000|mobileThreshold=35,4,12,626,62,COMPLETE,24,17,17,2,17,10,4,0,17,17,11,13,79,0,0,0,286,448,17,502,11,4129,1585,3,2296,200
OFAT,REQUEST_OFFLINE_PCT,DEFAULT,baseSeed=626|nTx=24|nValidators=10|nShards=4|committee=3|quorum=2|loadThreshold=75|maxTime=240|crossShardPct=0|requestOfflinePct=20|receiptDropPct=29|ownerCap=3000|mobileThreshold=35,4,13,626,61,COMPLETE,24,17,17,1,17,10,4,0,17,17,12,12,80,0,0,0,287,435,17,528,12,5417,2135,2,3649,300
OFAT,REQUEST_OFFLINE_PCT,DEFAULT,baseSeed=626|nTx=24|nValidators=10|nShards=4|committee=3|quorum=2|loadThreshold=75|maxTime=240|crossShardPct=0|requestOfflinePct=20|receiptDropPct=29|ownerCap=3000|mobileThreshold=35,4,14,626,61,COMPLETE,24,17,17,1,17,10,4,0,17,17,12,12,80,0,0,0,287,435,17,530,12,4734,1774,3,2654,200
OFAT,REQUEST_OFFLINE_PCT,DEFAULT,baseSeed=626|nTx=24|nValidators=10|nShards=4|committee=3|quorum=2|loadThreshold=75|maxTime=240|crossShardPct=0|requestOfflinePct=20|receiptDropPct=29|ownerCap=3000|mobileThreshold=35,4,15,626,61,COMPLETE,24,18,18,1,18,10,4,0,18,18,11,13,83,0,0,0,300,461,18,484,11,4536,1798,3,3090,300
OFAT,REQUEST_OFFLINE_PCT,DEFAULT,baseSeed=626|nTx=24|nValidators=10|nShards=4|committee=3|quorum=2|loadThreshold=75|maxTime=240|crossShardPct=0|requestOfflinePct=20|receiptDropPct=29|ownerCap=3000|mobileThreshold=35,4,16,626,63,COMPLETE,24,17,17,2,17,10,4,0,17,17,10,14,78,0,0,0,285,448,17,458,10,5164,1887,2,2705,300
OFAT,REQUEST_OFFLINE_PCT,DEFAULT,baseSeed=626|nTx=24|nValidators=10|nShards=4|committee=3|quorum=2|loadThreshold=75|maxTime=240|crossShardPct=0|requestOfflinePct=20|receiptDropPct=29|ownerCap=3000|mobileThreshold=35,4,17,626,62,COMPLETE,24,17,17,2,17,10,4,0,17,17,12,12,80,0,0,0,287,448,17,561,12,5189,1883,3,2843,200
OFAT,REQUEST_OFFLINE_PCT,DEFAULT,baseSeed=626|nTx=24|nValidators=10|nShards=4|committee=3|quorum=2|loadThreshold=75|maxTime=240|crossShardPct=0|requestOfflinePct=20|receiptDropPct=29|ownerCap=3000|mobileThreshold=35,4,18,626,63,COMPLETE,24,17,17,1,17,10,4,0,17,17,12,12,80,0,0,0,287,436,17,544,12,5549,2132,2,3317,300
OFAT,REQUEST_OFFLINE_PCT,DEFAULT,baseSeed=626|nTx=24|nValidators=10|nShards=4|committee=3|quorum=2|loadThreshold=75|maxTime=240|crossShardPct=0|requestOfflinePct=20|receiptDropPct=29|ownerCap=3000|mobileThreshold=35,4,19,626,63,COMPLETE,24,17,17,2,17,10,4,0,17,17,11,13,79,0,0,0,286,449,17,503,11,4751,1773,3,2679,200
OFAT,REQUEST_OFFLINE_PCT,DEFAULT,baseSeed=626|nTx=24|nValidators=10|nShards=4|committee=3|quorum=2|loadThreshold=75|maxTime=240|crossShardPct=0|requestOfflinePct=20|receiptDropPct=29|ownerCap=3000|mobileThreshold=35,4,20,626,63,COMPLETE,24,17,17,4,17,10,4,0,17,17,11,13,79,0,0,0,286,474,17,503,11,5794,2498,2,4258,300
OFAT,REQUEST_OFFLINE_PCT,DEFAULT,baseSeed=626|nTx=24|nValidators=10|nShards=4|committee=3|quorum=2|loadThreshold=75|maxTime=240|crossShardPct=0|requestOfflinePct=20|receiptDropPct=29|ownerCap=3000|mobileThreshold=35,4,21,626,61,COMPLETE,24,16,16,1,16,10,4,0,16,16,11,13,75,0,0,0,272,409,16,498,11,4797,1794,3,2929,200
OFAT,REQUEST_OFFLINE_PCT,DEFAULT,baseSeed=626|nTx=24|nValidators=10|nShards=4|committee=3|quorum=2|loadThreshold=75|maxTime=240|crossShardPct=0|requestOfflinePct=20|receiptDropPct=29|ownerCap=3000|mobileThreshold=35,4,22,626,63,COMPLETE,24,17,17,2,17,10,4,0,17,17,12,12,80,0,0,0,287,449,17,566,12,4981,1811,3,2464,200
OFAT,REQUEST_OFFLINE_PCT,DEFAULT,baseSeed=626|nTx=24|nValidators=10|nShards=4|committee=3|quorum=2|loadThreshold=75|maxTime=240|crossShardPct=0|requestOfflinePct=20|receiptDropPct=29|ownerCap=3000|mobileThreshold=35,4,23,626,62,COMPLETE,24,17,17,2,17,10,4,0,17,17,11,13,79,0,0,0,286,448,17,521,11,4923,1798,3,2535,300
OFAT,REQUEST_OFFLINE_PCT,DEFAULT,baseSeed=626|nTx=24|nValidators=10|nShards=4|committee=3|quorum=2|loadThreshold=75|maxTime=240|crossShardPct=0|requestOfflinePct=20|receiptDropPct=29|ownerCap=3000|mobileThreshold=35,4,24,626,63,COMPLETE,24,17,17,2,17,10,4,0,17,17,12,12,80,0,0,0,287,449,17,543,12,4592,1689,3,2748,300
OFAT,REQUEST_OFFLINE_PCT,DEFAULT,baseSeed=626|nTx=24|nValidators=10|nShards=4|committee=3|quorum=2|loadThreshold=75|maxTime=240|crossShardPct=0|requestOfflinePct=20|receiptDropPct=29|ownerCap=3000|mobileThreshold=35,4,25,626,62,COMPLETE,24,18,18,2,18,10,4,0,18,18,12,12,84,0,0,0,301,474,18,547,12,3693,1472,3,2207,300
OFAT,REQUEST_OFFLINE_PCT,DEFAULT,baseSeed=626|nTx=24|nValidators=10|nShards=4|committee=3|quorum=2|loadThreshold=75|maxTime=240|crossShardPct=0|requestOfflinePct=20|receiptDropPct=29|ownerCap=3000|mobileThreshold=35,4,26,626,63,COMPLETE,24,17,17,2,17,10,4,0,17,17,10,14,78,0,0,0,285,448,17,474,10,4516,1652,3,2125,300
OFAT,REQUEST_OFFLINE_PCT,DEFAULT,baseSeed=626|nTx=24|nValidators=10|nShards=4|committee=3|quorum=2|loadThreshold=75|maxTime=240|crossShardPct=0|requestOfflinePct=20|receiptDropPct=29|ownerCap=3000|mobileThreshold=35,4,27,626,63,COMPLETE,24,17,17,2,17,10,4,0,17,17,11,13,79,0,0,0,286,449,17,518,11,4665,1984,2,3588,300
OFAT,REQUEST_OFFLINE_PCT,DEFAULT,baseSeed=626|nTx=24|nValidators=10|nShards=4|committee=3|quorum=2|loadThreshold=75|maxTime=240|crossShardPct=0|requestOfflinePct=20|receiptDropPct=29|ownerCap=3000|mobileThreshold=35,4,28,626,62,COMPLETE,24,17,17,2,17,10,4,0,17,17,12,12,80,0,0,0,287,448,17,547,12,5824,2553,2,4360,200
OFAT,REQUEST_OFFLINE_PCT,DEFAULT,baseSeed=626|nTx=24|nValidators=10|nShards=4|committee=3|quorum=2|loadThreshold=75|maxTime=240|crossShardPct=0|requestOfflinePct=20|receiptDropPct=29|ownerCap=3000|mobileThreshold=35,4,29,626,63,COMPLETE,24,17,17,2,17,10,4,0,17,17,12,12,80,0,0,0,287,449,17,547,12,5009,2356,2,4312,200
OFAT,REQUEST_OFFLINE_PCT,DEFAULT,baseSeed=626|nTx=24|nValidators=10|nShards=4|committee=3|quorum=2|loadThreshold=75|maxTime=240|crossShardPct=0|requestOfflinePct=20|receiptDropPct=29|ownerCap=3000|mobileThreshold=35,4,30,626,63,COMPLETE,24,18,18,2,18,10,4,0,18,18,11,13,83,0,0,0,300,476,18,520,11,4181,1557,3,2272,300
OFAT,REQUEST_OFFLINE_PCT,DEFAULT,baseSeed=626|nTx=24|nValidators=10|nShards=4|committee=3|quorum=2|loadThreshold=75|maxTime=240|crossShardPct=0|requestOfflinePct=20|receiptDropPct=29|ownerCap=3000|mobileThreshold=35,4,31,626,62,COMPLETE,24,17,17,2,17,10,4,0,17,17,11,13,79,0,0,0,286,448,17,500,11,5574,2273,2,3923,300
OFAT,REQUEST_OFFLINE_PCT,DEFAULT,baseSeed=626|nTx=24|nValidators=10|nShards=4|committee=3|quorum=2|loadThreshold=75|maxTime=240|crossShardPct=0|requestOfflinePct=20|receiptDropPct=29|ownerCap=3000|mobileThreshold=35,4,32,626,63,COMPLETE,24,17,17,2,17,10,4,0,17,17,12,12,80,0,0,0,287,448,17,562,12,4554,1655,3,2796,300
OFAT,REQUEST_OFFLINE_PCT,DEFAULT,baseSeed=626|nTx=24|nValidators=10|nShards=4|committee=3|quorum=2|loadThreshold=75|maxTime=240|crossShardPct=0|requestOfflinePct=20|receiptDropPct=29|ownerCap=3000|mobileThreshold=35,4,33,626,63,COMPLETE,24,18,18,3,18,10,4,0,18,18,12,12,84,0,0,0,301,488,18,565,12,5423,2062,2,3378,300
OFAT,REQUEST_OFFLINE_PCT,DEFAULT,baseSeed=626|nTx=24|nValidators=10|nShards=4|committee=3|quorum=2|loadThreshold=75|maxTime=240|crossShardPct=0|requestOfflinePct=20|receiptDropPct=29|ownerCap=3000|mobileThreshold=35,4,34,626,63,COMPLETE,24,18,18,3,18,10,4,0,18,18,12,12,84,0,0,0,301,487,18,529,12,5063,2035,2,3603,300
OFAT,REQUEST_OFFLINE_PCT,DEFAULT,baseSeed=626|nTx=24|nValidators=10|nShards=4|committee=3|quorum=2|loadThreshold=75|maxTime=240|crossShardPct=0|requestOfflinePct=20|receiptDropPct=29|ownerCap=3000|mobileThreshold=35,4,35,626,63,COMPLETE,24,19,19,2,19,10,4,0,19,19,13,11,89,0,0,0,316,501,19,613,13,5672,2414,2,4127,200
OFAT,REQUEST_OFFLINE_PCT,DEFAULT,baseSeed=626|nTx=24|nValidators=10|nShards=4|committee=3|quorum=2|loadThreshold=75|maxTime=240|crossShardPct=0|requestOfflinePct=20|receiptDropPct=29|ownerCap=3000|mobileThreshold=35,4,36,626,63,COMPLETE,24,18,18,3,18,10,4,0,18,18,12,12,84,0,0,0,301,488,18,548,12,5450,2152,2,3693,200
OFAT,REQUEST_OFFLINE_PCT,DEFAULT,baseSeed=626|nTx=24|nValidators=10|nShards=4|committee=3|quorum=2|loadThreshold=75|maxTime=240|crossShardPct=0|requestOfflinePct=20|receiptDropPct=29|ownerCap=3000|mobileThreshold=35,4,37,626,63,COMPLETE,24,18,18,2,18,10,4,0,18,18,12,12,84,0,0,0,301,475,18,566,12,5414,2094,2,3468,400
OFAT,REQUEST_OFFLINE_PCT,DEFAULT,baseSeed=626|nTx=24|nValidators=10|nShards=4|committee=3|quorum=2|loadThreshold=75|maxTime=240|crossShardPct=0|requestOfflinePct=20|receiptDropPct=29|ownerCap=3000|mobileThreshold=35,4,38,626,62,COMPLETE,24,18,18,2,18,10,4,0,18,18,12,12,84,0,0,0,301,474,18,546,12,4756,1730,3,2297,400
OFAT,REQUEST_OFFLINE_PCT,DEFAULT,baseSeed=626|nTx=24|nValidators=10|nShards=4|committee=3|quorum=2|loadThreshold=75|maxTime=240|crossShardPct=0|requestOfflinePct=20|receiptDropPct=29|ownerCap=3000|mobileThreshold=35,4,39,626,63,COMPLETE,24,18,18,2,18,10,4,0,18,18,12,12,84,0,0,0,301,474,18,566,12,4621,1742,3,2612,300
OFAT,REQUEST_OFFLINE_PCT,DEFAULT,baseSeed=626|nTx=24|nValidators=10|nShards=4|committee=3|quorum=2|loadThreshold=75|maxTime=240|crossShardPct=0|requestOfflinePct=20|receiptDropPct=29|ownerCap=3000|mobileThreshold=35,4,40,626,63,COMPLETE,24,19,19,2,19,10,4,0,19,19,12,12,88,0,0,0,315,500,19,566,12,4974,1827,3,2532,300
OFAT,REQUEST_OFFLINE_PCT,DEFAULT,baseSeed=626|nTx=24|nValidators=10|nShards=4|committee=3|quorum=2|loadThreshold=75|maxTime=240|crossShardPct=0|requestOfflinePct=20|receiptDropPct=29|ownerCap=3000|mobileThreshold=35,4,41,626,63,COMPLETE,24,18,18,3,18,10,4,0,18,18,11,13,83,0,0,0,300,487,18,534,11,4663,1718,3,2590,400
OFAT,REQUEST_OFFLINE_PCT,DEFAULT,baseSeed=626|nTx=24|nValidators=10|nShards=4|committee=3|quorum=2|loadThreshold=75|maxTime=240|crossShardPct=0|requestOfflinePct=20|receiptDropPct=29|ownerCap=3000|mobileThreshold=35,4,42,626,61,COMPLETE,24,17,17,1,17,10,4,0,17,17,12,12,80,0,0,0,287,435,17,544,12,4127,1583,3,2322,300
OFAT,REQUEST_OFFLINE_PCT,DEFAULT,baseSeed=626|nTx=24|nValidators=10|nShards=4|committee=3|quorum=2|loadThreshold=75|maxTime=240|crossShardPct=0|requestOfflinePct=20|receiptDropPct=29|ownerCap=3000|mobileThreshold=35,4,43,626,63,COMPLETE,24,17,17,2,17,10,4,0,17,17,13,11,81,0,0,0,288,449,17,608,13,4624,1737,3,2582,300
OFAT,REQUEST_OFFLINE_PCT,DEFAULT,baseSeed=626|nTx=24|nValidators=10|nShards=4|committee=3|quorum=2|loadThreshold=75|maxTime=240|crossShardPct=0|requestOfflinePct=20|receiptDropPct=29|ownerCap=3000|mobileThreshold=35,4,44,626,63,COMPLETE,24,18,18,3,18,10,4,0,18,18,13,11,85,0,0,0,302,488,18,627,13,5839,2383,2,3839,400
OFAT,REQUEST_OFFLINE_PCT,DEFAULT,baseSeed=626|nTx=24|nValidators=10|nShards=4|committee=3|quorum=2|loadThreshold=75|maxTime=240|crossShardPct=0|requestOfflinePct=20|receiptDropPct=29|ownerCap=3000|mobileThreshold=35,4,45,626,61,COMPLETE,24,19,19,1,19,10,4,0,19,19,12,12,88,0,0,0,315,487,19,545,12,4682,1722,3,2618,300
OFAT,REQUEST_OFFLINE_PCT,DEFAULT,baseSeed=626|nTx=24|nValidators=10|nShards=4|committee=3|quorum=2|loadThreshold=75|maxTime=240|crossShardPct=0|requestOfflinePct=20|receiptDropPct=29|ownerCap=3000|mobileThreshold=35,4,46,626,62,COMPLETE,24,18,18,2,18,10,4,0,18,18,11,13,83,0,0,0,300,474,18,520,11,5800,2360,2,3818,300
OFAT,REQUEST_OFFLINE_PCT,DEFAULT,baseSeed=626|nTx=24|nValidators=10|nShards=4|committee=3|quorum=2|loadThreshold=75|maxTime=240|crossShardPct=0|requestOfflinePct=20|receiptDropPct=29|ownerCap=3000|mobileThreshold=35,4,47,626,63,COMPLETE,24,18,18,1,18,10,4,0,18,18,12,12,84,0,0,0,301,462,18,546,12,5090,1833,3,2702,200
OFAT,REQUEST_OFFLINE_PCT,DEFAULT,baseSeed=626|nTx=24|nValidators=10|nShards=4|committee=3|quorum=2|loadThreshold=75|maxTime=240|crossShardPct=0|requestOfflinePct=20|receiptDropPct=29|ownerCap=3000|mobileThreshold=35,4,48,626,63,COMPLETE,24,18,18,3,18,10,4,0,18,18,12,12,84,0,0,0,301,487,18,563,12,5657,2243,2,3468,400
OFAT,REQUEST_OFFLINE_PCT,DEFAULT,baseSeed=626|nTx=24|nValidators=10|nShards=4|committee=3|quorum=2|loadThreshold=75|maxTime=240|crossShardPct=0|requestOfflinePct=20|receiptDropPct=29|ownerCap=3000|mobileThreshold=35,4,49,626,63,COMPLETE,24,18,18,3,18,10,4,0,18,18,12,12,84,0,0,0,301,488,18,549,12,5054,1814,3,2342,400
OFAT,REQUEST_OFFLINE_PCT,DEFAULT,baseSeed=626|nTx=24|nValidators=10|nShards=4|committee=3|quorum=2|loadThreshold=75|maxTime=240|crossShardPct=0|requestOfflinePct=20|receiptDropPct=29|ownerCap=3000|mobileThreshold=35,4,50,626,63,COMPLETE,24,19,19,2,19,10,4,0,19,19,13,11,89,0,0,0,316,502,19,614,13,4600,1698,3,2468,300
OFAT,REQUEST_OFFLINE_PCT,DEFAULT,baseSeed=626|nTx=24|nValidators=10|nShards=4|committee=3|quorum=2|loadThreshold=75|maxTime=240|crossShardPct=0|requestOfflinePct=20|receiptDropPct=29|ownerCap=3000|mobileThreshold=35,4,51,626,61,COMPLETE,24,18,18,1,18,10,4,0,18,18,12,12,84,0,0,0,301,461,18,527,12,6414,2608,2,4099,200
OFAT,REQUEST_OFFLINE_PCT,DEFAULT,baseSeed=626|nTx=24|nValidators=10|nShards=4|committee=3|quorum=2|loadThreshold=75|maxTime=240|crossShardPct=0|requestOfflinePct=20|receiptDropPct=29|ownerCap=3000|mobileThreshold=35,4,52,626,62,COMPLETE,24,18,18,2,18,10,4,0,18,18,12,12,84,0,0,0,301,475,18,548,12,4531,1686,3,2117,400
OFAT,REQUEST_OFFLINE_PCT,DEFAULT,baseSeed=626|nTx=24|nValidators=10|nShards=4|committee=3|quorum=2|loadThreshold=75|maxTime=240|crossShardPct=0|requestOfflinePct=20|receiptDropPct=29|ownerCap=3000|mobileThreshold=35,4,53,626,63,COMPLETE,24,17,17,2,17,10,4,0,17,17,11,13,79,0,0,0,286,448,17,502,11,5708,2293,2,3684,200
OFAT,REQUEST_OFFLINE_PCT,DEFAULT,baseSeed=626|nTx=24|nValidators=10|nShards=4|committee=3|quorum=2|loadThreshold=75|maxTime=240|crossShardPct=0|requestOfflinePct=20|receiptDropPct=29|ownerCap=3000|mobileThreshold=35,4,54,626,45,COMPLETE,24,17,17,0,17,10,4,0,17,17,12,12,80,0,0,0,287,423,17,527,12,4772,1742,3,2322,300
OFAT,REQUEST_OFFLINE_PCT,DEFAULT,baseSeed=626|nTx=24|nValidators=10|nShards=4|committee=3|quorum=2|loadThreshold=75|maxTime=240|crossShardPct=0|requestOfflinePct=20|receiptDropPct=29|ownerCap=3000|mobileThreshold=35,4,55,626,62,COMPLETE,24,18,18,1,18,10,4,0,18,18,12,12,84,0,0,0,301,462,18,549,12,5297,2046,2,2972,300
OFAT,REQUEST_OFFLINE_PCT,DEFAULT,baseSeed=626|nTx=24|nValidators=10|nShards=4|committee=3|quorum=2|loadThreshold=75|maxTime=240|crossShardPct=0|requestOfflinePct=20|receiptDropPct=29|ownerCap=3000|mobileThreshold=35,4,56,626,63,COMPLETE,24,17,17,3,17,10,4,0,17,17,10,14,78,0,0,0,285,461,17,458,10,5222,1888,3,2415,300
OFAT,REQUEST_OFFLINE_PCT,DEFAULT,baseSeed=626|nTx=24|nValidators=10|nShards=4|committee=3|quorum=2|loadThreshold=75|maxTime=240|crossShardPct=0|requestOfflinePct=20|receiptDropPct=29|ownerCap=3000|mobileThreshold=35,4,57,626,62,COMPLETE,24,17,17,2,17,10,4,0,17,17,12,12,80,0,0,0,287,448,17,546,12,5843,2355,2,3649,300
OFAT,REQUEST_OFFLINE_PCT,DEFAULT,baseSeed=626|nTx=24|nValidators=10|nShards=4|committee=3|quorum=2|loadThreshold=75|maxTime=240|crossShardPct=0|requestOfflinePct=20|receiptDropPct=29|ownerCap=3000|mobileThreshold=35,4,58,626,61,COMPLETE,24,17,17,1,17,10,4,0,17,17,12,12,80,0,0,0,287,435,17,530,12,4829,1737,3,2322,300
OFAT,REQUEST_OFFLINE_PCT,DEFAULT,baseSeed=626|nTx=24|nValidators=10|nShards=4|committee=3|quorum=2|loadThreshold=75|maxTime=240|crossShardPct=0|requestOfflinePct=20|receiptDropPct=29|ownerCap=3000|mobileThreshold=35,4,59,626,63,COMPLETE,24,17,17,2,17,10,4,0,17,17,11,13,79,0,0,0,286,449,17,520,11,5153,1884,3,2727,300
OFAT,REQUEST_OFFLINE_PCT,DEFAULT,baseSeed=626|nTx=24|nValidators=10|nShards=4|committee=3|quorum=2|loadThreshold=75|maxTime=240|crossShardPct=0|requestOfflinePct=20|receiptDropPct=29|ownerCap=3000|mobileThreshold=35,4,60,626,63,COMPLETE,24,18,18,2,18,10,4,0,18,18,11,13,83,0,0,0,300,474,18,519,11,5000,1813,3,2318,300
OFAT,REQUEST_OFFLINE_PCT,DEFAULT,baseSeed=626|nTx=24|nValidators=10|nShards=4|committee=3|quorum=2|loadThreshold=75|maxTime=240|crossShardPct=0|requestOfflinePct=20|receiptDropPct=29|ownerCap=3000|mobileThreshold=35,4,61,626,63,COMPLETE,24,17,17,6,17,10,4,0,17,17,11,13,79,0,0,0,286,500,17,556,11,5430,2170,2,3732,300
OFAT,REQUEST_OFFLINE_PCT,DEFAULT,baseSeed=626|nTx=24|nValidators=10|nShards=4|committee=3|quorum=2|loadThreshold=75|maxTime=240|crossShardPct=0|requestOfflinePct=20|receiptDropPct=29|ownerCap=3000|mobileThreshold=35,4,62,626,61,COMPLETE,24,17,17,1,17,10,4,0,17,17,12,12,80,0,0,0,287,435,17,543,12,6232,2432,2,3127,200
OFAT,REQUEST_OFFLINE_PCT,DEFAULT,baseSeed=626|nTx=24|nValidators=10|nShards=4|committee=3|quorum=2|loadThreshold=75|maxTime=240|crossShardPct=0|requestOfflinePct=20|receiptDropPct=29|ownerCap=3000|mobileThreshold=35,4,63,626,63,COMPLETE,24,17,17,1,17,10,4,0,17,17,11,13,79,0,0,0,286,436,17,484,11,5248,1902,3,2631,400
OFAT,REQUEST_OFFLINE_PCT,DEFAULT,baseSeed=626|nTx=24|nValidators=10|nShards=4|committee=3|quorum=2|loadThreshold=75|maxTime=240|crossShardPct=0|requestOfflinePct=20|receiptDropPct=29|ownerCap=3000|mobileThreshold=35,4,64,626,62,COMPLETE,24,16,16,3,16,10,4,0,16,16,11,13,75,0,0,0,272,435,16,537,11,6121,2654,2,4343,200
OFAT,REQUEST_OFFLINE_PCT,DEFAULT,baseSeed=626|nTx=24|nValidators=10|nShards=4|committee=3|quorum=2|loadThreshold=75|maxTime=240|crossShardPct=0|requestOfflinePct=20|receiptDropPct=29|ownerCap=3000|mobileThreshold=35,4,65,626,62,COMPLETE,24,17,17,1,17,10,4,0,17,17,12,12,80,0,0,0,287,436,17,546,12,4772,1744,3,2417,400
OFAT,REQUEST_OFFLINE_PCT,DEFAULT,baseSeed=626|nTx=24|nValidators=10|nShards=4|committee=3|quorum=2|loadThreshold=75|maxTime=240|crossShardPct=0|requestOfflinePct=20|receiptDropPct=29|ownerCap=3000|mobileThreshold=35,4,66,626,63,COMPLETE,24,17,17,3,17,10,4,0,17,17,11,13,79,0,0,0,286,460,17,518,11,5038,1983,2,3253,300
OFAT,REQUEST_OFFLINE_PCT,DEFAULT,baseSeed=626|nTx=24|nValidators=10|nShards=4|committee=3|quorum=2|loadThreshold=75|maxTime=240|crossShardPct=0|requestOfflinePct=20|receiptDropPct=29|ownerCap=3000|mobileThreshold=35,4,67,626,63,COMPLETE,24,17,17,2,17,10,4,0,17,17,11,13,79,0,0,0,286,448,17,502,11,5727,2193,2,3492,400
OFAT,REQUEST_OFFLINE_PCT,DEFAULT,baseSeed=626|nTx=24|nValidators=10|nShards=4|committee=3|quorum=2|loadThreshold=75|maxTime=240|crossShardPct=0|requestOfflinePct=20|receiptDropPct=29|ownerCap=3000|mobileThreshold=35,4,68,626,61,COMPLETE,24,17,17,1,17,10,4,0,17,17,12,12,80,0,0,0,287,435,17,527,12,5142,1908,2,3127,300
OFAT,REQUEST_OFFLINE_PCT,DEFAULT,baseSeed=626|nTx=24|nValidators=10|nShards=4|committee=3|quorum=2|loadThreshold=75|maxTime=240|crossShardPct=0|requestOfflinePct=20|receiptDropPct=29|ownerCap=3000|mobileThreshold=35,4,69,626,63,COMPLETE,24,17,17,2,17,10,4,0,17,17,12,12,80,0,0,0,287,448,17,544,12,5862,2279,2,3649,300
OFAT,REQUEST_OFFLINE_PCT,DEFAULT,baseSeed=626|nTx=24|nValidators=10|nShards=4|committee=3|quorum=2|loadThreshold=75|maxTime=240|crossShardPct=0|requestOfflinePct=20|receiptDropPct=29|ownerCap=3000|mobileThreshold=35,4,70,626,61,COMPLETE,24,18,18,1,18,10,4,0,18,18,11,13,83,0,0,0,300,461,18,499,11,4381,1619,3,2318,300
OFAT,REQUEST_OFFLINE_PCT,DEFAULT,baseSeed=626|nTx=24|nValidators=10|nShards=4|committee=3|quorum=2|loadThreshold=75|maxTime=240|crossShardPct=0|requestOfflinePct=20|receiptDropPct=29|ownerCap=3000|mobileThreshold=35,4,71,626,63,COMPLETE,24,17,17,2,17,10,4,0,17,17,10,14,78,0,0,0,285,448,17,457,10,4478,1638,3,2367,300
OFAT,REQUEST_OFFLINE_PCT,DEFAULT,baseSeed=626|nTx=24|nValidators=10|nShards=4|committee=3|quorum=2|loadThreshold=75|maxTime=240|crossShardPct=0|requestOfflinePct=20|receiptDropPct=29|ownerCap=3000|mobileThreshold=35,4,72,626,62,COMPLETE,24,17,17,1,17,10,4,0,17,17,12,12,80,0,0,0,287,436,17,526,12,4715,1730,3,2227,400
OFAT,REQUEST_OFFLINE_PCT,DEFAULT,baseSeed=626|nTx=24|nValidators=10|nShards=4|committee=3|quorum=2|loadThreshold=75|maxTime=240|crossShardPct=0|requestOfflinePct=20|receiptDropPct=29|ownerCap=3000|mobileThreshold=35,4,73,626,62,COMPLETE,24,17,17,2,17,10,4,0,17,17,12,12,80,0,0,0,287,448,17,565,12,5398,2098,2,3270,300
OFAT,REQUEST_OFFLINE_PCT,DEFAULT,baseSeed=626|nTx=24|nValidators=10|nShards=4|committee=3|quorum=2|loadThreshold=75|maxTime=240|crossShardPct=0|requestOfflinePct=20|receiptDropPct=29|ownerCap=3000|mobileThreshold=35,4,74,626,62,COMPLETE,24,17,17,1,17,10,4,0,17,17,11,13,79,0,0,0,286,436,17,482,11,4148,1577,3,2057,400
OFAT,REQUEST_OFFLINE_PCT,DEFAULT,baseSeed=626|nTx=24|nValidators=10|nShards=4|committee=3|quorum=2|loadThreshold=75|maxTime=240|crossShardPct=0|requestOfflinePct=20|receiptDropPct=29|ownerCap=3000|mobileThreshold=35,4,75,626,62,COMPLETE,24,17,17,2,17,10,4,0,17,17,11,13,79,0,0,0,286,448,17,519,11,5162,2066,2,3540,300
OFAT,REQUEST_OFFLINE_PCT,DEFAULT,baseSeed=626|nTx=24|nValidators=10|nShards=4|committee=3|quorum=2|loadThreshold=75|maxTime=240|crossShardPct=0|requestOfflinePct=20|receiptDropPct=29|ownerCap=3000|mobileThreshold=35,4,76,626,45,COMPLETE,24,16,16,0,16,10,4,0,16,16,11,13,75,0,0,0,272,397,16,482,11,5717,2307,2,3787,300
OFAT,REQUEST_OFFLINE_PCT,DEFAULT,baseSeed=626|nTx=24|nValidators=10|nShards=4|committee=3|quorum=2|loadThreshold=75|maxTime=240|crossShardPct=0|requestOfflinePct=20|receiptDropPct=29|ownerCap=3000|mobileThreshold=35,4,77,626,63,COMPLETE,24,17,17,5,17,10,4,0,17,17,12,12,80,0,0,0,287,486,17,621,12,3881,1511,3,2085,400
OFAT,REQUEST_OFFLINE_PCT,DEFAULT,baseSeed=626|nTx=24|nValidators=10|nShards=4|committee=3|quorum=2|loadThreshold=75|maxTime=240|crossShardPct=0|requestOfflinePct=20|receiptDropPct=29|ownerCap=3000|mobileThreshold=35,4,78,626,62,COMPLETE,24,17,17,2,17,10,4,0,17,17,11,13,79,0,0,0,286,448,17,518,11,5267,1979,2,3062,400
OFAT,REQUEST_OFFLINE_PCT,DEFAULT,baseSeed=626|nTx=24|nValidators=10|nShards=4|committee=3|quorum=2|loadThreshold=75|maxTime=240|crossShardPct=0|requestOfflinePct=20|receiptDropPct=29|ownerCap=3000|mobileThreshold=35,4,79,626,61,COMPLETE,24,17,17,1,17,10,4,0,17,17,12,12,80,0,0,0,287,436,17,529,12,4289,1598,3,2559,300
OFAT,REQUEST_OFFLINE_PCT,DEFAULT,baseSeed=626|nTx=24|nValidators=10|nShards=4|committee=3|quorum=2|loadThreshold=75|maxTime=240|crossShardPct=0|requestOfflinePct=20|receiptDropPct=29|ownerCap=3000|mobileThreshold=35,4,80,626,62,COMPLETE,24,18,18,1,18,10,4,0,18,18,12,12,84,0,0,0,301,462,18,548,12,5342,2047,2,3378,400
OFAT,REQUEST_OFFLINE_PCT,DEFAULT,baseSeed=626|nTx=24|nValidators=10|nShards=4|committee=3|quorum=2|loadThreshold=75|maxTime=240|crossShardPct=0|requestOfflinePct=20|receiptDropPct=29|ownerCap=3000|mobileThreshold=35,4,81,626,63,COMPLETE,24,17,17,2,17,10,4,0,17,17,10,14,78,0,0,0,285,450,17,441,10,4816,1760,3,2415,300
OFAT,REQUEST_OFFLINE_PCT,DEFAULT,baseSeed=626|nTx=24|nValidators=10|nShards=4|committee=3|quorum=2|loadThreshold=75|maxTime=240|crossShardPct=0|requestOfflinePct=20|receiptDropPct=29|ownerCap=3000|mobileThreshold=35,4,82,626,63,COMPLETE,24,17,17,2,17,10,4,0,17,17,11,13,79,0,0,0,286,449,17,504,11,5258,2186,2,3827,200
OFAT,REQUEST_OFFLINE_PCT,DEFAULT,baseSeed=626|nTx=24|nValidators=10|nShards=4|committee=3|quorum=2|loadThreshold=75|maxTime=240|crossShardPct=0|requestOfflinePct=20|receiptDropPct=29|ownerCap=3000|mobileThreshold=35,4,83,626,63,COMPLETE,24,17,17,2,17,10,4,0,17,17,12,12,80,0,0,0,287,448,17,546,12,5511,2184,2,3554,300
OFAT,REQUEST_OFFLINE_PCT,DEFAULT,baseSeed=626|nTx=24|nValidators=10|nShards=4|committee=3|quorum=2|loadThreshold=75|maxTime=240|crossShardPct=0|requestOfflinePct=20|receiptDropPct=29|ownerCap=3000|mobileThreshold=35,4,84,626,63,COMPLETE,24,17,17,2,17,10,4,0,17,17,12,12,80,0,0,0,287,448,17,544,12,5398,2104,2,3554,300
OFAT,REQUEST_OFFLINE_PCT,DEFAULT,baseSeed=626|nTx=24|nValidators=10|nShards=4|committee=3|quorum=2|loadThreshold=75|maxTime=240|crossShardPct=0|requestOfflinePct=20|receiptDropPct=29|ownerCap=3000|mobileThreshold=35,4,85,626,62,COMPLETE,24,18,18,1,18,10,4,0,18,18,11,13,83,0,0,0,300,462,18,486,11,4545,1673,3,2318,300
OFAT,REQUEST_OFFLINE_PCT,DEFAULT,baseSeed=626|nTx=24|nValidators=10|nShards=4|committee=3|quorum=2|loadThreshold=75|maxTime=240|crossShardPct=0|requestOfflinePct=20|receiptDropPct=29|ownerCap=3000|mobileThreshold=35,4,86,626,61,COMPLETE,24,17,17,1,17,10,4,0,17,17,11,13,79,0,0,0,286,435,17,500,11,3679,1479,3,2440,300
OFAT,REQUEST_OFFLINE_PCT,DEFAULT,baseSeed=626|nTx=24|nValidators=10|nShards=4|committee=3|quorum=2|loadThreshold=75|maxTime=240|crossShardPct=0|requestOfflinePct=20|receiptDropPct=29|ownerCap=3000|mobileThreshold=35,4,87,626,62,COMPLETE,24,17,17,2,17,10,4,0,17,17,12,12,80,0,0,0,287,448,17,548,12,4478,1652,3,2322,300
OFAT,REQUEST_OFFLINE_PCT,DEFAULT,baseSeed=626|nTx=24|nValidators=10|nShards=4|committee=3|quorum=2|loadThreshold=75|maxTime=240|crossShardPct=0|requestOfflinePct=20|receiptDropPct=29|ownerCap=3000|mobileThreshold=35,4,88,626,63,COMPLETE,24,18,18,2,18,10,4,0,18,18,12,12,84,0,0,0,301,474,18,545,12,3594,1468,3,2342,200
OFAT,REQUEST_OFFLINE_PCT,DEFAULT,baseSeed=626|nTx=24|nValidators=10|nShards=4|committee=3|quorum=2|loadThreshold=75|maxTime=240|crossShardPct=0|requestOfflinePct=20|receiptDropPct=29|ownerCap=3000|mobileThreshold=35,4,89,626,62,COMPLETE,24,18,18,4,18,10,4,0,18,18,12,12,84,0,0,0,301,500,18,532,12,4603,1669,3,2297,300
OFAT,REQUEST_OFFLINE_PCT,DEFAULT,baseSeed=626|nTx=24|nValidators=10|nShards=4|committee=3|quorum=2|loadThreshold=75|maxTime=240|crossShardPct=0|requestOfflinePct=20|receiptDropPct=29|ownerCap=3000|mobileThreshold=35,4,90,626,64,COMPLETE,24,19,19,3,19,10,4,0,19,19,13,11,89,0,0,0,316,515,19,574,13,4727,1733,3,2382,400
OFAT,REQUEST_OFFLINE_PCT,DEFAULT,baseSeed=626|nTx=24|nValidators=10|nShards=4|committee=3|quorum=2|loadThreshold=75|maxTime=240|crossShardPct=0|requestOfflinePct=20|receiptDropPct=29|ownerCap=3000|mobileThreshold=35,4,91,626,61,COMPLETE,24,18,18,1,18,10,4,0,18,18,12,12,84,0,0,0,301,461,18,546,12,5567,2041,3,3063,300
OFAT,REQUEST_OFFLINE_PCT,DEFAULT,baseSeed=626|nTx=24|nValidators=10|nShards=4|committee=3|quorum=2|loadThreshold=75|maxTime=240|crossShardPct=0|requestOfflinePct=20|receiptDropPct=29|ownerCap=3000|mobileThreshold=35,4,92,626,63,COMPLETE,24,18,18,2,18,10,4,0,18,18,12,12,84,0,0,0,301,475,18,547,12,5711,2360,2,4054,300
OFAT,REQUEST_OFFLINE_PCT,DEFAULT,baseSeed=626|nTx=24|nValidators=10|nShards=4|committee=3|quorum=2|loadThreshold=75|maxTime=240|crossShardPct=0|requestOfflinePct=20|receiptDropPct=29|ownerCap=3000|mobileThreshold=35,4,93,626,63,COMPLETE,24,18,18,2,18,10,4,0,18,18,12,12,84,0,0,0,301,474,18,544,12,4765,1725,3,2297,300
OFAT,REQUEST_OFFLINE_PCT,DEFAULT,baseSeed=626|nTx=24|nValidators=10|nShards=4|committee=3|quorum=2|loadThreshold=75|maxTime=240|crossShardPct=0|requestOfflinePct=20|receiptDropPct=29|ownerCap=3000|mobileThreshold=35,4,94,626,62,COMPLETE,24,18,18,2,18,10,4,0,18,18,12,12,84,0,0,0,301,474,18,546,12,5216,2224,2,3963,300
OFAT,REQUEST_OFFLINE_PCT,DEFAULT,baseSeed=626|nTx=24|nValidators=10|nShards=4|committee=3|quorum=2|loadThreshold=75|maxTime=240|crossShardPct=0|requestOfflinePct=20|receiptDropPct=29|ownerCap=3000|mobileThreshold=35,4,95,626,63,COMPLETE,24,19,19,1,19,10,4,0,19,19,12,12,88,0,0,0,315,489,19,545,12,4793,1876,2,2832,300
OFAT,REQUEST_OFFLINE_PCT,DEFAULT,baseSeed=626|nTx=24|nValidators=10|nShards=4|committee=3|quorum=2|loadThreshold=75|maxTime=240|crossShardPct=0|requestOfflinePct=20|receiptDropPct=29|ownerCap=3000|mobileThreshold=35,4,96,626,63,COMPLETE,24,18,18,4,18,10,4,0,18,18,11,13,83,0,0,0,300,499,18,520,11,4763,1742,3,2590,300
OFAT,REQUEST_OFFLINE_PCT,DEFAULT,baseSeed=626|nTx=24|nValidators=10|nShards=4|committee=3|quorum=2|loadThreshold=75|maxTime=240|crossShardPct=0|requestOfflinePct=20|receiptDropPct=29|ownerCap=3000|mobileThreshold=35,4,97,626,64,COMPLETE,24,17,17,4,17,10,4,0,17,17,12,12,80,0,0,0,287,474,17,584,12,4450,1644,3,2322,300
OFAT,REQUEST_OFFLINE_PCT,DEFAULT,baseSeed=626|nTx=24|nValidators=10|nShards=4|committee=3|quorum=2|loadThreshold=75|maxTime=240|crossShardPct=0|requestOfflinePct=20|receiptDropPct=29|ownerCap=3000|mobileThreshold=35,4,98,626,61,COMPLETE,24,17,17,1,17,10,4,0,17,17,13,11,81,0,0,0,288,435,17,590,13,5309,2285,2,4037,300
OFAT,REQUEST_OFFLINE_PCT,DEFAULT,baseSeed=626|nTx=24|nValidators=10|nShards=4|committee=3|quorum=2|loadThreshold=75|maxTime=240|crossShardPct=0|requestOfflinePct=20|receiptDropPct=29|ownerCap=3000|mobileThreshold=35,4,99,626,62,COMPLETE,24,18,18,2,18,10,4,0,18,18,13,11,85,0,0,0,302,474,18,592,13,4303,1611,3,2723,300
OFAT,REQUEST_OFFLINE_PCT,DEFAULT,baseSeed=626|nTx=24|nValidators=10|nShards=4|committee=3|quorum=2|loadThreshold=75|maxTime=240|crossShardPct=0|requestOfflinePct=20|receiptDropPct=29|ownerCap=3000|mobileThreshold=35,4,100,626,62,COMPLETE,24,19,19,1,19,10,4,0,19,19,12,12,88,0,0,0,315,488,19,544,12,4776,1875,2,3218,300
OFAT,REQUEST_OFFLINE_PCT,HIGH,baseSeed=626|nTx=24|nValidators=10|nShards=4|committee=3|quorum=2|loadThreshold=75|maxTime=240|crossShardPct=0|requestOfflinePct=30|receiptDropPct=29|ownerCap=3000|mobileThreshold=35,4,1,626,63,COMPLETE,24,15,15,2,15,10,4,0,15,15,9,15,69,0,0,0,256,397,15,428,9,5994,2523,2,4098,300
OFAT,REQUEST_OFFLINE_PCT,HIGH,baseSeed=626|nTx=24|nValidators=10|nShards=4|committee=3|quorum=2|loadThreshold=75|maxTime=240|crossShardPct=0|requestOfflinePct=30|receiptDropPct=29|ownerCap=3000|mobileThreshold=35,4,2,626,63,COMPLETE,24,15,15,1,15,10,4,0,15,15,10,14,70,0,0,0,257,384,15,455,10,4924,1780,3,2270,300
OFAT,REQUEST_OFFLINE_PCT,HIGH,baseSeed=626|nTx=24|nValidators=10|nShards=4|committee=3|quorum=2|loadThreshold=75|maxTime=240|crossShardPct=0|requestOfflinePct=30|receiptDropPct=29|ownerCap=3000|mobileThreshold=35,4,3,626,62,COMPLETE,24,14,14,2,14,10,4,0,14,14,10,14,66,0,0,0,243,370,14,456,10,6068,2447,2,3965,200
OFAT,REQUEST_OFFLINE_PCT,HIGH,baseSeed=626|nTx=24|nValidators=10|nShards=4|committee=3|quorum=2|loadThreshold=75|maxTime=240|crossShardPct=0|requestOfflinePct=30|receiptDropPct=29|ownerCap=3000|mobileThreshold=35,4,4,626,62,COMPLETE,24,14,14,1,14,10,4,0,14,14,10,14,66,0,0,0,243,358,14,456,10,5160,1850,3,2413,300
OFAT,REQUEST_OFFLINE_PCT,HIGH,baseSeed=626|nTx=24|nValidators=10|nShards=4|committee=3|quorum=2|loadThreshold=75|maxTime=240|crossShardPct=0|requestOfflinePct=30|receiptDropPct=29|ownerCap=3000|mobileThreshold=35,4,5,626,63,COMPLETE,24,17,17,2,17,10,4,0,17,17,11,13,79,0,0,0,286,448,17,520,11,5038,1848,2,2727,200
OFAT,REQUEST_OFFLINE_PCT,HIGH,baseSeed=626|nTx=24|nValidators=10|nShards=4|committee=3|quorum=2|loadThreshold=75|maxTime=240|crossShardPct=0|requestOfflinePct=30|receiptDropPct=29|ownerCap=3000|mobileThreshold=35,4,6,626,63,COMPLETE,24,15,15,1,15,10,4,0,15,15,10,14,70,0,0,0,257,384,15,457,10,6437,2608,2,4054,300
OFAT,REQUEST_OFFLINE_PCT,HIGH,baseSeed=626|nTx=24|nValidators=10|nShards=4|committee=3|quorum=2|loadThreshold=75|maxTime=240|crossShardPct=0|requestOfflinePct=30|receiptDropPct=29|ownerCap=3000|mobileThreshold=35,4,7,626,61,COMPLETE,24,15,15,1,15,10,4,0,15,15,11,13,71,0,0,0,258,383,15,482,11,4251,1589,3,2513,300
OFAT,REQUEST_OFFLINE_PCT,HIGH,baseSeed=626|nTx=24|nValidators=10|nShards=4|committee=3|quorum=2|loadThreshold=75|maxTime=240|crossShardPct=0|requestOfflinePct=30|receiptDropPct=29|ownerCap=3000|mobileThreshold=35,4,8,626,63,COMPLETE,24,15,15,2,15,10,4,0,15,15,10,14,70,0,0,0,257,396,15,475,10,4524,1709,3,2216,300
OFAT,REQUEST_OFFLINE_PCT,HIGH,baseSeed=626|nTx=24|nValidators=10|nShards=4|committee=3|quorum=2|loadThreshold=75|maxTime=240|crossShardPct=0|requestOfflinePct=30|receiptDropPct=29|ownerCap=3000|mobileThreshold=35,4,9,626,63,COMPLETE,24,14,14,2,14,10,4,0,14,14,10,14,66,0,0,0,243,372,14,473,10,4436,1702,3,2298,400
OFAT,REQUEST_OFFLINE_PCT,HIGH,baseSeed=626|nTx=24|nValidators=10|nShards=4|committee=3|quorum=2|loadThreshold=75|maxTime=240|crossShardPct=0|requestOfflinePct=30|receiptDropPct=29|ownerCap=3000|mobileThreshold=35,4,10,626,61,COMPLETE,24,16,16,1,16,10,4,0,16,16,12,12,76,0,0,0,273,409,16,542,12,4120,1576,3,2150,300
OFAT,REQUEST_OFFLINE_PCT,HIGH,baseSeed=626|nTx=24|nValidators=10|nShards=4|committee=3|quorum=2|loadThreshold=75|maxTime=240|crossShardPct=0|requestOfflinePct=30|receiptDropPct=29|ownerCap=3000|mobileThreshold=35,4,11,626,62,COMPLETE,24,14,14,2,14,10,4,0,14,14,10,14,66,0,0,0,243,371,14,457,10,5655,2127,2,3045,200
OFAT,REQUEST_OFFLINE_PCT,HIGH,baseSeed=626|nTx=24|nValidators=10|nShards=4|committee=3|quorum=2|loadThreshold=75|maxTime=240|crossShardPct=0|requestOfflinePct=30|receiptDropPct=29|ownerCap=3000|mobileThreshold=35,4,12,626,62,COMPLETE,24,12,12,3,12,10,4,0,12,12,8,16,56,0,0,0,213,332,12,403,8,4405,1684,3,2567,200
OFAT,REQUEST_OFFLINE_PCT,HIGH,baseSeed=626|nTx=24|nValidators=10|nShards=4|committee=3|quorum=2|loadThreshold=75|maxTime=240|crossShardPct=0|requestOfflinePct=30|receiptDropPct=29|ownerCap=3000|mobileThreshold=35,4,13,626,45,COMPLETE,24,14,14,0,14,10,4,0,14,14,10,14,66,0,0,0,243,345,14,437,10,5390,2111,2,3505,300
OFAT,REQUEST_OFFLINE_PCT,HIGH,baseSeed=626|nTx=24|nValidators=10|nShards=4|committee=3|quorum=2|loadThreshold=75|maxTime=240|crossShardPct=0|requestOfflinePct=30|receiptDropPct=29|ownerCap=3000|mobileThreshold=35,4,14,626,62,COMPLETE,24,14,14,2,14,10,4,0,14,14,10,14,66,0,0,0,243,371,14,454,10,5264,2003,2,3045,200
OFAT,REQUEST_OFFLINE_PCT,HIGH,baseSeed=626|nTx=24|nValidators=10|nShards=4|committee=3|quorum=2|loadThreshold=75|maxTime=240|crossShardPct=0|requestOfflinePct=30|receiptDropPct=29|ownerCap=3000|mobileThreshold=35,4,15,626,62,COMPLETE,24,15,15,1,15,10,4,0,15,15,9,15,69,0,0,0,256,384,15,396,9,4420,1732,3,2732,300
OFAT,REQUEST_OFFLINE_PCT,HIGH,baseSeed=626|nTx=24|nValidators=10|nShards=4|committee=3|quorum=2|loadThreshold=75|maxTime=240|crossShardPct=0|requestOfflinePct=30|receiptDropPct=29|ownerCap=3000|mobileThreshold=35,4,16,626,62,COMPLETE,24,14,14,2,14,10,4,0,14,14,8,16,64,0,0,0,241,371,14,368,8,5388,1995,2,2882,300
OFAT,REQUEST_OFFLINE_PCT,HIGH,baseSeed=626|nTx=24|nValidators=10|nShards=4|committee=3|quorum=2|loadThreshold=75|maxTime=240|crossShardPct=0|requestOfflinePct=30|receiptDropPct=29|ownerCap=3000|mobileThreshold=35,4,17,626,62,COMPLETE,24,14,14,2,14,10,4,0,14,14,9,15,65,0,0,0,242,370,14,411,9,5232,1910,2,2965,200
OFAT,REQUEST_OFFLINE_PCT,HIGH,baseSeed=626|nTx=24|nValidators=10|nShards=4|committee=3|quorum=2|loadThreshold=75|maxTime=240|crossShardPct=0|requestOfflinePct=30|receiptDropPct=29|ownerCap=3000|mobileThreshold=35,4,18,626,63,COMPLETE,24,15,15,1,15,10,4,0,15,15,10,14,70,0,0,0,257,384,15,437,10,5572,2124,2,3297,200
OFAT,REQUEST_OFFLINE_PCT,HIGH,baseSeed=626|nTx=24|nValidators=10|nShards=4|committee=3|quorum=2|loadThreshold=75|maxTime=240|crossShardPct=0|requestOfflinePct=30|receiptDropPct=29|ownerCap=3000|mobileThreshold=35,4,19,626,62,COMPLETE,24,16,16,2,16,10,4,0,16,16,10,14,74,0,0,0,271,423,16,442,10,4530,1715,3,2244,400
OFAT,REQUEST_OFFLINE_PCT,HIGH,baseSeed=626|nTx=24|nValidators=10|nShards=4|committee=3|quorum=2|loadThreshold=75|maxTime=240|crossShardPct=0|requestOfflinePct=30|receiptDropPct=29|ownerCap=3000|mobileThreshold=35,4,20,626,61,COMPLETE,24,15,15,1,15,10,4,0,15,15,10,14,70,0,0,0,257,383,15,457,10,5648,2392,2,4108,300
OFAT,REQUEST_OFFLINE_PCT,HIGH,baseSeed=626|nTx=24|nValidators=10|nShards=4|committee=3|quorum=2|loadThreshold=75|maxTime=240|crossShardPct=0|requestOfflinePct=30|receiptDropPct=29|ownerCap=3000|mobileThreshold=35,4,21,626,63,COMPLETE,24,14,14,2,14,10,4,0,14,14,10,14,66,0,0,0,243,371,14,474,10,5149,1945,2,2931,200
OFAT,REQUEST_OFFLINE_PCT,HIGH,baseSeed=626|nTx=24|nValidators=10|nShards=4|committee=3|quorum=2|loadThreshold=75|maxTime=240|crossShardPct=0|requestOfflinePct=30|receiptDropPct=29|ownerCap=3000|mobileThreshold=35,4,22,626,62,COMPLETE,24,16,16,1,16,10,4,0,16,16,12,12,76,0,0,0,273,410,16,545,12,4860,1769,3,2350,200
OFAT,REQUEST_OFFLINE_PCT,HIGH,baseSeed=626|nTx=24|nValidators=10|nShards=4|committee=3|quorum=2|loadThreshold=75|maxTime=240|crossShardPct=0|requestOfflinePct=30|receiptDropPct=29|ownerCap=3000|mobileThreshold=35,4,23,626,62,COMPLETE,24,14,14,2,14,10,4,0,14,14,9,15,65,0,0,0,242,370,14,413,9,4767,1729,3,2325,300
OFAT,REQUEST_OFFLINE_PCT,HIGH,baseSeed=626|nTx=24|nValidators=10|nShards=4|committee=3|quorum=2|loadThreshold=75|maxTime=240|crossShardPct=0|requestOfflinePct=30|receiptDropPct=29|ownerCap=3000|mobileThreshold=35,4,24,626,63,COMPLETE,24,16,16,3,16,10,4,0,16,16,11,13,75,0,0,0,272,435,16,497,11,4555,1660,3,2575,300
OFAT,REQUEST_OFFLINE_PCT,HIGH,baseSeed=626|nTx=24|nValidators=10|nShards=4|committee=3|quorum=2|loadThreshold=75|maxTime=240|crossShardPct=0|requestOfflinePct=30|receiptDropPct=29|ownerCap=3000|mobileThreshold=35,4,25,626,62,COMPLETE,24,15,15,1,15,10,4,0,15,15,10,14,70,0,0,0,257,384,15,439,10,3497,1431,3,2162,300
OFAT,REQUEST_OFFLINE_PCT,HIGH,baseSeed=626|nTx=24|nValidators=10|nShards=4|committee=3|quorum=2|loadThreshold=75|maxTime=240|crossShardPct=0|requestOfflinePct=30|receiptDropPct=29|ownerCap=3000|mobileThreshold=35,4,26,626,63,COMPLETE,24,14,14,3,14,10,4,0,14,14,8,16,64,0,0,0,241,383,14,388,8,4635,1695,3,2352,200
OFAT,REQUEST_OFFLINE_PCT,HIGH,baseSeed=626|nTx=24|nValidators=10|nShards=4|committee=3|quorum=2|loadThreshold=75|maxTime=240|crossShardPct=0|requestOfflinePct=30|receiptDropPct=29|ownerCap=3000|mobileThreshold=35,4,27,626,61,COMPLETE,24,15,15,1,15,10,4,0,15,15,10,14,70,0,0,0,257,384,15,456,10,4513,1852,2,3189,300
OFAT,REQUEST_OFFLINE_PCT,HIGH,baseSeed=626|nTx=24|nValidators=10|nShards=4|committee=3|quorum=2|loadThreshold=75|maxTime=240|crossShardPct=0|requestOfflinePct=30|receiptDropPct=29|ownerCap=3000|mobileThreshold=35,4,28,626,45,COMPLETE,24,14,14,0,14,10,4,0,14,14,10,14,66,0,0,0,243,346,14,435,10,5919,2484,2,4080,400
OFAT,REQUEST_OFFLINE_PCT,HIGH,baseSeed=626|nTx=24|nValidators=10|nShards=4|committee=3|quorum=2|loadThreshold=75|maxTime=240|crossShardPct=0|requestOfflinePct=30|receiptDropPct=29|ownerCap=3000|mobileThreshold=35,4,29,626,62,COMPLETE,24,15,15,1,15,10,4,0,15,15,11,13,71,0,0,0,258,385,15,502,11,4657,1960,2,3529,300
OFAT,REQUEST_OFFLINE_PCT,HIGH,baseSeed=626|nTx=24|nValidators=10|nShards=4|committee=3|quorum=2|loadThreshold=75|maxTime=240|crossShardPct=0|requestOfflinePct=30|receiptDropPct=29|ownerCap=3000|mobileThreshold=35,4,30,626,62,COMPLETE,24,16,16,2,16,10,4,0,16,16,10,14,74,0,0,0,271,422,16,455,10,4428,1630,3,2448,200
OFAT,REQUEST_OFFLINE_PCT,HIGH,baseSeed=626|nTx=24|nValidators=10|nShards=4|committee=3|quorum=2|loadThreshold=75|maxTime=240|crossShardPct=0|requestOfflinePct=30|receiptDropPct=29|ownerCap=3000|mobileThreshold=35,4,31,626,62,COMPLETE,24,14,14,2,14,10,4,0,14,14,9,15,65,0,0,0,242,371,14,395,9,5232,2023,2,3430,200
OFAT,REQUEST_OFFLINE_PCT,HIGH,baseSeed=626|nTx=24|nValidators=10|nShards=4|committee=3|quorum=2|loadThreshold=75|maxTime=240|crossShardPct=0|requestOfflinePct=30|receiptDropPct=29|ownerCap=3000|mobileThreshold=35,4,32,626,62,COMPLETE,24,16,16,1,16,10,4,0,16,16,11,13,75,0,0,0,272,410,16,500,11,4393,1615,3,2525,300
OFAT,REQUEST_OFFLINE_PCT,HIGH,baseSeed=626|nTx=24|nValidators=10|nShards=4|committee=3|quorum=2|loadThreshold=75|maxTime=240|crossShardPct=0|requestOfflinePct=30|receiptDropPct=29|ownerCap=3000|mobileThreshold=35,4,33,626,62,COMPLETE,24,15,15,2,15,10,4,0,15,15,10,14,70,0,0,0,257,396,15,457,10,5216,1947,2,3081,300
OFAT,REQUEST_OFFLINE_PCT,HIGH,baseSeed=626|nTx=24|nValidators=10|nShards=4|committee=3|quorum=2|loadThreshold=75|maxTime=240|crossShardPct=0|requestOfflinePct=30|receiptDropPct=29|ownerCap=3000|mobileThreshold=35,4,34,626,61,COMPLETE,24,16,16,1,16,10,4,0,16,16,11,13,75,0,0,0,272,410,16,501,11,4757,1895,2,3333,400
OFAT,REQUEST_OFFLINE_PCT,HIGH,baseSeed=626|nTx=24|nValidators=10|nShards=4|committee=3|quorum=2|loadThreshold=75|maxTime=240|crossShardPct=0|requestOfflinePct=30|receiptDropPct=29|ownerCap=3000|mobileThreshold=35,4,35,626,63,COMPLETE,24,17,17,4,17,10,4,0,17,17,12,12,80,0,0,0,287,474,17,602,12,5729,2481,2,4265,300
OFAT,REQUEST_OFFLINE_PCT,HIGH,baseSeed=626|nTx=24|nValidators=10|nShards=4|committee=3|quorum=2|loadThreshold=75|maxTime=240|crossShardPct=0|requestOfflinePct=30|receiptDropPct=29|ownerCap=3000|mobileThreshold=35,4,36,626,63,COMPLETE,24,17,17,3,17,10,4,0,17,17,11,13,79,0,0,0,286,462,17,502,11,5220,1983,2,3157,300
OFAT,REQUEST_OFFLINE_PCT,HIGH,baseSeed=626|nTx=24|nValidators=10|nShards=4|committee=3|quorum=2|loadThreshold=75|maxTime=240|crossShardPct=0|requestOfflinePct=30|receiptDropPct=29|ownerCap=3000|mobileThreshold=35,4,37,626,62,COMPLETE,24,18,18,1,18,10,4,0,18,18,12,12,84,0,0,0,301,463,18,547,12,4981,1895,2,2657,300
OFAT,REQUEST_OFFLINE_PCT,HIGH,baseSeed=626|nTx=24|nValidators=10|nShards=4|committee=3|quorum=2|loadThreshold=75|maxTime=240|crossShardPct=0|requestOfflinePct=30|receiptDropPct=29|ownerCap=3000|mobileThreshold=35,4,38,626,63,COMPLETE,24,16,16,3,16,10,4,0,16,16,10,14,74,0,0,0,271,435,16,438,10,4581,1695,3,2142,300
OFAT,REQUEST_OFFLINE_PCT,HIGH,baseSeed=626|nTx=24|nValidators=10|nShards=4|committee=3|quorum=2|loadThreshold=75|maxTime=240|crossShardPct=0|requestOfflinePct=30|receiptDropPct=29|ownerCap=3000|mobileThreshold=35,4,39,626,62,COMPLETE,24,16,16,3,16,10,4,0,16,16,10,14,74,0,0,0,271,436,16,457,10,4693,1759,3,2653,300
OFAT,REQUEST_OFFLINE_PCT,HIGH,baseSeed=626|nTx=24|nValidators=10|nShards=4|committee=3|quorum=2|loadThreshold=75|maxTime=240|crossShardPct=0|requestOfflinePct=30|receiptDropPct=29|ownerCap=3000|mobileThreshold=35,4,40,626,62,COMPLETE,24,17,17,2,17,10,4,0,17,17,10,14,78,0,0,0,285,448,17,458,10,5038,1829,3,2657,300
OFAT,REQUEST_OFFLINE_PCT,HIGH,baseSeed=626|nTx=24|nValidators=10|nShards=4|committee=3|quorum=2|loadThreshold=75|maxTime=240|crossShardPct=0|requestOfflinePct=30|receiptDropPct=29|ownerCap=3000|mobileThreshold=35,4,41,626,63,COMPLETE,24,14,14,1,14,10,4,0,14,14,8,16,64,0,0,0,241,359,14,351,8,4658,1718,3,2588,400
OFAT,REQUEST_OFFLINE_PCT,HIGH,baseSeed=626|nTx=24|nValidators=10|nShards=4|committee=3|quorum=2|loadThreshold=75|maxTime=240|crossShardPct=0|requestOfflinePct=30|receiptDropPct=29|ownerCap=3000|mobileThreshold=35,4,42,626,61,COMPLETE,24,15,15,1,15,10,4,0,15,15,11,13,71,0,0,0,258,383,15,482,11,4155,1579,3,2139,300
OFAT,REQUEST_OFFLINE_PCT,HIGH,baseSeed=626|nTx=24|nValidators=10|nShards=4|committee=3|quorum=2|loadThreshold=75|maxTime=240|crossShardPct=0|requestOfflinePct=30|receiptDropPct=29|ownerCap=3000|mobileThreshold=35,4,43,626,62,COMPLETE,24,16,16,2,16,10,4,0,16,16,12,12,76,0,0,0,273,422,16,563,12,4470,1688,3,2350,400
OFAT,REQUEST_OFFLINE_PCT,HIGH,baseSeed=626|nTx=24|nValidators=10|nShards=4|committee=3|quorum=2|loadThreshold=75|maxTime=240|crossShardPct=0|requestOfflinePct=30|receiptDropPct=29|ownerCap=3000|mobileThreshold=35,4,44,626,63,COMPLETE,24,16,16,3,16,10,4,0,16,16,11,13,75,0,0,0,272,436,16,504,11,5676,2249,2,3232,300
OFAT,REQUEST_OFFLINE_PCT,HIGH,baseSeed=626|nTx=24|nValidators=10|nShards=4|committee=3|quorum=2|loadThreshold=75|maxTime=240|crossShardPct=0|requestOfflinePct=30|receiptDropPct=29|ownerCap=3000|mobileThreshold=35,4,45,626,62,COMPLETE,24,17,17,3,17,10,4,0,17,17,11,13,79,0,0,0,286,461,17,522,11,4578,1688,3,2392,300
OFAT,REQUEST_OFFLINE_PCT,HIGH,baseSeed=626|nTx=24|nValidators=10|nShards=4|committee=3|quorum=2|loadThreshold=75|maxTime=240|crossShardPct=0|requestOfflinePct=30|receiptDropPct=29|ownerCap=3000|mobileThreshold=35,4,46,626,62,COMPLETE,24,15,15,1,15,10,4,0,15,15,9,15,69,0,0,0,256,384,15,394,9,5786,2337,2,3606,400
OFAT,REQUEST_OFFLINE_PCT,HIGH,baseSeed=626|nTx=24|nValidators=10|nShards=4|committee=3|quorum=2|loadThreshold=75|maxTime=240|crossShardPct=0|requestOfflinePct=30|receiptDropPct=29|ownerCap=3000|mobileThreshold=35,4,47,626,61,COMPLETE,24,16,16,1,16,10,4,0,16,16,11,13,75,0,0,0,272,409,16,482,11,5090,1862,3,2474,300
OFAT,REQUEST_OFFLINE_PCT,HIGH,baseSeed=626|nTx=24|nValidators=10|nShards=4|committee=3|quorum=2|loadThreshold=75|maxTime=240|crossShardPct=0|requestOfflinePct=30|receiptDropPct=29|ownerCap=3000|mobileThreshold=35,4,48,626,63,COMPLETE,24,16,16,3,16,10,4,0,16,16,11,13,75,0,0,0,272,436,16,538,11,5737,2299,2,3434,500
OFAT,REQUEST_OFFLINE_PCT,HIGH,baseSeed=626|nTx=24|nValidators=10|nShards=4|committee=3|quorum=2|loadThreshold=75|maxTime=240|crossShardPct=0|requestOfflinePct=30|receiptDropPct=29|ownerCap=3000|mobileThreshold=35,4,49,626,62,COMPLETE,24,14,14,4,14,10,4,0,14,14,10,14,66,0,0,0,243,397,14,511,10,5264,1900,3,2816,300
OFAT,REQUEST_OFFLINE_PCT,HIGH,baseSeed=626|nTx=24|nValidators=10|nShards=4|committee=3|quorum=2|loadThreshold=75|maxTime=240|crossShardPct=0|requestOfflinePct=30|receiptDropPct=29|ownerCap=3000|mobileThreshold=35,4,50,626,62,COMPLETE,24,16,16,3,16,10,4,0,16,16,12,12,76,0,0,0,273,436,16,547,12,4670,1742,3,2800,300
OFAT,REQUEST_OFFLINE_PCT,HIGH,baseSeed=626|nTx=24|nValidators=10|nShards=4|committee=3|quorum=2|loadThreshold=75|maxTime=240|crossShardPct=0|requestOfflinePct=30|receiptDropPct=29|ownerCap=3000|mobileThreshold=35,4,51,626,64,COMPLETE,24,18,18,7,18,10,4,0,18,18,12,12,84,0,0,0,301,538,18,602,12,6396,2601,2,4099,200
OFAT,REQUEST_OFFLINE_PCT,HIGH,baseSeed=626|nTx=24|nValidators=10|nShards=4|committee=3|quorum=2|loadThreshold=75|maxTime=240|crossShardPct=0|requestOfflinePct=30|receiptDropPct=29|ownerCap=3000|mobileThreshold=35,4,52,626,63,COMPLETE,24,16,16,3,16,10,4,0,16,16,12,12,76,0,0,0,273,435,16,561,12,5060,1886,3,2900,200
OFAT,REQUEST_OFFLINE_PCT,HIGH,baseSeed=626|nTx=24|nValidators=10|nShards=4|committee=3|quorum=2|loadThreshold=75|maxTime=240|crossShardPct=0|requestOfflinePct=30|receiptDropPct=29|ownerCap=3000|mobileThreshold=35,4,53,626,63,COMPLETE,24,14,14,3,14,10,4,0,14,14,10,14,66,0,0,0,243,384,14,474,10,5586,2188,2,3505,300
OFAT,REQUEST_OFFLINE_PCT,HIGH,baseSeed=626|nTx=24|nValidators=10|nShards=4|committee=3|quorum=2|loadThreshold=75|maxTime=240|crossShardPct=0|requestOfflinePct=30|receiptDropPct=29|ownerCap=3000|mobileThreshold=35,4,54,626,45,COMPLETE,24,15,15,0,15,10,4,0,15,15,10,14,70,0,0,0,257,371,15,437,10,4794,1748,3,2270,300
OFAT,REQUEST_OFFLINE_PCT,HIGH,baseSeed=626|nTx=24|nValidators=10|nShards=4|committee=3|quorum=2|loadThreshold=75|maxTime=240|crossShardPct=0|requestOfflinePct=30|receiptDropPct=29|ownerCap=3000|mobileThreshold=35,4,55,626,62,COMPLETE,24,15,15,2,15,10,4,0,15,15,10,14,70,0,0,0,257,397,15,456,10,5281,2046,2,2972,300
OFAT,REQUEST_OFFLINE_PCT,HIGH,baseSeed=626|nTx=24|nValidators=10|nShards=4|committee=3|quorum=2|loadThreshold=75|maxTime=240|crossShardPct=0|requestOfflinePct=30|receiptDropPct=29|ownerCap=3000|mobileThreshold=35,4,56,626,62,COMPLETE,24,16,16,2,16,10,4,0,16,16,10,14,74,0,0,0,271,422,16,475,10,5153,1872,3,2500,300
OFAT,REQUEST_OFFLINE_PCT,HIGH,baseSeed=626|nTx=24|nValidators=10|nShards=4|committee=3|quorum=2|loadThreshold=75|maxTime=240|crossShardPct=0|requestOfflinePct=30|receiptDropPct=29|ownerCap=3000|mobileThreshold=35,4,57,626,62,COMPLETE,24,13,13,1,13,10,4,0,13,13,9,15,61,0,0,0,228,333,13,392,9,5546,2173,2,3354,300
OFAT,REQUEST_OFFLINE_PCT,HIGH,baseSeed=626|nTx=24|nValidators=10|nShards=4|committee=3|quorum=2|loadThreshold=75|maxTime=240|crossShardPct=0|requestOfflinePct=30|receiptDropPct=29|ownerCap=3000|mobileThreshold=35,4,58,626,63,COMPLETE,24,14,14,3,14,10,4,0,14,14,10,14,66,0,0,0,243,383,14,454,10,4931,1772,3,2356,200
OFAT,REQUEST_OFFLINE_PCT,HIGH,baseSeed=626|nTx=24|nValidators=10|nShards=4|committee=3|quorum=2|loadThreshold=75|maxTime=240|crossShardPct=0|requestOfflinePct=30|receiptDropPct=29|ownerCap=3000|mobileThreshold=35,4,59,626,61,COMPLETE,24,15,15,1,15,10,4,0,15,15,9,15,69,0,0,0,256,383,15,394,9,4890,1791,3,3005,200
OFAT,REQUEST_OFFLINE_PCT,HIGH,baseSeed=626|nTx=24|nValidators=10|nShards=4|committee=3|quorum=2|loadThreshold=75|maxTime=240|crossShardPct=0|requestOfflinePct=30|receiptDropPct=29|ownerCap=3000|mobileThreshold=35,4,60,626,63,COMPLETE,24,15,15,1,15,10,4,0,15,15,9,15,69,0,0,0,256,385,15,412,9,4923,1763,3,2568,300
OFAT,REQUEST_OFFLINE_PCT,HIGH,baseSeed=626|nTx=24|nValidators=10|nShards=4|committee=3|quorum=2|loadThreshold=75|maxTime=240|crossShardPct=0|requestOfflinePct=30|receiptDropPct=29|ownerCap=3000|mobileThreshold=35,4,61,626,63,COMPLETE,24,15,15,2,15,10,4,0,15,15,10,14,70,0,0,0,257,397,15,458,10,5432,2174,2,3783,300
OFAT,REQUEST_OFFLINE_PCT,HIGH,baseSeed=626|nTx=24|nValidators=10|nShards=4|committee=3|quorum=2|loadThreshold=75|maxTime=240|crossShardPct=0|requestOfflinePct=30|receiptDropPct=29|ownerCap=3000|mobileThreshold=35,4,62,626,63,COMPLETE,24,13,13,1,13,10,4,0,13,13,8,16,60,0,0,0,227,332,13,367,8,6383,2526,2,3584,300
OFAT,REQUEST_OFFLINE_PCT,HIGH,baseSeed=626|nTx=24|nValidators=10|nShards=4|committee=3|quorum=2|loadThreshold=75|maxTime=240|crossShardPct=0|requestOfflinePct=30|receiptDropPct=29|ownerCap=3000|mobileThreshold=35,4,63,626,63,COMPLETE,24,13,13,1,13,10,4,0,13,13,7,17,59,0,0,0,226,333,13,325,7,5305,1928,2,2675,400
OFAT,REQUEST_OFFLINE_PCT,HIGH,baseSeed=626|nTx=24|nValidators=10|nShards=4|committee=3|quorum=2|loadThreshold=75|maxTime=240|crossShardPct=0|requestOfflinePct=30|receiptDropPct=29|ownerCap=3000|mobileThreshold=35,4,64,626,62,COMPLETE,24,16,16,3,16,10,4,0,16,16,11,13,75,0,0,0,272,435,16,521,11,6101,2612,2,4242,200
OFAT,REQUEST_OFFLINE_PCT,HIGH,baseSeed=626|nTx=24|nValidators=10|nShards=4|committee=3|quorum=2|loadThreshold=75|maxTime=240|crossShardPct=0|requestOfflinePct=30|receiptDropPct=29|ownerCap=3000|mobileThreshold=35,4,65,626,63,COMPLETE,24,14,14,2,14,10,4,0,14,14,9,15,65,0,0,0,242,370,14,429,9,4976,1815,3,2441,300
OFAT,REQUEST_OFFLINE_PCT,HIGH,baseSeed=626|nTx=24|nValidators=10|nShards=4|committee=3|quorum=2|loadThreshold=75|maxTime=240|crossShardPct=0|requestOfflinePct=30|receiptDropPct=29|ownerCap=3000|mobileThreshold=35,4,66,626,63,COMPLETE,24,16,16,2,16,10,4,0,16,16,10,14,74,0,0,0,271,423,16,454,10,5153,2009,2,3265,200
OFAT,REQUEST_OFFLINE_PCT,HIGH,baseSeed=626|nTx=24|nValidators=10|nShards=4|committee=3|quorum=2|loadThreshold=75|maxTime=240|crossShardPct=0|requestOfflinePct=30|receiptDropPct=29|ownerCap=3000|mobileThreshold=35,4,67,626,61,COMPLETE,24,14,14,1,14,10,4,0,14,14,9,15,65,0,0,0,242,357,14,411,9,6058,2364,2,3430,200
OFAT,REQUEST_OFFLINE_PCT,HIGH,baseSeed=626|nTx=24|nValidators=10|nShards=4|committee=3|quorum=2|loadThreshold=75|maxTime=240|crossShardPct=0|requestOfflinePct=30|receiptDropPct=29|ownerCap=3000|mobileThreshold=35,4,68,626,61,COMPLETE,24,14,14,1,14,10,4,0,14,14,10,14,66,0,0,0,243,358,14,455,10,4850,1789,3,3160,300
OFAT,REQUEST_OFFLINE_PCT,HIGH,baseSeed=626|nTx=24|nValidators=10|nShards=4|committee=3|quorum=2|loadThreshold=75|maxTime=240|crossShardPct=0|requestOfflinePct=30|receiptDropPct=29|ownerCap=3000|mobileThreshold=35,4,69,626,45,COMPLETE,24,17,17,0,17,10,4,0,17,17,12,12,80,0,0,0,287,423,17,528,12,5834,2250,2,3554,300
OFAT,REQUEST_OFFLINE_PCT,HIGH,baseSeed=626|nTx=24|nValidators=10|nShards=4|committee=3|quorum=2|loadThreshold=75|maxTime=240|crossShardPct=0|requestOfflinePct=30|receiptDropPct=29|ownerCap=3000|mobileThreshold=35,4,70,626,63,COMPLETE,24,15,15,2,15,10,4,0,15,15,9,15,69,0,0,0,256,396,15,413,9,4486,1641,3,2185,200
OFAT,REQUEST_OFFLINE_PCT,HIGH,baseSeed=626|nTx=24|nValidators=10|nShards=4|committee=3|quorum=2|loadThreshold=75|maxTime=240|crossShardPct=0|requestOfflinePct=30|receiptDropPct=29|ownerCap=3000|mobileThreshold=35,4,71,626,45,COMPLETE,24,14,14,0,14,10,4,0,14,14,8,16,64,0,0,0,241,345,14,350,8,4447,1628,3,2352,300
OFAT,REQUEST_OFFLINE_PCT,HIGH,baseSeed=626|nTx=24|nValidators=10|nShards=4|committee=3|quorum=2|loadThreshold=75|maxTime=240|crossShardPct=0|requestOfflinePct=30|receiptDropPct=29|ownerCap=3000|mobileThreshold=35,4,72,626,62,COMPLETE,24,16,16,1,16,10,4,0,16,16,11,13,75,0,0,0,272,410,16,501,11,4888,1778,3,2474,300
OFAT,REQUEST_OFFLINE_PCT,HIGH,baseSeed=626|nTx=24|nValidators=10|nShards=4|committee=3|quorum=2|loadThreshold=75|maxTime=240|crossShardPct=0|requestOfflinePct=30|receiptDropPct=29|ownerCap=3000|mobileThreshold=35,4,73,626,63,COMPLETE,24,14,14,2,14,10,4,0,14,14,10,14,66,0,0,0,243,371,14,436,10,5149,1988,2,2931,200
OFAT,REQUEST_OFFLINE_PCT,HIGH,baseSeed=626|nTx=24|nValidators=10|nShards=4|committee=3|quorum=2|loadThreshold=75|maxTime=240|crossShardPct=0|requestOfflinePct=30|receiptDropPct=29|ownerCap=3000|mobileThreshold=35,4,74,626,61,COMPLETE,24,16,16,1,16,10,4,0,16,16,10,14,74,0,0,0,271,409,16,454,10,4336,1631,3,2500,300
OFAT,REQUEST_OFFLINE_PCT,HIGH,baseSeed=626|nTx=24|nValidators=10|nShards=4|committee=3|quorum=2|loadThreshold=75|maxTime=240|crossShardPct=0|requestOfflinePct=30|receiptDropPct=29|ownerCap=3000|mobileThreshold=35,4,75,626,61,COMPLETE,24,15,15,1,15,10,4,0,15,15,10,14,70,0,0,0,257,383,15,455,10,5075,2034,2,3405,300
OFAT,REQUEST_OFFLINE_PCT,HIGH,baseSeed=626|nTx=24|nValidators=10|nShards=4|committee=3|quorum=2|loadThreshold=75|maxTime=240|crossShardPct=0|requestOfflinePct=30|receiptDropPct=29|ownerCap=3000|mobileThreshold=35,4,76,626,63,COMPLETE,24,13,13,4,13,10,4,0,13,13,9,15,61,0,0,0,228,371,13,431,9,5645,2259,2,3664,200
OFAT,REQUEST_OFFLINE_PCT,HIGH,baseSeed=626|nTx=24|nValidators=10|nShards=4|committee=3|quorum=2|loadThreshold=75|maxTime=240|crossShardPct=0|requestOfflinePct=30|receiptDropPct=29|ownerCap=3000|mobileThreshold=35,4,77,626,62,COMPLETE,24,16,16,3,16,10,4,0,16,16,11,13,75,0,0,0,272,435,16,536,11,3939,1534,3,2575,300
OFAT,REQUEST_OFFLINE_PCT,HIGH,baseSeed=626|nTx=24|nValidators=10|nShards=4|committee=3|quorum=2|loadThreshold=75|maxTime=240|crossShardPct=0|requestOfflinePct=30|receiptDropPct=29|ownerCap=3000|mobileThreshold=35,4,78,626,63,COMPLETE,24,14,14,2,14,10,4,0,14,14,9,15,65,0,0,0,242,371,14,430,9,5313,1975,3,2674,300
OFAT,REQUEST_OFFLINE_PCT,HIGH,baseSeed=626|nTx=24|nValidators=10|nShards=4|committee=3|quorum=2|loadThreshold=75|maxTime=240|crossShardPct=0|requestOfflinePct=30|receiptDropPct=29|ownerCap=3000|mobileThreshold=35,4,79,626,62,COMPLETE,24,15,15,1,15,10,4,0,15,15,10,14,70,0,0,0,257,384,15,456,10,4535,1674,3,2648,300
OFAT,REQUEST_OFFLINE_PCT,HIGH,baseSeed=626|nTx=24|nValidators=10|nShards=4|committee=3|quorum=2|loadThreshold=75|maxTime=240|crossShardPct=0|requestOfflinePct=30|receiptDropPct=29|ownerCap=3000|mobileThreshold=35,4,80,626,63,COMPLETE,24,16,16,4,16,10,4,0,16,16,10,14,74,0,0,0,271,448,16,477,10,5438,2155,2,3724,300
OFAT,REQUEST_OFFLINE_PCT,HIGH,baseSeed=626|nTx=24|nValidators=10|nShards=4|committee=3|quorum=2|loadThreshold=75|maxTime=240|crossShardPct=0|requestOfflinePct=30|receiptDropPct=29|ownerCap=3000|mobileThreshold=35,4,81,626,61,COMPLETE,24,16,16,1,16,10,4,0,16,16,9,15,73,0,0,0,270,409,16,415,9,5000,1840,3,2422,200
OFAT,REQUEST_OFFLINE_PCT,HIGH,baseSeed=626|nTx=24|nValidators=10|nShards=4|committee=3|quorum=2|loadThreshold=75|maxTime=240|crossShardPct=0|requestOfflinePct=30|receiptDropPct=29|ownerCap=3000|mobileThreshold=35,4,82,626,63,COMPLETE,24,15,15,3,15,10,4,0,15,15,9,15,69,0,0,0,256,409,15,412,9,5163,2107,2,3606,300
OFAT,REQUEST_OFFLINE_PCT,HIGH,baseSeed=626|nTx=24|nValidators=10|nShards=4|committee=3|quorum=2|loadThreshold=75|maxTime=240|crossShardPct=0|requestOfflinePct=30|receiptDropPct=29|ownerCap=3000|mobileThreshold=35,4,83,626,63,COMPLETE,24,17,17,3,17,10,4,0,17,17,12,12,80,0,0,0,287,461,17,563,12,5445,2102,2,3222,300
OFAT,REQUEST_OFFLINE_PCT,HIGH,baseSeed=626|nTx=24|nValidators=10|nShards=4|committee=3|quorum=2|loadThreshold=75|maxTime=240|crossShardPct=0|requestOfflinePct=30|receiptDropPct=29|ownerCap=3000|mobileThreshold=35,4,84,626,63,COMPLETE,24,15,15,1,15,10,4,0,15,15,10,14,70,0,0,0,257,384,15,457,10,5410,2115,2,3567,300
OFAT,REQUEST_OFFLINE_PCT,HIGH,baseSeed=626|nTx=24|nValidators=10|nShards=4|committee=3|quorum=2|loadThreshold=75|maxTime=240|crossShardPct=0|requestOfflinePct=30|receiptDropPct=29|ownerCap=3000|mobileThreshold=35,4,85,626,62,COMPLETE,24,16,16,1,16,10,4,0,16,16,9,15,73,0,0,0,270,410,16,413,9,4123,1559,3,2422,400
OFAT,REQUEST_OFFLINE_PCT,HIGH,baseSeed=626|nTx=24|nValidators=10|nShards=4|committee=3|quorum=2|loadThreshold=75|maxTime=240|crossShardPct=0|requestOfflinePct=30|receiptDropPct=29|ownerCap=3000|mobileThreshold=35,4,86,626,63,COMPLETE,24,15,15,2,15,10,4,0,15,15,9,15,69,0,0,0,256,397,15,394,9,3808,1501,3,2568,300
OFAT,REQUEST_OFFLINE_PCT,HIGH,baseSeed=626|nTx=24|nValidators=10|nShards=4|committee=3|quorum=2|loadThreshold=75|maxTime=240|crossShardPct=0|requestOfflinePct=30|receiptDropPct=29|ownerCap=3000|mobileThreshold=35,4,87,626,62,COMPLETE,24,15,15,1,15,10,4,0,15,15,10,14,70,0,0,0,257,385,15,438,10,4762,1793,3,2918,300
OFAT,REQUEST_OFFLINE_PCT,HIGH,baseSeed=626|nTx=24|nValidators=10|nShards=4|committee=3|quorum=2|loadThreshold=75|maxTime=240|crossShardPct=0|requestOfflinePct=30|receiptDropPct=29|ownerCap=3000|mobileThreshold=35,4,88,626,63,COMPLETE,24,17,17,2,17,10,4,0,17,17,11,13,79,0,0,0,286,448,17,499,11,3708,1480,3,2488,300
OFAT,REQUEST_OFFLINE_PCT,HIGH,baseSeed=626|nTx=24|nValidators=10|nShards=4|committee=3|quorum=2|loadThreshold=75|maxTime=240|crossShardPct=0|requestOfflinePct=30|receiptDropPct=29|ownerCap=3000|mobileThreshold=35,4,89,626,62,COMPLETE,24,15,15,2,15,10,4,0,15,15,10,14,70,0,0,0,257,397,15,457,10,4470,1646,3,2162,300
OFAT,REQUEST_OFFLINE_PCT,HIGH,baseSeed=626|nTx=24|nValidators=10|nShards=4|committee=3|quorum=2|loadThreshold=75|maxTime=240|crossShardPct=0|requestOfflinePct=30|receiptDropPct=29|ownerCap=3000|mobileThreshold=35,4,90,626,62,COMPLETE,24,16,16,2,16,10,4,0,16,16,11,13,75,0,0,0,272,422,16,516,11,4636,1713,3,2424,400
OFAT,REQUEST_OFFLINE_PCT,HIGH,baseSeed=626|nTx=24|nValidators=10|nShards=4|committee=3|quorum=2|loadThreshold=75|maxTime=240|crossShardPct=0|requestOfflinePct=30|receiptDropPct=29|ownerCap=3000|mobileThreshold=35,4,91,626,64,COMPLETE,24,16,16,1,16,10,4,0,16,16,11,13,75,0,0,0,272,410,16,500,11,5515,2013,2,2979,300
OFAT,REQUEST_OFFLINE_PCT,HIGH,baseSeed=626|nTx=24|nValidators=10|nShards=4|committee=3|quorum=2|loadThreshold=75|maxTime=240|crossShardPct=0|requestOfflinePct=30|receiptDropPct=29|ownerCap=3000|mobileThreshold=35,4,92,626,63,COMPLETE,24,14,14,2,14,10,4,0,14,14,10,14,66,0,0,0,243,371,14,472,10,5551,2240,2,3850,400
OFAT,REQUEST_OFFLINE_PCT,HIGH,baseSeed=626|nTx=24|nValidators=10|nShards=4|committee=3|quorum=2|loadThreshold=75|maxTime=240|crossShardPct=0|requestOfflinePct=30|receiptDropPct=29|ownerCap=3000|mobileThreshold=35,4,93,626,63,COMPLETE,24,16,16,3,16,10,4,0,16,16,11,13,75,0,0,0,272,437,16,502,11,4727,1744,3,2828,300
OFAT,REQUEST_OFFLINE_PCT,HIGH,baseSeed=626|nTx=24|nValidators=10|nShards=4|committee=3|quorum=2|loadThreshold=75|maxTime=240|crossShardPct=0|requestOfflinePct=30|receiptDropPct=29|ownerCap=3000|mobileThreshold=35,4,94,626,63,COMPLETE,24,15,15,2,15,10,4,0,15,15,11,13,71,0,0,0,258,397,15,500,11,5256,2230,2,3957,300
OFAT,REQUEST_OFFLINE_PCT,HIGH,baseSeed=626|nTx=24|nValidators=10|nShards=4|committee=3|quorum=2|loadThreshold=75|maxTime=240|crossShardPct=0|requestOfflinePct=30|receiptDropPct=29|ownerCap=3000|mobileThreshold=35,4,95,626,63,COMPLETE,24,17,17,1,17,10,4,0,17,17,12,12,80,0,0,0,287,437,17,531,12,4838,1925,2,3222,400
OFAT,REQUEST_OFFLINE_PCT,HIGH,baseSeed=626|nTx=24|nValidators=10|nShards=4|committee=3|quorum=2|loadThreshold=75|maxTime=240|crossShardPct=0|requestOfflinePct=30|receiptDropPct=29|ownerCap=3000|mobileThreshold=35,4,96,626,62,COMPLETE,24,17,17,1,17,10,4,0,17,17,11,13,79,0,0,0,286,437,17,483,11,4770,1737,3,2392,300
OFAT,REQUEST_OFFLINE_PCT,HIGH,baseSeed=626|nTx=24|nValidators=10|nShards=4|committee=3|quorum=2|loadThreshold=75|maxTime=240|crossShardPct=0|requestOfflinePct=30|receiptDropPct=29|ownerCap=3000|mobileThreshold=35,4,97,626,63,COMPLETE,24,14,14,2,14,10,4,0,14,14,11,13,67,0,0,0,244,371,14,520,11,4511,1678,3,2613,300
OFAT,REQUEST_OFFLINE_PCT,HIGH,baseSeed=626|nTx=24|nValidators=10|nShards=4|committee=3|quorum=2|loadThreshold=75|maxTime=240|crossShardPct=0|requestOfflinePct=30|receiptDropPct=29|ownerCap=3000|mobileThreshold=35,4,98,626,63,COMPLETE,24,15,15,2,15,10,4,0,15,15,12,12,72,0,0,0,259,397,15,542,12,5063,2055,2,3492,300
OFAT,REQUEST_OFFLINE_PCT,HIGH,baseSeed=626|nTx=24|nValidators=10|nShards=4|committee=3|quorum=2|loadThreshold=75|maxTime=240|crossShardPct=0|requestOfflinePct=30|receiptDropPct=29|ownerCap=3000|mobileThreshold=35,4,99,626,62,COMPLETE,24,16,16,2,16,10,4,0,16,16,12,12,76,0,0,0,273,422,16,561,12,4140,1582,3,2500,400
OFAT,REQUEST_OFFLINE_PCT,HIGH,baseSeed=626|nTx=24|nValidators=10|nShards=4|committee=3|quorum=2|loadThreshold=75|maxTime=240|crossShardPct=0|requestOfflinePct=30|receiptDropPct=29|ownerCap=3000|mobileThreshold=35,4,100,626,63,COMPLETE,24,16,16,3,16,10,4,0,16,16,11,13,75,0,0,0,272,436,16,520,11,4565,1784,3,2979,300
OFAT,RECEIPT_DROP_PCT,LOW,baseSeed=626|nTx=24|nValidators=10|nShards=4|committee=3|quorum=2|loadThreshold=75|maxTime=240|crossShardPct=0|requestOfflinePct=20|receiptDropPct=10|ownerCap=3000|mobileThreshold=35,4,1,626,63,COMPLETE,24,17,17,3,17,10,4,0,17,17,15,9,83,0,0,0,290,462,17,714,15,5894,2392,2,3640,400
OFAT,RECEIPT_DROP_PCT,LOW,baseSeed=626|nTx=24|nValidators=10|nShards=4|committee=3|quorum=2|loadThreshold=75|maxTime=240|crossShardPct=0|requestOfflinePct=20|receiptDropPct=10|ownerCap=3000|mobileThreshold=35,4,2,626,62,COMPLETE,24,17,17,1,17,10,4,0,17,17,15,9,83,0,0,0,290,436,17,677,15,5073,1822,3,2442,300
OFAT,RECEIPT_DROP_PCT,LOW,baseSeed=626|nTx=24|nValidators=10|nShards=4|committee=3|quorum=2|loadThreshold=75|maxTime=240|crossShardPct=0|requestOfflinePct=20|receiptDropPct=10|ownerCap=3000|mobileThreshold=35,4,3,626,63,COMPLETE,24,17,17,1,17,10,4,0,17,17,15,9,83,0,0,0,290,436,17,678,15,5746,2194,2,3271,400
OFAT,RECEIPT_DROP_PCT,LOW,baseSeed=626|nTx=24|nValidators=10|nShards=4|committee=3|quorum=2|loadThreshold=75|maxTime=240|crossShardPct=0|requestOfflinePct=20|receiptDropPct=10|ownerCap=3000|mobileThreshold=35,4,4,626,64,COMPLETE,24,17,17,2,17,10,4,0,17,17,15,9,83,0,0,0,290,449,17,696,15,4944,1781,3,2350,300
OFAT,RECEIPT_DROP_PCT,LOW,baseSeed=626|nTx=24|nValidators=10|nShards=4|committee=3|quorum=2|loadThreshold=75|maxTime=240|crossShardPct=0|requestOfflinePct=20|receiptDropPct=10|ownerCap=3000|mobileThreshold=35,4,5,626,63,COMPLETE,24,18,18,2,18,10,4,0,18,18,17,7,89,0,0,0,306,474,18,785,17,4732,1745,3,2327,300
OFAT,RECEIPT_DROP_PCT,LOW,baseSeed=626|nTx=24|nValidators=10|nShards=4|committee=3|quorum=2|loadThreshold=75|maxTime=240|crossShardPct=0|requestOfflinePct=20|receiptDropPct=10|ownerCap=3000|mobileThreshold=35,4,6,626,62,COMPLETE,24,17,17,2,17,10,4,0,17,17,12,12,80,0,0,0,287,449,17,548,12,6601,2800,2,4407,200
OFAT,RECEIPT_DROP_PCT,LOW,baseSeed=626|nTx=24|nValidators=10|nShards=4|committee=3|quorum=2|loadThreshold=75|maxTime=240|crossShardPct=0|requestOfflinePct=20|receiptDropPct=10|ownerCap=3000|mobileThreshold=35,4,7,626,63,COMPLETE,24,17,17,3,17,10,4,0,17,17,16,8,84,0,0,0,291,461,17,741,16,4351,1615,3,2374,200
OFAT,RECEIPT_DROP_PCT,LOW,baseSeed=626|nTx=24|nValidators=10|nShards=4|committee=3|quorum=2|loadThreshold=75|maxTime=240|crossShardPct=0|requestOfflinePct=20|receiptDropPct=10|ownerCap=3000|mobileThreshold=35,4,8,626,63,COMPLETE,24,17,17,2,17,10,4,0,17,17,16,8,84,0,0,0,291,448,17,740,16,4589,1731,3,2328,300
OFAT,RECEIPT_DROP_PCT,LOW,baseSeed=626|nTx=24|nValidators=10|nShards=4|committee=3|quorum=2|loadThreshold=75|maxTime=240|crossShardPct=0|requestOfflinePct=20|receiptDropPct=10|ownerCap=3000|mobileThreshold=35,4,9,626,63,COMPLETE,24,16,16,2,16,10,4,0,16,16,15,9,79,0,0,0,276,423,16,695,15,4689,1763,3,2475,300
OFAT,RECEIPT_DROP_PCT,LOW,baseSeed=626|nTx=24|nValidators=10|nShards=4|committee=3|quorum=2|loadThreshold=75|maxTime=240|crossShardPct=0|requestOfflinePct=20|receiptDropPct=10|ownerCap=3000|mobileThreshold=35,4,10,626,62,COMPLETE,24,17,17,2,17,10,4,0,17,17,16,8,84,0,0,0,291,448,17,739,16,4251,1610,3,2100,300
OFAT,RECEIPT_DROP_PCT,LOW,baseSeed=626|nTx=24|nValidators=10|nShards=4|committee=3|quorum=2|loadThreshold=75|maxTime=240|crossShardPct=0|requestOfflinePct=20|receiptDropPct=10|ownerCap=3000|mobileThreshold=35,4,11,626,63,COMPLETE,24,17,17,1,17,10,4,0,17,17,14,10,82,0,0,0,289,436,17,633,14,5009,1821,3,2465,300
OFAT,RECEIPT_DROP_PCT,LOW,baseSeed=626|nTx=24|nValidators=10|nShards=4|committee=3|quorum=2|loadThreshold=75|maxTime=240|crossShardPct=0|requestOfflinePct=20|receiptDropPct=10|ownerCap=3000|mobileThreshold=35,4,12,626,63,COMPLETE,24,17,17,1,17,10,4,0,17,17,14,10,82,0,0,0,289,436,17,634,14,3586,1446,3,2000,300
OFAT,RECEIPT_DROP_PCT,LOW,baseSeed=626|nTx=24|nValidators=10|nShards=4|committee=3|quorum=2|loadThreshold=75|maxTime=240|crossShardPct=0|requestOfflinePct=20|receiptDropPct=10|ownerCap=3000|mobileThreshold=35,4,13,626,63,COMPLETE,24,17,17,3,17,10,4,0,17,17,15,9,83,0,0,0,290,461,17,716,15,5396,2052,2,3225,300
OFAT,RECEIPT_DROP_PCT,LOW,baseSeed=626|nTx=24|nValidators=10|nShards=4|committee=3|quorum=2|loadThreshold=75|maxTime=240|crossShardPct=0|requestOfflinePct=20|receiptDropPct=10|ownerCap=3000|mobileThreshold=35,4,14,626,63,COMPLETE,24,17,17,3,17,10,4,0,17,17,16,8,84,0,0,0,291,460,17,756,16,4881,1835,3,2831,300
OFAT,RECEIPT_DROP_PCT,LOW,baseSeed=626|nTx=24|nValidators=10|nShards=4|committee=3|quorum=2|loadThreshold=75|maxTime=240|crossShardPct=0|requestOfflinePct=20|receiptDropPct=10|ownerCap=3000|mobileThreshold=35,4,15,626,61,COMPLETE,24,18,18,1,18,10,4,0,18,18,15,9,87,0,0,0,304,461,18,679,15,4605,1826,3,3070,300
OFAT,RECEIPT_DROP_PCT,LOW,baseSeed=626|nTx=24|nValidators=10|nShards=4|committee=3|quorum=2|loadThreshold=75|maxTime=240|crossShardPct=0|requestOfflinePct=20|receiptDropPct=10|ownerCap=3000|mobileThreshold=35,4,16,626,62,COMPLETE,24,17,17,2,17,10,4,0,17,17,14,10,82,0,0,0,289,448,17,651,14,5027,1829,3,2465,300
OFAT,RECEIPT_DROP_PCT,LOW,baseSeed=626|nTx=24|nValidators=10|nShards=4|committee=3|quorum=2|loadThreshold=75|maxTime=240|crossShardPct=0|requestOfflinePct=20|receiptDropPct=10|ownerCap=3000|mobileThreshold=35,4,17,626,64,COMPLETE,24,17,17,2,17,10,4,0,17,17,14,10,82,0,0,0,289,449,17,653,14,4795,1750,3,2372,300
OFAT,RECEIPT_DROP_PCT,LOW,baseSeed=626|nTx=24|nValidators=10|nShards=4|committee=3|quorum=2|loadThreshold=75|maxTime=240|crossShardPct=0|requestOfflinePct=20|receiptDropPct=10|ownerCap=3000|mobileThreshold=35,4,18,626,62,COMPLETE,24,17,17,2,17,10,4,0,17,17,16,8,84,0,0,0,291,449,17,741,16,5566,2132,2,3196,300
OFAT,RECEIPT_DROP_PCT,LOW,baseSeed=626|nTx=24|nValidators=10|nShards=4|committee=3|quorum=2|loadThreshold=75|maxTime=240|crossShardPct=0|requestOfflinePct=20|receiptDropPct=10|ownerCap=3000|mobileThreshold=35,4,19,626,62,COMPLETE,24,17,17,1,17,10,4,0,17,17,16,8,84,0,0,0,291,436,17,721,16,4525,1726,3,2328,300
OFAT,RECEIPT_DROP_PCT,LOW,baseSeed=626|nTx=24|nValidators=10|nShards=4|committee=3|quorum=2|loadThreshold=75|maxTime=240|crossShardPct=0|requestOfflinePct=20|receiptDropPct=10|ownerCap=3000|mobileThreshold=35,4,20,626,62,COMPLETE,24,17,17,2,17,10,4,0,17,17,16,8,84,0,0,0,291,448,17,739,16,5867,2614,2,4474,300
OFAT,RECEIPT_DROP_PCT,LOW,baseSeed=626|nTx=24|nValidators=10|nShards=4|committee=3|quorum=2|loadThreshold=75|maxTime=240|crossShardPct=0|requestOfflinePct=20|receiptDropPct=10|ownerCap=3000|mobileThreshold=35,4,21,626,63,COMPLETE,24,16,16,1,16,10,4,0,16,16,15,9,79,0,0,0,276,410,16,675,15,4242,1607,3,2135,400
OFAT,RECEIPT_DROP_PCT,LOW,baseSeed=626|nTx=24|nValidators=10|nShards=4|committee=3|quorum=2|loadThreshold=75|maxTime=240|crossShardPct=0|requestOfflinePct=20|receiptDropPct=10|ownerCap=3000|mobileThreshold=35,4,22,626,62,COMPLETE,24,17,17,2,17,10,4,0,17,17,14,10,82,0,0,0,289,448,17,652,14,5037,1829,3,2511,200
OFAT,RECEIPT_DROP_PCT,LOW,baseSeed=626|nTx=24|nValidators=10|nShards=4|committee=3|quorum=2|loadThreshold=75|maxTime=240|crossShardPct=0|requestOfflinePct=20|receiptDropPct=10|ownerCap=3000|mobileThreshold=35,4,23,626,62,COMPLETE,24,17,17,2,17,10,4,0,17,17,14,10,82,0,0,0,289,448,17,634,14,4981,1810,3,2744,300
OFAT,RECEIPT_DROP_PCT,LOW,baseSeed=626|nTx=24|nValidators=10|nShards=4|committee=3|quorum=2|loadThreshold=75|maxTime=240|crossShardPct=0|requestOfflinePct=20|receiptDropPct=10|ownerCap=3000|mobileThreshold=35,4,24,626,63,COMPLETE,24,17,17,3,17,10,4,0,17,17,17,7,85,0,0,0,292,461,17,802,17,4710,1696,3,2488,300
OFAT,RECEIPT_DROP_PCT,LOW,baseSeed=626|nTx=24|nValidators=10|nShards=4|committee=3|quorum=2|loadThreshold=75|maxTime=240|crossShardPct=0|requestOfflinePct=20|receiptDropPct=10|ownerCap=3000|mobileThreshold=35,4,25,626,61,COMPLETE,24,18,18,1,18,10,4,0,18,18,16,8,88,0,0,0,305,461,18,721,16,3730,1477,3,2260,200
OFAT,RECEIPT_DROP_PCT,LOW,baseSeed=626|nTx=24|nValidators=10|nShards=4|committee=3|quorum=2|loadThreshold=75|maxTime=240|crossShardPct=0|requestOfflinePct=20|receiptDropPct=10|ownerCap=3000|mobileThreshold=35,4,26,626,63,COMPLETE,24,17,17,3,17,10,4,0,17,17,14,10,82,0,0,0,289,460,17,650,14,4655,1686,3,2372,300
OFAT,RECEIPT_DROP_PCT,LOW,baseSeed=626|nTx=24|nValidators=10|nShards=4|committee=3|quorum=2|loadThreshold=75|maxTime=240|crossShardPct=0|requestOfflinePct=20|receiptDropPct=10|ownerCap=3000|mobileThreshold=35,4,27,626,61,COMPLETE,24,17,17,1,17,10,4,0,17,17,15,9,83,0,0,0,290,435,17,676,15,4456,1854,2,3225,300
OFAT,RECEIPT_DROP_PCT,LOW,baseSeed=626|nTx=24|nValidators=10|nShards=4|committee=3|quorum=2|loadThreshold=75|maxTime=240|crossShardPct=0|requestOfflinePct=20|receiptDropPct=10|ownerCap=3000|mobileThreshold=35,4,28,626,61,COMPLETE,24,17,17,1,17,10,4,0,17,17,15,9,83,0,0,0,290,435,17,676,15,5829,2450,2,4101,300
OFAT,RECEIPT_DROP_PCT,LOW,baseSeed=626|nTx=24|nValidators=10|nShards=4|committee=3|quorum=2|loadThreshold=75|maxTime=240|crossShardPct=0|requestOfflinePct=20|receiptDropPct=10|ownerCap=3000|mobileThreshold=35,4,29,626,63,COMPLETE,24,17,17,3,17,10,4,0,17,17,15,9,83,0,0,0,290,461,17,676,15,4926,2210,2,4055,300
OFAT,RECEIPT_DROP_PCT,LOW,baseSeed=626|nTx=24|nValidators=10|nShards=4|committee=3|quorum=2|loadThreshold=75|maxTime=240|crossShardPct=0|requestOfflinePct=20|receiptDropPct=10|ownerCap=3000|mobileThreshold=35,4,30,626,61,COMPLETE,24,18,18,1,18,10,4,0,18,18,16,8,88,0,0,0,305,461,18,721,16,4217,1577,3,2130,300
OFAT,RECEIPT_DROP_PCT,LOW,baseSeed=626|nTx=24|nValidators=10|nShards=4|committee=3|quorum=2|loadThreshold=75|maxTime=240|crossShardPct=0|requestOfflinePct=20|receiptDropPct=10|ownerCap=3000|mobileThreshold=35,4,31,626,61,COMPLETE,24,17,17,1,17,10,4,0,17,17,15,9,83,0,0,0,290,436,17,676,15,5755,2391,2,4055,400
OFAT,RECEIPT_DROP_PCT,LOW,baseSeed=626|nTx=24|nValidators=10|nShards=4|committee=3|quorum=2|loadThreshold=75|maxTime=240|crossShardPct=0|requestOfflinePct=20|receiptDropPct=10|ownerCap=3000|mobileThreshold=35,4,32,626,62,COMPLETE,24,17,17,2,17,10,4,0,17,17,17,7,85,0,0,0,292,448,17,783,17,4547,1666,3,2443,200
OFAT,RECEIPT_DROP_PCT,LOW,baseSeed=626|nTx=24|nValidators=10|nShards=4|committee=3|quorum=2|loadThreshold=75|maxTime=240|crossShardPct=0|requestOfflinePct=20|receiptDropPct=10|ownerCap=3000|mobileThreshold=35,4,33,626,63,COMPLETE,24,18,18,2,18,10,4,0,18,18,15,9,87,0,0,0,304,475,18,678,15,5175,1912,2,2675,300
OFAT,RECEIPT_DROP_PCT,LOW,baseSeed=626|nTx=24|nValidators=10|nShards=4|committee=3|quorum=2|loadThreshold=75|maxTime=240|crossShardPct=0|requestOfflinePct=20|receiptDropPct=10|ownerCap=3000|mobileThreshold=35,4,34,626,62,COMPLETE,24,18,18,3,18,10,4,0,18,18,15,9,87,0,0,0,304,487,18,715,15,5184,2133,2,3771,300
OFAT,RECEIPT_DROP_PCT,LOW,baseSeed=626|nTx=24|nValidators=10|nShards=4|committee=3|quorum=2|loadThreshold=75|maxTime=240|crossShardPct=0|requestOfflinePct=20|receiptDropPct=10|ownerCap=3000|mobileThreshold=35,4,35,626,62,COMPLETE,24,19,19,3,19,10,4,0,19,19,19,5,95,0,0,0,322,513,19,892,19,5825,2398,2,3967,300
OFAT,RECEIPT_DROP_PCT,LOW,baseSeed=626|nTx=24|nValidators=10|nShards=4|committee=3|quorum=2|loadThreshold=75|maxTime=240|crossShardPct=0|requestOfflinePct=20|receiptDropPct=10|ownerCap=3000|mobileThreshold=35,4,36,626,61,COMPLETE,24,18,18,1,18,10,4,0,18,18,13,11,85,0,0,0,302,461,18,590,13,5508,2211,2,3750,300
OFAT,RECEIPT_DROP_PCT,LOW,baseSeed=626|nTx=24|nValidators=10|nShards=4|committee=3|quorum=2|loadThreshold=75|maxTime=240|crossShardPct=0|requestOfflinePct=20|receiptDropPct=10|ownerCap=3000|mobileThreshold=35,4,37,626,45,COMPLETE,24,18,18,0,18,10,4,0,18,18,16,8,88,0,0,0,305,449,18,705,16,5252,2008,2,3130,300
OFAT,RECEIPT_DROP_PCT,LOW,baseSeed=626|nTx=24|nValidators=10|nShards=4|committee=3|quorum=2|loadThreshold=75|maxTime=240|crossShardPct=0|requestOfflinePct=20|receiptDropPct=10|ownerCap=3000|mobileThreshold=35,4,38,626,64,COMPLETE,24,18,18,2,18,10,4,0,18,18,17,7,89,0,0,0,306,475,18,786,17,4758,1749,3,2370,300
OFAT,RECEIPT_DROP_PCT,LOW,baseSeed=626|nTx=24|nValidators=10|nShards=4|committee=3|quorum=2|loadThreshold=75|maxTime=240|crossShardPct=0|requestOfflinePct=20|receiptDropPct=10|ownerCap=3000|mobileThreshold=35,4,39,626,63,COMPLETE,24,18,18,3,18,10,4,0,18,18,15,9,87,0,0,0,304,488,18,717,15,5000,1895,3,3114,200
OFAT,RECEIPT_DROP_PCT,LOW,baseSeed=626|nTx=24|nValidators=10|nShards=4|committee=3|quorum=2|loadThreshold=75|maxTime=240|crossShardPct=0|requestOfflinePct=20|receiptDropPct=10|ownerCap=3000|mobileThreshold=35,4,40,626,46,COMPLETE,24,19,19,0,19,10,4,0,19,19,17,7,93,0,0,0,320,476,19,749,17,5106,1875,3,2592,400
OFAT,RECEIPT_DROP_PCT,LOW,baseSeed=626|nTx=24|nValidators=10|nShards=4|committee=3|quorum=2|loadThreshold=75|maxTime=240|crossShardPct=0|requestOfflinePct=20|receiptDropPct=10|ownerCap=3000|mobileThreshold=35,4,41,626,64,COMPLETE,24,18,18,5,18,10,4,0,18,18,16,8,88,0,0,0,305,513,18,779,16,5095,1845,3,3130,200
OFAT,RECEIPT_DROP_PCT,LOW,baseSeed=626|nTx=24|nValidators=10|nShards=4|committee=3|quorum=2|loadThreshold=75|maxTime=240|crossShardPct=0|requestOfflinePct=20|receiptDropPct=10|ownerCap=3000|mobileThreshold=35,4,42,626,61,COMPLETE,24,17,17,1,17,10,4,0,17,17,16,8,84,0,0,0,291,435,17,720,16,4196,1600,3,2328,300
OFAT,RECEIPT_DROP_PCT,LOW,baseSeed=626|nTx=24|nValidators=10|nShards=4|committee=3|quorum=2|loadThreshold=75|maxTime=240|crossShardPct=0|requestOfflinePct=20|receiptDropPct=10|ownerCap=3000|mobileThreshold=35,4,43,626,61,COMPLETE,24,17,17,1,17,10,4,0,17,17,14,10,82,0,0,0,289,435,17,614,14,4544,1708,3,2372,300
OFAT,RECEIPT_DROP_PCT,LOW,baseSeed=626|nTx=24|nValidators=10|nShards=4|committee=3|quorum=2|loadThreshold=75|maxTime=240|crossShardPct=0|requestOfflinePct=20|receiptDropPct=10|ownerCap=3000|mobileThreshold=35,4,44,626,62,COMPLETE,24,18,18,2,18,10,4,0,18,18,17,7,89,0,0,0,306,474,18,783,17,5732,2287,2,3491,300
OFAT,RECEIPT_DROP_PCT,LOW,baseSeed=626|nTx=24|nValidators=10|nShards=4|committee=3|quorum=2|loadThreshold=75|maxTime=240|crossShardPct=0|requestOfflinePct=20|receiptDropPct=10|ownerCap=3000|mobileThreshold=35,4,45,626,62,COMPLETE,24,19,19,2,19,10,4,0,19,19,18,6,94,0,0,0,321,501,19,829,18,4804,1758,3,2367,400
OFAT,RECEIPT_DROP_PCT,LOW,baseSeed=626|nTx=24|nValidators=10|nShards=4|committee=3|quorum=2|loadThreshold=75|maxTime=240|crossShardPct=0|requestOfflinePct=20|receiptDropPct=10|ownerCap=3000|mobileThreshold=35,4,46,626,63,COMPLETE,24,18,18,2,18,10,4,0,18,18,15,9,87,0,0,0,304,476,18,681,15,5675,2249,2,3377,400
OFAT,RECEIPT_DROP_PCT,LOW,baseSeed=626|nTx=24|nValidators=10|nShards=4|committee=3|quorum=2|loadThreshold=75|maxTime=240|crossShardPct=0|requestOfflinePct=20|receiptDropPct=10|ownerCap=3000|mobileThreshold=35,4,47,626,62,COMPLETE,24,18,18,1,18,10,4,0,18,18,14,10,86,0,0,0,303,462,18,616,14,4920,1775,3,2256,400
OFAT,RECEIPT_DROP_PCT,LOW,baseSeed=626|nTx=24|nValidators=10|nShards=4|committee=3|quorum=2|loadThreshold=75|maxTime=240|crossShardPct=0|requestOfflinePct=20|receiptDropPct=10|ownerCap=3000|mobileThreshold=35,4,48,626,63,COMPLETE,24,18,18,2,18,10,4,0,18,18,15,9,87,0,0,0,304,476,18,697,15,5385,2068,2,3070,400
OFAT,RECEIPT_DROP_PCT,LOW,baseSeed=626|nTx=24|nValidators=10|nShards=4|committee=3|quorum=2|loadThreshold=75|maxTime=240|crossShardPct=0|requestOfflinePct=20|receiptDropPct=10|ownerCap=3000|mobileThreshold=35,4,49,626,63,COMPLETE,24,18,18,2,18,10,4,0,18,18,17,7,89,0,0,0,306,475,18,784,17,5103,1826,3,2586,300
OFAT,RECEIPT_DROP_PCT,LOW,baseSeed=626|nTx=24|nValidators=10|nShards=4|committee=3|quorum=2|loadThreshold=75|maxTime=240|crossShardPct=0|requestOfflinePct=20|receiptDropPct=10|ownerCap=3000|mobileThreshold=35,4,50,626,63,COMPLETE,24,19,19,3,19,10,4,0,19,19,14,10,90,0,0,0,317,513,19,656,14,4561,1696,3,2151,300
OFAT,RECEIPT_DROP_PCT,LOW,baseSeed=626|nTx=24|nValidators=10|nShards=4|committee=3|quorum=2|loadThreshold=75|maxTime=240|crossShardPct=0|requestOfflinePct=20|receiptDropPct=10|ownerCap=3000|mobileThreshold=35,4,51,626,61,COMPLETE,24,18,18,1,18,10,4,0,18,18,18,6,90,0,0,0,307,461,18,809,18,6478,2682,2,4230,200
OFAT,RECEIPT_DROP_PCT,LOW,baseSeed=626|nTx=24|nValidators=10|nShards=4|committee=3|quorum=2|loadThreshold=75|maxTime=240|crossShardPct=0|requestOfflinePct=20|receiptDropPct=10|ownerCap=3000|mobileThreshold=35,4,52,626,63,COMPLETE,24,18,18,2,18,10,4,0,18,18,16,8,88,0,0,0,305,475,18,741,16,5034,1835,3,2782,200
OFAT,RECEIPT_DROP_PCT,LOW,baseSeed=626|nTx=24|nValidators=10|nShards=4|committee=3|quorum=2|loadThreshold=75|maxTime=240|crossShardPct=0|requestOfflinePct=20|receiptDropPct=10|ownerCap=3000|mobileThreshold=35,4,53,626,63,COMPLETE,24,17,17,2,17,10,4,0,17,17,13,11,81,0,0,0,288,449,17,591,13,5751,2321,2,3708,200
OFAT,RECEIPT_DROP_PCT,LOW,baseSeed=626|nTx=24|nValidators=10|nShards=4|committee=3|quorum=2|loadThreshold=75|maxTime=240|crossShardPct=0|requestOfflinePct=20|receiptDropPct=10|ownerCap=3000|mobileThreshold=35,4,54,626,62,COMPLETE,24,17,17,1,17,10,4,0,17,17,16,8,84,0,0,0,291,436,17,720,16,5091,1848,3,2739,200
OFAT,RECEIPT_DROP_PCT,LOW,baseSeed=626|nTx=24|nValidators=10|nShards=4|committee=3|quorum=2|loadThreshold=75|maxTime=240|crossShardPct=0|requestOfflinePct=20|receiptDropPct=10|ownerCap=3000|mobileThreshold=35,4,55,626,63,COMPLETE,24,18,18,2,18,10,4,0,18,18,17,7,89,0,0,0,306,475,18,786,17,5405,2102,2,3103,300
OFAT,RECEIPT_DROP_PCT,LOW,baseSeed=626|nTx=24|nValidators=10|nShards=4|committee=3|quorum=2|loadThreshold=75|maxTime=240|crossShardPct=0|requestOfflinePct=20|receiptDropPct=10|ownerCap=3000|mobileThreshold=35,4,56,626,62,COMPLETE,24,17,17,1,17,10,4,0,17,17,15,9,83,0,0,0,290,436,17,676,15,5285,1913,3,2488,300
OFAT,RECEIPT_DROP_PCT,LOW,baseSeed=626|nTx=24|nValidators=10|nShards=4|committee=3|quorum=2|loadThreshold=75|maxTime=240|crossShardPct=0|requestOfflinePct=20|receiptDropPct=10|ownerCap=3000|mobileThreshold=35,4,57,626,63,COMPLETE,24,17,17,3,17,10,4,0,17,17,14,10,82,0,0,0,289,462,17,634,14,6023,2549,2,3581,200
OFAT,RECEIPT_DROP_PCT,LOW,baseSeed=626|nTx=24|nValidators=10|nShards=4|committee=3|quorum=2|loadThreshold=75|maxTime=240|crossShardPct=0|requestOfflinePct=20|receiptDropPct=10|ownerCap=3000|mobileThreshold=35,4,58,626,45,COMPLETE,24,17,17,0,17,10,4,0,17,17,15,9,83,0,0,0,290,423,17,658,15,4889,1761,3,2442,400
OFAT,RECEIPT_DROP_PCT,LOW,baseSeed=626|nTx=24|nValidators=10|nShards=4|committee=3|quorum=2|loadThreshold=75|maxTime=240|crossShardPct=0|requestOfflinePct=20|receiptDropPct=10|ownerCap=3000|mobileThreshold=35,4,59,626,64,COMPLETE,24,17,17,4,17,10,4,0,17,17,16,8,84,0,0,0,291,474,17,777,16,5210,1903,3,2785,300
OFAT,RECEIPT_DROP_PCT,LOW,baseSeed=626|nTx=24|nValidators=10|nShards=4|committee=3|quorum=2|loadThreshold=75|maxTime=240|crossShardPct=0|requestOfflinePct=20|receiptDropPct=10|ownerCap=3000|mobileThreshold=35,4,60,626,61,COMPLETE,24,18,18,1,18,10,4,0,18,18,16,8,88,0,0,0,305,461,18,722,16,4886,1766,3,2217,400
OFAT,RECEIPT_DROP_PCT,LOW,baseSeed=626|nTx=24|nValidators=10|nShards=4|committee=3|quorum=2|loadThreshold=75|maxTime=240|crossShardPct=0|requestOfflinePct=20|receiptDropPct=10|ownerCap=3000|mobileThreshold=35,4,61,626,63,COMPLETE,24,17,17,2,17,10,4,0,17,17,15,9,83,0,0,0,290,449,17,677,15,5829,2557,2,4423,400
OFAT,RECEIPT_DROP_PCT,LOW,baseSeed=626|nTx=24|nValidators=10|nShards=4|committee=3|quorum=2|loadThreshold=75|maxTime=240|crossShardPct=0|requestOfflinePct=20|receiptDropPct=10|ownerCap=3000|mobileThreshold=35,4,62,626,63,COMPLETE,24,17,17,3,17,10,4,0,17,17,17,7,85,0,0,0,292,461,17,802,17,6321,2498,2,3257,200
OFAT,RECEIPT_DROP_PCT,LOW,baseSeed=626|nTx=24|nValidators=10|nShards=4|committee=3|quorum=2|loadThreshold=75|maxTime=240|crossShardPct=0|requestOfflinePct=20|receiptDropPct=10|ownerCap=3000|mobileThreshold=35,4,63,626,63,COMPLETE,24,17,17,2,17,10,4,0,17,17,14,10,82,0,0,0,289,450,17,652,14,5213,1895,3,2790,300
OFAT,RECEIPT_DROP_PCT,LOW,baseSeed=626|nTx=24|nValidators=10|nShards=4|committee=3|quorum=2|loadThreshold=75|maxTime=240|crossShardPct=0|requestOfflinePct=20|receiptDropPct=10|ownerCap=3000|mobileThreshold=35,4,64,626,61,COMPLETE,24,16,16,1,16,10,4,0,16,16,12,12,76,0,0,0,273,410,16,544,12,5600,2218,2,3500,400
OFAT,RECEIPT_DROP_PCT,LOW,baseSeed=626|nTx=24|nValidators=10|nShards=4|committee=3|quorum=2|loadThreshold=75|maxTime=240|crossShardPct=0|requestOfflinePct=20|receiptDropPct=10|ownerCap=3000|mobileThreshold=35,4,65,626,61,COMPLETE,24,17,17,1,17,10,4,0,17,17,16,8,84,0,0,0,291,435,17,721,16,4936,1804,3,2831,200
OFAT,RECEIPT_DROP_PCT,LOW,baseSeed=626|nTx=24|nValidators=10|nShards=4|committee=3|quorum=2|loadThreshold=75|maxTime=240|crossShardPct=0|requestOfflinePct=20|receiptDropPct=10|ownerCap=3000|mobileThreshold=35,4,66,626,61,COMPLETE,24,17,17,1,17,10,4,0,17,17,16,8,84,0,0,0,291,435,17,721,16,5109,2009,2,3196,300
OFAT,RECEIPT_DROP_PCT,LOW,baseSeed=626|nTx=24|nValidators=10|nShards=4|committee=3|quorum=2|loadThreshold=75|maxTime=240|crossShardPct=0|requestOfflinePct=20|receiptDropPct=10|ownerCap=3000|mobileThreshold=35,4,67,626,63,COMPLETE,24,17,17,2,17,10,4,0,17,17,13,11,81,0,0,0,288,448,17,609,13,5901,2241,2,3192,200
OFAT,RECEIPT_DROP_PCT,LOW,baseSeed=626|nTx=24|nValidators=10|nShards=4|committee=3|quorum=2|loadThreshold=75|maxTime=240|crossShardPct=0|requestOfflinePct=20|receiptDropPct=10|ownerCap=3000|mobileThreshold=35,4,68,626,64,COMPLETE,24,17,17,1,17,10,4,0,17,17,15,9,83,0,0,0,290,436,17,658,15,5248,1981,2,3317,300
OFAT,RECEIPT_DROP_PCT,LOW,baseSeed=626|nTx=24|nValidators=10|nShards=4|committee=3|quorum=2|loadThreshold=75|maxTime=240|crossShardPct=0|requestOfflinePct=20|receiptDropPct=10|ownerCap=3000|mobileThreshold=35,4,69,626,63,COMPLETE,24,17,17,2,17,10,4,0,17,17,16,8,84,0,0,0,291,449,17,739,16,5894,2291,2,3607,300
OFAT,RECEIPT_DROP_PCT,LOW,baseSeed=626|nTx=24|nValidators=10|nShards=4|committee=3|quorum=2|loadThreshold=75|maxTime=240|crossShardPct=0|requestOfflinePct=20|receiptDropPct=10|ownerCap=3000|mobileThreshold=35,4,70,626,63,COMPLETE,24,18,18,2,18,10,4,0,18,18,16,8,88,0,0,0,305,475,18,722,16,4200,1611,3,2000,400
OFAT,RECEIPT_DROP_PCT,LOW,baseSeed=626|nTx=24|nValidators=10|nShards=4|committee=3|quorum=2|loadThreshold=75|maxTime=240|crossShardPct=0|requestOfflinePct=20|receiptDropPct=10|ownerCap=3000|mobileThreshold=35,4,71,626,63,COMPLETE,24,17,17,1,17,10,4,0,17,17,15,9,83,0,0,0,290,436,17,677,15,4474,1637,3,2119,400
OFAT,RECEIPT_DROP_PCT,LOW,baseSeed=626|nTx=24|nValidators=10|nShards=4|committee=3|quorum=2|loadThreshold=75|maxTime=240|crossShardPct=0|requestOfflinePct=20|receiptDropPct=10|ownerCap=3000|mobileThreshold=35,4,72,626,45,COMPLETE,24,17,17,0,17,10,4,0,17,17,16,8,84,0,0,0,291,423,17,703,16,4853,1768,3,2420,300
OFAT,RECEIPT_DROP_PCT,LOW,baseSeed=626|nTx=24|nValidators=10|nShards=4|committee=3|quorum=2|loadThreshold=75|maxTime=240|crossShardPct=0|requestOfflinePct=20|receiptDropPct=10|ownerCap=3000|mobileThreshold=35,4,73,626,61,COMPLETE,24,17,17,1,17,10,4,0,17,17,15,9,83,0,0,0,290,435,17,678,15,5230,2035,2,3271,300
OFAT,RECEIPT_DROP_PCT,LOW,baseSeed=626|nTx=24|nValidators=10|nShards=4|committee=3|quorum=2|loadThreshold=75|maxTime=240|crossShardPct=0|requestOfflinePct=20|receiptDropPct=10|ownerCap=3000|mobileThreshold=35,4,74,626,62,COMPLETE,24,17,17,2,17,10,4,0,17,17,12,12,80,0,0,0,287,449,17,563,12,4345,1621,3,2227,400
OFAT,RECEIPT_DROP_PCT,LOW,baseSeed=626|nTx=24|nValidators=10|nShards=4|committee=3|quorum=2|loadThreshold=75|maxTime=240|crossShardPct=0|requestOfflinePct=20|receiptDropPct=10|ownerCap=3000|mobileThreshold=35,4,75,626,63,COMPLETE,24,17,17,1,17,10,4,0,17,17,14,10,82,0,0,0,289,436,17,634,14,5120,2100,2,3627,300
OFAT,RECEIPT_DROP_PCT,LOW,baseSeed=626|nTx=24|nValidators=10|nShards=4|committee=3|quorum=2|loadThreshold=75|maxTime=240|crossShardPct=0|requestOfflinePct=20|receiptDropPct=10|ownerCap=3000|mobileThreshold=35,4,76,626,63,COMPLETE,24,16,16,2,16,10,4,0,16,16,16,8,80,0,0,0,277,423,16,739,16,5836,2386,2,3894,300
OFAT,RECEIPT_DROP_PCT,LOW,baseSeed=626|nTx=24|nValidators=10|nShards=4|committee=3|quorum=2|loadThreshold=75|maxTime=240|crossShardPct=0|requestOfflinePct=20|receiptDropPct=10|ownerCap=3000|mobileThreshold=35,4,77,626,62,COMPLETE,24,17,17,1,17,10,4,0,17,17,15,9,83,0,0,0,290,436,17,679,15,4290,1638,3,2442,300
OFAT,RECEIPT_DROP_PCT,LOW,baseSeed=626|nTx=24|nValidators=10|nShards=4|committee=3|quorum=2|loadThreshold=75|maxTime=240|crossShardPct=0|requestOfflinePct=20|receiptDropPct=10|ownerCap=3000|mobileThreshold=35,4,78,626,63,COMPLETE,24,17,17,3,17,10,4,0,17,17,14,10,82,0,0,0,289,461,17,672,14,5372,2022,2,3162,400
OFAT,RECEIPT_DROP_PCT,LOW,baseSeed=626|nTx=24|nValidators=10|nShards=4|committee=3|quorum=2|loadThreshold=75|maxTime=240|crossShardPct=0|requestOfflinePct=20|receiptDropPct=10|ownerCap=3000|mobileThreshold=35,4,79,626,63,COMPLETE,24,17,17,1,17,10,4,0,17,17,16,8,84,0,0,0,291,437,17,723,16,4424,1654,3,2739,300
OFAT,RECEIPT_DROP_PCT,LOW,baseSeed=626|nTx=24|nValidators=10|nShards=4|committee=3|quorum=2|loadThreshold=75|maxTime=240|crossShardPct=0|requestOfflinePct=20|receiptDropPct=10|ownerCap=3000|mobileThreshold=35,4,80,626,63,COMPLETE,24,18,18,1,18,10,4,0,18,18,14,10,86,0,0,0,303,462,18,634,14,5495,2090,2,3318,200
OFAT,RECEIPT_DROP_PCT,LOW,baseSeed=626|nTx=24|nValidators=10|nShards=4|committee=3|quorum=2|loadThreshold=75|maxTime=240|crossShardPct=0|requestOfflinePct=20|receiptDropPct=10|ownerCap=3000|mobileThreshold=35,4,81,626,63,COMPLETE,24,17,17,3,17,10,4,0,17,17,13,11,81,0,0,0,288,460,17,626,13,4859,1812,3,2441,400
OFAT,RECEIPT_DROP_PCT,LOW,baseSeed=626|nTx=24|nValidators=10|nShards=4|committee=3|quorum=2|loadThreshold=75|maxTime=240|crossShardPct=0|requestOfflinePct=20|receiptDropPct=10|ownerCap=3000|mobileThreshold=35,4,82,626,63,COMPLETE,24,17,17,3,17,10,4,0,17,17,15,9,83,0,0,0,290,461,17,716,15,5258,2206,2,3963,300
OFAT,RECEIPT_DROP_PCT,LOW,baseSeed=626|nTx=24|nValidators=10|nShards=4|committee=3|quorum=2|loadThreshold=75|maxTime=240|crossShardPct=0|requestOfflinePct=20|receiptDropPct=10|ownerCap=3000|mobileThreshold=35,4,83,626,63,COMPLETE,24,17,17,4,17,10,4,0,17,17,14,10,82,0,0,0,289,474,17,672,14,5344,2092,2,3255,300
OFAT,RECEIPT_DROP_PCT,LOW,baseSeed=626|nTx=24|nValidators=10|nShards=4|committee=3|quorum=2|loadThreshold=75|maxTime=240|crossShardPct=0|requestOfflinePct=20|receiptDropPct=10|ownerCap=3000|mobileThreshold=35,4,84,626,62,COMPLETE,24,17,17,2,17,10,4,0,17,17,15,9,83,0,0,0,290,448,17,695,15,5322,2034,2,3225,300
OFAT,RECEIPT_DROP_PCT,LOW,baseSeed=626|nTx=24|nValidators=10|nShards=4|committee=3|quorum=2|loadThreshold=75|maxTime=240|crossShardPct=0|requestOfflinePct=20|receiptDropPct=10|ownerCap=3000|mobileThreshold=35,4,85,626,63,COMPLETE,24,18,18,4,18,10,4,0,18,18,15,9,87,0,0,0,304,499,18,732,15,4342,1622,3,2280,300
OFAT,RECEIPT_DROP_PCT,LOW,baseSeed=626|nTx=24|nValidators=10|nShards=4|committee=3|quorum=2|loadThreshold=75|maxTime=240|crossShardPct=0|requestOfflinePct=20|receiptDropPct=10|ownerCap=3000|mobileThreshold=35,4,86,626,63,COMPLETE,24,17,17,3,17,10,4,0,17,17,16,8,84,0,0,0,291,461,17,759,16,3757,1492,3,2328,300
OFAT,RECEIPT_DROP_PCT,LOW,baseSeed=626|nTx=24|nValidators=10|nShards=4|committee=3|quorum=2|loadThreshold=75|maxTime=240|crossShardPct=0|requestOfflinePct=20|receiptDropPct=10|ownerCap=3000|mobileThreshold=35,4,87,626,62,COMPLETE,24,17,17,1,17,10,4,0,17,17,15,9,83,0,0,0,290,436,17,678,15,4658,1715,3,2442,300
OFAT,RECEIPT_DROP_PCT,LOW,baseSeed=626|nTx=24|nValidators=10|nShards=4|committee=3|quorum=2|loadThreshold=75|maxTime=240|crossShardPct=0|requestOfflinePct=20|receiptDropPct=10|ownerCap=3000|mobileThreshold=35,4,88,626,62,COMPLETE,24,18,18,2,18,10,4,0,18,18,15,9,87,0,0,0,304,475,18,681,15,3561,1469,3,2149,300
OFAT,RECEIPT_DROP_PCT,LOW,baseSeed=626|nTx=24|nValidators=10|nShards=4|committee=3|quorum=2|loadThreshold=75|maxTime=240|crossShardPct=0|requestOfflinePct=20|receiptDropPct=10|ownerCap=3000|mobileThreshold=35,4,89,626,63,COMPLETE,24,18,18,2,18,10,4,0,18,18,17,7,89,0,0,0,306,475,18,766,17,4603,1676,3,2284,300
OFAT,RECEIPT_DROP_PCT,LOW,baseSeed=626|nTx=24|nValidators=10|nShards=4|committee=3|quorum=2|loadThreshold=75|maxTime=240|crossShardPct=0|requestOfflinePct=20|receiptDropPct=10|ownerCap=3000|mobileThreshold=35,4,90,626,62,COMPLETE,24,19,19,1,19,10,4,0,19,19,18,6,94,0,0,0,321,488,19,811,18,4706,1731,3,2571,300
OFAT,RECEIPT_DROP_PCT,LOW,baseSeed=626|nTx=24|nValidators=10|nShards=4|committee=3|quorum=2|loadThreshold=75|maxTime=240|crossShardPct=0|requestOfflinePct=20|receiptDropPct=10|ownerCap=3000|mobileThreshold=35,4,91,626,46,COMPLETE,24,18,18,0,18,10,4,0,18,18,16,8,88,0,0,0,305,450,18,704,16,5417,1985,3,2739,400
OFAT,RECEIPT_DROP_PCT,LOW,baseSeed=626|nTx=24|nValidators=10|nShards=4|committee=3|quorum=2|loadThreshold=75|maxTime=240|crossShardPct=0|requestOfflinePct=20|receiptDropPct=10|ownerCap=3000|mobileThreshold=35,4,92,626,61,COMPLETE,24,18,18,1,18,10,4,0,18,18,16,8,88,0,0,0,305,461,18,703,16,6156,2778,2,4652,200
OFAT,RECEIPT_DROP_PCT,LOW,baseSeed=626|nTx=24|nValidators=10|nShards=4|committee=3|quorum=2|loadThreshold=75|maxTime=240|crossShardPct=0|requestOfflinePct=20|receiptDropPct=10|ownerCap=3000|mobileThreshold=35,4,93,626,63,COMPLETE,24,18,18,2,18,10,4,0,18,18,16,8,88,0,0,0,305,474,18,739,16,4678,1719,3,2304,300
OFAT,RECEIPT_DROP_PCT,LOW,baseSeed=626|nTx=24|nValidators=10|nShards=4|committee=3|quorum=2|loadThreshold=75|maxTime=240|crossShardPct=0|requestOfflinePct=20|receiptDropPct=10|ownerCap=3000|mobileThreshold=35,4,94,626,63,COMPLETE,24,18,18,2,18,10,4,0,18,18,14,10,86,0,0,0,303,475,18,655,14,5283,2289,2,4070,300
OFAT,RECEIPT_DROP_PCT,LOW,baseSeed=626|nTx=24|nValidators=10|nShards=4|committee=3|quorum=2|loadThreshold=75|maxTime=240|crossShardPct=0|requestOfflinePct=20|receiptDropPct=10|ownerCap=3000|mobileThreshold=35,4,95,626,63,COMPLETE,24,19,19,3,19,10,4,0,19,19,17,7,93,0,0,0,320,514,19,805,17,5098,2003,2,3251,300
OFAT,RECEIPT_DROP_PCT,LOW,baseSeed=626|nTx=24|nValidators=10|nShards=4|committee=3|quorum=2|loadThreshold=75|maxTime=240|crossShardPct=0|requestOfflinePct=20|receiptDropPct=10|ownerCap=3000|mobileThreshold=35,4,96,626,45,COMPLETE,24,18,18,0,18,10,4,0,18,18,16,8,88,0,0,0,305,449,18,703,16,4695,1737,3,2260,300
OFAT,RECEIPT_DROP_PCT,LOW,baseSeed=626|nTx=24|nValidators=10|nShards=4|committee=3|quorum=2|loadThreshold=75|maxTime=240|crossShardPct=0|requestOfflinePct=20|receiptDropPct=10|ownerCap=3000|mobileThreshold=35,4,97,626,63,COMPLETE,24,17,17,3,17,10,4,0,17,17,15,9,83,0,0,0,290,460,17,694,15,4668,1711,3,2534,300
OFAT,RECEIPT_DROP_PCT,LOW,baseSeed=626|nTx=24|nValidators=10|nShards=4|committee=3|quorum=2|loadThreshold=75|maxTime=240|crossShardPct=0|requestOfflinePct=20|receiptDropPct=10|ownerCap=3000|mobileThreshold=35,4,98,626,45,COMPLETE,24,17,17,0,17,10,4,0,17,17,16,8,84,0,0,0,291,423,17,702,16,5146,2105,2,3607,400
OFAT,RECEIPT_DROP_PCT,LOW,baseSeed=626|nTx=24|nValidators=10|nShards=4|committee=3|quorum=2|loadThreshold=75|maxTime=240|crossShardPct=0|requestOfflinePct=20|receiptDropPct=10|ownerCap=3000|mobileThreshold=35,4,99,626,61,COMPLETE,24,18,18,1,18,10,4,0,18,18,17,7,89,0,0,0,306,461,18,764,17,4318,1613,3,2715,400
OFAT,RECEIPT_DROP_PCT,LOW,baseSeed=626|nTx=24|nValidators=10|nShards=4|committee=3|quorum=2|loadThreshold=75|maxTime=240|crossShardPct=0|requestOfflinePct=20|receiptDropPct=10|ownerCap=3000|mobileThreshold=35,4,100,626,63,COMPLETE,24,19,19,1,19,10,4,0,19,19,16,8,92,0,0,0,319,488,19,722,16,4726,1888,3,3278,300
OFAT,RECEIPT_DROP_PCT,DEFAULT,baseSeed=626|nTx=24|nValidators=10|nShards=4|committee=3|quorum=2|loadThreshold=75|maxTime=240|crossShardPct=0|requestOfflinePct=20|receiptDropPct=29|ownerCap=3000|mobileThreshold=35,4,1,626,63,COMPLETE,24,17,17,1,17,10,4,0,17,17,10,14,78,0,0,0,285,436,17,460,10,5676,2264,2,3623,400
OFAT,RECEIPT_DROP_PCT,DEFAULT,baseSeed=626|nTx=24|nValidators=10|nShards=4|committee=3|quorum=2|loadThreshold=75|maxTime=240|crossShardPct=0|requestOfflinePct=20|receiptDropPct=29|ownerCap=3000|mobileThreshold=35,4,2,626,45,COMPLETE,24,17,17,0,17,10,4,0,17,17,12,12,80,0,0,0,287,423,17,528,12,4829,1741,3,2322,300
OFAT,RECEIPT_DROP_PCT,DEFAULT,baseSeed=626|nTx=24|nValidators=10|nShards=4|committee=3|quorum=2|loadThreshold=75|maxTime=240|crossShardPct=0|requestOfflinePct=20|receiptDropPct=29|ownerCap=3000|mobileThreshold=35,4,3,626,63,COMPLETE,24,17,17,1,17,10,4,0,17,17,12,12,80,0,0,0,287,436,17,546,12,6127,2510,2,4123,300
OFAT,RECEIPT_DROP_PCT,DEFAULT,baseSeed=626|nTx=24|nValidators=10|nShards=4|committee=3|quorum=2|loadThreshold=75|maxTime=240|crossShardPct=0|requestOfflinePct=20|receiptDropPct=29|ownerCap=3000|mobileThreshold=35,4,4,626,62,COMPLETE,24,17,17,1,17,10,4,0,17,17,11,13,79,0,0,0,286,436,17,485,11,4952,1791,3,2248,300
OFAT,RECEIPT_DROP_PCT,DEFAULT,baseSeed=626|nTx=24|nValidators=10|nShards=4|committee=3|quorum=2|loadThreshold=75|maxTime=240|crossShardPct=0|requestOfflinePct=20|receiptDropPct=29|ownerCap=3000|mobileThreshold=35,4,5,626,63,COMPLETE,24,18,18,1,18,10,4,0,18,18,11,13,83,0,0,0,300,463,18,506,11,4945,1801,3,2409,400
OFAT,RECEIPT_DROP_PCT,DEFAULT,baseSeed=626|nTx=24|nValidators=10|nShards=4|committee=3|quorum=2|loadThreshold=75|maxTime=240|crossShardPct=0|requestOfflinePct=20|receiptDropPct=29|ownerCap=3000|mobileThreshold=35,4,6,626,63,COMPLETE,24,17,17,3,17,10,4,0,17,17,11,13,79,0,0,0,286,461,17,517,11,6368,2594,2,4114,300
OFAT,RECEIPT_DROP_PCT,DEFAULT,baseSeed=626|nTx=24|nValidators=10|nShards=4|committee=3|quorum=2|loadThreshold=75|maxTime=240|crossShardPct=0|requestOfflinePct=20|receiptDropPct=29|ownerCap=3000|mobileThreshold=35,4,7,626,63,COMPLETE,24,17,17,1,17,10,4,0,17,17,12,12,80,0,0,0,287,436,17,549,12,4042,1552,3,1990,300
OFAT,RECEIPT_DROP_PCT,DEFAULT,baseSeed=626|nTx=24|nValidators=10|nShards=4|committee=3|quorum=2|loadThreshold=75|maxTime=240|crossShardPct=0|requestOfflinePct=20|receiptDropPct=29|ownerCap=3000|mobileThreshold=35,4,8,626,62,COMPLETE,24,17,17,1,17,10,4,0,17,17,11,13,79,0,0,0,286,436,17,503,11,4291,1673,3,2105,400
OFAT,RECEIPT_DROP_PCT,DEFAULT,baseSeed=626|nTx=24|nValidators=10|nShards=4|committee=3|quorum=2|loadThreshold=75|maxTime=240|crossShardPct=0|requestOfflinePct=20|receiptDropPct=29|ownerCap=3000|mobileThreshold=35,4,9,626,63,COMPLETE,24,16,16,1,16,10,4,0,16,16,11,13,75,0,0,0,272,410,16,500,11,4313,1680,3,2121,400
OFAT,RECEIPT_DROP_PCT,DEFAULT,baseSeed=626|nTx=24|nValidators=10|nShards=4|committee=3|quorum=2|loadThreshold=75|maxTime=240|crossShardPct=0|requestOfflinePct=20|receiptDropPct=29|ownerCap=3000|mobileThreshold=35,4,10,626,62,COMPLETE,24,17,17,2,17,10,4,0,17,17,12,12,80,0,0,0,287,448,17,543,12,3995,1545,3,2037,300
OFAT,RECEIPT_DROP_PCT,DEFAULT,baseSeed=626|nTx=24|nValidators=10|nShards=4|committee=3|quorum=2|loadThreshold=75|maxTime=240|crossShardPct=0|requestOfflinePct=20|receiptDropPct=29|ownerCap=3000|mobileThreshold=35,4,11,626,63,COMPLETE,24,17,17,3,17,10,4,0,17,17,11,13,79,0,0,0,286,461,17,505,11,5325,1953,2,2870,200
OFAT,RECEIPT_DROP_PCT,DEFAULT,baseSeed=626|nTx=24|nValidators=10|nShards=4|committee=3|quorum=2|loadThreshold=75|maxTime=240|crossShardPct=0|requestOfflinePct=20|receiptDropPct=29|ownerCap=3000|mobileThreshold=35,4,12,626,63,COMPLETE,24,17,17,1,17,10,4,0,17,17,11,13,79,0,0,0,286,436,17,502,11,3842,1501,3,2057,300
OFAT,RECEIPT_DROP_PCT,DEFAULT,baseSeed=626|nTx=24|nValidators=10|nShards=4|committee=3|quorum=2|loadThreshold=75|maxTime=240|crossShardPct=0|requestOfflinePct=20|receiptDropPct=29|ownerCap=3000|mobileThreshold=35,4,13,626,63,COMPLETE,24,17,17,1,17,10,4,0,17,17,12,12,80,0,0,0,287,436,17,545,12,5417,2135,2,3649,300
OFAT,RECEIPT_DROP_PCT,DEFAULT,baseSeed=626|nTx=24|nValidators=10|nShards=4|committee=3|quorum=2|loadThreshold=75|maxTime=240|crossShardPct=0|requestOfflinePct=20|receiptDropPct=29|ownerCap=3000|mobileThreshold=35,4,14,626,63,COMPLETE,24,17,17,1,17,10,4,0,17,17,12,12,80,0,0,0,287,436,17,547,12,4734,1777,3,2417,300
OFAT,RECEIPT_DROP_PCT,DEFAULT,baseSeed=626|nTx=24|nValidators=10|nShards=4|committee=3|quorum=2|loadThreshold=75|maxTime=240|crossShardPct=0|requestOfflinePct=20|receiptDropPct=29|ownerCap=3000|mobileThreshold=35,4,15,626,61,COMPLETE,24,18,18,1,18,10,4,0,18,18,11,13,83,0,0,0,300,461,18,502,11,4500,1778,3,3000,300
OFAT,RECEIPT_DROP_PCT,DEFAULT,baseSeed=626|nTx=24|nValidators=10|nShards=4|committee=3|quorum=2|loadThreshold=75|maxTime=240|crossShardPct=0|requestOfflinePct=20|receiptDropPct=29|ownerCap=3000|mobileThreshold=35,4,16,626,62,COMPLETE,24,17,17,1,17,10,4,0,17,17,10,14,78,0,0,0,285,436,17,455,10,4855,1767,3,2415,300
OFAT,RECEIPT_DROP_PCT,DEFAULT,baseSeed=626|nTx=24|nValidators=10|nShards=4|committee=3|quorum=2|loadThreshold=75|maxTime=240|crossShardPct=0|requestOfflinePct=20|receiptDropPct=29|ownerCap=3000|mobileThreshold=35,4,17,626,63,COMPLETE,24,17,17,3,17,10,4,0,17,17,12,12,80,0,0,0,287,461,17,582,12,4753,1737,3,2322,300
OFAT,RECEIPT_DROP_PCT,DEFAULT,baseSeed=626|nTx=24|nValidators=10|nShards=4|committee=3|quorum=2|loadThreshold=75|maxTime=240|crossShardPct=0|requestOfflinePct=20|receiptDropPct=29|ownerCap=3000|mobileThreshold=35,4,18,626,62,COMPLETE,24,17,17,1,17,10,4,0,17,17,12,12,80,0,0,0,287,437,17,548,12,5322,2014,2,2890,300
OFAT,RECEIPT_DROP_PCT,DEFAULT,baseSeed=626|nTx=24|nValidators=10|nShards=4|committee=3|quorum=2|loadThreshold=75|maxTime=240|crossShardPct=0|requestOfflinePct=20|receiptDropPct=29|ownerCap=3000|mobileThreshold=35,4,19,626,62,COMPLETE,24,17,17,3,17,10,4,0,17,17,11,13,79,0,0,0,286,462,17,535,11,4684,1755,3,2679,300
OFAT,RECEIPT_DROP_PCT,DEFAULT,baseSeed=626|nTx=24|nValidators=10|nShards=4|committee=3|quorum=2|loadThreshold=75|maxTime=240|crossShardPct=0|requestOfflinePct=20|receiptDropPct=29|ownerCap=3000|mobileThreshold=35,4,20,626,63,COMPLETE,24,17,17,2,17,10,4,0,17,17,11,13,79,0,0,0,286,449,17,483,11,5660,2269,2,3732,400
OFAT,RECEIPT_DROP_PCT,DEFAULT,baseSeed=626|nTx=24|nValidators=10|nShards=4|committee=3|quorum=2|loadThreshold=75|maxTime=240|crossShardPct=0|requestOfflinePct=20|receiptDropPct=29|ownerCap=3000|mobileThreshold=35,4,21,626,45,COMPLETE,24,16,16,0,16,10,4,0,16,16,11,13,75,0,0,0,272,397,16,481,11,4606,1701,3,2474,300
OFAT,RECEIPT_DROP_PCT,DEFAULT,baseSeed=626|nTx=24|nValidators=10|nShards=4|committee=3|quorum=2|loadThreshold=75|maxTime=240|crossShardPct=0|requestOfflinePct=20|receiptDropPct=29|ownerCap=3000|mobileThreshold=35,4,22,626,45,COMPLETE,24,17,17,0,17,10,4,0,17,17,12,12,80,0,0,0,287,423,17,525,12,4962,1798,3,2417,400
OFAT,RECEIPT_DROP_PCT,DEFAULT,baseSeed=626|nTx=24|nValidators=10|nShards=4|committee=3|quorum=2|loadThreshold=75|maxTime=240|crossShardPct=0|requestOfflinePct=20|receiptDropPct=29|ownerCap=3000|mobileThreshold=35,4,23,626,62,COMPLETE,24,17,17,2,17,10,4,0,17,17,11,13,79,0,0,0,286,448,17,520,11,5000,1834,2,2727,300
OFAT,RECEIPT_DROP_PCT,DEFAULT,baseSeed=626|nTx=24|nValidators=10|nShards=4|committee=3|quorum=2|loadThreshold=75|maxTime=240|crossShardPct=0|requestOfflinePct=20|receiptDropPct=29|ownerCap=3000|mobileThreshold=35,4,24,626,63,COMPLETE,24,17,17,2,17,10,4,0,17,17,12,12,80,0,0,0,287,449,17,543,12,4582,1670,3,2654,300
OFAT,RECEIPT_DROP_PCT,DEFAULT,baseSeed=626|nTx=24|nValidators=10|nShards=4|committee=3|quorum=2|loadThreshold=75|maxTime=240|crossShardPct=0|requestOfflinePct=20|receiptDropPct=29|ownerCap=3000|mobileThreshold=35,4,25,626,61,COMPLETE,24,18,18,1,18,10,4,0,18,18,12,12,84,0,0,0,301,461,18,547,12,3648,1455,3,2252,200
OFAT,RECEIPT_DROP_PCT,DEFAULT,baseSeed=626|nTx=24|nValidators=10|nShards=4|committee=3|quorum=2|loadThreshold=75|maxTime=240|crossShardPct=0|requestOfflinePct=20|receiptDropPct=29|ownerCap=3000|mobileThreshold=35,4,26,626,61,COMPLETE,24,17,17,1,17,10,4,0,17,17,10,14,78,0,0,0,285,435,17,439,10,4623,1679,3,2367,300
OFAT,RECEIPT_DROP_PCT,DEFAULT,baseSeed=626|nTx=24|nValidators=10|nShards=4|committee=3|quorum=2|loadThreshold=75|maxTime=240|crossShardPct=0|requestOfflinePct=20|receiptDropPct=29|ownerCap=3000|mobileThreshold=35,4,27,626,62,COMPLETE,24,17,17,1,17,10,4,0,17,17,11,13,79,0,0,0,286,436,17,484,11,4645,1971,2,3588,300
OFAT,RECEIPT_DROP_PCT,DEFAULT,baseSeed=626|nTx=24|nValidators=10|nShards=4|committee=3|quorum=2|loadThreshold=75|maxTime=240|crossShardPct=0|requestOfflinePct=20|receiptDropPct=29|ownerCap=3000|mobileThreshold=35,4,28,626,61,COMPLETE,24,17,17,1,17,10,4,0,17,17,12,12,80,0,0,0,287,435,17,526,12,5777,2406,2,4028,300
OFAT,RECEIPT_DROP_PCT,DEFAULT,baseSeed=626|nTx=24|nValidators=10|nShards=4|committee=3|quorum=2|loadThreshold=75|maxTime=240|crossShardPct=0|requestOfflinePct=20|receiptDropPct=29|ownerCap=3000|mobileThreshold=35,4,29,626,63,COMPLETE,24,17,17,3,17,10,4,0,17,17,12,12,80,0,0,0,287,461,17,545,12,4848,2162,2,3981,200
OFAT,RECEIPT_DROP_PCT,DEFAULT,baseSeed=626|nTx=24|nValidators=10|nShards=4|committee=3|quorum=2|loadThreshold=75|maxTime=240|crossShardPct=0|requestOfflinePct=20|receiptDropPct=29|ownerCap=3000|mobileThreshold=35,4,30,626,63,COMPLETE,24,18,18,4,18,10,4,0,18,18,11,13,83,0,0,0,300,499,18,519,11,4372,1615,3,2272,300
OFAT,RECEIPT_DROP_PCT,DEFAULT,baseSeed=626|nTx=24|nValidators=10|nShards=4|committee=3|quorum=2|loadThreshold=75|maxTime=240|crossShardPct=0|requestOfflinePct=20|receiptDropPct=29|ownerCap=3000|mobileThreshold=35,4,31,626,61,COMPLETE,24,17,17,1,17,10,4,0,17,17,11,13,79,0,0,0,286,435,17,484,11,5382,2106,2,3588,300
OFAT,RECEIPT_DROP_PCT,DEFAULT,baseSeed=626|nTx=24|nValidators=10|nShards=4|committee=3|quorum=2|loadThreshold=75|maxTime=240|crossShardPct=0|requestOfflinePct=20|receiptDropPct=29|ownerCap=3000|mobileThreshold=35,4,32,626,45,COMPLETE,24,17,17,0,17,10,4,0,17,17,12,12,80,0,0,0,287,423,17,528,12,4317,1593,3,2464,300
OFAT,RECEIPT_DROP_PCT,DEFAULT,baseSeed=626|nTx=24|nValidators=10|nShards=4|committee=3|quorum=2|loadThreshold=75|maxTime=240|crossShardPct=0|requestOfflinePct=20|receiptDropPct=29|ownerCap=3000|mobileThreshold=35,4,33,626,63,COMPLETE,24,18,18,3,18,10,4,0,18,18,12,12,84,0,0,0,301,489,18,547,12,5108,1909,2,2657,400
OFAT,RECEIPT_DROP_PCT,DEFAULT,baseSeed=626|nTx=24|nValidators=10|nShards=4|committee=3|quorum=2|loadThreshold=75|maxTime=240|crossShardPct=0|requestOfflinePct=20|receiptDropPct=29|ownerCap=3000|mobileThreshold=35,4,34,626,61,COMPLETE,24,18,18,1,18,10,4,0,18,18,12,12,84,0,0,0,301,461,18,546,12,4828,1916,2,3378,400
OFAT,RECEIPT_DROP_PCT,DEFAULT,baseSeed=626|nTx=24|nValidators=10|nShards=4|committee=3|quorum=2|loadThreshold=75|maxTime=240|crossShardPct=0|requestOfflinePct=20|receiptDropPct=29|ownerCap=3000|mobileThreshold=35,4,35,626,63,COMPLETE,24,19,19,1,19,10,4,0,19,19,13,11,89,0,0,0,316,488,19,591,13,5868,2495,2,4212,300
OFAT,RECEIPT_DROP_PCT,DEFAULT,baseSeed=626|nTx=24|nValidators=10|nShards=4|committee=3|quorum=2|loadThreshold=75|maxTime=240|crossShardPct=0|requestOfflinePct=20|receiptDropPct=29|ownerCap=3000|mobileThreshold=35,4,36,626,64,COMPLETE,24,18,18,3,18,10,4,0,18,18,12,12,84,0,0,0,301,487,18,563,12,5450,2152,2,3693,300
OFAT,RECEIPT_DROP_PCT,DEFAULT,baseSeed=626|nTx=24|nValidators=10|nShards=4|committee=3|quorum=2|loadThreshold=75|maxTime=240|crossShardPct=0|requestOfflinePct=20|receiptDropPct=29|ownerCap=3000|mobileThreshold=35,4,37,626,61,COMPLETE,24,18,18,1,18,10,4,0,18,18,12,12,84,0,0,0,301,461,18,543,12,4963,1872,3,2657,200
OFAT,RECEIPT_DROP_PCT,DEFAULT,baseSeed=626|nTx=24|nValidators=10|nShards=4|committee=3|quorum=2|loadThreshold=75|maxTime=240|crossShardPct=0|requestOfflinePct=20|receiptDropPct=29|ownerCap=3000|mobileThreshold=35,4,38,626,63,COMPLETE,24,18,18,3,18,10,4,0,18,18,12,12,84,0,0,0,301,486,18,565,12,4630,1698,3,2207,400
OFAT,RECEIPT_DROP_PCT,DEFAULT,baseSeed=626|nTx=24|nValidators=10|nShards=4|committee=3|quorum=2|loadThreshold=75|maxTime=240|crossShardPct=0|requestOfflinePct=20|receiptDropPct=29|ownerCap=3000|mobileThreshold=35,4,39,626,63,COMPLETE,24,18,18,2,18,10,4,0,18,18,12,12,84,0,0,0,301,474,18,545,12,4567,1724,3,2522,300
OFAT,RECEIPT_DROP_PCT,DEFAULT,baseSeed=626|nTx=24|nValidators=10|nShards=4|committee=3|quorum=2|loadThreshold=75|maxTime=240|crossShardPct=0|requestOfflinePct=20|receiptDropPct=29|ownerCap=3000|mobileThreshold=35,4,40,626,63,COMPLETE,24,19,19,1,19,10,4,0,19,19,12,12,88,0,0,0,315,488,19,544,12,5111,1847,3,3004,300
OFAT,RECEIPT_DROP_PCT,DEFAULT,baseSeed=626|nTx=24|nValidators=10|nShards=4|committee=3|quorum=2|loadThreshold=75|maxTime=240|crossShardPct=0|requestOfflinePct=20|receiptDropPct=29|ownerCap=3000|mobileThreshold=35,4,41,626,63,COMPLETE,24,18,18,2,18,10,4,0,18,18,11,13,83,0,0,0,300,476,18,501,11,5281,1941,2,3363,200
OFAT,RECEIPT_DROP_PCT,DEFAULT,baseSeed=626|nTx=24|nValidators=10|nShards=4|committee=3|quorum=2|loadThreshold=75|maxTime=240|crossShardPct=0|requestOfflinePct=20|receiptDropPct=29|ownerCap=3000|mobileThreshold=35,4,42,626,62,COMPLETE,24,17,17,2,17,10,4,0,17,17,12,12,80,0,0,0,287,448,17,562,12,4090,1557,3,2037,300
OFAT,RECEIPT_DROP_PCT,DEFAULT,baseSeed=626|nTx=24|nValidators=10|nShards=4|committee=3|quorum=2|loadThreshold=75|maxTime=240|crossShardPct=0|requestOfflinePct=20|receiptDropPct=29|ownerCap=3000|mobileThreshold=35,4,43,626,61,COMPLETE,24,17,17,1,17,10,4,0,17,17,13,11,81,0,0,0,288,435,17,573,13,4521,1698,3,2394,300
OFAT,RECEIPT_DROP_PCT,DEFAULT,baseSeed=626|nTx=24|nValidators=10|nShards=4|committee=3|quorum=2|loadThreshold=75|maxTime=240|crossShardPct=0|requestOfflinePct=20|receiptDropPct=29|ownerCap=3000|mobileThreshold=35,4,44,626,63,COMPLETE,24,18,18,5,18,10,4,0,18,18,13,11,85,0,0,0,302,513,18,647,13,5803,2360,2,3437,200
OFAT,RECEIPT_DROP_PCT,DEFAULT,baseSeed=626|nTx=24|nValidators=10|nShards=4|committee=3|quorum=2|loadThreshold=75|maxTime=240|crossShardPct=0|requestOfflinePct=20|receiptDropPct=29|ownerCap=3000|mobileThreshold=35,4,45,626,62,COMPLETE,24,19,19,2,19,10,4,0,19,19,12,12,88,0,0,0,315,501,19,549,12,4776,1742,3,2618,200
OFAT,RECEIPT_DROP_PCT,DEFAULT,baseSeed=626|nTx=24|nValidators=10|nShards=4|committee=3|quorum=2|loadThreshold=75|maxTime=240|crossShardPct=0|requestOfflinePct=20|receiptDropPct=29|ownerCap=3000|mobileThreshold=35,4,46,626,61,COMPLETE,24,18,18,1,18,10,4,0,18,18,11,13,83,0,0,0,300,461,18,499,11,6127,2637,2,4227,300
OFAT,RECEIPT_DROP_PCT,DEFAULT,baseSeed=626|nTx=24|nValidators=10|nShards=4|committee=3|quorum=2|loadThreshold=75|maxTime=240|crossShardPct=0|requestOfflinePct=20|receiptDropPct=29|ownerCap=3000|mobileThreshold=35,4,47,626,63,COMPLETE,24,18,18,3,18,10,4,0,18,18,12,12,84,0,0,0,301,488,18,586,12,4891,1758,3,2612,300
OFAT,RECEIPT_DROP_PCT,DEFAULT,baseSeed=626|nTx=24|nValidators=10|nShards=4|committee=3|quorum=2|loadThreshold=75|maxTime=240|crossShardPct=0|requestOfflinePct=20|receiptDropPct=29|ownerCap=3000|mobileThreshold=35,4,48,626,62,COMPLETE,24,18,18,2,18,10,4,0,18,18,12,12,84,0,0,0,301,475,18,545,12,5801,2316,2,3783,400
OFAT,RECEIPT_DROP_PCT,DEFAULT,baseSeed=626|nTx=24|nValidators=10|nShards=4|committee=3|quorum=2|loadThreshold=75|maxTime=240|crossShardPct=0|requestOfflinePct=20|receiptDropPct=29|ownerCap=3000|mobileThreshold=35,4,49,626,63,COMPLETE,24,18,18,3,18,10,4,0,18,18,12,12,84,0,0,0,301,488,18,566,12,5252,1915,3,3018,200
OFAT,RECEIPT_DROP_PCT,DEFAULT,baseSeed=626|nTx=24|nValidators=10|nShards=4|committee=3|quorum=2|loadThreshold=75|maxTime=240|crossShardPct=0|requestOfflinePct=20|receiptDropPct=29|ownerCap=3000|mobileThreshold=35,4,50,626,62,COMPLETE,24,19,19,2,19,10,4,0,19,19,13,11,89,0,0,0,316,500,19,575,13,4608,1702,3,2170,300
OFAT,RECEIPT_DROP_PCT,DEFAULT,baseSeed=626|nTx=24|nValidators=10|nShards=4|committee=3|quorum=2|loadThreshold=75|maxTime=240|crossShardPct=0|requestOfflinePct=20|receiptDropPct=29|ownerCap=3000|mobileThreshold=35,4,51,626,62,COMPLETE,24,18,18,1,18,10,4,0,18,18,12,12,84,0,0,0,301,462,18,526,12,6414,2608,2,4099,200
OFAT,RECEIPT_DROP_PCT,DEFAULT,baseSeed=626|nTx=24|nValidators=10|nShards=4|committee=3|quorum=2|loadThreshold=75|maxTime=240|crossShardPct=0|requestOfflinePct=20|receiptDropPct=29|ownerCap=3000|mobileThreshold=35,4,52,626,45,COMPLETE,24,18,18,0,18,10,4,0,18,18,12,12,84,0,0,0,301,449,18,530,12,4846,1762,3,2297,400
OFAT,RECEIPT_DROP_PCT,DEFAULT,baseSeed=626|nTx=24|nValidators=10|nShards=4|committee=3|quorum=2|loadThreshold=75|maxTime=240|crossShardPct=0|requestOfflinePct=20|receiptDropPct=29|ownerCap=3000|mobileThreshold=35,4,53,626,62,COMPLETE,24,17,17,2,17,10,4,0,17,17,11,13,79,0,0,0,286,448,17,503,11,5708,2293,2,3684,200
OFAT,RECEIPT_DROP_PCT,DEFAULT,baseSeed=626|nTx=24|nValidators=10|nShards=4|committee=3|quorum=2|loadThreshold=75|maxTime=240|crossShardPct=0|requestOfflinePct=20|receiptDropPct=29|ownerCap=3000|mobileThreshold=35,4,54,626,63,COMPLETE,24,17,17,1,17,10,4,0,17,17,12,12,80,0,0,0,287,436,17,548,12,5104,1854,3,2748,300
OFAT,RECEIPT_DROP_PCT,DEFAULT,baseSeed=626|nTx=24|nValidators=10|nShards=4|committee=3|quorum=2|loadThreshold=75|maxTime=240|crossShardPct=0|requestOfflinePct=20|receiptDropPct=29|ownerCap=3000|mobileThreshold=35,4,55,626,62,COMPLETE,24,18,18,2,18,10,4,0,18,18,12,12,84,0,0,0,301,476,18,562,12,5450,2133,2,2972,400
OFAT,RECEIPT_DROP_PCT,DEFAULT,baseSeed=626|nTx=24|nValidators=10|nShards=4|committee=3|quorum=2|loadThreshold=75|maxTime=240|crossShardPct=0|requestOfflinePct=20|receiptDropPct=29|ownerCap=3000|mobileThreshold=35,4,56,626,63,COMPLETE,24,17,17,2,17,10,4,0,17,17,10,14,78,0,0,0,285,448,17,456,10,5280,1905,3,2512,300
OFAT,RECEIPT_DROP_PCT,DEFAULT,baseSeed=626|nTx=24|nValidators=10|nShards=4|committee=3|quorum=2|loadThreshold=75|maxTime=240|crossShardPct=0|requestOfflinePct=20|receiptDropPct=29|ownerCap=3000|mobileThreshold=35,4,57,626,61,COMPLETE,24,17,17,1,17,10,4,0,17,17,12,12,80,0,0,0,287,435,17,542,12,5388,2094,2,3033,300
OFAT,RECEIPT_DROP_PCT,DEFAULT,baseSeed=626|nTx=24|nValidators=10|nShards=4|committee=3|quorum=2|loadThreshold=75|maxTime=240|crossShardPct=0|requestOfflinePct=20|receiptDropPct=29|ownerCap=3000|mobileThreshold=35,4,58,626,62,COMPLETE,24,17,17,2,17,10,4,0,17,17,12,12,80,0,0,0,287,449,17,546,12,4905,1766,3,2322,300
OFAT,RECEIPT_DROP_PCT,DEFAULT,baseSeed=626|nTx=24|nValidators=10|nShards=4|committee=3|quorum=2|loadThreshold=75|maxTime=240|crossShardPct=0|requestOfflinePct=20|receiptDropPct=29|ownerCap=3000|mobileThreshold=35,4,59,626,63,COMPLETE,24,17,17,2,17,10,4,0,17,17,11,13,79,0,0,0,286,448,17,501,11,4990,1810,3,3062,200
OFAT,RECEIPT_DROP_PCT,DEFAULT,baseSeed=626|nTx=24|nValidators=10|nShards=4|committee=3|quorum=2|loadThreshold=75|maxTime=240|crossShardPct=0|requestOfflinePct=20|receiptDropPct=29|ownerCap=3000|mobileThreshold=35,4,60,626,62,COMPLETE,24,18,18,2,18,10,4,0,18,18,11,13,83,0,0,0,300,474,18,520,11,5018,1806,3,2636,300
OFAT,RECEIPT_DROP_PCT,DEFAULT,baseSeed=626|nTx=24|nValidators=10|nShards=4|committee=3|quorum=2|loadThreshold=75|maxTime=240|crossShardPct=0|requestOfflinePct=20|receiptDropPct=29|ownerCap=3000|mobileThreshold=35,4,61,626,63,COMPLETE,24,17,17,2,17,10,4,0,17,17,11,13,79,0,0,0,286,450,17,521,11,5727,2473,2,4306,400
OFAT,RECEIPT_DROP_PCT,DEFAULT,baseSeed=626|nTx=24|nValidators=10|nShards=4|committee=3|quorum=2|loadThreshold=75|maxTime=240|crossShardPct=0|requestOfflinePct=20|receiptDropPct=29|ownerCap=3000|mobileThreshold=35,4,62,626,63,COMPLETE,24,17,17,2,17,10,4,0,17,17,12,12,80,0,0,0,287,448,17,563,12,6601,2730,2,3981,300
OFAT,RECEIPT_DROP_PCT,DEFAULT,baseSeed=626|nTx=24|nValidators=10|nShards=4|committee=3|quorum=2|loadThreshold=75|maxTime=240|crossShardPct=0|requestOfflinePct=20|receiptDropPct=29|ownerCap=3000|mobileThreshold=35,4,63,626,62,COMPLETE,24,17,17,1,17,10,4,0,17,17,11,13,79,0,0,0,286,436,17,501,11,5076,1839,3,2344,400
OFAT,RECEIPT_DROP_PCT,DEFAULT,baseSeed=626|nTx=24|nValidators=10|nShards=4|committee=3|quorum=2|loadThreshold=75|maxTime=240|crossShardPct=0|requestOfflinePct=20|receiptDropPct=29|ownerCap=3000|mobileThreshold=35,4,64,626,62,COMPLETE,24,16,16,2,16,10,4,0,16,16,11,13,75,0,0,0,272,422,16,518,11,5929,2439,2,3888,300
OFAT,RECEIPT_DROP_PCT,DEFAULT,baseSeed=626|nTx=24|nValidators=10|nShards=4|committee=3|quorum=2|loadThreshold=75|maxTime=240|crossShardPct=0|requestOfflinePct=20|receiptDropPct=29|ownerCap=3000|mobileThreshold=35,4,65,626,62,COMPLETE,24,17,17,3,17,10,4,0,17,17,12,12,80,0,0,0,287,461,17,583,12,4772,1744,3,2417,400
OFAT,RECEIPT_DROP_PCT,DEFAULT,baseSeed=626|nTx=24|nValidators=10|nShards=4|committee=3|quorum=2|loadThreshold=75|maxTime=240|crossShardPct=0|requestOfflinePct=20|receiptDropPct=29|ownerCap=3000|mobileThreshold=35,4,66,626,61,COMPLETE,24,17,17,1,17,10,4,0,17,17,11,13,79,0,0,0,286,435,17,498,11,5009,1960,2,3157,300
OFAT,RECEIPT_DROP_PCT,DEFAULT,baseSeed=626|nTx=24|nValidators=10|nShards=4|committee=3|quorum=2|loadThreshold=75|maxTime=240|crossShardPct=0|requestOfflinePct=20|receiptDropPct=29|ownerCap=3000|mobileThreshold=35,4,67,626,62,COMPLETE,24,17,17,2,17,10,4,0,17,17,11,13,79,0,0,0,286,448,17,520,11,5880,2233,2,3157,200
OFAT,RECEIPT_DROP_PCT,DEFAULT,baseSeed=626|nTx=24|nValidators=10|nShards=4|committee=3|quorum=2|loadThreshold=75|maxTime=240|crossShardPct=0|requestOfflinePct=20|receiptDropPct=29|ownerCap=3000|mobileThreshold=35,4,68,626,62,COMPLETE,24,17,17,1,17,10,4,0,17,17,12,12,80,0,0,0,287,436,17,529,12,5142,1908,2,3127,300
OFAT,RECEIPT_DROP_PCT,DEFAULT,baseSeed=626|nTx=24|nValidators=10|nShards=4|committee=3|quorum=2|loadThreshold=75|maxTime=240|crossShardPct=0|requestOfflinePct=20|receiptDropPct=29|ownerCap=3000|mobileThreshold=35,4,69,626,61,COMPLETE,24,17,17,1,17,10,4,0,17,17,12,12,80,0,0,0,287,435,17,545,12,6004,2414,2,3981,200
OFAT,RECEIPT_DROP_PCT,DEFAULT,baseSeed=626|nTx=24|nValidators=10|nShards=4|committee=3|quorum=2|loadThreshold=75|maxTime=240|crossShardPct=0|requestOfflinePct=20|receiptDropPct=29|ownerCap=3000|mobileThreshold=35,4,70,626,63,COMPLETE,24,18,18,3,18,10,4,0,18,18,11,13,83,0,0,0,300,487,18,487,11,4290,1600,3,2318,400
OFAT,RECEIPT_DROP_PCT,DEFAULT,baseSeed=626|nTx=24|nValidators=10|nShards=4|committee=3|quorum=2|loadThreshold=75|maxTime=240|crossShardPct=0|requestOfflinePct=20|receiptDropPct=29|ownerCap=3000|mobileThreshold=35,4,71,626,61,COMPLETE,24,17,17,1,17,10,4,0,17,17,10,14,78,0,0,0,285,435,17,457,10,4458,1618,3,2367,300
OFAT,RECEIPT_DROP_PCT,DEFAULT,baseSeed=626|nTx=24|nValidators=10|nShards=4|committee=3|quorum=2|loadThreshold=75|maxTime=240|crossShardPct=0|requestOfflinePct=20|receiptDropPct=29|ownerCap=3000|mobileThreshold=35,4,72,626,63,COMPLETE,24,17,17,3,17,10,4,0,17,17,12,12,80,0,0,0,287,460,17,564,12,4981,1814,3,2654,200
OFAT,RECEIPT_DROP_PCT,DEFAULT,baseSeed=626|nTx=24|nValidators=10|nShards=4|committee=3|quorum=2|loadThreshold=75|maxTime=240|crossShardPct=0|requestOfflinePct=20|receiptDropPct=29|ownerCap=3000|mobileThreshold=35,4,73,626,63,COMPLETE,24,17,17,2,17,10,4,0,17,17,12,12,80,0,0,0,287,450,17,547,12,4981,1929,2,2843,300
OFAT,RECEIPT_DROP_PCT,DEFAULT,baseSeed=626|nTx=24|nValidators=10|nShards=4|committee=3|quorum=2|loadThreshold=75|maxTime=240|crossShardPct=0|requestOfflinePct=20|receiptDropPct=29|ownerCap=3000|mobileThreshold=35,4,74,626,61,COMPLETE,24,17,17,1,17,10,4,0,17,17,11,13,79,0,0,0,286,435,17,501,11,4330,1609,3,2344,300
OFAT,RECEIPT_DROP_PCT,DEFAULT,baseSeed=626|nTx=24|nValidators=10|nShards=4|committee=3|quorum=2|loadThreshold=75|maxTime=240|crossShardPct=0|requestOfflinePct=20|receiptDropPct=29|ownerCap=3000|mobileThreshold=35,4,75,626,63,COMPLETE,24,17,17,2,17,10,4,0,17,17,11,13,79,0,0,0,286,448,17,520,11,5076,1972,2,3110,200
OFAT,RECEIPT_DROP_PCT,DEFAULT,baseSeed=626|nTx=24|nValidators=10|nShards=4|committee=3|quorum=2|loadThreshold=75|maxTime=240|crossShardPct=0|requestOfflinePct=20|receiptDropPct=29|ownerCap=3000|mobileThreshold=35,4,76,626,62,COMPLETE,24,16,16,1,16,10,4,0,16,16,11,13,75,0,0,0,272,410,16,500,11,5454,2133,2,3333,200
OFAT,RECEIPT_DROP_PCT,DEFAULT,baseSeed=626|nTx=24|nValidators=10|nShards=4|committee=3|quorum=2|loadThreshold=75|maxTime=240|crossShardPct=0|requestOfflinePct=20|receiptDropPct=29|ownerCap=3000|mobileThreshold=35,4,77,626,61,COMPLETE,24,17,17,1,17,10,4,0,17,17,12,12,80,0,0,0,287,435,17,547,12,4071,1561,3,2511,300
OFAT,RECEIPT_DROP_PCT,DEFAULT,baseSeed=626|nTx=24|nValidators=10|nShards=4|committee=3|quorum=2|loadThreshold=75|maxTime=240|crossShardPct=0|requestOfflinePct=20|receiptDropPct=29|ownerCap=3000|mobileThreshold=35,4,78,626,63,COMPLETE,24,17,17,3,17,10,4,0,17,17,11,13,79,0,0,0,286,461,17,521,11,5296,1989,2,2870,200
OFAT,RECEIPT_DROP_PCT,DEFAULT,baseSeed=626|nTx=24|nValidators=10|nShards=4|committee=3|quorum=2|loadThreshold=75|maxTime=240|crossShardPct=0|requestOfflinePct=20|receiptDropPct=29|ownerCap=3000|mobileThreshold=35,4,79,626,63,COMPLETE,24,17,17,1,17,10,4,0,17,17,12,12,80,0,0,0,287,436,17,546,12,4222,1584,3,2322,300
OFAT,RECEIPT_DROP_PCT,DEFAULT,baseSeed=626|nTx=24|nValidators=10|nShards=4|committee=3|quorum=2|loadThreshold=75|maxTime=240|crossShardPct=0|requestOfflinePct=20|receiptDropPct=29|ownerCap=3000|mobileThreshold=35,4,80,626,45,COMPLETE,24,18,18,0,18,10,4,0,18,18,12,12,84,0,0,0,301,449,18,526,12,5342,2047,2,3378,300
OFAT,RECEIPT_DROP_PCT,DEFAULT,baseSeed=626|nTx=24|nValidators=10|nShards=4|committee=3|quorum=2|loadThreshold=75|maxTime=240|crossShardPct=0|requestOfflinePct=20|receiptDropPct=29|ownerCap=3000|mobileThreshold=35,4,81,626,61,COMPLETE,24,17,17,1,17,10,4,0,17,17,10,14,78,0,0,0,285,435,17,439,10,4913,1850,3,2270,300
OFAT,RECEIPT_DROP_PCT,DEFAULT,baseSeed=626|nTx=24|nValidators=10|nShards=4|committee=3|quorum=2|loadThreshold=75|maxTime=240|crossShardPct=0|requestOfflinePct=20|receiptDropPct=29|ownerCap=3000|mobileThreshold=35,4,82,626,63,COMPLETE,24,17,17,2,17,10,4,0,17,17,11,13,79,0,0,0,286,449,17,523,11,5191,2170,2,3923,200
OFAT,RECEIPT_DROP_PCT,DEFAULT,baseSeed=626|nTx=24|nValidators=10|nShards=4|committee=3|quorum=2|loadThreshold=75|maxTime=240|crossShardPct=0|requestOfflinePct=20|receiptDropPct=29|ownerCap=3000|mobileThreshold=35,4,83,626,63,COMPLETE,24,17,17,3,17,10,4,0,17,17,12,12,80,0,0,0,287,462,17,566,12,5445,2102,2,3222,300
OFAT,RECEIPT_DROP_PCT,DEFAULT,baseSeed=626|nTx=24|nValidators=10|nShards=4|committee=3|quorum=2|loadThreshold=75|maxTime=240|crossShardPct=0|requestOfflinePct=20|receiptDropPct=29|ownerCap=3000|mobileThreshold=35,4,84,626,63,COMPLETE,24,17,17,3,17,10,4,0,17,17,12,12,80,0,0,0,287,460,17,562,12,5398,2104,2,3554,200
OFAT,RECEIPT_DROP_PCT,DEFAULT,baseSeed=626|nTx=24|nValidators=10|nShards=4|committee=3|quorum=2|loadThreshold=75|maxTime=240|crossShardPct=0|requestOfflinePct=20|receiptDropPct=29|ownerCap=3000|mobileThreshold=35,4,85,626,62,COMPLETE,24,18,18,1,18,10,4,0,18,18,11,13,83,0,0,0,300,462,18,501,11,4200,1576,3,2227,300
OFAT,RECEIPT_DROP_PCT,DEFAULT,baseSeed=626|nTx=24|nValidators=10|nShards=4|committee=3|quorum=2|loadThreshold=75|maxTime=240|crossShardPct=0|requestOfflinePct=20|receiptDropPct=29|ownerCap=3000|mobileThreshold=35,4,86,626,63,COMPLETE,24,17,17,2,17,10,4,0,17,17,11,13,79,0,0,0,286,448,17,501,11,3622,1457,3,2248,300
OFAT,RECEIPT_DROP_PCT,DEFAULT,baseSeed=626|nTx=24|nValidators=10|nShards=4|committee=3|quorum=2|loadThreshold=75|maxTime=240|crossShardPct=0|requestOfflinePct=20|receiptDropPct=29|ownerCap=3000|mobileThreshold=35,4,87,626,62,COMPLETE,24,17,17,1,17,10,4,0,17,17,12,12,80,0,0,0,287,436,17,546,12,4611,1705,3,2417,300
OFAT,RECEIPT_DROP_PCT,DEFAULT,baseSeed=626|nTx=24|nValidators=10|nShards=4|committee=3|quorum=2|loadThreshold=75|maxTime=240|crossShardPct=0|requestOfflinePct=20|receiptDropPct=29|ownerCap=3000|mobileThreshold=35,4,88,626,63,COMPLETE,24,18,18,1,18,10,4,0,18,18,12,12,84,0,0,0,301,462,18,544,12,3477,1424,3,2027,300
OFAT,RECEIPT_DROP_PCT,DEFAULT,baseSeed=626|nTx=24|nValidators=10|nShards=4|committee=3|quorum=2|loadThreshold=75|maxTime=240|crossShardPct=0|requestOfflinePct=20|receiptDropPct=29|ownerCap=3000|mobileThreshold=35,4,89,626,63,COMPLETE,24,18,18,2,18,10,4,0,18,18,12,12,84,0,0,0,301,474,18,546,12,4459,1628,3,2162,300
OFAT,RECEIPT_DROP_PCT,DEFAULT,baseSeed=626|nTx=24|nValidators=10|nShards=4|committee=3|quorum=2|loadThreshold=75|maxTime=240|crossShardPct=0|requestOfflinePct=20|receiptDropPct=29|ownerCap=3000|mobileThreshold=35,4,90,626,63,COMPLETE,24,19,19,4,19,10,4,0,19,19,13,11,89,0,0,0,316,527,19,626,13,4770,1745,3,2808,400
OFAT,RECEIPT_DROP_PCT,DEFAULT,baseSeed=626|nTx=24|nValidators=10|nShards=4|committee=3|quorum=2|loadThreshold=75|maxTime=240|crossShardPct=0|requestOfflinePct=20|receiptDropPct=29|ownerCap=3000|mobileThreshold=35,4,91,626,46,COMPLETE,24,18,18,0,18,10,4,0,18,18,12,12,84,0,0,0,301,450,18,530,12,5396,1973,3,2747,400
OFAT,RECEIPT_DROP_PCT,DEFAULT,baseSeed=626|nTx=24|nValidators=10|nShards=4|committee=3|quorum=2|loadThreshold=75|maxTime=240|crossShardPct=0|requestOfflinePct=20|receiptDropPct=29|ownerCap=3000|mobileThreshold=35,4,92,626,63,COMPLETE,24,18,18,1,18,10,4,0,18,18,12,12,84,0,0,0,301,462,18,545,12,5792,2570,2,4459,200
OFAT,RECEIPT_DROP_PCT,DEFAULT,baseSeed=626|nTx=24|nValidators=10|nShards=4|committee=3|quorum=2|loadThreshold=75|maxTime=240|crossShardPct=0|requestOfflinePct=20|receiptDropPct=29|ownerCap=3000|mobileThreshold=35,4,93,626,61,COMPLETE,24,18,18,1,18,10,4,0,18,18,12,12,84,0,0,0,301,461,18,543,12,4720,1717,3,2297,400
OFAT,RECEIPT_DROP_PCT,DEFAULT,baseSeed=626|nTx=24|nValidators=10|nShards=4|committee=3|quorum=2|loadThreshold=75|maxTime=240|crossShardPct=0|requestOfflinePct=20|receiptDropPct=29|ownerCap=3000|mobileThreshold=35,4,94,626,63,COMPLETE,24,18,18,2,18,10,4,0,18,18,12,12,84,0,0,0,301,475,18,545,12,5234,2269,2,4054,300
OFAT,RECEIPT_DROP_PCT,DEFAULT,baseSeed=626|nTx=24|nValidators=10|nShards=4|committee=3|quorum=2|loadThreshold=75|maxTime=240|crossShardPct=0|requestOfflinePct=20|receiptDropPct=29|ownerCap=3000|mobileThreshold=35,4,95,626,63,COMPLETE,24,19,19,3,19,10,4,0,19,19,12,12,88,0,0,0,315,514,19,550,12,4914,1915,2,2832,300
OFAT,RECEIPT_DROP_PCT,DEFAULT,baseSeed=626|nTx=24|nValidators=10|nShards=4|committee=3|quorum=2|loadThreshold=75|maxTime=240|crossShardPct=0|requestOfflinePct=20|receiptDropPct=29|ownerCap=3000|mobileThreshold=35,4,96,626,63,COMPLETE,24,18,18,3,18,10,4,0,18,18,11,13,83,0,0,0,300,487,18,539,11,4818,1749,3,2363,300
OFAT,RECEIPT_DROP_PCT,DEFAULT,baseSeed=626|nTx=24|nValidators=10|nShards=4|committee=3|quorum=2|loadThreshold=75|maxTime=240|crossShardPct=0|requestOfflinePct=20|receiptDropPct=29|ownerCap=3000|mobileThreshold=35,4,97,626,63,COMPLETE,24,17,17,2,17,10,4,0,17,17,12,12,80,0,0,0,287,449,17,544,12,4734,1770,3,2843,200
OFAT,RECEIPT_DROP_PCT,DEFAULT,baseSeed=626|nTx=24|nValidators=10|nShards=4|committee=3|quorum=2|loadThreshold=75|maxTime=240|crossShardPct=0|requestOfflinePct=20|receiptDropPct=29|ownerCap=3000|mobileThreshold=35,4,98,626,62,COMPLETE,24,17,17,2,17,10,4,0,17,17,13,11,81,0,0,0,288,448,17,607,13,5347,2314,2,4037,300
OFAT,RECEIPT_DROP_PCT,DEFAULT,baseSeed=626|nTx=24|nValidators=10|nShards=4|committee=3|quorum=2|loadThreshold=75|maxTime=240|crossShardPct=0|requestOfflinePct=20|receiptDropPct=29|ownerCap=3000|mobileThreshold=35,4,99,626,63,COMPLETE,24,18,18,1,18,10,4,0,18,18,13,11,85,0,0,0,302,463,18,589,13,4366,1630,3,2633,400
OFAT,RECEIPT_DROP_PCT,DEFAULT,baseSeed=626|nTx=24|nValidators=10|nShards=4|committee=3|quorum=2|loadThreshold=75|maxTime=240|crossShardPct=0|requestOfflinePct=20|receiptDropPct=29|ownerCap=3000|mobileThreshold=35,4,100,626,61,COMPLETE,24,19,19,1,19,10,4,0,19,19,12,12,88,0,0,0,315,488,19,549,12,4776,1875,2,3218,400
OFAT,RECEIPT_DROP_PCT,HIGH,baseSeed=626|nTx=24|nValidators=10|nShards=4|committee=3|quorum=2|loadThreshold=75|maxTime=240|crossShardPct=0|requestOfflinePct=20|receiptDropPct=40|ownerCap=3000|mobileThreshold=35,4,1,626,61,COMPLETE,24,17,17,1,17,10,4,0,17,17,8,16,76,0,0,0,283,435,17,351,8,5610,2214,2,3497,300
OFAT,RECEIPT_DROP_PCT,HIGH,baseSeed=626|nTx=24|nValidators=10|nShards=4|committee=3|quorum=2|loadThreshold=75|maxTime=240|crossShardPct=0|requestOfflinePct=20|receiptDropPct=40|ownerCap=3000|mobileThreshold=35,4,2,626,45,COMPLETE,24,17,17,0,17,10,4,0,17,17,10,14,78,0,0,0,285,423,17,439,10,4787,1725,3,2270,300
OFAT,RECEIPT_DROP_PCT,HIGH,baseSeed=626|nTx=24|nValidators=10|nShards=4|committee=3|quorum=2|loadThreshold=75|maxTime=240|crossShardPct=0|requestOfflinePct=20|receiptDropPct=40|ownerCap=3000|mobileThreshold=35,4,3,626,63,COMPLETE,24,17,17,3,17,10,4,0,17,17,9,15,77,0,0,0,284,461,17,414,9,6014,2417,2,3951,200
OFAT,RECEIPT_DROP_PCT,HIGH,baseSeed=626|nTx=24|nValidators=10|nShards=4|committee=3|quorum=2|loadThreshold=75|maxTime=240|crossShardPct=0|requestOfflinePct=20|receiptDropPct=40|ownerCap=3000|mobileThreshold=35,4,4,626,62,COMPLETE,24,17,17,2,17,10,4,0,17,17,8,16,76,0,0,0,283,449,17,387,8,5068,1824,3,2413,300
OFAT,RECEIPT_DROP_PCT,HIGH,baseSeed=626|nTx=24|nValidators=10|nShards=4|committee=3|quorum=2|loadThreshold=75|maxTime=240|crossShardPct=0|requestOfflinePct=20|receiptDropPct=40|ownerCap=3000|mobileThreshold=35,4,5,626,63,COMPLETE,24,18,18,2,18,10,4,0,18,18,10,14,82,0,0,0,299,474,18,459,10,4706,1725,3,2614,300
OFAT,RECEIPT_DROP_PCT,HIGH,baseSeed=626|nTx=24|nValidators=10|nShards=4|committee=3|quorum=2|loadThreshold=75|maxTime=240|crossShardPct=0|requestOfflinePct=20|receiptDropPct=40|ownerCap=3000|mobileThreshold=35,4,6,626,63,COMPLETE,24,17,17,1,17,10,4,0,17,17,10,14,78,0,0,0,285,436,17,458,10,6487,2646,2,4057,300
OFAT,RECEIPT_DROP_PCT,HIGH,baseSeed=626|nTx=24|nValidators=10|nShards=4|committee=3|quorum=2|loadThreshold=75|maxTime=240|crossShardPct=0|requestOfflinePct=20|receiptDropPct=40|ownerCap=3000|mobileThreshold=35,4,7,626,45,COMPLETE,24,17,17,0,17,10,4,0,17,17,10,14,78,0,0,0,285,423,17,439,10,4236,1584,3,2367,300
OFAT,RECEIPT_DROP_PCT,HIGH,baseSeed=626|nTx=24|nValidators=10|nShards=4|committee=3|quorum=2|loadThreshold=75|maxTime=240|crossShardPct=0|requestOfflinePct=20|receiptDropPct=40|ownerCap=3000|mobileThreshold=35,4,8,626,63,COMPLETE,24,17,17,2,17,10,4,0,17,17,9,15,77,0,0,0,284,448,17,392,9,4502,1691,3,2390,300
OFAT,RECEIPT_DROP_PCT,HIGH,baseSeed=626|nTx=24|nValidators=10|nShards=4|committee=3|quorum=2|loadThreshold=75|maxTime=240|crossShardPct=0|requestOfflinePct=20|receiptDropPct=40|ownerCap=3000|mobileThreshold=35,4,9,626,63,COMPLETE,24,16,16,2,16,10,4,0,16,16,10,14,74,0,0,0,271,423,16,458,10,4612,1735,3,2500,300
OFAT,RECEIPT_DROP_PCT,HIGH,baseSeed=626|nTx=24|nValidators=10|nShards=4|committee=3|quorum=2|loadThreshold=75|maxTime=240|crossShardPct=0|requestOfflinePct=20|receiptDropPct=40|ownerCap=3000|mobileThreshold=35,4,10,626,63,COMPLETE,24,17,17,2,17,10,4,0,17,17,11,13,79,0,0,0,286,448,17,516,11,3995,1540,3,2057,300
OFAT,RECEIPT_DROP_PCT,HIGH,baseSeed=626|nTx=24|nValidators=10|nShards=4|committee=3|quorum=2|loadThreshold=75|maxTime=240|crossShardPct=0|requestOfflinePct=20|receiptDropPct=40|ownerCap=3000|mobileThreshold=35,4,11,626,45,COMPLETE,24,17,17,0,17,10,4,0,17,17,9,15,77,0,0,0,284,423,17,393,9,4804,1756,3,2341,400
OFAT,RECEIPT_DROP_PCT,HIGH,baseSeed=626|nTx=24|nValidators=10|nShards=4|committee=3|quorum=2|loadThreshold=75|maxTime=240|crossShardPct=0|requestOfflinePct=20|receiptDropPct=40|ownerCap=3000|mobileThreshold=35,4,12,626,63,COMPLETE,24,17,17,2,17,10,4,0,17,17,9,15,77,0,0,0,284,448,17,430,9,3448,1409,3,1951,300
OFAT,RECEIPT_DROP_PCT,HIGH,baseSeed=626|nTx=24|nValidators=10|nShards=4|committee=3|quorum=2|loadThreshold=75|maxTime=240|crossShardPct=0|requestOfflinePct=20|receiptDropPct=40|ownerCap=3000|mobileThreshold=35,4,13,626,63,COMPLETE,24,17,17,2,17,10,4,0,17,17,10,14,78,0,0,0,285,449,17,458,10,5405,2112,2,3623,200
OFAT,RECEIPT_DROP_PCT,HIGH,baseSeed=626|nTx=24|nValidators=10|nShards=4|committee=3|quorum=2|loadThreshold=75|maxTime=240|crossShardPct=0|requestOfflinePct=20|receiptDropPct=40|ownerCap=3000|mobileThreshold=35,4,14,626,63,COMPLETE,24,17,17,2,17,10,4,0,17,17,9,15,77,0,0,0,284,449,17,414,9,4619,1727,3,2390,300
OFAT,RECEIPT_DROP_PCT,HIGH,baseSeed=626|nTx=24|nValidators=10|nShards=4|committee=3|quorum=2|loadThreshold=75|maxTime=240|crossShardPct=0|requestOfflinePct=20|receiptDropPct=40|ownerCap=3000|mobileThreshold=35,4,15,626,61,COMPLETE,24,18,18,1,18,10,4,0,18,18,9,15,81,0,0,0,298,461,18,412,9,4453,1754,3,2962,300
OFAT,RECEIPT_DROP_PCT,HIGH,baseSeed=626|nTx=24|nValidators=10|nShards=4|committee=3|quorum=2|loadThreshold=75|maxTime=240|crossShardPct=0|requestOfflinePct=20|receiptDropPct=40|ownerCap=3000|mobileThreshold=35,4,16,626,62,COMPLETE,24,17,17,2,17,10,4,0,17,17,9,15,77,0,0,0,284,448,17,411,9,4648,1693,3,2341,400
OFAT,RECEIPT_DROP_PCT,HIGH,baseSeed=626|nTx=24|nValidators=10|nShards=4|committee=3|quorum=2|loadThreshold=75|maxTime=240|crossShardPct=0|requestOfflinePct=20|receiptDropPct=40|ownerCap=3000|mobileThreshold=35,4,17,626,45,COMPLETE,24,17,17,0,17,10,4,0,17,17,12,12,80,0,0,0,287,423,17,525,12,4753,1737,3,2322,300
OFAT,RECEIPT_DROP_PCT,HIGH,baseSeed=626|nTx=24|nValidators=10|nShards=4|committee=3|quorum=2|loadThreshold=75|maxTime=240|crossShardPct=0|requestOfflinePct=20|receiptDropPct=40|ownerCap=3000|mobileThreshold=35,4,18,626,64,COMPLETE,24,17,17,4,17,10,4,0,17,17,10,14,78,0,0,0,285,474,17,457,10,5628,2174,2,3285,300
OFAT,RECEIPT_DROP_PCT,HIGH,baseSeed=626|nTx=24|nValidators=10|nShards=4|committee=3|quorum=2|loadThreshold=75|maxTime=240|crossShardPct=0|requestOfflinePct=20|receiptDropPct=40|ownerCap=3000|mobileThreshold=35,4,19,626,45,COMPLETE,24,17,17,0,17,10,4,0,17,17,9,15,77,0,0,0,284,423,17,394,9,4287,1666,3,2146,400
OFAT,RECEIPT_DROP_PCT,HIGH,baseSeed=626|nTx=24|nValidators=10|nShards=4|committee=3|quorum=2|loadThreshold=75|maxTime=240|crossShardPct=0|requestOfflinePct=20|receiptDropPct=40|ownerCap=3000|mobileThreshold=35,4,20,626,62,COMPLETE,24,17,17,2,17,10,4,0,17,17,9,15,77,0,0,0,284,449,17,414,9,5439,2175,2,3609,300
OFAT,RECEIPT_DROP_PCT,HIGH,baseSeed=626|nTx=24|nValidators=10|nShards=4|committee=3|quorum=2|loadThreshold=75|maxTime=240|crossShardPct=0|requestOfflinePct=20|receiptDropPct=40|ownerCap=3000|mobileThreshold=35,4,21,626,62,COMPLETE,24,16,16,1,16,10,4,0,16,16,10,14,74,0,0,0,271,410,16,458,10,4673,1725,3,2500,200
OFAT,RECEIPT_DROP_PCT,HIGH,baseSeed=626|nTx=24|nValidators=10|nShards=4|committee=3|quorum=2|loadThreshold=75|maxTime=240|crossShardPct=0|requestOfflinePct=20|receiptDropPct=40|ownerCap=3000|mobileThreshold=35,4,22,626,61,COMPLETE,24,17,17,1,17,10,4,0,17,17,10,14,78,0,0,0,285,435,17,457,10,4797,1753,3,2173,300
OFAT,RECEIPT_DROP_PCT,HIGH,baseSeed=626|nTx=24|nValidators=10|nShards=4|committee=3|quorum=2|loadThreshold=75|maxTime=240|crossShardPct=0|requestOfflinePct=20|receiptDropPct=40|ownerCap=3000|mobileThreshold=35,4,23,626,63,COMPLETE,24,17,17,2,17,10,4,0,17,17,8,16,76,0,0,0,283,448,17,351,8,4566,1675,3,2266,400
OFAT,RECEIPT_DROP_PCT,HIGH,baseSeed=626|nTx=24|nValidators=10|nShards=4|committee=3|quorum=2|loadThreshold=75|maxTime=240|crossShardPct=0|requestOfflinePct=20|receiptDropPct=40|ownerCap=3000|mobileThreshold=35,4,24,626,62,COMPLETE,24,17,17,3,17,10,4,0,17,17,9,15,77,0,0,0,284,461,17,414,9,4560,1662,3,2634,200
OFAT,RECEIPT_DROP_PCT,HIGH,baseSeed=626|nTx=24|nValidators=10|nShards=4|committee=3|quorum=2|loadThreshold=75|maxTime=240|crossShardPct=0|requestOfflinePct=20|receiptDropPct=40|ownerCap=3000|mobileThreshold=35,4,25,626,45,COMPLETE,24,18,18,0,18,10,4,0,18,18,9,15,81,0,0,0,298,449,18,397,9,3398,1399,3,2037,300
OFAT,RECEIPT_DROP_PCT,HIGH,baseSeed=626|nTx=24|nValidators=10|nShards=4|committee=3|quorum=2|loadThreshold=75|maxTime=240|crossShardPct=0|requestOfflinePct=20|receiptDropPct=40|ownerCap=3000|mobileThreshold=35,4,26,626,63,COMPLETE,24,17,17,3,17,10,4,0,17,17,8,16,76,0,0,0,283,461,17,384,8,4379,1612,3,2068,300
OFAT,RECEIPT_DROP_PCT,HIGH,baseSeed=626|nTx=24|nValidators=10|nShards=4|committee=3|quorum=2|loadThreshold=75|maxTime=240|crossShardPct=0|requestOfflinePct=20|receiptDropPct=40|ownerCap=3000|mobileThreshold=35,4,27,626,63,COMPLETE,24,17,17,2,17,10,4,0,17,17,10,14,78,0,0,0,285,449,17,478,10,4555,1867,2,3188,200
OFAT,RECEIPT_DROP_PCT,HIGH,baseSeed=626|nTx=24|nValidators=10|nShards=4|committee=3|quorum=2|loadThreshold=75|maxTime=240|crossShardPct=0|requestOfflinePct=20|receiptDropPct=40|ownerCap=3000|mobileThreshold=35,4,28,626,63,COMPLETE,24,17,17,3,17,10,4,0,17,17,11,13,79,0,0,0,286,461,17,522,11,5641,2334,2,3971,300
OFAT,RECEIPT_DROP_PCT,HIGH,baseSeed=626|nTx=24|nValidators=10|nShards=4|committee=3|quorum=2|loadThreshold=75|maxTime=240|crossShardPct=0|requestOfflinePct=20|receiptDropPct=40|ownerCap=3000|mobileThreshold=35,4,29,626,63,COMPLETE,24,17,17,2,17,10,4,0,17,17,10,14,78,0,0,0,285,448,17,440,10,4748,2090,2,3864,300
OFAT,RECEIPT_DROP_PCT,HIGH,baseSeed=626|nTx=24|nValidators=10|nShards=4|committee=3|quorum=2|loadThreshold=75|maxTime=240|crossShardPct=0|requestOfflinePct=20|receiptDropPct=40|ownerCap=3000|mobileThreshold=35,4,30,626,61,COMPLETE,24,18,18,1,18,10,4,0,18,18,8,16,80,0,0,0,297,461,18,353,8,4102,1538,3,2196,300
OFAT,RECEIPT_DROP_PCT,HIGH,baseSeed=626|nTx=24|nValidators=10|nShards=4|committee=3|quorum=2|loadThreshold=75|maxTime=240|crossShardPct=0|requestOfflinePct=20|receiptDropPct=40|ownerCap=3000|mobileThreshold=35,4,31,626,62,COMPLETE,24,17,17,2,17,10,4,0,17,17,8,16,76,0,0,0,283,448,17,369,8,5403,2128,2,3497,300
OFAT,RECEIPT_DROP_PCT,HIGH,baseSeed=626|nTx=24|nValidators=10|nShards=4|committee=3|quorum=2|loadThreshold=75|maxTime=240|crossShardPct=0|requestOfflinePct=20|receiptDropPct=40|ownerCap=3000|mobileThreshold=35,4,32,626,61,COMPLETE,24,17,17,1,17,10,4,0,17,17,8,16,76,0,0,0,283,435,17,353,8,4418,1613,3,2561,200
OFAT,RECEIPT_DROP_PCT,HIGH,baseSeed=626|nTx=24|nValidators=10|nShards=4|committee=3|quorum=2|loadThreshold=75|maxTime=240|crossShardPct=0|requestOfflinePct=20|receiptDropPct=40|ownerCap=3000|mobileThreshold=35,4,33,626,61,COMPLETE,24,18,18,1,18,10,4,0,18,18,8,16,80,0,0,0,297,461,18,349,8,5158,1913,2,3084,300
OFAT,RECEIPT_DROP_PCT,HIGH,baseSeed=626|nTx=24|nValidators=10|nShards=4|committee=3|quorum=2|loadThreshold=75|maxTime=240|crossShardPct=0|requestOfflinePct=20|receiptDropPct=40|ownerCap=3000|mobileThreshold=35,4,34,626,61,COMPLETE,24,18,18,1,18,10,4,0,18,18,10,14,82,0,0,0,299,461,18,457,10,4788,1899,2,3348,400
OFAT,RECEIPT_DROP_PCT,HIGH,baseSeed=626|nTx=24|nValidators=10|nShards=4|committee=3|quorum=2|loadThreshold=75|maxTime=240|crossShardPct=0|requestOfflinePct=20|receiptDropPct=40|ownerCap=3000|mobileThreshold=35,4,35,626,63,COMPLETE,24,19,19,4,19,10,4,0,19,19,13,11,89,0,0,0,316,526,19,644,13,5672,2414,2,4127,200
OFAT,RECEIPT_DROP_PCT,HIGH,baseSeed=626|nTx=24|nValidators=10|nShards=4|committee=3|quorum=2|loadThreshold=75|maxTime=240|crossShardPct=0|requestOfflinePct=20|receiptDropPct=40|ownerCap=3000|mobileThreshold=35,4,36,626,64,COMPLETE,24,18,18,1,18,10,4,0,18,18,11,13,83,0,0,0,300,462,18,482,11,5445,2157,2,3636,300
OFAT,RECEIPT_DROP_PCT,HIGH,baseSeed=626|nTx=24|nValidators=10|nShards=4|committee=3|quorum=2|loadThreshold=75|maxTime=240|crossShardPct=0|requestOfflinePct=20|receiptDropPct=40|ownerCap=3000|mobileThreshold=35,4,37,626,62,COMPLETE,24,18,18,1,18,10,4,0,18,18,10,14,82,0,0,0,299,463,18,458,10,5348,2047,2,3348,400
OFAT,RECEIPT_DROP_PCT,HIGH,baseSeed=626|nTx=24|nValidators=10|nShards=4|committee=3|quorum=2|loadThreshold=75|maxTime=240|crossShardPct=0|requestOfflinePct=20|receiptDropPct=40|ownerCap=3000|mobileThreshold=35,4,38,626,63,COMPLETE,24,18,18,3,18,10,4,0,18,18,10,14,82,0,0,0,299,488,18,477,10,4853,1791,3,2844,200
OFAT,RECEIPT_DROP_PCT,HIGH,baseSeed=626|nTx=24|nValidators=10|nShards=4|committee=3|quorum=2|loadThreshold=75|maxTime=240|crossShardPct=0|requestOfflinePct=20|receiptDropPct=40|ownerCap=3000|mobileThreshold=35,4,39,626,63,COMPLETE,24,18,18,2,18,10,4,0,18,18,10,14,82,0,0,0,299,474,18,456,10,4577,1727,3,2568,300
OFAT,RECEIPT_DROP_PCT,HIGH,baseSeed=626|nTx=24|nValidators=10|nShards=4|committee=3|quorum=2|loadThreshold=75|maxTime=240|crossShardPct=0|requestOfflinePct=20|receiptDropPct=40|ownerCap=3000|mobileThreshold=35,4,40,626,63,COMPLETE,24,19,19,2,19,10,4,0,19,19,10,14,86,0,0,0,313,501,19,460,10,4991,1823,3,2576,300
OFAT,RECEIPT_DROP_PCT,HIGH,baseSeed=626|nTx=24|nValidators=10|nShards=4|committee=3|quorum=2|loadThreshold=75|maxTime=240|crossShardPct=0|requestOfflinePct=20|receiptDropPct=40|ownerCap=3000|mobileThreshold=35,4,41,626,61,COMPLETE,24,18,18,1,18,10,4,0,18,18,10,14,82,0,0,0,299,461,18,459,10,5119,1858,3,3211,200
OFAT,RECEIPT_DROP_PCT,HIGH,baseSeed=626|nTx=24|nValidators=10|nShards=4|committee=3|quorum=2|loadThreshold=75|maxTime=240|crossShardPct=0|requestOfflinePct=20|receiptDropPct=40|ownerCap=3000|mobileThreshold=35,4,42,626,62,COMPLETE,24,17,17,2,17,10,4,0,17,17,10,14,78,0,0,0,285,448,17,476,10,4256,1618,3,2512,200
OFAT,RECEIPT_DROP_PCT,HIGH,baseSeed=626|nTx=24|nValidators=10|nShards=4|committee=3|quorum=2|loadThreshold=75|maxTime=240|crossShardPct=0|requestOfflinePct=20|receiptDropPct=40|ownerCap=3000|mobileThreshold=35,4,43,626,62,COMPLETE,24,17,17,2,17,10,4,0,17,17,10,14,78,0,0,0,285,449,17,457,10,4497,1702,3,2512,400
OFAT,RECEIPT_DROP_PCT,HIGH,baseSeed=626|nTx=24|nValidators=10|nShards=4|committee=3|quorum=2|loadThreshold=75|maxTime=240|crossShardPct=0|requestOfflinePct=20|receiptDropPct=40|ownerCap=3000|mobileThreshold=35,4,44,626,61,COMPLETE,24,18,18,1,18,10,4,0,18,18,11,13,83,0,0,0,300,461,18,501,11,5609,2211,2,3318,400
OFAT,RECEIPT_DROP_PCT,HIGH,baseSeed=626|nTx=24|nValidators=10|nShards=4|committee=3|quorum=2|loadThreshold=75|maxTime=240|crossShardPct=0|requestOfflinePct=20|receiptDropPct=40|ownerCap=3000|mobileThreshold=35,4,45,626,63,COMPLETE,24,19,19,3,19,10,4,0,19,19,11,13,87,0,0,0,314,513,19,521,11,4593,1690,3,2467,200
OFAT,RECEIPT_DROP_PCT,HIGH,baseSeed=626|nTx=24|nValidators=10|nShards=4|committee=3|quorum=2|loadThreshold=75|maxTime=240|crossShardPct=0|requestOfflinePct=20|receiptDropPct=40|ownerCap=3000|mobileThreshold=35,4,46,626,62,COMPLETE,24,18,18,3,18,10,4,0,18,18,10,14,82,0,0,0,299,488,18,459,10,6000,2486,2,4082,200
OFAT,RECEIPT_DROP_PCT,HIGH,baseSeed=626|nTx=24|nValidators=10|nShards=4|committee=3|quorum=2|loadThreshold=75|maxTime=240|crossShardPct=0|requestOfflinePct=20|receiptDropPct=40|ownerCap=3000|mobileThreshold=35,4,47,626,63,COMPLETE,24,18,18,1,18,10,4,0,18,18,10,14,82,0,0,0,299,462,18,460,10,4844,1738,3,2247,300
OFAT,RECEIPT_DROP_PCT,HIGH,baseSeed=626|nTx=24|nValidators=10|nShards=4|committee=3|quorum=2|loadThreshold=75|maxTime=240|crossShardPct=0|requestOfflinePct=20|receiptDropPct=40|ownerCap=3000|mobileThreshold=35,4,48,626,63,COMPLETE,24,18,18,2,18,10,4,0,18,18,10,14,82,0,0,0,299,474,18,457,10,5284,2038,2,3027,300
OFAT,RECEIPT_DROP_PCT,HIGH,baseSeed=626|nTx=24|nValidators=10|nShards=4|committee=3|quorum=2|loadThreshold=75|maxTime=240|crossShardPct=0|requestOfflinePct=20|receiptDropPct=40|ownerCap=3000|mobileThreshold=35,4,49,626,63,COMPLETE,24,18,18,2,18,10,4,0,18,18,8,16,80,0,0,0,297,475,18,373,8,4953,1774,3,2383,300
OFAT,RECEIPT_DROP_PCT,HIGH,baseSeed=626|nTx=24|nValidators=10|nShards=4|committee=3|quorum=2|loadThreshold=75|maxTime=240|crossShardPct=0|requestOfflinePct=20|receiptDropPct=40|ownerCap=3000|mobileThreshold=35,4,50,626,61,COMPLETE,24,19,19,1,19,10,4,0,19,19,10,14,86,0,0,0,313,487,19,459,10,4519,1680,3,2096,300
OFAT,RECEIPT_DROP_PCT,HIGH,baseSeed=626|nTx=24|nValidators=10|nShards=4|committee=3|quorum=2|loadThreshold=75|maxTime=240|crossShardPct=0|requestOfflinePct=20|receiptDropPct=40|ownerCap=3000|mobileThreshold=35,4,51,626,63,COMPLETE,24,18,18,2,18,10,4,0,18,18,11,13,83,0,0,0,300,475,18,501,11,6136,2388,2,3636,300
OFAT,RECEIPT_DROP_PCT,HIGH,baseSeed=626|nTx=24|nValidators=10|nShards=4|committee=3|quorum=2|loadThreshold=75|maxTime=240|crossShardPct=0|requestOfflinePct=20|receiptDropPct=40|ownerCap=3000|mobileThreshold=35,4,52,626,63,COMPLETE,24,18,18,3,18,10,4,0,18,18,10,14,82,0,0,0,299,488,18,475,10,4862,1800,3,2981,200
OFAT,RECEIPT_DROP_PCT,HIGH,baseSeed=626|nTx=24|nValidators=10|nShards=4|committee=3|quorum=2|loadThreshold=75|maxTime=240|crossShardPct=0|requestOfflinePct=20|receiptDropPct=40|ownerCap=3000|mobileThreshold=35,4,53,626,62,COMPLETE,24,17,17,2,17,10,4,0,17,17,9,15,77,0,0,0,284,449,17,413,9,5390,2075,2,3219,300
OFAT,RECEIPT_DROP_PCT,HIGH,baseSeed=626|nTx=24|nValidators=10|nShards=4|committee=3|quorum=2|loadThreshold=75|maxTime=240|crossShardPct=0|requestOfflinePct=20|receiptDropPct=40|ownerCap=3000|mobileThreshold=35,4,54,626,62,COMPLETE,24,17,17,2,17,10,4,0,17,17,9,15,77,0,0,0,284,449,17,414,9,4902,1773,3,2390,400
OFAT,RECEIPT_DROP_PCT,HIGH,baseSeed=626|nTx=24|nValidators=10|nShards=4|committee=3|quorum=2|loadThreshold=75|maxTime=240|crossShardPct=0|requestOfflinePct=20|receiptDropPct=40|ownerCap=3000|mobileThreshold=35,4,55,626,61,COMPLETE,24,18,18,1,18,10,4,0,18,18,9,15,81,0,0,0,298,461,18,411,9,5268,2035,2,2962,300
OFAT,RECEIPT_DROP_PCT,HIGH,baseSeed=626|nTx=24|nValidators=10|nShards=4|committee=3|quorum=2|loadThreshold=75|maxTime=240|crossShardPct=0|requestOfflinePct=20|receiptDropPct=40|ownerCap=3000|mobileThreshold=35,4,56,626,63,COMPLETE,24,17,17,3,17,10,4,0,17,17,7,17,75,0,0,0,282,461,17,345,7,5089,1840,3,2338,300
OFAT,RECEIPT_DROP_PCT,HIGH,baseSeed=626|nTx=24|nValidators=10|nShards=4|committee=3|quorum=2|loadThreshold=75|maxTime=240|crossShardPct=0|requestOfflinePct=20|receiptDropPct=40|ownerCap=3000|mobileThreshold=35,4,57,626,62,COMPLETE,24,17,17,1,17,10,4,0,17,17,10,14,78,0,0,0,285,436,17,439,10,5782,2307,2,3526,300
OFAT,RECEIPT_DROP_PCT,HIGH,baseSeed=626|nTx=24|nValidators=10|nShards=4|committee=3|quorum=2|loadThreshold=75|maxTime=240|crossShardPct=0|requestOfflinePct=20|receiptDropPct=40|ownerCap=3000|mobileThreshold=35,4,58,626,62,COMPLETE,24,17,17,2,17,10,4,0,17,17,11,13,79,0,0,0,286,449,17,501,11,4904,1762,3,2248,400
OFAT,RECEIPT_DROP_PCT,HIGH,baseSeed=626|nTx=24|nValidators=10|nShards=4|committee=3|quorum=2|loadThreshold=75|maxTime=240|crossShardPct=0|requestOfflinePct=20|receiptDropPct=40|ownerCap=3000|mobileThreshold=35,4,59,626,62,COMPLETE,24,17,17,2,17,10,4,0,17,17,10,14,78,0,0,0,285,449,17,459,10,4874,1779,3,2850,300
OFAT,RECEIPT_DROP_PCT,HIGH,baseSeed=626|nTx=24|nValidators=10|nShards=4|committee=3|quorum=2|loadThreshold=75|maxTime=240|crossShardPct=0|requestOfflinePct=20|receiptDropPct=40|ownerCap=3000|mobileThreshold=35,4,60,626,62,COMPLETE,24,18,18,1,18,10,4,0,18,18,9,15,81,0,0,0,298,463,18,414,9,4740,1719,3,2268,400
OFAT,RECEIPT_DROP_PCT,HIGH,baseSeed=626|nTx=24|nValidators=10|nShards=4|committee=3|quorum=2|loadThreshold=75|maxTime=240|crossShardPct=0|requestOfflinePct=20|receiptDropPct=40|ownerCap=3000|mobileThreshold=35,4,61,626,63,COMPLETE,24,17,17,2,17,10,4,0,17,17,9,15,77,0,0,0,284,449,17,414,9,5653,2318,2,3951,200
OFAT,RECEIPT_DROP_PCT,HIGH,baseSeed=626|nTx=24|nValidators=10|nShards=4|committee=3|quorum=2|loadThreshold=75|maxTime=240|crossShardPct=0|requestOfflinePct=20|receiptDropPct=40|ownerCap=3000|mobileThreshold=35,4,62,626,45,COMPLETE,24,17,17,0,17,10,4,0,17,17,8,16,76,0,0,0,283,423,17,354,8,6270,2444,2,3399,300
OFAT,RECEIPT_DROP_PCT,HIGH,baseSeed=626|nTx=24|nValidators=10|nShards=4|committee=3|quorum=2|loadThreshold=75|maxTime=240|crossShardPct=0|requestOfflinePct=20|receiptDropPct=40|ownerCap=3000|mobileThreshold=35,4,63,626,63,COMPLETE,24,17,17,2,17,10,4,0,17,17,8,16,76,0,0,0,283,448,17,371,8,5088,1855,3,2315,300
OFAT,RECEIPT_DROP_PCT,HIGH,baseSeed=626|nTx=24|nValidators=10|nShards=4|committee=3|quorum=2|loadThreshold=75|maxTime=240|crossShardPct=0|requestOfflinePct=20|receiptDropPct=40|ownerCap=3000|mobileThreshold=35,4,64,626,62,COMPLETE,24,16,16,2,16,10,4,0,16,16,8,16,72,0,0,0,269,423,16,369,8,5802,2328,2,3802,300
OFAT,RECEIPT_DROP_PCT,HIGH,baseSeed=626|nTx=24|nValidators=10|nShards=4|committee=3|quorum=2|loadThreshold=75|maxTime=240|crossShardPct=0|requestOfflinePct=20|receiptDropPct=40|ownerCap=3000|mobileThreshold=35,4,65,626,63,COMPLETE,24,17,17,2,17,10,4,0,17,17,9,15,77,0,0,0,284,448,17,417,9,4590,1680,3,2292,300
OFAT,RECEIPT_DROP_PCT,HIGH,baseSeed=626|nTx=24|nValidators=10|nShards=4|committee=3|quorum=2|loadThreshold=75|maxTime=240|crossShardPct=0|requestOfflinePct=20|receiptDropPct=40|ownerCap=3000|mobileThreshold=35,4,66,626,63,COMPLETE,24,17,17,2,17,10,4,0,17,17,9,15,77,0,0,0,284,449,17,415,9,5078,2073,2,3560,300
OFAT,RECEIPT_DROP_PCT,HIGH,baseSeed=626|nTx=24|nValidators=10|nShards=4|committee=3|quorum=2|loadThreshold=75|maxTime=240|crossShardPct=0|requestOfflinePct=20|receiptDropPct=40|ownerCap=3000|mobileThreshold=35,4,67,626,62,COMPLETE,24,17,17,3,17,10,4,0,17,17,8,16,76,0,0,0,283,461,17,388,8,6083,2386,2,3497,100
OFAT,RECEIPT_DROP_PCT,HIGH,baseSeed=626|nTx=24|nValidators=10|nShards=4|committee=3|quorum=2|loadThreshold=75|maxTime=240|crossShardPct=0|requestOfflinePct=20|receiptDropPct=40|ownerCap=3000|mobileThreshold=35,4,68,626,64,COMPLETE,24,17,17,1,17,10,4,0,17,17,10,14,78,0,0,0,285,436,17,456,10,5067,1864,3,2995,300
OFAT,RECEIPT_DROP_PCT,HIGH,baseSeed=626|nTx=24|nValidators=10|nShards=4|committee=3|quorum=2|loadThreshold=75|maxTime=240|crossShardPct=0|requestOfflinePct=20|receiptDropPct=40|ownerCap=3000|mobileThreshold=35,4,69,626,62,COMPLETE,24,17,17,1,17,10,4,0,17,17,11,13,79,0,0,0,286,436,17,484,11,5918,2361,2,3923,300
OFAT,RECEIPT_DROP_PCT,HIGH,baseSeed=626|nTx=24|nValidators=10|nShards=4|committee=3|quorum=2|loadThreshold=75|maxTime=240|crossShardPct=0|requestOfflinePct=20|receiptDropPct=40|ownerCap=3000|mobileThreshold=35,4,70,626,63,COMPLETE,24,18,18,2,18,10,4,0,18,18,10,14,82,0,0,0,299,476,18,459,10,4422,1642,3,2660,300
OFAT,RECEIPT_DROP_PCT,HIGH,baseSeed=626|nTx=24|nValidators=10|nShards=4|committee=3|quorum=2|loadThreshold=75|maxTime=240|crossShardPct=0|requestOfflinePct=20|receiptDropPct=40|ownerCap=3000|mobileThreshold=35,4,71,626,63,COMPLETE,24,17,17,3,17,10,4,0,17,17,8,16,76,0,0,0,283,461,17,367,8,4448,1630,3,2413,300
OFAT,RECEIPT_DROP_PCT,HIGH,baseSeed=626|nTx=24|nValidators=10|nShards=4|committee=3|quorum=2|loadThreshold=75|maxTime=240|crossShardPct=0|requestOfflinePct=20|receiptDropPct=40|ownerCap=3000|mobileThreshold=35,4,72,626,63,COMPLETE,24,17,17,3,17,10,4,0,17,17,9,15,77,0,0,0,284,461,17,398,9,4951,1790,3,2390,300
OFAT,RECEIPT_DROP_PCT,HIGH,baseSeed=626|nTx=24|nValidators=10|nShards=4|committee=3|quorum=2|loadThreshold=75|maxTime=240|crossShardPct=0|requestOfflinePct=20|receiptDropPct=40|ownerCap=3000|mobileThreshold=35,4,73,626,62,COMPLETE,24,17,17,1,17,10,4,0,17,17,10,14,78,0,0,0,285,436,17,456,10,5125,1970,2,3140,300
OFAT,RECEIPT_DROP_PCT,HIGH,baseSeed=626|nTx=24|nValidators=10|nShards=4|committee=3|quorum=2|loadThreshold=75|maxTime=240|crossShardPct=0|requestOfflinePct=20|receiptDropPct=40|ownerCap=3000|mobileThreshold=35,4,74,626,62,COMPLETE,24,17,17,1,17,10,4,0,17,17,9,15,77,0,0,0,284,436,17,395,9,4082,1561,3,2000,400
OFAT,RECEIPT_DROP_PCT,HIGH,baseSeed=626|nTx=24|nValidators=10|nShards=4|committee=3|quorum=2|loadThreshold=75|maxTime=240|crossShardPct=0|requestOfflinePct=20|receiptDropPct=40|ownerCap=3000|mobileThreshold=35,4,75,626,63,COMPLETE,24,17,17,1,17,10,4,0,17,17,10,14,78,0,0,0,285,436,17,460,10,5135,2192,2,3913,400
OFAT,RECEIPT_DROP_PCT,HIGH,baseSeed=626|nTx=24|nValidators=10|nShards=4|committee=3|quorum=2|loadThreshold=75|maxTime=240|crossShardPct=0|requestOfflinePct=20|receiptDropPct=40|ownerCap=3000|mobileThreshold=35,4,76,626,45,COMPLETE,24,16,16,0,16,10,4,0,16,16,11,13,75,0,0,0,272,397,16,484,11,5717,2307,2,3787,300
OFAT,RECEIPT_DROP_PCT,HIGH,baseSeed=626|nTx=24|nValidators=10|nShards=4|committee=3|quorum=2|loadThreshold=75|maxTime=240|crossShardPct=0|requestOfflinePct=20|receiptDropPct=40|ownerCap=3000|mobileThreshold=35,4,77,626,63,COMPLETE,24,17,17,2,17,10,4,0,17,17,11,13,79,0,0,0,286,448,17,483,11,3889,1513,3,2344,300
OFAT,RECEIPT_DROP_PCT,HIGH,baseSeed=626|nTx=24|nValidators=10|nShards=4|committee=3|quorum=2|loadThreshold=75|maxTime=240|crossShardPct=0|requestOfflinePct=20|receiptDropPct=40|ownerCap=3000|mobileThreshold=35,4,78,626,62,COMPLETE,24,17,17,2,17,10,4,0,17,17,8,16,76,0,0,0,283,449,17,389,8,5197,1951,2,3054,400
OFAT,RECEIPT_DROP_PCT,HIGH,baseSeed=626|nTx=24|nValidators=10|nShards=4|committee=3|quorum=2|loadThreshold=75|maxTime=240|crossShardPct=0|requestOfflinePct=20|receiptDropPct=40|ownerCap=3000|mobileThreshold=35,4,79,626,63,COMPLETE,24,17,17,1,17,10,4,0,17,17,9,15,77,0,0,0,284,436,17,416,9,4200,1576,3,2390,300
OFAT,RECEIPT_DROP_PCT,HIGH,baseSeed=626|nTx=24|nValidators=10|nShards=4|committee=3|quorum=2|loadThreshold=75|maxTime=240|crossShardPct=0|requestOfflinePct=20|receiptDropPct=40|ownerCap=3000|mobileThreshold=35,4,80,626,45,COMPLETE,24,18,18,0,18,10,4,0,18,18,11,13,83,0,0,0,300,449,18,484,11,5345,2053,2,3409,300
OFAT,RECEIPT_DROP_PCT,HIGH,baseSeed=626|nTx=24|nValidators=10|nShards=4|committee=3|quorum=2|loadThreshold=75|maxTime=240|crossShardPct=0|requestOfflinePct=20|receiptDropPct=40|ownerCap=3000|mobileThreshold=35,4,81,626,61,COMPLETE,24,17,17,1,17,10,4,0,17,17,9,15,77,0,0,0,284,435,17,395,9,4843,1796,3,2341,300
OFAT,RECEIPT_DROP_PCT,HIGH,baseSeed=626|nTx=24|nValidators=10|nShards=4|committee=3|quorum=2|loadThreshold=75|maxTime=240|crossShardPct=0|requestOfflinePct=20|receiptDropPct=40|ownerCap=3000|mobileThreshold=35,4,82,626,62,COMPLETE,24,17,17,2,17,10,4,0,17,17,9,15,77,0,0,0,284,448,17,431,9,5136,2149,2,3902,200
OFAT,RECEIPT_DROP_PCT,HIGH,baseSeed=626|nTx=24|nValidators=10|nShards=4|committee=3|quorum=2|loadThreshold=75|maxTime=240|crossShardPct=0|requestOfflinePct=20|receiptDropPct=40|ownerCap=3000|mobileThreshold=35,4,83,626,63,COMPLETE,24,17,17,4,17,10,4,0,17,17,10,14,78,0,0,0,285,474,17,514,10,5560,2340,2,4057,300
OFAT,RECEIPT_DROP_PCT,HIGH,baseSeed=626|nTx=24|nValidators=10|nShards=4|committee=3|quorum=2|loadThreshold=75|maxTime=240|crossShardPct=0|requestOfflinePct=20|receiptDropPct=40|ownerCap=3000|mobileThreshold=35,4,84,626,62,COMPLETE,24,17,17,2,17,10,4,0,17,17,9,15,77,0,0,0,284,448,17,411,9,5253,1994,2,3219,300
OFAT,RECEIPT_DROP_PCT,HIGH,baseSeed=626|nTx=24|nValidators=10|nShards=4|committee=3|quorum=2|loadThreshold=75|maxTime=240|crossShardPct=0|requestOfflinePct=20|receiptDropPct=40|ownerCap=3000|mobileThreshold=35,4,85,626,63,COMPLETE,24,18,18,3,18,10,4,0,18,18,9,15,81,0,0,0,298,487,18,430,9,4675,1733,3,2453,300
OFAT,RECEIPT_DROP_PCT,HIGH,baseSeed=626|nTx=24|nValidators=10|nShards=4|committee=3|quorum=2|loadThreshold=75|maxTime=240|crossShardPct=0|requestOfflinePct=20|receiptDropPct=40|ownerCap=3000|mobileThreshold=35,4,86,626,62,COMPLETE,24,17,17,2,17,10,4,0,17,17,10,14,78,0,0,0,285,448,17,476,10,3531,1427,3,2077,400
OFAT,RECEIPT_DROP_PCT,HIGH,baseSeed=626|nTx=24|nValidators=10|nShards=4|committee=3|quorum=2|loadThreshold=75|maxTime=240|crossShardPct=0|requestOfflinePct=20|receiptDropPct=40|ownerCap=3000|mobileThreshold=35,4,87,626,45,COMPLETE,24,17,17,0,17,10,4,0,17,17,11,13,79,0,0,0,286,423,17,482,11,4330,1620,3,2344,300
OFAT,RECEIPT_DROP_PCT,HIGH,baseSeed=626|nTx=24|nValidators=10|nShards=4|committee=3|quorum=2|loadThreshold=75|maxTime=240|crossShardPct=0|requestOfflinePct=20|receiptDropPct=40|ownerCap=3000|mobileThreshold=35,4,88,626,63,COMPLETE,24,18,18,3,18,10,4,0,18,18,10,14,82,0,0,0,299,486,18,459,10,3422,1431,3,2064,300
OFAT,RECEIPT_DROP_PCT,HIGH,baseSeed=626|nTx=24|nValidators=10|nShards=4|committee=3|quorum=2|loadThreshold=75|maxTime=240|crossShardPct=0|requestOfflinePct=20|receiptDropPct=40|ownerCap=3000|mobileThreshold=35,4,89,626,63,COMPLETE,24,18,18,2,18,10,4,0,18,18,9,15,81,0,0,0,298,475,18,415,9,4435,1629,3,2175,300
OFAT,RECEIPT_DROP_PCT,HIGH,baseSeed=626|nTx=24|nValidators=10|nShards=4|committee=3|quorum=2|loadThreshold=75|maxTime=240|crossShardPct=0|requestOfflinePct=20|receiptDropPct=40|ownerCap=3000|mobileThreshold=35,4,90,626,62,COMPLETE,24,19,19,2,19,10,4,0,19,19,10,14,86,0,0,0,313,501,19,477,10,4650,1697,3,2227,300
OFAT,RECEIPT_DROP_PCT,HIGH,baseSeed=626|nTx=24|nValidators=10|nShards=4|committee=3|quorum=2|loadThreshold=75|maxTime=240|crossShardPct=0|requestOfflinePct=20|receiptDropPct=40|ownerCap=3000|mobileThreshold=35,4,91,626,63,COMPLETE,24,18,18,4,18,10,4,0,18,18,9,15,81,0,0,0,298,501,18,450,9,5259,1910,3,2407,400
OFAT,RECEIPT_DROP_PCT,HIGH,baseSeed=626|nTx=24|nValidators=10|nShards=4|committee=3|quorum=2|loadThreshold=75|maxTime=240|crossShardPct=0|requestOfflinePct=20|receiptDropPct=40|ownerCap=3000|mobileThreshold=35,4,92,626,45,COMPLETE,24,18,18,0,18,10,4,0,18,18,9,15,81,0,0,0,298,449,18,397,9,5712,2413,2,4166,300
OFAT,RECEIPT_DROP_PCT,HIGH,baseSeed=626|nTx=24|nValidators=10|nShards=4|committee=3|quorum=2|loadThreshold=75|maxTime=240|crossShardPct=0|requestOfflinePct=20|receiptDropPct=40|ownerCap=3000|mobileThreshold=35,4,93,626,62,COMPLETE,24,18,18,2,18,10,4,0,18,18,10,14,82,0,0,0,299,475,18,477,10,4853,1763,3,2752,400
OFAT,RECEIPT_DROP_PCT,HIGH,baseSeed=626|nTx=24|nValidators=10|nShards=4|committee=3|quorum=2|loadThreshold=75|maxTime=240|crossShardPct=0|requestOfflinePct=20|receiptDropPct=40|ownerCap=3000|mobileThreshold=35,4,94,626,62,COMPLETE,24,18,18,3,18,10,4,0,18,18,10,14,82,0,0,0,299,488,18,459,10,5275,2257,2,4036,200
OFAT,RECEIPT_DROP_PCT,HIGH,baseSeed=626|nTx=24|nValidators=10|nShards=4|committee=3|quorum=2|loadThreshold=75|maxTime=240|crossShardPct=0|requestOfflinePct=20|receiptDropPct=40|ownerCap=3000|mobileThreshold=35,4,95,626,62,COMPLETE,24,19,19,2,19,10,4,0,19,19,9,15,85,0,0,0,312,501,19,416,9,4550,1791,3,2466,200
OFAT,RECEIPT_DROP_PCT,HIGH,baseSeed=626|nTx=24|nValidators=10|nShards=4|committee=3|quorum=2|loadThreshold=75|maxTime=240|crossShardPct=0|requestOfflinePct=20|receiptDropPct=40|ownerCap=3000|mobileThreshold=35,4,96,626,63,COMPLETE,24,18,18,3,18,10,4,0,18,18,9,15,81,0,0,0,298,488,18,397,9,4675,1711,3,2314,300
OFAT,RECEIPT_DROP_PCT,HIGH,baseSeed=626|nTx=24|nValidators=10|nShards=4|committee=3|quorum=2|loadThreshold=75|maxTime=240|crossShardPct=0|requestOfflinePct=20|receiptDropPct=40|ownerCap=3000|mobileThreshold=35,4,97,626,62,COMPLETE,24,17,17,1,17,10,4,0,17,17,10,14,78,0,0,0,285,436,17,438,10,4574,1681,3,2560,300
OFAT,RECEIPT_DROP_PCT,HIGH,baseSeed=626|nTx=24|nValidators=10|nShards=4|committee=3|quorum=2|loadThreshold=75|maxTime=240|crossShardPct=0|requestOfflinePct=20|receiptDropPct=40|ownerCap=3000|mobileThreshold=35,4,98,626,63,COMPLETE,24,17,17,1,17,10,4,0,17,17,10,14,78,0,0,0,285,436,17,460,10,5115,2077,2,3526,300
OFAT,RECEIPT_DROP_PCT,HIGH,baseSeed=626|nTx=24|nValidators=10|nShards=4|committee=3|quorum=2|loadThreshold=75|maxTime=240|crossShardPct=0|requestOfflinePct=20|receiptDropPct=40|ownerCap=3000|mobileThreshold=35,4,99,626,62,COMPLETE,24,18,18,2,18,10,4,0,18,18,11,13,83,0,0,0,300,474,18,499,11,4336,1620,3,2772,300
OFAT,RECEIPT_DROP_PCT,HIGH,baseSeed=626|nTx=24|nValidators=10|nShards=4|committee=3|quorum=2|loadThreshold=75|maxTime=240|crossShardPct=0|requestOfflinePct=20|receiptDropPct=40|ownerCap=3000|mobileThreshold=35,4,100,626,63,COMPLETE,24,19,19,2,19,10,4,0,19,19,11,13,87,0,0,0,314,500,19,519,11,4445,1731,3,2770,300
OFAT,OWNER_CAP,LOW,baseSeed=626|nTx=24|nValidators=10|nShards=4|committee=3|quorum=2|loadThreshold=75|maxTime=180|crossShardPct=0|requestOfflinePct=0|receiptDropPct=0|ownerCap=1500|mobileThreshold=35,5,1,626,48,COMPLETE,24,24,24,2,24,10,4,0,24,24,24,0,120,0,0,0,397,454,24,790,24,5032,1829,3,2467,200
OFAT,OWNER_CAP,LOW,baseSeed=626|nTx=24|nValidators=10|nShards=4|committee=3|quorum=2|loadThreshold=75|maxTime=180|crossShardPct=0|requestOfflinePct=0|receiptDropPct=0|ownerCap=1500|mobileThreshold=35,5,2,626,62,COMPLETE,24,24,24,6,24,10,4,0,24,24,24,0,120,0,0,0,397,505,24,865,24,4730,1730,3,4102,200
OFAT,OWNER_CAP,LOW,baseSeed=626|nTx=24|nValidators=10|nShards=4|committee=3|quorum=2|loadThreshold=75|maxTime=180|crossShardPct=0|requestOfflinePct=0|receiptDropPct=0|ownerCap=1500|mobileThreshold=35,5,3,626,49,COMPLETE,24,24,24,2,24,10,4,0,24,24,24,0,120,0,0,0,397,454,24,790,24,4384,1643,3,2467,200
OFAT,OWNER_CAP,LOW,baseSeed=626|nTx=24|nValidators=10|nShards=4|committee=3|quorum=2|loadThreshold=75|maxTime=180|crossShardPct=0|requestOfflinePct=0|receiptDropPct=0|ownerCap=1500|mobileThreshold=35,5,4,626,62,COMPLETE,24,24,24,3,24,10,4,0,24,24,24,0,120,0,0,0,397,465,24,807,24,5750,2245,2,3461,200
OFAT,OWNER_CAP,LOW,baseSeed=626|nTx=24|nValidators=10|nShards=4|committee=3|quorum=2|loadThreshold=75|maxTime=180|crossShardPct=0|requestOfflinePct=0|receiptDropPct=0|ownerCap=1500|mobileThreshold=35,5,5,626,62,COMPLETE,24,24,24,2,24,10,4,0,24,24,24,0,120,0,0,0,397,453,24,789,24,4121,1576,3,2820,300
OFAT,OWNER_CAP,LOW,baseSeed=626|nTx=24|nValidators=10|nShards=4|committee=3|quorum=2|loadThreshold=75|maxTime=180|crossShardPct=0|requestOfflinePct=0|receiptDropPct=0|ownerCap=1500|mobileThreshold=35,5,6,626,50,COMPLETE,24,24,24,3,24,10,4,0,24,24,24,0,120,0,0,0,397,465,24,807,24,5756,2321,2,3750,300
OFAT,OWNER_CAP,LOW,baseSeed=626|nTx=24|nValidators=10|nShards=4|committee=3|quorum=2|loadThreshold=75|maxTime=180|crossShardPct=0|requestOfflinePct=0|receiptDropPct=0|ownerCap=1500|mobileThreshold=35,5,7,626,50,COMPLETE,24,24,24,4,24,10,4,0,24,24,24,0,120,0,0,0,397,480,24,828,24,4602,1666,3,2339,200
OFAT,OWNER_CAP,LOW,baseSeed=626|nTx=24|nValidators=10|nShards=4|committee=3|quorum=2|loadThreshold=75|maxTime=180|crossShardPct=0|requestOfflinePct=0|receiptDropPct=0|ownerCap=1500|mobileThreshold=35,5,8,626,49,COMPLETE,24,24,24,4,24,10,4,0,24,24,24,0,120,0,0,0,397,481,24,829,24,5006,1967,2,2884,200
OFAT,OWNER_CAP,LOW,baseSeed=626|nTx=24|nValidators=10|nShards=4|committee=3|quorum=2|loadThreshold=75|maxTime=180|crossShardPct=0|requestOfflinePct=0|receiptDropPct=0|ownerCap=1500|mobileThreshold=35,5,9,626,63,COMPLETE,24,24,24,6,24,10,4,0,24,24,24,0,120,0,0,0,397,506,24,866,24,4256,1583,3,4134,300
OFAT,OWNER_CAP,LOW,baseSeed=626|nTx=24|nValidators=10|nShards=4|committee=3|quorum=2|loadThreshold=75|maxTime=180|crossShardPct=0|requestOfflinePct=0|receiptDropPct=0|ownerCap=1500|mobileThreshold=35,5,10,626,49,COMPLETE,24,24,24,1,24,10,4,0,24,24,24,0,120,0,0,0,397,440,24,770,24,5025,1987,2,3173,300
OFAT,OWNER_CAP,LOW,baseSeed=626|nTx=24|nValidators=10|nShards=4|committee=3|quorum=2|loadThreshold=75|maxTime=180|crossShardPct=0|requestOfflinePct=0|receiptDropPct=0|ownerCap=1500|mobileThreshold=35,5,11,626,49,COMPLETE,24,24,24,2,24,10,4,0,24,24,24,0,120,0,0,0,397,455,24,791,24,3891,1519,3,5576,300
OFAT,OWNER_CAP,LOW,baseSeed=626|nTx=24|nValidators=10|nShards=4|committee=3|quorum=2|loadThreshold=75|maxTime=180|crossShardPct=0|requestOfflinePct=0|receiptDropPct=0|ownerCap=1500|mobileThreshold=35,5,12,626,62,COMPLETE,24,24,24,4,24,10,4,0,24,24,24,0,120,0,0,0,397,480,24,828,24,4628,1667,3,2435,300
OFAT,OWNER_CAP,LOW,baseSeed=626|nTx=24|nValidators=10|nShards=4|committee=3|quorum=2|loadThreshold=75|maxTime=180|crossShardPct=0|requestOfflinePct=0|receiptDropPct=0|ownerCap=1500|mobileThreshold=35,5,13,626,47,COMPLETE,24,24,24,1,24,10,4,0,24,24,24,0,120,0,0,0,397,440,24,770,24,4326,1620,3,5897,300
OFAT,OWNER_CAP,LOW,baseSeed=626|nTx=24|nValidators=10|nShards=4|committee=3|quorum=2|loadThreshold=75|maxTime=180|crossShardPct=0|requestOfflinePct=0|receiptDropPct=0|ownerCap=1500|mobileThreshold=35,5,14,626,50,COMPLETE,24,24,24,2,24,10,4,0,24,24,24,0,120,0,0,0,397,453,24,789,24,5141,1914,3,3076,200
OFAT,OWNER_CAP,LOW,baseSeed=626|nTx=24|nValidators=10|nShards=4|committee=3|quorum=2|loadThreshold=75|maxTime=180|crossShardPct=0|requestOfflinePct=0|receiptDropPct=0|ownerCap=1500|mobileThreshold=35,5,15,626,62,COMPLETE,24,24,24,5,24,10,4,0,24,24,24,0,120,0,0,0,397,493,24,847,24,5185,2018,2,4230,200
OFAT,OWNER_CAP,LOW,baseSeed=626|nTx=24|nValidators=10|nShards=4|committee=3|quorum=2|loadThreshold=75|maxTime=180|crossShardPct=0|requestOfflinePct=0|receiptDropPct=0|ownerCap=1500|mobileThreshold=35,5,16,626,62,COMPLETE,24,24,24,3,24,10,4,0,24,24,24,0,120,0,0,0,397,467,24,809,24,5006,1967,2,3782,200
OFAT,OWNER_CAP,LOW,baseSeed=626|nTx=24|nValidators=10|nShards=4|committee=3|quorum=2|loadThreshold=75|maxTime=180|crossShardPct=0|requestOfflinePct=0|receiptDropPct=0|ownerCap=1500|mobileThreshold=35,5,17,626,62,COMPLETE,24,24,24,3,24,10,4,0,24,24,24,0,120,0,0,0,397,465,24,807,24,5679,2350,2,4423,200
OFAT,OWNER_CAP,LOW,baseSeed=626|nTx=24|nValidators=10|nShards=4|committee=3|quorum=2|loadThreshold=75|maxTime=180|crossShardPct=0|requestOfflinePct=0|receiptDropPct=0|ownerCap=1500|mobileThreshold=35,5,18,626,50,COMPLETE,24,24,24,1,24,10,4,0,24,24,24,0,120,0,0,0,397,440,24,770,24,4262,1604,3,2820,300
OFAT,OWNER_CAP,LOW,baseSeed=626|nTx=24|nValidators=10|nShards=4|committee=3|quorum=2|loadThreshold=75|maxTime=180|crossShardPct=0|requestOfflinePct=0|receiptDropPct=0|ownerCap=1500|mobileThreshold=35,5,19,626,63,COMPLETE,24,24,24,6,24,10,4,0,24,24,24,0,120,0,0,0,397,506,24,866,24,4878,1777,3,2724,200
OFAT,OWNER_CAP,LOW,baseSeed=626|nTx=24|nValidators=10|nShards=4|committee=3|quorum=2|loadThreshold=75|maxTime=180|crossShardPct=0|requestOfflinePct=0|receiptDropPct=0|ownerCap=1500|mobileThreshold=35,5,20,626,49,COMPLETE,24,24,24,2,24,10,4,0,24,24,24,0,120,0,0,0,397,455,24,791,24,5083,1841,3,4391,200
OFAT,OWNER_CAP,LOW,baseSeed=626|nTx=24|nValidators=10|nShards=4|committee=3|quorum=2|loadThreshold=75|maxTime=180|crossShardPct=0|requestOfflinePct=0|receiptDropPct=0|ownerCap=1500|mobileThreshold=35,5,21,626,50,COMPLETE,24,24,24,1,24,10,4,0,24,24,24,0,120,0,0,0,397,440,24,770,24,6564,3223,1,5192,300
OFAT,OWNER_CAP,LOW,baseSeed=626|nTx=24|nValidators=10|nShards=4|committee=3|quorum=2|loadThreshold=75|maxTime=180|crossShardPct=0|requestOfflinePct=0|receiptDropPct=0|ownerCap=1500|mobileThreshold=35,5,22,626,62,COMPLETE,24,24,24,4,24,10,4,0,24,24,24,0,120,0,0,0,397,478,24,826,24,4910,1792,3,4807,200
OFAT,OWNER_CAP,LOW,baseSeed=626|nTx=24|nValidators=10|nShards=4|committee=3|quorum=2|loadThreshold=75|maxTime=180|crossShardPct=0|requestOfflinePct=0|receiptDropPct=0|ownerCap=1500|mobileThreshold=35,5,23,626,62,COMPLETE,24,24,24,2,24,10,4,0,24,24,24,0,120,0,0,0,397,454,24,790,24,5506,2212,2,3782,300
OFAT,OWNER_CAP,LOW,baseSeed=626|nTx=24|nValidators=10|nShards=4|committee=3|quorum=2|loadThreshold=75|maxTime=180|crossShardPct=0|requestOfflinePct=0|receiptDropPct=0|ownerCap=1500|mobileThreshold=35,5,24,626,62,COMPLETE,24,24,24,5,24,10,4,0,24,24,24,0,120,0,0,0,397,492,24,846,24,5032,1892,3,2724,200
OFAT,OWNER_CAP,LOW,baseSeed=626|nTx=24|nValidators=10|nShards=4|committee=3|quorum=2|loadThreshold=75|maxTime=180|crossShardPct=0|requestOfflinePct=0|receiptDropPct=0|ownerCap=1500|mobileThreshold=35,5,25,626,50,COMPLETE,24,24,24,3,24,10,4,0,24,24,24,0,120,0,0,1,398,467,24,809,24,5224,1908,3,2980,800
OFAT,OWNER_CAP,LOW,baseSeed=626|nTx=24|nValidators=10|nShards=4|committee=3|quorum=2|loadThreshold=75|maxTime=180|crossShardPct=0|requestOfflinePct=0|receiptDropPct=0|ownerCap=1500|mobileThreshold=35,5,26,626,50,COMPLETE,24,24,24,5,24,10,4,0,24,24,24,0,120,0,0,0,397,495,24,849,24,5121,2003,2,2884,100
OFAT,OWNER_CAP,LOW,baseSeed=626|nTx=24|nValidators=10|nShards=4|committee=3|quorum=2|loadThreshold=75|maxTime=180|crossShardPct=0|requestOfflinePct=0|receiptDropPct=0|ownerCap=1500|mobileThreshold=35,5,27,626,50,COMPLETE,24,24,24,3,24,10,4,0,24,24,24,0,120,0,0,0,397,466,24,808,24,5173,1920,3,4615,300
OFAT,OWNER_CAP,LOW,baseSeed=626|nTx=24|nValidators=10|nShards=4|committee=3|quorum=2|loadThreshold=75|maxTime=180|crossShardPct=0|requestOfflinePct=0|receiptDropPct=0|ownerCap=1500|mobileThreshold=35,5,28,626,49,COMPLETE,24,24,24,3,24,10,4,0,24,24,24,0,120,0,0,0,397,466,24,808,24,6076,2390,2,3173,200
OFAT,OWNER_CAP,LOW,baseSeed=626|nTx=24|nValidators=10|nShards=4|committee=3|quorum=2|loadThreshold=75|maxTime=180|crossShardPct=0|requestOfflinePct=0|receiptDropPct=0|ownerCap=1500|mobileThreshold=35,5,29,626,63,COMPLETE,24,24,24,6,24,10,4,0,24,24,24,0,120,0,0,0,397,506,24,866,24,4750,1737,3,3173,200
OFAT,OWNER_CAP,LOW,baseSeed=626|nTx=24|nValidators=10|nShards=4|committee=3|quorum=2|loadThreshold=75|maxTime=180|crossShardPct=0|requestOfflinePct=0|receiptDropPct=0|ownerCap=1500|mobileThreshold=35,5,30,626,47,COMPLETE,24,24,24,1,24,10,4,0,24,24,24,0,120,0,0,0,397,440,24,770,24,5826,2339,2,3750,300
OFAT,OWNER_CAP,LOW,baseSeed=626|nTx=24|nValidators=10|nShards=4|committee=3|quorum=2|loadThreshold=75|maxTime=180|crossShardPct=0|requestOfflinePct=0|receiptDropPct=0|ownerCap=1500|mobileThreshold=35,5,31,626,62,COMPLETE,24,24,24,4,24,10,4,0,24,24,24,0,120,0,0,0,397,479,24,827,24,4910,1781,3,2467,200
OFAT,OWNER_CAP,LOW,baseSeed=626|nTx=24|nValidators=10|nShards=4|committee=3|quorum=2|loadThreshold=75|maxTime=180|crossShardPct=0|requestOfflinePct=0|receiptDropPct=0|ownerCap=1500|mobileThreshold=35,5,32,626,62,COMPLETE,24,24,24,4,24,10,4,0,24,24,24,0,120,0,0,0,397,479,24,827,24,5596,2224,2,3750,300
OFAT,OWNER_CAP,LOW,baseSeed=626|nTx=24|nValidators=10|nShards=4|committee=3|quorum=2|loadThreshold=75|maxTime=180|crossShardPct=0|requestOfflinePct=0|receiptDropPct=0|ownerCap=1500|mobileThreshold=35,5,33,626,49,COMPLETE,24,24,24,4,24,10,4,0,24,24,24,0,120,0,0,0,397,479,24,827,24,5012,1818,3,2467,200
OFAT,OWNER_CAP,LOW,baseSeed=626|nTx=24|nValidators=10|nShards=4|committee=3|quorum=2|loadThreshold=75|maxTime=180|crossShardPct=0|requestOfflinePct=0|receiptDropPct=0|ownerCap=1500|mobileThreshold=35,5,34,626,49,COMPLETE,24,24,24,2,24,10,4,0,24,24,24,0,120,0,0,0,397,455,24,791,24,5929,2325,2,3750,200
OFAT,OWNER_CAP,LOW,baseSeed=626|nTx=24|nValidators=10|nShards=4|committee=3|quorum=2|loadThreshold=75|maxTime=180|crossShardPct=0|requestOfflinePct=0|receiptDropPct=0|ownerCap=1500|mobileThreshold=35,5,35,626,50,COMPLETE,24,24,24,3,24,10,4,0,24,24,24,0,120,0,0,0,397,467,24,809,24,5038,1813,3,2467,200
OFAT,OWNER_CAP,LOW,baseSeed=626|nTx=24|nValidators=10|nShards=4|committee=3|quorum=2|loadThreshold=75|maxTime=180|crossShardPct=0|requestOfflinePct=0|receiptDropPct=0|ownerCap=1500|mobileThreshold=35,5,36,626,50,COMPLETE,24,24,24,3,24,10,4,0,24,24,24,0,120,0,0,0,397,466,24,808,24,4570,1729,3,2948,300
OFAT,OWNER_CAP,LOW,baseSeed=626|nTx=24|nValidators=10|nShards=4|committee=3|quorum=2|loadThreshold=75|maxTime=180|crossShardPct=0|requestOfflinePct=0|receiptDropPct=0|ownerCap=1500|mobileThreshold=35,5,37,626,50,COMPLETE,24,24,24,2,24,10,4,0,24,24,24,0,120,0,0,0,397,454,24,790,24,4576,1724,3,2884,200
OFAT,OWNER_CAP,LOW,baseSeed=626|nTx=24|nValidators=10|nShards=4|committee=3|quorum=2|loadThreshold=75|maxTime=180|crossShardPct=0|requestOfflinePct=0|receiptDropPct=0|ownerCap=1500|mobileThreshold=35,5,38,626,62,COMPLETE,24,24,24,5,24,10,4,0,24,24,24,0,120,0,0,1,398,492,24,846,24,4679,1693,3,2307,900
OFAT,OWNER_CAP,LOW,baseSeed=626|nTx=24|nValidators=10|nShards=4|committee=3|quorum=2|loadThreshold=75|maxTime=180|crossShardPct=0|requestOfflinePct=0|receiptDropPct=0|ownerCap=1500|mobileThreshold=35,5,39,626,47,COMPLETE,24,24,24,1,24,10,4,0,24,24,24,0,120,0,0,0,397,440,24,770,24,4634,1728,3,2115,300
OFAT,OWNER_CAP,LOW,baseSeed=626|nTx=24|nValidators=10|nShards=4|committee=3|quorum=2|loadThreshold=75|maxTime=180|crossShardPct=0|requestOfflinePct=0|receiptDropPct=0|ownerCap=1500|mobileThreshold=35,5,40,626,62,COMPLETE,24,24,24,4,24,10,4,0,24,24,24,0,120,0,0,0,397,478,24,826,24,4673,1696,3,2467,200
OFAT,OWNER_CAP,LOW,baseSeed=626|nTx=24|nValidators=10|nShards=4|committee=3|quorum=2|loadThreshold=75|maxTime=180|crossShardPct=0|requestOfflinePct=0|receiptDropPct=0|ownerCap=1500|mobileThreshold=35,5,41,626,50,COMPLETE,24,24,24,5,24,10,4,0,24,24,24,0,120,0,0,0,397,494,24,848,24,4711,1737,3,2467,200
OFAT,OWNER_CAP,LOW,baseSeed=626|nTx=24|nValidators=10|nShards=4|committee=3|quorum=2|loadThreshold=75|maxTime=180|crossShardPct=0|requestOfflinePct=0|receiptDropPct=0|ownerCap=1500|mobileThreshold=35,5,42,626,50,COMPLETE,24,24,24,2,24,10,4,0,24,24,24,0,120,0,0,0,397,454,24,790,24,4653,1691,3,2307,200
OFAT,OWNER_CAP,LOW,baseSeed=626|nTx=24|nValidators=10|nShards=4|committee=3|quorum=2|loadThreshold=75|maxTime=180|crossShardPct=0|requestOfflinePct=0|receiptDropPct=0|ownerCap=1500|mobileThreshold=35,5,43,626,62,COMPLETE,24,24,24,3,24,10,4,0,24,24,24,0,120,0,0,0,397,466,24,808,24,4903,1789,3,2403,300
OFAT,OWNER_CAP,LOW,baseSeed=626|nTx=24|nValidators=10|nShards=4|committee=3|quorum=2|loadThreshold=75|maxTime=180|crossShardPct=0|requestOfflinePct=0|receiptDropPct=0|ownerCap=1500|mobileThreshold=35,5,44,626,62,COMPLETE,24,24,24,3,24,10,4,0,24,24,24,0,120,0,0,0,397,466,24,808,24,5141,1841,3,2532,200
OFAT,OWNER_CAP,LOW,baseSeed=626|nTx=24|nValidators=10|nShards=4|committee=3|quorum=2|loadThreshold=75|maxTime=180|crossShardPct=0|requestOfflinePct=0|receiptDropPct=0|ownerCap=1500|mobileThreshold=35,5,45,626,49,COMPLETE,24,24,24,3,24,10,4,0,24,24,24,0,120,0,0,0,397,466,24,808,24,5500,2237,2,3846,300
OFAT,OWNER_CAP,LOW,baseSeed=626|nTx=24|nValidators=10|nShards=4|committee=3|quorum=2|loadThreshold=75|maxTime=180|crossShardPct=0|requestOfflinePct=0|receiptDropPct=0|ownerCap=1500|mobileThreshold=35,5,46,626,62,COMPLETE,24,24,24,5,24,10,4,0,24,24,24,0,120,0,0,0,397,490,24,844,24,4871,1776,3,2403,300
OFAT,OWNER_CAP,LOW,baseSeed=626|nTx=24|nValidators=10|nShards=4|committee=3|quorum=2|loadThreshold=75|maxTime=180|crossShardPct=0|requestOfflinePct=0|receiptDropPct=0|ownerCap=1500|mobileThreshold=35,5,47,626,62,COMPLETE,24,24,24,5,24,10,4,0,24,24,24,0,120,0,0,0,397,492,24,846,24,4647,1732,3,4326,300
OFAT,OWNER_CAP,LOW,baseSeed=626|nTx=24|nValidators=10|nShards=4|committee=3|quorum=2|loadThreshold=75|maxTime=180|crossShardPct=0|requestOfflinePct=0|receiptDropPct=0|ownerCap=1500|mobileThreshold=35,5,48,626,62,COMPLETE,24,24,24,5,24,10,4,0,24,24,24,0,120,0,0,0,397,491,24,845,24,4833,1773,3,2467,200
OFAT,OWNER_CAP,LOW,baseSeed=626|nTx=24|nValidators=10|nShards=4|committee=3|quorum=2|loadThreshold=75|maxTime=180|crossShardPct=0|requestOfflinePct=0|receiptDropPct=0|ownerCap=1500|mobileThreshold=35,5,49,626,63,COMPLETE,24,24,24,4,24,10,4,0,24,24,24,0,120,0,0,0,397,480,24,828,24,4679,1683,3,2532,200
OFAT,OWNER_CAP,LOW,baseSeed=626|nTx=24|nValidators=10|nShards=4|committee=3|quorum=2|loadThreshold=75|maxTime=180|crossShardPct=0|requestOfflinePct=0|receiptDropPct=0|ownerCap=1500|mobileThreshold=35,5,50,626,47,COMPLETE,24,24,24,1,24,10,4,0,24,24,24,0,120,0,0,0,397,440,24,770,24,4352,1630,3,4583,300
OFAT,OWNER_CAP,LOW,baseSeed=626|nTx=24|nValidators=10|nShards=4|committee=3|quorum=2|loadThreshold=75|maxTime=180|crossShardPct=0|requestOfflinePct=0|receiptDropPct=0|ownerCap=1500|mobileThreshold=35,5,51,626,49,COMPLETE,24,24,24,3,24,10,4,0,24,24,24,0,120,0,0,0,397,469,24,811,24,4602,1666,3,3108,200
OFAT,OWNER_CAP,LOW,baseSeed=626|nTx=24|nValidators=10|nShards=4|committee=3|quorum=2|loadThreshold=75|maxTime=180|crossShardPct=0|requestOfflinePct=0|receiptDropPct=0|ownerCap=1500|mobileThreshold=35,5,52,626,49,COMPLETE,24,24,24,1,24,10,4,0,24,24,24,0,120,0,0,0,397,440,24,770,24,4647,1732,3,2115,300
OFAT,OWNER_CAP,LOW,baseSeed=626|nTx=24|nValidators=10|nShards=4|committee=3|quorum=2|loadThreshold=75|maxTime=180|crossShardPct=0|requestOfflinePct=0|receiptDropPct=0|ownerCap=1500|mobileThreshold=35,5,53,626,50,COMPLETE,24,24,24,2,24,10,4,0,24,24,24,0,120,0,0,0,397,453,24,789,24,4833,1773,3,2467,200
OFAT,OWNER_CAP,LOW,baseSeed=626|nTx=24|nValidators=10|nShards=4|committee=3|quorum=2|loadThreshold=75|maxTime=180|crossShardPct=0|requestOfflinePct=0|receiptDropPct=0|ownerCap=1500|mobileThreshold=35,5,54,626,48,COMPLETE,24,24,24,1,24,10,4,0,24,24,24,0,120,0,0,0,397,441,24,771,24,3807,1493,3,2948,300
OFAT,OWNER_CAP,LOW,baseSeed=626|nTx=24|nValidators=10|nShards=4|committee=3|quorum=2|loadThreshold=75|maxTime=180|crossShardPct=0|requestOfflinePct=0|receiptDropPct=0|ownerCap=1500|mobileThreshold=35,5,55,626,49,COMPLETE,24,24,24,4,24,10,4,0,24,24,24,0,120,0,0,0,397,479,24,827,24,4602,1666,3,2660,200
OFAT,OWNER_CAP,LOW,baseSeed=626|nTx=24|nValidators=10|nShards=4|committee=3|quorum=2|loadThreshold=75|maxTime=180|crossShardPct=0|requestOfflinePct=0|receiptDropPct=0|ownerCap=1500|mobileThreshold=35,5,56,626,50,COMPLETE,24,24,24,6,24,10,4,0,24,24,24,0,120,0,0,0,397,504,24,864,24,4615,1748,3,4839,300
OFAT,OWNER_CAP,LOW,baseSeed=626|nTx=24|nValidators=10|nShards=4|committee=3|quorum=2|loadThreshold=75|maxTime=180|crossShardPct=0|requestOfflinePct=0|receiptDropPct=0|ownerCap=1500|mobileThreshold=35,5,57,626,63,COMPLETE,24,24,24,6,24,10,4,0,24,24,24,0,120,0,0,0,397,506,24,866,24,4737,1791,3,2467,200
OFAT,OWNER_CAP,LOW,baseSeed=626|nTx=24|nValidators=10|nShards=4|committee=3|quorum=2|loadThreshold=75|maxTime=180|crossShardPct=0|requestOfflinePct=0|receiptDropPct=0|ownerCap=1500|mobileThreshold=35,5,58,626,62,COMPLETE,24,24,24,4,24,10,4,0,24,24,24,0,120,0,0,1,398,478,24,826,24,5083,1849,3,4743,900
OFAT,OWNER_CAP,LOW,baseSeed=626|nTx=24|nValidators=10|nShards=4|committee=3|quorum=2|loadThreshold=75|maxTime=180|crossShardPct=0|requestOfflinePct=0|receiptDropPct=0|ownerCap=1500|mobileThreshold=35,5,59,626,63,COMPLETE,24,24,24,4,24,10,4,0,24,24,24,0,120,0,0,0,397,480,24,828,24,5032,1829,3,2467,200
OFAT,OWNER_CAP,LOW,baseSeed=626|nTx=24|nValidators=10|nShards=4|committee=3|quorum=2|loadThreshold=75|maxTime=180|crossShardPct=0|requestOfflinePct=0|receiptDropPct=0|ownerCap=1500|mobileThreshold=35,5,60,626,62,COMPLETE,24,24,24,4,24,10,4,0,24,24,24,0,120,0,0,0,397,478,24,826,24,4673,1683,3,2403,200
OFAT,OWNER_CAP,LOW,baseSeed=626|nTx=24|nValidators=10|nShards=4|committee=3|quorum=2|loadThreshold=75|maxTime=180|crossShardPct=0|requestOfflinePct=0|receiptDropPct=0|ownerCap=1500|mobileThreshold=35,5,61,626,63,COMPLETE,24,24,24,3,24,10,4,0,24,24,24,0,120,0,0,0,397,466,24,808,24,4262,1650,3,2628,200
OFAT,OWNER_CAP,LOW,baseSeed=626|nTx=24|nValidators=10|nShards=4|committee=3|quorum=2|loadThreshold=75|maxTime=180|crossShardPct=0|requestOfflinePct=0|receiptDropPct=0|ownerCap=1500|mobileThreshold=35,5,62,626,62,COMPLETE,24,24,24,5,24,10,4,0,24,24,24,0,120,0,0,0,397,493,24,847,24,4583,1655,3,2884,300
OFAT,OWNER_CAP,LOW,baseSeed=626|nTx=24|nValidators=10|nShards=4|committee=3|quorum=2|loadThreshold=75|maxTime=180|crossShardPct=0|requestOfflinePct=0|receiptDropPct=0|ownerCap=1500|mobileThreshold=35,5,63,626,50,COMPLETE,24,24,24,1,24,10,4,0,24,24,24,0,120,0,0,0,397,440,24,770,24,4185,1598,3,2788,300
OFAT,OWNER_CAP,LOW,baseSeed=626|nTx=24|nValidators=10|nShards=4|committee=3|quorum=2|loadThreshold=75|maxTime=180|crossShardPct=0|requestOfflinePct=0|receiptDropPct=0|ownerCap=1500|mobileThreshold=35,5,64,626,50,COMPLETE,24,24,24,1,24,10,4,0,24,24,24,0,120,0,0,0,397,440,24,770,24,4871,1777,3,2403,300
OFAT,OWNER_CAP,LOW,baseSeed=626|nTx=24|nValidators=10|nShards=4|committee=3|quorum=2|loadThreshold=75|maxTime=180|crossShardPct=0|requestOfflinePct=0|receiptDropPct=0|ownerCap=1500|mobileThreshold=35,5,65,626,50,COMPLETE,24,24,24,1,24,10,4,0,24,24,24,0,120,0,0,0,397,442,24,772,24,4737,1734,3,2980,300
OFAT,OWNER_CAP,LOW,baseSeed=626|nTx=24|nValidators=10|nShards=4|committee=3|quorum=2|loadThreshold=75|maxTime=180|crossShardPct=0|requestOfflinePct=0|receiptDropPct=0|ownerCap=1500|mobileThreshold=35,5,66,626,49,COMPLETE,24,24,24,3,24,10,4,0,24,24,24,0,120,0,0,0,397,466,24,808,24,5314,2034,2,3173,300
OFAT,OWNER_CAP,LOW,baseSeed=626|nTx=24|nValidators=10|nShards=4|committee=3|quorum=2|loadThreshold=75|maxTime=180|crossShardPct=0|requestOfflinePct=0|receiptDropPct=0|ownerCap=1500|mobileThreshold=35,5,67,626,63,COMPLETE,24,24,24,7,24,10,4,0,24,24,24,0,120,0,0,0,397,519,24,885,24,4634,1725,3,4583,200
OFAT,OWNER_CAP,LOW,baseSeed=626|nTx=24|nValidators=10|nShards=4|committee=3|quorum=2|loadThreshold=75|maxTime=180|crossShardPct=0|requestOfflinePct=0|receiptDropPct=0|ownerCap=1500|mobileThreshold=35,5,68,626,49,COMPLETE,24,24,24,2,24,10,4,0,24,24,24,0,120,0,0,0,397,454,24,790,24,4673,1734,3,2115,300
OFAT,OWNER_CAP,LOW,baseSeed=626|nTx=24|nValidators=10|nShards=4|committee=3|quorum=2|loadThreshold=75|maxTime=180|crossShardPct=0|requestOfflinePct=0|receiptDropPct=0|ownerCap=1500|mobileThreshold=35,5,69,626,62,COMPLETE,24,24,24,4,24,10,4,0,24,24,24,0,120,0,0,0,397,480,24,828,24,5435,2292,2,3750,300
OFAT,OWNER_CAP,LOW,baseSeed=626|nTx=24|nValidators=10|nShards=4|committee=3|quorum=2|loadThreshold=75|maxTime=180|crossShardPct=0|requestOfflinePct=0|receiptDropPct=0|ownerCap=1500|mobileThreshold=35,5,70,626,62,COMPLETE,24,24,24,3,24,10,4,0,24,24,24,0,120,0,0,0,397,467,24,809,24,3833,1507,3,2339,200
OFAT,OWNER_CAP,LOW,baseSeed=626|nTx=24|nValidators=10|nShards=4|committee=3|quorum=2|loadThreshold=75|maxTime=180|crossShardPct=0|requestOfflinePct=0|receiptDropPct=0|ownerCap=1500|mobileThreshold=35,5,71,626,48,COMPLETE,24,24,24,1,24,10,4,0,24,24,24,0,120,0,0,0,397,441,24,771,24,5314,2034,2,3557,300
OFAT,OWNER_CAP,LOW,baseSeed=626|nTx=24|nValidators=10|nShards=4|committee=3|quorum=2|loadThreshold=75|maxTime=180|crossShardPct=0|requestOfflinePct=0|receiptDropPct=0|ownerCap=1500|mobileThreshold=35,5,72,626,48,COMPLETE,24,24,24,2,24,10,4,0,24,24,24,0,120,0,0,0,397,454,24,790,24,4596,1685,3,2467,200
OFAT,OWNER_CAP,LOW,baseSeed=626|nTx=24|nValidators=10|nShards=4|committee=3|quorum=2|loadThreshold=75|maxTime=180|crossShardPct=0|requestOfflinePct=0|receiptDropPct=0|ownerCap=1500|mobileThreshold=35,5,73,626,50,COMPLETE,24,24,24,3,24,10,4,0,24,24,24,0,120,0,0,0,397,466,24,808,24,5371,2039,2,3173,300
OFAT,OWNER_CAP,LOW,baseSeed=626|nTx=24|nValidators=10|nShards=4|committee=3|quorum=2|loadThreshold=75|maxTime=180|crossShardPct=0|requestOfflinePct=0|receiptDropPct=0|ownerCap=1500|mobileThreshold=35,5,74,626,50,COMPLETE,24,24,24,2,24,10,4,0,24,24,24,0,120,0,0,0,397,454,24,790,24,3987,1502,3,5480,200
OFAT,OWNER_CAP,LOW,baseSeed=626|nTx=24|nValidators=10|nShards=4|committee=3|quorum=2|loadThreshold=75|maxTime=180|crossShardPct=0|requestOfflinePct=0|receiptDropPct=0|ownerCap=1500|mobileThreshold=35,5,75,626,62,COMPLETE,24,24,24,3,24,10,4,0,24,24,24,0,120,0,0,0,397,465,24,807,24,5615,2338,2,4070,300
OFAT,OWNER_CAP,LOW,baseSeed=626|nTx=24|nValidators=10|nShards=4|committee=3|quorum=2|loadThreshold=75|maxTime=180|crossShardPct=0|requestOfflinePct=0|receiptDropPct=0|ownerCap=1500|mobileThreshold=35,5,76,626,62,COMPLETE,24,24,24,6,24,10,4,0,24,24,24,0,120,0,0,1,398,506,24,866,24,4538,1714,3,4711,700
OFAT,OWNER_CAP,LOW,baseSeed=626|nTx=24|nValidators=10|nShards=4|committee=3|quorum=2|loadThreshold=75|maxTime=180|crossShardPct=0|requestOfflinePct=0|receiptDropPct=0|ownerCap=1500|mobileThreshold=35,5,77,626,49,COMPLETE,24,24,24,2,24,10,4,0,24,24,24,0,120,0,0,0,397,455,24,791,24,5076,1847,3,2788,200
OFAT,OWNER_CAP,LOW,baseSeed=626|nTx=24|nValidators=10|nShards=4|committee=3|quorum=2|loadThreshold=75|maxTime=180|crossShardPct=0|requestOfflinePct=0|receiptDropPct=0|ownerCap=1500|mobileThreshold=35,5,78,626,62,COMPLETE,24,24,24,3,24,10,4,0,24,24,24,0,120,0,0,0,397,466,24,808,24,4089,1536,3,4551,200
OFAT,OWNER_CAP,LOW,baseSeed=626|nTx=24|nValidators=10|nShards=4|committee=3|quorum=2|loadThreshold=75|maxTime=180|crossShardPct=0|requestOfflinePct=0|receiptDropPct=0|ownerCap=1500|mobileThreshold=35,5,79,626,49,COMPLETE,24,24,24,1,24,10,4,0,24,24,24,0,120,0,0,0,397,440,24,770,24,4878,1888,2,4006,300
OFAT,OWNER_CAP,LOW,baseSeed=626|nTx=24|nValidators=10|nShards=4|committee=3|quorum=2|loadThreshold=75|maxTime=180|crossShardPct=0|requestOfflinePct=0|receiptDropPct=0|ownerCap=1500|mobileThreshold=35,5,80,626,48,COMPLETE,24,24,24,3,24,10,4,0,24,24,24,0,120,0,0,0,397,467,24,809,24,5788,2501,2,4647,100
OFAT,OWNER_CAP,LOW,baseSeed=626|nTx=24|nValidators=10|nShards=4|committee=3|quorum=2|loadThreshold=75|maxTime=180|crossShardPct=0|requestOfflinePct=0|receiptDropPct=0|ownerCap=1500|mobileThreshold=35,5,81,626,62,COMPLETE,24,24,24,4,24,10,4,0,24,24,24,0,120,0,0,0,397,480,24,828,24,5339,2292,2,4711,200
OFAT,OWNER_CAP,LOW,baseSeed=626|nTx=24|nValidators=10|nShards=4|committee=3|quorum=2|loadThreshold=75|maxTime=180|crossShardPct=0|requestOfflinePct=0|receiptDropPct=0|ownerCap=1500|mobileThreshold=35,5,82,626,63,COMPLETE,24,24,24,3,24,10,4,0,24,24,24,0,120,0,0,0,397,466,24,808,24,4346,1637,3,2788,200
OFAT,OWNER_CAP,LOW,baseSeed=626|nTx=24|nValidators=10|nShards=4|committee=3|quorum=2|loadThreshold=75|maxTime=180|crossShardPct=0|requestOfflinePct=0|receiptDropPct=0|ownerCap=1500|mobileThreshold=35,5,83,626,50,COMPLETE,24,24,24,2,24,10,4,0,24,24,24,0,120,0,0,0,397,453,24,789,24,4897,1783,3,2820,300
OFAT,OWNER_CAP,LOW,baseSeed=626|nTx=24|nValidators=10|nShards=4|committee=3|quorum=2|loadThreshold=75|maxTime=180|crossShardPct=0|requestOfflinePct=0|receiptDropPct=0|ownerCap=1500|mobileThreshold=35,5,84,626,62,COMPLETE,24,24,24,4,24,10,4,0,24,24,24,0,120,0,0,0,397,477,24,825,24,5391,2123,2,3557,300
OFAT,OWNER_CAP,LOW,baseSeed=626|nTx=24|nValidators=10|nShards=4|committee=3|quorum=2|loadThreshold=75|maxTime=180|crossShardPct=0|requestOfflinePct=0|receiptDropPct=0|ownerCap=1500|mobileThreshold=35,5,85,626,63,COMPLETE,24,24,24,5,24,10,4,0,24,24,24,0,120,0,0,0,397,493,24,847,24,4564,1688,3,3237,200
OFAT,OWNER_CAP,LOW,baseSeed=626|nTx=24|nValidators=10|nShards=4|committee=3|quorum=2|loadThreshold=75|maxTime=180|crossShardPct=0|requestOfflinePct=0|receiptDropPct=0|ownerCap=1500|mobileThreshold=35,5,86,626,49,COMPLETE,24,24,24,4,24,10,4,0,24,24,24,0,120,0,0,0,397,478,24,826,24,5102,2043,2,3461,200
OFAT,OWNER_CAP,LOW,baseSeed=626|nTx=24|nValidators=10|nShards=4|committee=3|quorum=2|loadThreshold=75|maxTime=180|crossShardPct=0|requestOfflinePct=0|receiptDropPct=0|ownerCap=1500|mobileThreshold=35,5,87,626,63,COMPLETE,24,24,24,4,24,10,4,0,24,24,24,0,120,0,0,0,397,480,24,828,24,4108,1564,3,3173,200
OFAT,OWNER_CAP,LOW,baseSeed=626|nTx=24|nValidators=10|nShards=4|committee=3|quorum=2|loadThreshold=75|maxTime=180|crossShardPct=0|requestOfflinePct=0|receiptDropPct=0|ownerCap=1500|mobileThreshold=35,5,88,626,49,COMPLETE,24,24,24,2,24,10,4,0,24,24,24,0,120,0,0,0,397,454,24,790,24,5532,2302,2,4038,200
OFAT,OWNER_CAP,LOW,baseSeed=626|nTx=24|nValidators=10|nShards=4|committee=3|quorum=2|loadThreshold=75|maxTime=180|crossShardPct=0|requestOfflinePct=0|receiptDropPct=0|ownerCap=1500|mobileThreshold=35,5,89,626,49,COMPLETE,24,24,24,3,24,10,4,0,24,24,24,0,120,0,0,0,397,467,24,809,24,4730,1732,3,2884,300
OFAT,OWNER_CAP,LOW,baseSeed=626|nTx=24|nValidators=10|nShards=4|committee=3|quorum=2|loadThreshold=75|maxTime=180|crossShardPct=0|requestOfflinePct=0|receiptDropPct=0|ownerCap=1500|mobileThreshold=35,5,90,626,50,COMPLETE,24,24,24,3,24,10,4,0,24,24,24,0,120,0,0,0,397,467,24,809,24,5955,2452,2,3910,200
OFAT,OWNER_CAP,LOW,baseSeed=626|nTx=24|nValidators=10|nShards=4|committee=3|quorum=2|loadThreshold=75|maxTime=180|crossShardPct=0|requestOfflinePct=0|receiptDropPct=0|ownerCap=1500|mobileThreshold=35,5,91,626,49,COMPLETE,24,24,24,4,24,10,4,0,24,24,24,0,120,0,0,0,397,481,24,829,24,6160,2430,2,3461,200
OFAT,OWNER_CAP,LOW,baseSeed=626|nTx=24|nValidators=10|nShards=4|committee=3|quorum=2|loadThreshold=75|maxTime=180|crossShardPct=0|requestOfflinePct=0|receiptDropPct=0|ownerCap=1500|mobileThreshold=35,5,92,626,48,COMPLETE,24,24,24,2,24,10,4,0,24,24,24,0,120,0,0,0,397,454,24,790,24,4858,1779,3,4679,200
OFAT,OWNER_CAP,LOW,baseSeed=626|nTx=24|nValidators=10|nShards=4|committee=3|quorum=2|loadThreshold=75|maxTime=180|crossShardPct=0|requestOfflinePct=0|receiptDropPct=0|ownerCap=1500|mobileThreshold=35,5,93,626,62,COMPLETE,24,24,24,3,24,10,4,0,24,24,24,0,120,0,0,0,397,467,24,809,24,6455,2618,2,4038,200
OFAT,OWNER_CAP,LOW,baseSeed=626|nTx=24|nValidators=10|nShards=4|committee=3|quorum=2|loadThreshold=75|maxTime=180|crossShardPct=0|requestOfflinePct=0|receiptDropPct=0|ownerCap=1500|mobileThreshold=35,5,94,626,47,COMPLETE,24,24,24,1,24,10,4,0,24,24,24,0,120,0,0,0,397,440,24,770,24,4980,1789,3,2403,300
OFAT,OWNER_CAP,LOW,baseSeed=626|nTx=24|nValidators=10|nShards=4|committee=3|quorum=2|loadThreshold=75|maxTime=180|crossShardPct=0|requestOfflinePct=0|receiptDropPct=0|ownerCap=1500|mobileThreshold=35,5,95,626,50,COMPLETE,24,24,24,2,24,10,4,0,24,24,24,0,120,0,0,0,397,455,24,791,24,5480,2119,2,3461,200
OFAT,OWNER_CAP,LOW,baseSeed=626|nTx=24|nValidators=10|nShards=4|committee=3|quorum=2|loadThreshold=75|maxTime=180|crossShardPct=0|requestOfflinePct=0|receiptDropPct=0|ownerCap=1500|mobileThreshold=35,5,96,626,50,COMPLETE,24,24,24,2,24,10,4,0,24,24,24,0,120,0,0,0,397,454,24,790,24,5141,1847,3,2467,200
OFAT,OWNER_CAP,LOW,baseSeed=626|nTx=24|nValidators=10|nShards=4|committee=3|quorum=2|loadThreshold=75|maxTime=180|crossShardPct=0|requestOfflinePct=0|receiptDropPct=0|ownerCap=1500|mobileThreshold=35,5,97,626,49,COMPLETE,24,24,24,5,24,10,4,0,24,24,24,0,120,0,0,1,398,493,24,847,24,4096,1532,3,2275,600
OFAT,OWNER_CAP,LOW,baseSeed=626|nTx=24|nValidators=10|nShards=4|committee=3|quorum=2|loadThreshold=75|maxTime=180|crossShardPct=0|requestOfflinePct=0|receiptDropPct=0|ownerCap=1500|mobileThreshold=35,5,98,626,62,COMPLETE,24,24,24,3,24,10,4,0,24,24,24,0,120,0,0,0,397,465,24,807,24,5038,1813,3,2467,200
OFAT,OWNER_CAP,LOW,baseSeed=626|nTx=24|nValidators=10|nShards=4|committee=3|quorum=2|loadThreshold=75|maxTime=180|crossShardPct=0|requestOfflinePct=0|receiptDropPct=0|ownerCap=1500|mobileThreshold=35,5,99,626,62,COMPLETE,24,24,24,4,24,10,4,0,24,24,24,0,120,0,0,0,397,479,24,827,24,5102,2043,2,3461,100
OFAT,OWNER_CAP,LOW,baseSeed=626|nTx=24|nValidators=10|nShards=4|committee=3|quorum=2|loadThreshold=75|maxTime=180|crossShardPct=0|requestOfflinePct=0|receiptDropPct=0|ownerCap=1500|mobileThreshold=35,5,100,626,49,COMPLETE,24,24,24,4,24,10,4,0,24,24,24,0,120,0,0,0,397,480,24,828,24,4826,1749,3,2403,200
OFAT,OWNER_CAP,DEFAULT,baseSeed=626|nTx=24|nValidators=10|nShards=4|committee=3|quorum=2|loadThreshold=75|maxTime=180|crossShardPct=0|requestOfflinePct=0|receiptDropPct=0|ownerCap=3000|mobileThreshold=35,5,1,626,63,COMPLETE,24,24,24,5,24,10,4,0,24,24,24,0,120,0,0,0,397,492,24,846,24,5096,1846,3,4455,200
OFAT,OWNER_CAP,DEFAULT,baseSeed=626|nTx=24|nValidators=10|nShards=4|committee=3|quorum=2|loadThreshold=75|maxTime=180|crossShardPct=0|requestOfflinePct=0|receiptDropPct=0|ownerCap=3000|mobileThreshold=35,5,2,626,62,COMPLETE,24,24,24,4,24,10,4,0,24,24,24,0,120,0,0,0,397,479,24,827,24,4750,1737,3,5993,200
OFAT,OWNER_CAP,DEFAULT,baseSeed=626|nTx=24|nValidators=10|nShards=4|committee=3|quorum=2|loadThreshold=75|maxTime=180|crossShardPct=0|requestOfflinePct=0|receiptDropPct=0|ownerCap=3000|mobileThreshold=35,5,3,626,62,COMPLETE,24,24,24,3,24,10,4,0,24,24,24,0,120,0,0,0,397,465,24,807,24,4262,1650,3,2467,200
OFAT,OWNER_CAP,DEFAULT,baseSeed=626|nTx=24|nValidators=10|nShards=4|committee=3|quorum=2|loadThreshold=75|maxTime=180|crossShardPct=0|requestOfflinePct=0|receiptDropPct=0|ownerCap=3000|mobileThreshold=35,5,4,626,48,COMPLETE,24,24,24,1,24,10,4,0,24,24,24,0,120,0,0,0,397,441,24,771,24,4942,1841,3,6282,300
OFAT,OWNER_CAP,DEFAULT,baseSeed=626|nTx=24|nValidators=10|nShards=4|committee=3|quorum=2|loadThreshold=75|maxTime=180|crossShardPct=0|requestOfflinePct=0|receiptDropPct=0|ownerCap=3000|mobileThreshold=35,5,5,626,49,COMPLETE,24,24,24,1,24,10,4,0,24,24,24,0,120,0,0,0,397,441,24,771,24,4852,1779,3,5224,300
OFAT,OWNER_CAP,DEFAULT,baseSeed=626|nTx=24|nValidators=10|nShards=4|committee=3|quorum=2|loadThreshold=75|maxTime=180|crossShardPct=0|requestOfflinePct=0|receiptDropPct=0|ownerCap=3000|mobileThreshold=35,5,6,626,63,COMPLETE,24,24,24,6,24,10,4,0,24,24,24,0,120,0,0,0,397,506,24,866,24,5179,1959,3,4679,200
OFAT,OWNER_CAP,DEFAULT,baseSeed=626|nTx=24|nValidators=10|nShards=4|committee=3|quorum=2|loadThreshold=75|maxTime=180|crossShardPct=0|requestOfflinePct=0|receiptDropPct=0|ownerCap=3000|mobileThreshold=35,5,7,626,62,COMPLETE,24,24,24,3,24,10,4,0,24,24,24,0,120,0,0,0,397,467,24,809,24,4480,1646,3,3269,300
OFAT,OWNER_CAP,DEFAULT,baseSeed=626|nTx=24|nValidators=10|nShards=4|committee=3|quorum=2|loadThreshold=75|maxTime=180|crossShardPct=0|requestOfflinePct=0|receiptDropPct=0|ownerCap=3000|mobileThreshold=35,5,8,626,62,COMPLETE,24,24,24,4,24,10,4,0,24,24,24,0,120,0,0,1,398,479,24,827,24,4961,1821,3,3814,900
OFAT,OWNER_CAP,DEFAULT,baseSeed=626|nTx=24|nValidators=10|nShards=4|committee=3|quorum=2|loadThreshold=75|maxTime=180|crossShardPct=0|requestOfflinePct=0|receiptDropPct=0|ownerCap=3000|mobileThreshold=35,5,9,626,48,COMPLETE,24,24,24,2,24,10,4,0,24,24,24,0,120,0,0,0,397,454,24,790,24,4429,1621,3,6217,200
OFAT,OWNER_CAP,DEFAULT,baseSeed=626|nTx=24|nValidators=10|nShards=4|committee=3|quorum=2|loadThreshold=75|maxTime=180|crossShardPct=0|requestOfflinePct=0|receiptDropPct=0|ownerCap=3000|mobileThreshold=35,5,10,626,49,COMPLETE,24,24,24,3,24,10,4,0,24,24,24,0,120,0,0,0,397,468,24,810,24,4826,1749,3,4839,200
OFAT,OWNER_CAP,DEFAULT,baseSeed=626|nTx=24|nValidators=10|nShards=4|committee=3|quorum=2|loadThreshold=75|maxTime=180|crossShardPct=0|requestOfflinePct=0|receiptDropPct=0|ownerCap=3000|mobileThreshold=35,5,11,626,63,COMPLETE,24,24,24,4,24,10,4,0,24,24,24,0,120,0,0,0,397,481,24,829,24,4185,1625,3,6025,200
OFAT,OWNER_CAP,DEFAULT,baseSeed=626|nTx=24|nValidators=10|nShards=4|committee=3|quorum=2|loadThreshold=75|maxTime=180|crossShardPct=0|requestOfflinePct=0|receiptDropPct=0|ownerCap=3000|mobileThreshold=35,5,12,626,63,COMPLETE,24,24,24,7,24,10,4,0,24,24,24,0,120,0,0,0,397,518,24,884,24,3807,1493,3,3205,300
OFAT,OWNER_CAP,DEFAULT,baseSeed=626|nTx=24|nValidators=10|nShards=4|committee=3|quorum=2|loadThreshold=75|maxTime=180|crossShardPct=0|requestOfflinePct=0|receiptDropPct=0|ownerCap=3000|mobileThreshold=35,5,13,626,62,COMPLETE,24,24,24,3,24,10,4,0,24,24,24,0,120,0,0,0,397,467,24,809,24,4141,1592,3,4102,200
OFAT,OWNER_CAP,DEFAULT,baseSeed=626|nTx=24|nValidators=10|nShards=4|committee=3|quorum=2|loadThreshold=75|maxTime=180|crossShardPct=0|requestOfflinePct=0|receiptDropPct=0|ownerCap=3000|mobileThreshold=35,5,14,626,49,COMPLETE,24,24,24,3,24,10,4,0,24,24,24,0,120,0,0,0,397,468,24,810,24,4179,1549,3,3397,300
OFAT,OWNER_CAP,DEFAULT,baseSeed=626|nTx=24|nValidators=10|nShards=4|committee=3|quorum=2|loadThreshold=75|maxTime=180|crossShardPct=0|requestOfflinePct=0|receiptDropPct=0|ownerCap=3000|mobileThreshold=35,5,15,626,62,COMPLETE,24,24,24,3,24,10,4,0,24,24,24,0,120,0,0,0,397,466,24,808,24,4314,1623,3,5737,300
OFAT,OWNER_CAP,DEFAULT,baseSeed=626|nTx=24|nValidators=10|nShards=4|committee=3|quorum=2|loadThreshold=75|maxTime=180|crossShardPct=0|requestOfflinePct=0|receiptDropPct=0|ownerCap=3000|mobileThreshold=35,5,16,626,47,COMPLETE,24,24,24,1,24,10,4,0,24,24,24,0,120,0,0,0,397,440,24,770,24,3955,1512,3,4391,300
OFAT,OWNER_CAP,DEFAULT,baseSeed=626|nTx=24|nValidators=10|nShards=4|committee=3|quorum=2|loadThreshold=75|maxTime=180|crossShardPct=0|requestOfflinePct=0|receiptDropPct=0|ownerCap=3000|mobileThreshold=35,5,17,626,50,COMPLETE,24,24,24,1,24,10,4,0,24,24,24,0,120,0,0,0,397,440,24,770,24,4250,1584,3,4455,300
OFAT,OWNER_CAP,DEFAULT,baseSeed=626|nTx=24|nValidators=10|nShards=4|committee=3|quorum=2|loadThreshold=75|maxTime=180|crossShardPct=0|requestOfflinePct=0|receiptDropPct=0|ownerCap=3000|mobileThreshold=35,5,18,626,49,COMPLETE,24,24,24,2,24,10,4,0,24,24,24,0,120,0,0,0,397,455,24,791,24,4416,1645,3,4262,200
OFAT,OWNER_CAP,DEFAULT,baseSeed=626|nTx=24|nValidators=10|nShards=4|committee=3|quorum=2|loadThreshold=75|maxTime=180|crossShardPct=0|requestOfflinePct=0|receiptDropPct=0|ownerCap=3000|mobileThreshold=35,5,19,626,62,COMPLETE,24,24,24,3,24,10,4,0,24,24,24,0,120,0,0,0,397,467,24,809,24,5083,1854,3,4455,200
OFAT,OWNER_CAP,DEFAULT,baseSeed=626|nTx=24|nValidators=10|nShards=4|committee=3|quorum=2|loadThreshold=75|maxTime=180|crossShardPct=0|requestOfflinePct=0|receiptDropPct=0|ownerCap=3000|mobileThreshold=35,5,20,626,48,COMPLETE,24,24,24,2,24,10,4,0,24,24,24,0,120,0,0,0,397,453,24,789,24,5012,1818,3,5673,200
OFAT,OWNER_CAP,DEFAULT,baseSeed=626|nTx=24|nValidators=10|nShards=4|committee=3|quorum=2|loadThreshold=75|maxTime=180|crossShardPct=0|requestOfflinePct=0|receiptDropPct=0|ownerCap=3000|mobileThreshold=35,5,21,626,50,COMPLETE,24,24,24,3,24,10,4,0,24,24,24,0,120,0,0,0,397,467,24,809,24,5551,2065,2,4775,300
OFAT,OWNER_CAP,DEFAULT,baseSeed=626|nTx=24|nValidators=10|nShards=4|committee=3|quorum=2|loadThreshold=75|maxTime=180|crossShardPct=0|requestOfflinePct=0|receiptDropPct=0|ownerCap=3000|mobileThreshold=35,5,22,626,50,COMPLETE,24,24,24,2,24,10,4,0,24,24,24,0,120,0,0,0,397,455,24,791,24,4910,1792,3,6250,200
OFAT,OWNER_CAP,DEFAULT,baseSeed=626|nTx=24|nValidators=10|nShards=4|committee=3|quorum=2|loadThreshold=75|maxTime=180|crossShardPct=0|requestOfflinePct=0|receiptDropPct=0|ownerCap=3000|mobileThreshold=35,5,23,626,63,COMPLETE,24,24,24,5,24,10,4,0,24,24,24,0,120,0,0,0,397,493,24,847,24,4179,1592,3,2852,200
OFAT,OWNER_CAP,DEFAULT,baseSeed=626|nTx=24|nValidators=10|nShards=4|committee=3|quorum=2|loadThreshold=75|maxTime=180|crossShardPct=0|requestOfflinePct=0|receiptDropPct=0|ownerCap=3000|mobileThreshold=35,5,24,626,62,COMPLETE,24,24,24,5,24,10,4,0,24,24,24,0,120,0,0,0,397,491,24,845,24,4391,1703,3,6025,300
OFAT,OWNER_CAP,DEFAULT,baseSeed=626|nTx=24|nValidators=10|nShards=4|committee=3|quorum=2|loadThreshold=75|maxTime=180|crossShardPct=0|requestOfflinePct=0|receiptDropPct=0|ownerCap=3000|mobileThreshold=35,5,25,626,50,COMPLETE,24,24,24,2,24,10,4,0,24,24,24,0,120,0,0,0,397,454,24,790,24,5480,2119,2,4551,200
OFAT,OWNER_CAP,DEFAULT,baseSeed=626|nTx=24|nValidators=10|nShards=4|committee=3|quorum=2|loadThreshold=75|maxTime=180|crossShardPct=0|requestOfflinePct=0|receiptDropPct=0|ownerCap=3000|mobileThreshold=35,5,26,626,63,COMPLETE,24,24,24,5,24,10,4,0,24,24,24,0,120,0,0,0,397,493,24,847,24,4711,1735,3,4038,200
OFAT,OWNER_CAP,DEFAULT,baseSeed=626|nTx=24|nValidators=10|nShards=4|committee=3|quorum=2|loadThreshold=75|maxTime=180|crossShardPct=0|requestOfflinePct=0|receiptDropPct=0|ownerCap=3000|mobileThreshold=35,5,27,626,49,COMPLETE,24,24,24,2,24,10,4,0,24,24,24,0,120,0,0,0,397,453,24,789,24,4679,1683,3,5128,200
OFAT,OWNER_CAP,DEFAULT,baseSeed=626|nTx=24|nValidators=10|nShards=4|committee=3|quorum=2|loadThreshold=75|maxTime=180|crossShardPct=0|requestOfflinePct=0|receiptDropPct=0|ownerCap=3000|mobileThreshold=35,5,28,626,50,COMPLETE,24,24,24,4,24,10,4,0,24,24,24,0,120,0,0,0,397,480,24,828,24,4711,1737,3,4583,200
OFAT,OWNER_CAP,DEFAULT,baseSeed=626|nTx=24|nValidators=10|nShards=4|committee=3|quorum=2|loadThreshold=75|maxTime=180|crossShardPct=0|requestOfflinePct=0|receiptDropPct=0|ownerCap=3000|mobileThreshold=35,5,29,626,47,COMPLETE,24,24,24,1,24,10,4,0,24,24,24,0,120,0,0,0,397,439,24,769,24,5423,2103,2,6346,300
OFAT,OWNER_CAP,DEFAULT,baseSeed=626|nTx=24|nValidators=10|nShards=4|committee=3|quorum=2|loadThreshold=75|maxTime=180|crossShardPct=0|requestOfflinePct=0|receiptDropPct=0|ownerCap=3000|mobileThreshold=35,5,30,626,62,COMPLETE,24,24,24,4,24,10,4,0,24,24,24,0,120,0,0,0,397,479,24,827,24,4589,1699,3,4807,200
OFAT,OWNER_CAP,DEFAULT,baseSeed=626|nTx=24|nValidators=10|nShards=4|committee=3|quorum=2|loadThreshold=75|maxTime=180|crossShardPct=0|requestOfflinePct=0|receiptDropPct=0|ownerCap=3000|mobileThreshold=35,5,31,626,47,COMPLETE,24,24,24,1,24,10,4,0,24,24,24,0,120,0,0,0,397,440,24,770,24,4942,1841,3,4775,300
OFAT,OWNER_CAP,DEFAULT,baseSeed=626|nTx=24|nValidators=10|nShards=4|committee=3|quorum=2|loadThreshold=75|maxTime=180|crossShardPct=0|requestOfflinePct=0|receiptDropPct=0|ownerCap=3000|mobileThreshold=35,5,32,626,48,COMPLETE,24,24,24,2,24,10,4,0,24,24,24,0,120,0,0,0,397,453,24,789,24,4141,1592,3,3108,200
OFAT,OWNER_CAP,DEFAULT,baseSeed=626|nTx=24|nValidators=10|nShards=4|committee=3|quorum=2|loadThreshold=75|maxTime=180|crossShardPct=0|requestOfflinePct=0|receiptDropPct=0|ownerCap=3000|mobileThreshold=35,5,33,626,48,COMPLETE,24,24,24,1,24,10,4,0,24,24,24,0,120,0,0,0,397,442,24,772,24,5493,2040,3,4935,300
OFAT,OWNER_CAP,DEFAULT,baseSeed=626|nTx=24|nValidators=10|nShards=4|committee=3|quorum=2|loadThreshold=75|maxTime=180|crossShardPct=0|requestOfflinePct=0|receiptDropPct=0|ownerCap=3000|mobileThreshold=35,5,34,626,62,COMPLETE,24,24,24,3,24,10,4,0,24,24,24,0,120,0,0,0,397,465,24,807,24,4711,1735,3,4455,200
OFAT,OWNER_CAP,DEFAULT,baseSeed=626|nTx=24|nValidators=10|nShards=4|committee=3|quorum=2|loadThreshold=75|maxTime=180|crossShardPct=0|requestOfflinePct=0|receiptDropPct=0|ownerCap=3000|mobileThreshold=35,5,35,626,48,COMPLETE,24,24,24,2,24,10,4,0,24,24,24,0,120,0,0,0,397,454,24,790,24,5570,2076,2,5544,200
OFAT,OWNER_CAP,DEFAULT,baseSeed=626|nTx=24|nValidators=10|nShards=4|committee=3|quorum=2|loadThreshold=75|maxTime=180|crossShardPct=0|requestOfflinePct=0|receiptDropPct=0|ownerCap=3000|mobileThreshold=35,5,36,626,62,COMPLETE,24,24,24,7,24,10,4,0,24,24,24,0,120,0,0,0,397,517,24,883,24,4653,1752,3,4679,200
OFAT,OWNER_CAP,DEFAULT,baseSeed=626|nTx=24|nValidators=10|nShards=4|committee=3|quorum=2|loadThreshold=75|maxTime=180|crossShardPct=0|requestOfflinePct=0|receiptDropPct=0|ownerCap=3000|mobileThreshold=35,5,37,626,48,COMPLETE,24,24,24,2,24,10,4,0,24,24,24,0,120,0,0,0,397,453,24,789,24,4025,1519,3,2019,200
OFAT,OWNER_CAP,DEFAULT,baseSeed=626|nTx=24|nValidators=10|nShards=4|committee=3|quorum=2|loadThreshold=75|maxTime=180|crossShardPct=0|requestOfflinePct=0|receiptDropPct=0|ownerCap=3000|mobileThreshold=35,5,38,626,50,COMPLETE,24,24,24,1,24,10,4,0,24,24,24,0,120,0,0,0,397,440,24,770,24,4698,1714,3,3493,300
OFAT,OWNER_CAP,DEFAULT,baseSeed=626|nTx=24|nValidators=10|nShards=4|committee=3|quorum=2|loadThreshold=75|maxTime=180|crossShardPct=0|requestOfflinePct=0|receiptDropPct=0|ownerCap=3000|mobileThreshold=35,5,39,626,50,COMPLETE,24,24,24,3,24,10,4,0,24,24,24,0,120,0,0,0,397,467,24,809,24,4673,1683,3,2403,200
OFAT,OWNER_CAP,DEFAULT,baseSeed=626|nTx=24|nValidators=10|nShards=4|committee=3|quorum=2|loadThreshold=75|maxTime=180|crossShardPct=0|requestOfflinePct=0|receiptDropPct=0|ownerCap=3000|mobileThreshold=35,5,40,626,49,COMPLETE,24,24,24,1,24,10,4,0,24,24,24,0,120,0,0,0,397,441,24,771,24,4391,1615,3,4711,300
OFAT,OWNER_CAP,DEFAULT,baseSeed=626|nTx=24|nValidators=10|nShards=4|committee=3|quorum=2|loadThreshold=75|maxTime=180|crossShardPct=0|requestOfflinePct=0|receiptDropPct=0|ownerCap=3000|mobileThreshold=35,5,41,626,50,COMPLETE,24,24,24,3,24,10,4,0,24,24,24,0,120,0,0,0,397,468,24,810,24,4179,1549,3,2179,300
OFAT,OWNER_CAP,DEFAULT,baseSeed=626|nTx=24|nValidators=10|nShards=4|committee=3|quorum=2|loadThreshold=75|maxTime=180|crossShardPct=0|requestOfflinePct=0|receiptDropPct=0|ownerCap=3000|mobileThreshold=35,5,42,626,62,COMPLETE,24,24,24,8,24,10,4,0,24,24,24,0,120,0,0,0,397,532,24,904,24,4756,1750,3,5000,200
OFAT,OWNER_CAP,DEFAULT,baseSeed=626|nTx=24|nValidators=10|nShards=4|committee=3|quorum=2|loadThreshold=75|maxTime=180|crossShardPct=0|requestOfflinePct=0|receiptDropPct=0|ownerCap=3000|mobileThreshold=35,5,43,626,62,COMPLETE,24,24,24,4,24,10,4,0,24,24,24,0,120,0,0,0,397,481,24,829,24,5185,2090,2,4679,200
OFAT,OWNER_CAP,DEFAULT,baseSeed=626|nTx=24|nValidators=10|nShards=4|committee=3|quorum=2|loadThreshold=75|maxTime=180|crossShardPct=0|requestOfflinePct=0|receiptDropPct=0|ownerCap=3000|mobileThreshold=35,5,44,626,62,COMPLETE,24,24,24,3,24,10,4,0,24,24,24,0,120,0,0,0,397,467,24,809,24,5019,1826,3,5128,200
OFAT,OWNER_CAP,DEFAULT,baseSeed=626|nTx=24|nValidators=10|nShards=4|committee=3|quorum=2|loadThreshold=75|maxTime=180|crossShardPct=0|requestOfflinePct=0|receiptDropPct=0|ownerCap=3000|mobileThreshold=35,5,45,626,62,COMPLETE,24,24,24,5,24,10,4,0,24,24,24,0,120,0,0,0,397,491,24,845,24,4935,1789,3,5192,200
OFAT,OWNER_CAP,DEFAULT,baseSeed=626|nTx=24|nValidators=10|nShards=4|committee=3|quorum=2|loadThreshold=75|maxTime=180|crossShardPct=0|requestOfflinePct=0|receiptDropPct=0|ownerCap=3000|mobileThreshold=35,5,46,626,62,COMPLETE,24,24,24,3,24,10,4,0,24,24,24,0,120,0,0,0,397,465,24,807,24,5096,1846,3,4455,200
OFAT,OWNER_CAP,DEFAULT,baseSeed=626|nTx=24|nValidators=10|nShards=4|committee=3|quorum=2|loadThreshold=75|maxTime=180|crossShardPct=0|requestOfflinePct=0|receiptDropPct=0|ownerCap=3000|mobileThreshold=35,5,47,626,62,COMPLETE,24,24,24,4,24,10,4,0,24,24,24,0,120,0,0,0,397,479,24,827,24,4730,1730,3,5993,200
OFAT,OWNER_CAP,DEFAULT,baseSeed=626|nTx=24|nValidators=10|nShards=4|committee=3|quorum=2|loadThreshold=75|maxTime=180|crossShardPct=0|requestOfflinePct=0|receiptDropPct=0|ownerCap=3000|mobileThreshold=35,5,48,626,49,COMPLETE,24,24,24,3,24,10,4,0,24,24,24,0,120,0,0,0,397,465,24,807,24,4564,1688,3,2660,200
OFAT,OWNER_CAP,DEFAULT,baseSeed=626|nTx=24|nValidators=10|nShards=4|committee=3|quorum=2|loadThreshold=75|maxTime=180|crossShardPct=0|requestOfflinePct=0|receiptDropPct=0|ownerCap=3000|mobileThreshold=35,5,49,626,63,COMPLETE,24,24,24,4,24,10,4,0,24,24,24,0,120,0,0,0,397,480,24,828,24,4903,1812,3,6858,200
OFAT,OWNER_CAP,DEFAULT,baseSeed=626|nTx=24|nValidators=10|nShards=4|committee=3|quorum=2|loadThreshold=75|maxTime=180|crossShardPct=0|requestOfflinePct=0|receiptDropPct=0|ownerCap=3000|mobileThreshold=35,5,50,626,49,COMPLETE,24,24,24,3,24,10,4,0,24,24,24,0,120,0,0,1,398,466,24,808,24,4929,1801,3,5192,600
OFAT,OWNER_CAP,DEFAULT,baseSeed=626|nTx=24|nValidators=10|nShards=4|committee=3|quorum=2|loadThreshold=75|maxTime=180|crossShardPct=0|requestOfflinePct=0|receiptDropPct=0|ownerCap=3000|mobileThreshold=35,5,51,626,63,COMPLETE,24,24,24,3,24,10,4,0,24,24,24,0,120,0,0,0,397,467,24,809,24,5096,1846,3,4455,200
OFAT,OWNER_CAP,DEFAULT,baseSeed=626|nTx=24|nValidators=10|nShards=4|committee=3|quorum=2|loadThreshold=75|maxTime=180|crossShardPct=0|requestOfflinePct=0|receiptDropPct=0|ownerCap=3000|mobileThreshold=35,5,52,626,62,COMPLETE,24,24,24,4,24,10,4,0,24,24,24,0,120,0,0,0,397,480,24,828,24,4858,1759,3,3557,200
OFAT,OWNER_CAP,DEFAULT,baseSeed=626|nTx=24|nValidators=10|nShards=4|committee=3|quorum=2|loadThreshold=75|maxTime=180|crossShardPct=0|requestOfflinePct=0|receiptDropPct=0|ownerCap=3000|mobileThreshold=35,5,53,626,62,COMPLETE,24,24,24,3,24,10,4,0,24,24,24,0,120,0,0,0,397,467,24,809,24,4794,1754,3,4326,300
OFAT,OWNER_CAP,DEFAULT,baseSeed=626|nTx=24|nValidators=10|nShards=4|committee=3|quorum=2|loadThreshold=75|maxTime=180|crossShardPct=0|requestOfflinePct=0|receiptDropPct=0|ownerCap=3000|mobileThreshold=35,5,54,626,49,COMPLETE,24,24,24,1,24,10,4,0,24,24,24,0,120,0,0,0,397,441,24,771,24,3807,1493,3,4519,300
OFAT,OWNER_CAP,DEFAULT,baseSeed=626|nTx=24|nValidators=10|nShards=4|committee=3|quorum=2|loadThreshold=75|maxTime=180|crossShardPct=0|requestOfflinePct=0|receiptDropPct=0|ownerCap=3000|mobileThreshold=35,5,55,626,49,COMPLETE,24,24,24,3,24,10,4,0,24,24,24,0,120,0,0,0,397,465,24,807,24,4634,1728,3,4615,300
OFAT,OWNER_CAP,DEFAULT,baseSeed=626|nTx=24|nValidators=10|nShards=4|committee=3|quorum=2|loadThreshold=75|maxTime=180|crossShardPct=0|requestOfflinePct=0|receiptDropPct=0|ownerCap=3000|mobileThreshold=35,5,56,626,62,COMPLETE,24,24,24,3,24,10,4,0,24,24,24,0,120,0,0,0,397,466,24,808,24,4826,1806,3,6474,200
OFAT,OWNER_CAP,DEFAULT,baseSeed=626|nTx=24|nValidators=10|nShards=4|committee=3|quorum=2|loadThreshold=75|maxTime=180|crossShardPct=0|requestOfflinePct=0|receiptDropPct=0|ownerCap=3000|mobileThreshold=35,5,57,626,47,COMPLETE,24,24,24,1,24,10,4,0,24,24,24,0,120,0,0,0,397,440,24,770,24,4262,1604,3,2820,300
OFAT,OWNER_CAP,DEFAULT,baseSeed=626|nTx=24|nValidators=10|nShards=4|committee=3|quorum=2|loadThreshold=75|maxTime=180|crossShardPct=0|requestOfflinePct=0|receiptDropPct=0|ownerCap=3000|mobileThreshold=35,5,58,626,49,COMPLETE,24,24,24,2,24,10,4,0,24,24,24,0,120,0,0,0,397,454,24,790,24,4910,1792,3,6121,200
OFAT,OWNER_CAP,DEFAULT,baseSeed=626|nTx=24|nValidators=10|nShards=4|committee=3|quorum=2|loadThreshold=75|maxTime=180|crossShardPct=0|requestOfflinePct=0|receiptDropPct=0|ownerCap=3000|mobileThreshold=35,5,59,626,48,COMPLETE,24,24,24,2,24,10,4,0,24,24,24,0,120,0,0,0,397,453,24,789,24,5038,1829,3,4679,200
OFAT,OWNER_CAP,DEFAULT,baseSeed=626|nTx=24|nValidators=10|nShards=4|committee=3|quorum=2|loadThreshold=75|maxTime=180|crossShardPct=0|requestOfflinePct=0|receiptDropPct=0|ownerCap=3000|mobileThreshold=35,5,60,626,62,COMPLETE,24,24,24,3,24,10,4,0,24,24,24,0,120,0,0,0,397,466,24,808,24,4647,1732,3,6057,300
OFAT,OWNER_CAP,DEFAULT,baseSeed=626|nTx=24|nValidators=10|nShards=4|committee=3|quorum=2|loadThreshold=75|maxTime=180|crossShardPct=0|requestOfflinePct=0|receiptDropPct=0|ownerCap=3000|mobileThreshold=35,5,61,626,50,COMPLETE,24,24,24,4,24,10,4,0,24,24,24,0,120,0,0,0,397,480,24,828,24,5032,1829,3,2467,200
OFAT,OWNER_CAP,DEFAULT,baseSeed=626|nTx=24|nValidators=10|nShards=4|committee=3|quorum=2|loadThreshold=75|maxTime=180|crossShardPct=0|requestOfflinePct=0|receiptDropPct=0|ownerCap=3000|mobileThreshold=35,5,62,626,62,COMPLETE,24,24,24,6,24,10,4,0,24,24,24,0,120,0,0,0,397,504,24,864,24,4839,1760,3,4839,300
OFAT,OWNER_CAP,DEFAULT,baseSeed=626|nTx=24|nValidators=10|nShards=4|committee=3|quorum=2|loadThreshold=75|maxTime=180|crossShardPct=0|requestOfflinePct=0|receiptDropPct=0|ownerCap=3000|mobileThreshold=35,5,63,626,50,COMPLETE,24,24,24,3,24,10,4,0,24,24,24,0,120,0,0,0,397,466,24,808,24,4852,1779,3,4903,300
OFAT,OWNER_CAP,DEFAULT,baseSeed=626|nTx=24|nValidators=10|nShards=4|committee=3|quorum=2|loadThreshold=75|maxTime=180|crossShardPct=0|requestOfflinePct=0|receiptDropPct=0|ownerCap=3000|mobileThreshold=35,5,64,626,50,COMPLETE,24,24,24,4,24,10,4,0,24,24,24,0,120,0,0,0,397,477,24,825,24,4897,1783,3,4679,300
OFAT,OWNER_CAP,DEFAULT,baseSeed=626|nTx=24|nValidators=10|nShards=4|committee=3|quorum=2|loadThreshold=75|maxTime=180|crossShardPct=0|requestOfflinePct=0|receiptDropPct=0|ownerCap=3000|mobileThreshold=35,5,65,626,49,COMPLETE,24,24,24,4,24,10,4,0,24,24,24,0,120,0,0,0,397,480,24,828,24,4788,1757,3,4262,200
OFAT,OWNER_CAP,DEFAULT,baseSeed=626|nTx=24|nValidators=10|nShards=4|committee=3|quorum=2|loadThreshold=75|maxTime=180|crossShardPct=0|requestOfflinePct=0|receiptDropPct=0|ownerCap=3000|mobileThreshold=35,5,66,626,50,COMPLETE,24,24,24,3,24,10,4,0,24,24,24,0,120,0,0,0,397,468,24,810,24,4673,1731,3,4326,300
OFAT,OWNER_CAP,DEFAULT,baseSeed=626|nTx=24|nValidators=10|nShards=4|committee=3|quorum=2|loadThreshold=75|maxTime=180|crossShardPct=0|requestOfflinePct=0|receiptDropPct=0|ownerCap=3000|mobileThreshold=35,5,67,626,62,COMPLETE,24,24,24,6,24,10,4,0,24,24,24,0,120,0,0,0,397,505,24,865,24,4416,1643,3,6250,300
OFAT,OWNER_CAP,DEFAULT,baseSeed=626|nTx=24|nValidators=10|nShards=4|committee=3|quorum=2|loadThreshold=75|maxTime=180|crossShardPct=0|requestOfflinePct=0|receiptDropPct=0|ownerCap=3000|mobileThreshold=35,5,68,626,48,COMPLETE,24,24,24,2,24,10,4,0,24,24,24,0,120,0,0,0,397,454,24,790,24,4141,1592,3,2852,200
OFAT,OWNER_CAP,DEFAULT,baseSeed=626|nTx=24|nValidators=10|nShards=4|committee=3|quorum=2|loadThreshold=75|maxTime=180|crossShardPct=0|requestOfflinePct=0|receiptDropPct=0|ownerCap=3000|mobileThreshold=35,5,69,626,50,COMPLETE,24,24,24,2,24,10,4,0,24,24,24,0,120,0,0,0,397,453,24,789,24,5057,1903,3,6410,300
OFAT,OWNER_CAP,DEFAULT,baseSeed=626|nTx=24|nValidators=10|nShards=4|committee=3|quorum=2|loadThreshold=75|maxTime=180|crossShardPct=0|requestOfflinePct=0|receiptDropPct=0|ownerCap=3000|mobileThreshold=35,5,70,626,62,COMPLETE,24,24,24,5,24,10,4,0,24,24,24,0,120,0,0,0,397,493,24,847,24,3974,1499,3,3141,300
OFAT,OWNER_CAP,DEFAULT,baseSeed=626|nTx=24|nValidators=10|nShards=4|committee=3|quorum=2|loadThreshold=75|maxTime=180|crossShardPct=0|requestOfflinePct=0|receiptDropPct=0|ownerCap=3000|mobileThreshold=35,5,71,626,47,COMPLETE,24,24,24,1,24,10,4,0,24,24,24,0,120,0,0,0,397,439,24,769,24,4852,1779,3,4775,300
OFAT,OWNER_CAP,DEFAULT,baseSeed=626|nTx=24|nValidators=10|nShards=4|committee=3|quorum=2|loadThreshold=75|maxTime=180|crossShardPct=0|requestOfflinePct=0|receiptDropPct=0|ownerCap=3000|mobileThreshold=35,5,72,626,49,COMPLETE,24,24,24,1,24,10,4,0,24,24,24,0,120,0,0,0,397,442,24,772,24,3884,1514,3,3012,300
OFAT,OWNER_CAP,DEFAULT,baseSeed=626|nTx=24|nValidators=10|nShards=4|committee=3|quorum=2|loadThreshold=75|maxTime=180|crossShardPct=0|requestOfflinePct=0|receiptDropPct=0|ownerCap=3000|mobileThreshold=35,5,73,626,50,COMPLETE,24,24,24,1,24,10,4,0,24,24,24,0,120,0,0,0,397,440,24,770,24,4634,1716,3,4615,300
OFAT,OWNER_CAP,DEFAULT,baseSeed=626|nTx=24|nValidators=10|nShards=4|committee=3|quorum=2|loadThreshold=75|maxTime=180|crossShardPct=0|requestOfflinePct=0|receiptDropPct=0|ownerCap=3000|mobileThreshold=35,5,74,626,50,COMPLETE,24,24,24,7,24,10,4,0,24,24,24,0,120,0,0,0,397,519,24,885,24,4878,1944,2,5897,200
OFAT,OWNER_CAP,DEFAULT,baseSeed=626|nTx=24|nValidators=10|nShards=4|committee=3|quorum=2|loadThreshold=75|maxTime=180|crossShardPct=0|requestOfflinePct=0|receiptDropPct=0|ownerCap=3000|mobileThreshold=35,5,75,626,50,COMPLETE,24,24,24,3,24,10,4,0,24,24,24,0,120,0,0,0,397,468,24,810,24,5301,1934,3,5352,100
OFAT,OWNER_CAP,DEFAULT,baseSeed=626|nTx=24|nValidators=10|nShards=4|committee=3|quorum=2|loadThreshold=75|maxTime=180|crossShardPct=0|requestOfflinePct=0|receiptDropPct=0|ownerCap=3000|mobileThreshold=35,5,76,626,49,COMPLETE,24,24,24,1,24,10,4,0,24,24,24,0,120,0,0,0,397,441,24,771,24,4538,1725,3,4775,300
OFAT,OWNER_CAP,DEFAULT,baseSeed=626|nTx=24|nValidators=10|nShards=4|committee=3|quorum=2|loadThreshold=75|maxTime=180|crossShardPct=0|requestOfflinePct=0|receiptDropPct=0|ownerCap=3000|mobileThreshold=35,5,77,626,49,COMPLETE,24,24,24,2,24,10,4,0,24,24,24,0,120,0,0,0,397,455,24,791,24,4833,1829,3,5128,200
OFAT,OWNER_CAP,DEFAULT,baseSeed=626|nTx=24|nValidators=10|nShards=4|committee=3|quorum=2|loadThreshold=75|maxTime=180|crossShardPct=0|requestOfflinePct=0|receiptDropPct=0|ownerCap=3000|mobileThreshold=35,5,78,626,48,COMPLETE,24,24,24,1,24,10,4,0,24,24,24,0,120,0,0,0,397,440,24,770,24,4314,1623,3,5737,300
OFAT,OWNER_CAP,DEFAULT,baseSeed=626|nTx=24|nValidators=10|nShards=4|committee=3|quorum=2|loadThreshold=75|maxTime=180|crossShardPct=0|requestOfflinePct=0|receiptDropPct=0|ownerCap=3000|mobileThreshold=35,5,79,626,48,COMPLETE,24,24,24,2,24,10,4,0,24,24,24,0,120,0,0,0,397,455,24,791,24,3955,1513,3,2756,200
OFAT,OWNER_CAP,DEFAULT,baseSeed=626|nTx=24|nValidators=10|nShards=4|committee=3|quorum=2|loadThreshold=75|maxTime=180|crossShardPct=0|requestOfflinePct=0|receiptDropPct=0|ownerCap=3000|mobileThreshold=35,5,80,626,49,COMPLETE,24,24,24,1,24,10,4,0,24,24,24,0,120,0,0,0,397,441,24,771,24,4403,1630,3,6185,300
OFAT,OWNER_CAP,DEFAULT,baseSeed=626|nTx=24|nValidators=10|nShards=4|committee=3|quorum=2|loadThreshold=75|maxTime=180|crossShardPct=0|requestOfflinePct=0|receiptDropPct=0|ownerCap=3000|mobileThreshold=35,5,81,626,49,COMPLETE,24,24,24,3,24,10,4,0,24,24,24,0,120,0,0,0,397,468,24,810,24,3884,1491,3,4423,200
OFAT,OWNER_CAP,DEFAULT,baseSeed=626|nTx=24|nValidators=10|nShards=4|committee=3|quorum=2|loadThreshold=75|maxTime=180|crossShardPct=0|requestOfflinePct=0|receiptDropPct=0|ownerCap=3000|mobileThreshold=35,5,82,626,62,COMPLETE,24,24,24,4,24,10,4,0,24,24,24,0,120,0,0,0,397,479,24,827,24,3903,1509,3,4006,200
OFAT,OWNER_CAP,DEFAULT,baseSeed=626|nTx=24|nValidators=10|nShards=4|committee=3|quorum=2|loadThreshold=75|maxTime=180|crossShardPct=0|requestOfflinePct=0|receiptDropPct=0|ownerCap=3000|mobileThreshold=35,5,83,626,62,COMPLETE,24,24,24,4,24,10,4,0,24,24,24,0,120,0,0,0,397,479,24,827,24,5083,1841,3,3493,200
OFAT,OWNER_CAP,DEFAULT,baseSeed=626|nTx=24|nValidators=10|nShards=4|committee=3|quorum=2|loadThreshold=75|maxTime=180|crossShardPct=0|requestOfflinePct=0|receiptDropPct=0|ownerCap=3000|mobileThreshold=35,5,84,626,62,COMPLETE,24,24,24,3,24,10,4,0,24,24,24,0,120,0,0,0,397,465,24,807,24,4442,1636,3,4038,200
OFAT,OWNER_CAP,DEFAULT,baseSeed=626|nTx=24|nValidators=10|nShards=4|committee=3|quorum=2|loadThreshold=75|maxTime=180|crossShardPct=0|requestOfflinePct=0|receiptDropPct=0|ownerCap=3000|mobileThreshold=35,5,85,626,62,COMPLETE,24,24,24,4,24,10,4,0,24,24,24,0,120,0,0,0,397,478,24,826,24,4301,1620,3,4358,300
OFAT,OWNER_CAP,DEFAULT,baseSeed=626|nTx=24|nValidators=10|nShards=4|committee=3|quorum=2|loadThreshold=75|maxTime=180|crossShardPct=0|requestOfflinePct=0|receiptDropPct=0|ownerCap=3000|mobileThreshold=35,5,86,626,61,COMPLETE,24,24,24,4,24,10,4,0,24,24,24,0,120,0,0,0,397,479,24,827,24,4038,1518,3,4294,300
OFAT,OWNER_CAP,DEFAULT,baseSeed=626|nTx=24|nValidators=10|nShards=4|committee=3|quorum=2|loadThreshold=75|maxTime=180|crossShardPct=0|requestOfflinePct=0|receiptDropPct=0|ownerCap=3000|mobileThreshold=35,5,87,626,50,COMPLETE,24,24,24,2,24,10,4,0,24,24,24,0,120,0,0,0,397,454,24,790,24,4243,1629,3,5929,200
OFAT,OWNER_CAP,DEFAULT,baseSeed=626|nTx=24|nValidators=10|nShards=4|committee=3|quorum=2|loadThreshold=75|maxTime=180|crossShardPct=0|requestOfflinePct=0|receiptDropPct=0|ownerCap=3000|mobileThreshold=35,5,88,626,62,COMPLETE,24,24,24,4,24,10,4,0,24,24,24,0,120,0,0,0,397,480,24,828,24,5083,1841,3,3108,200
OFAT,OWNER_CAP,DEFAULT,baseSeed=626|nTx=24|nValidators=10|nShards=4|committee=3|quorum=2|loadThreshold=75|maxTime=180|crossShardPct=0|requestOfflinePct=0|receiptDropPct=0|ownerCap=3000|mobileThreshold=35,5,89,626,50,COMPLETE,24,24,24,4,24,10,4,0,24,24,24,0,120,0,0,0,397,480,24,828,24,4903,1812,3,5608,200
OFAT,OWNER_CAP,DEFAULT,baseSeed=626|nTx=24|nValidators=10|nShards=4|committee=3|quorum=2|loadThreshold=75|maxTime=180|crossShardPct=0|requestOfflinePct=0|receiptDropPct=0|ownerCap=3000|mobileThreshold=35,5,90,626,62,COMPLETE,24,24,24,3,24,10,4,0,24,24,24,0,120,0,0,0,397,467,24,809,24,4974,1817,3,4903,200
OFAT,OWNER_CAP,DEFAULT,baseSeed=626|nTx=24|nValidators=10|nShards=4|committee=3|quorum=2|loadThreshold=75|maxTime=180|crossShardPct=0|requestOfflinePct=0|receiptDropPct=0|ownerCap=3000|mobileThreshold=35,5,91,626,50,COMPLETE,24,24,24,4,24,10,4,0,24,24,24,0,120,0,0,0,397,479,24,827,24,5089,1844,3,5512,200
OFAT,OWNER_CAP,DEFAULT,baseSeed=626|nTx=24|nValidators=10|nShards=4|committee=3|quorum=2|loadThreshold=75|maxTime=180|crossShardPct=0|requestOfflinePct=0|receiptDropPct=0|ownerCap=3000|mobileThreshold=35,5,92,626,50,COMPLETE,24,24,24,5,24,10,4,0,24,24,24,0,120,0,0,0,397,493,24,847,24,5185,1948,2,4711,200
OFAT,OWNER_CAP,DEFAULT,baseSeed=626|nTx=24|nValidators=10|nShards=4|committee=3|quorum=2|loadThreshold=75|maxTime=180|crossShardPct=0|requestOfflinePct=0|receiptDropPct=0|ownerCap=3000|mobileThreshold=35,5,93,626,50,COMPLETE,24,24,24,1,24,10,4,0,24,24,24,0,120,0,0,0,397,440,24,770,24,4833,1760,3,4455,300
OFAT,OWNER_CAP,DEFAULT,baseSeed=626|nTx=24|nValidators=10|nShards=4|committee=3|quorum=2|loadThreshold=75|maxTime=180|crossShardPct=0|requestOfflinePct=0|receiptDropPct=0|ownerCap=3000|mobileThreshold=35,5,94,626,62,COMPLETE,24,24,24,5,24,10,4,0,24,24,24,0,120,0,0,0,397,493,24,847,24,4679,1683,3,4551,200
OFAT,OWNER_CAP,DEFAULT,baseSeed=626|nTx=24|nValidators=10|nShards=4|committee=3|quorum=2|loadThreshold=75|maxTime=180|crossShardPct=0|requestOfflinePct=0|receiptDropPct=0|ownerCap=3000|mobileThreshold=35,5,95,626,50,COMPLETE,24,24,24,2,24,10,4,0,24,24,24,0,120,0,0,0,397,454,24,790,24,4326,1628,3,3461,200
OFAT,OWNER_CAP,DEFAULT,baseSeed=626|nTx=24|nValidators=10|nShards=4|committee=3|quorum=2|loadThreshold=75|maxTime=180|crossShardPct=0|requestOfflinePct=0|receiptDropPct=0|ownerCap=3000|mobileThreshold=35,5,96,626,62,COMPLETE,24,24,24,4,24,10,4,0,24,24,24,0,120,0,0,1,398,478,24,826,24,5243,1888,3,4262,900
OFAT,OWNER_CAP,DEFAULT,baseSeed=626|nTx=24|nValidators=10|nShards=4|committee=3|quorum=2|loadThreshold=75|maxTime=180|crossShardPct=0|requestOfflinePct=0|receiptDropPct=0|ownerCap=3000|mobileThreshold=35,5,97,626,50,COMPLETE,24,24,24,4,24,10,4,0,24,24,24,0,120,0,0,0,397,482,24,830,24,4826,1749,3,2403,200
OFAT,OWNER_CAP,DEFAULT,baseSeed=626|nTx=24|nValidators=10|nShards=4|committee=3|quorum=2|loadThreshold=75|maxTime=180|crossShardPct=0|requestOfflinePct=0|receiptDropPct=0|ownerCap=3000|mobileThreshold=35,5,98,626,47,COMPLETE,24,24,24,1,24,10,4,0,24,24,24,0,120,0,0,0,397,440,24,770,24,5173,1854,3,4551,300
OFAT,OWNER_CAP,DEFAULT,baseSeed=626|nTx=24|nValidators=10|nShards=4|committee=3|quorum=2|loadThreshold=75|maxTime=180|crossShardPct=0|requestOfflinePct=0|receiptDropPct=0|ownerCap=3000|mobileThreshold=35,5,99,626,62,COMPLETE,24,24,24,4,24,10,4,0,24,24,24,0,120,0,0,0,397,479,24,827,24,4711,1737,3,4198,200
OFAT,OWNER_CAP,DEFAULT,baseSeed=626|nTx=24|nValidators=10|nShards=4|committee=3|quorum=2|loadThreshold=75|maxTime=180|crossShardPct=0|requestOfflinePct=0|receiptDropPct=0|ownerCap=3000|mobileThreshold=35,5,100,626,62,COMPLETE,24,24,24,3,24,10,4,0,24,24,24,0,120,0,0,0,397,465,24,807,24,4596,1671,3,3557,200
OFAT,OWNER_CAP,HIGH,baseSeed=626|nTx=24|nValidators=10|nShards=4|committee=3|quorum=2|loadThreshold=75|maxTime=180|crossShardPct=0|requestOfflinePct=0|receiptDropPct=0|ownerCap=6000|mobileThreshold=35,5,1,626,50,COMPLETE,24,24,24,3,24,10,4,0,24,24,24,0,120,0,0,0,397,467,24,809,24,4480,1653,3,3237,300
OFAT,OWNER_CAP,HIGH,baseSeed=626|nTx=24|nValidators=10|nShards=4|committee=3|quorum=2|loadThreshold=75|maxTime=180|crossShardPct=0|requestOfflinePct=0|receiptDropPct=0|ownerCap=6000|mobileThreshold=35,5,2,626,50,COMPLETE,24,24,24,4,24,10,4,0,24,24,24,0,120,0,0,0,397,480,24,828,24,4711,1735,3,4839,200
OFAT,OWNER_CAP,HIGH,baseSeed=626|nTx=24|nValidators=10|nShards=4|committee=3|quorum=2|loadThreshold=75|maxTime=180|crossShardPct=0|requestOfflinePct=0|receiptDropPct=0|ownerCap=6000|mobileThreshold=35,5,3,626,50,COMPLETE,24,24,24,5,24,10,4,0,24,24,24,0,120,0,0,0,397,493,24,847,24,4262,1650,3,2467,200
OFAT,OWNER_CAP,HIGH,baseSeed=626|nTx=24|nValidators=10|nShards=4|committee=3|quorum=2|loadThreshold=75|maxTime=180|crossShardPct=0|requestOfflinePct=0|receiptDropPct=0|ownerCap=6000|mobileThreshold=35,5,4,626,47,COMPLETE,24,24,24,1,24,10,4,0,24,24,24,0,120,0,0,0,397,440,24,770,24,5032,1871,3,4839,300
OFAT,OWNER_CAP,HIGH,baseSeed=626|nTx=24|nValidators=10|nShards=4|committee=3|quorum=2|loadThreshold=75|maxTime=180|crossShardPct=0|requestOfflinePct=0|receiptDropPct=0|ownerCap=6000|mobileThreshold=35,5,5,626,62,COMPLETE,24,24,24,4,24,10,4,0,24,24,24,0,120,0,0,0,397,480,24,828,24,4294,1617,3,5064,200
OFAT,OWNER_CAP,HIGH,baseSeed=626|nTx=24|nValidators=10|nShards=4|committee=3|quorum=2|loadThreshold=75|maxTime=180|crossShardPct=0|requestOfflinePct=0|receiptDropPct=0|ownerCap=6000|mobileThreshold=35,5,6,626,47,COMPLETE,24,24,24,1,24,10,4,0,24,24,24,0,120,0,0,0,397,440,24,770,24,5198,1938,3,4679,300
OFAT,OWNER_CAP,HIGH,baseSeed=626|nTx=24|nValidators=10|nShards=4|committee=3|quorum=2|loadThreshold=75|maxTime=180|crossShardPct=0|requestOfflinePct=0|receiptDropPct=0|ownerCap=6000|mobileThreshold=35,5,7,626,49,COMPLETE,24,24,24,2,24,10,4,0,24,24,24,0,120,0,0,0,397,454,24,790,24,4602,1666,3,3429,200
OFAT,OWNER_CAP,HIGH,baseSeed=626|nTx=24|nValidators=10|nShards=4|committee=3|quorum=2|loadThreshold=75|maxTime=180|crossShardPct=0|requestOfflinePct=0|receiptDropPct=0|ownerCap=6000|mobileThreshold=35,5,8,626,47,COMPLETE,24,24,24,1,24,10,4,0,24,24,24,0,120,0,0,0,397,440,24,770,24,4698,1749,3,4326,300
OFAT,OWNER_CAP,HIGH,baseSeed=626|nTx=24|nValidators=10|nShards=4|committee=3|quorum=2|loadThreshold=75|maxTime=180|crossShardPct=0|requestOfflinePct=0|receiptDropPct=0|ownerCap=6000|mobileThreshold=35,5,9,626,63,COMPLETE,24,24,24,5,24,10,4,0,24,24,24,0,120,0,0,0,397,492,24,846,24,4429,1621,3,6217,200
OFAT,OWNER_CAP,HIGH,baseSeed=626|nTx=24|nValidators=10|nShards=4|committee=3|quorum=2|loadThreshold=75|maxTime=180|crossShardPct=0|requestOfflinePct=0|receiptDropPct=0|ownerCap=6000|mobileThreshold=35,5,10,626,62,COMPLETE,24,24,24,3,24,10,4,0,24,24,24,0,120,0,0,0,397,467,24,809,24,4538,1714,3,2275,300
OFAT,OWNER_CAP,HIGH,baseSeed=626|nTx=24|nValidators=10|nShards=4|committee=3|quorum=2|loadThreshold=75|maxTime=180|crossShardPct=0|requestOfflinePct=0|receiptDropPct=0|ownerCap=6000|mobileThreshold=35,5,11,626,62,COMPLETE,24,24,24,6,24,10,4,0,24,24,24,0,120,0,0,0,397,505,24,865,24,4262,1650,3,4455,200
OFAT,OWNER_CAP,HIGH,baseSeed=626|nTx=24|nValidators=10|nShards=4|committee=3|quorum=2|loadThreshold=75|maxTime=180|crossShardPct=0|requestOfflinePct=0|receiptDropPct=0|ownerCap=6000|mobileThreshold=35,5,12,626,62,COMPLETE,24,24,24,4,24,10,4,0,24,24,24,0,120,0,0,1,398,479,24,827,24,4025,1561,3,3365,900
OFAT,OWNER_CAP,HIGH,baseSeed=626|nTx=24|nValidators=10|nShards=4|committee=3|quorum=2|loadThreshold=75|maxTime=180|crossShardPct=0|requestOfflinePct=0|receiptDropPct=0|ownerCap=6000|mobileThreshold=35,5,13,626,49,COMPLETE,24,24,24,2,24,10,4,0,24,24,24,0,120,0,0,0,397,453,24,789,24,4269,1611,3,4038,200
OFAT,OWNER_CAP,HIGH,baseSeed=626|nTx=24|nValidators=10|nShards=4|committee=3|quorum=2|loadThreshold=75|maxTime=180|crossShardPct=0|requestOfflinePct=0|receiptDropPct=0|ownerCap=6000|mobileThreshold=35,5,14,626,62,COMPLETE,24,24,24,3,24,10,4,0,24,24,24,0,120,0,0,0,397,466,24,808,24,4596,1685,3,3301,200
OFAT,OWNER_CAP,HIGH,baseSeed=626|nTx=24|nValidators=10|nShards=4|committee=3|quorum=2|loadThreshold=75|maxTime=180|crossShardPct=0|requestOfflinePct=0|receiptDropPct=0|ownerCap=6000|mobileThreshold=35,5,15,626,62,COMPLETE,24,24,24,5,24,10,4,0,24,24,24,0,120,0,0,0,397,493,24,847,24,4153,1556,3,4230,200
OFAT,OWNER_CAP,HIGH,baseSeed=626|nTx=24|nValidators=10|nShards=4|committee=3|quorum=2|loadThreshold=75|maxTime=180|crossShardPct=0|requestOfflinePct=0|receiptDropPct=0|ownerCap=6000|mobileThreshold=35,5,16,626,47,COMPLETE,24,24,24,1,24,10,4,0,24,24,24,0,120,0,0,0,397,440,24,770,24,3929,1508,3,4070,300
OFAT,OWNER_CAP,HIGH,baseSeed=626|nTx=24|nValidators=10|nShards=4|committee=3|quorum=2|loadThreshold=75|maxTime=180|crossShardPct=0|requestOfflinePct=0|receiptDropPct=0|ownerCap=6000|mobileThreshold=35,5,17,626,50,COMPLETE,24,24,24,1,24,10,4,0,24,24,24,0,120,0,0,0,397,440,24,770,24,4724,1800,3,2788,300
OFAT,OWNER_CAP,HIGH,baseSeed=626|nTx=24|nValidators=10|nShards=4|committee=3|quorum=2|loadThreshold=75|maxTime=180|crossShardPct=0|requestOfflinePct=0|receiptDropPct=0|ownerCap=6000|mobileThreshold=35,5,18,626,49,COMPLETE,24,24,24,2,24,10,4,0,24,24,24,0,120,0,0,0,397,453,24,789,24,4397,1636,3,4551,200
OFAT,OWNER_CAP,HIGH,baseSeed=626|nTx=24|nValidators=10|nShards=4|committee=3|quorum=2|loadThreshold=75|maxTime=180|crossShardPct=0|requestOfflinePct=0|receiptDropPct=0|ownerCap=6000|mobileThreshold=35,5,19,626,50,COMPLETE,24,24,24,2,24,10,4,0,24,24,24,0,120,0,0,0,397,454,24,790,24,5185,1895,3,4967,200
OFAT,OWNER_CAP,HIGH,baseSeed=626|nTx=24|nValidators=10|nShards=4|committee=3|quorum=2|loadThreshold=75|maxTime=180|crossShardPct=0|requestOfflinePct=0|receiptDropPct=0|ownerCap=6000|mobileThreshold=35,5,20,626,62,COMPLETE,24,24,24,3,24,10,4,0,24,24,24,0,120,0,0,0,397,466,24,808,24,5012,1818,3,5673,200
OFAT,OWNER_CAP,HIGH,baseSeed=626|nTx=24|nValidators=10|nShards=4|committee=3|quorum=2|loadThreshold=75|maxTime=180|crossShardPct=0|requestOfflinePct=0|receiptDropPct=0|ownerCap=6000|mobileThreshold=35,5,21,626,50,COMPLETE,24,24,24,3,24,10,4,0,24,24,24,0,120,0,0,0,397,468,24,810,24,6096,2443,2,3782,300
OFAT,OWNER_CAP,HIGH,baseSeed=626|nTx=24|nValidators=10|nShards=4|committee=3|quorum=2|loadThreshold=75|maxTime=180|crossShardPct=0|requestOfflinePct=0|receiptDropPct=0|ownerCap=6000|mobileThreshold=35,5,22,626,62,COMPLETE,24,24,24,3,24,10,4,0,24,24,24,0,120,0,0,0,397,467,24,809,24,4589,1699,3,4807,200
OFAT,OWNER_CAP,HIGH,baseSeed=626|nTx=24|nValidators=10|nShards=4|committee=3|quorum=2|loadThreshold=75|maxTime=180|crossShardPct=0|requestOfflinePct=0|receiptDropPct=0|ownerCap=6000|mobileThreshold=35,5,23,626,62,COMPLETE,24,24,24,3,24,10,4,0,24,24,24,0,120,0,0,0,397,466,24,808,24,4262,1631,3,3076,200
OFAT,OWNER_CAP,HIGH,baseSeed=626|nTx=24|nValidators=10|nShards=4|committee=3|quorum=2|loadThreshold=75|maxTime=180|crossShardPct=0|requestOfflinePct=0|receiptDropPct=0|ownerCap=6000|mobileThreshold=35,5,24,626,63,COMPLETE,24,24,24,4,24,10,4,0,24,24,24,0,120,0,0,0,397,480,24,828,24,3878,1558,3,4006,200
OFAT,OWNER_CAP,HIGH,baseSeed=626|nTx=24|nValidators=10|nShards=4|committee=3|quorum=2|loadThreshold=75|maxTime=180|crossShardPct=0|requestOfflinePct=0|receiptDropPct=0|ownerCap=6000|mobileThreshold=35,5,25,626,49,COMPLETE,24,24,24,3,24,10,4,0,24,24,24,0,120,0,0,0,397,468,24,810,24,4967,1828,3,3814,300
OFAT,OWNER_CAP,HIGH,baseSeed=626|nTx=24|nValidators=10|nShards=4|committee=3|quorum=2|loadThreshold=75|maxTime=180|crossShardPct=0|requestOfflinePct=0|receiptDropPct=0|ownerCap=6000|mobileThreshold=35,5,26,626,49,COMPLETE,24,24,24,3,24,10,4,0,24,24,24,0,120,0,0,0,397,467,24,809,24,4653,1722,3,4102,200
OFAT,OWNER_CAP,HIGH,baseSeed=626|nTx=24|nValidators=10|nShards=4|committee=3|quorum=2|loadThreshold=75|maxTime=180|crossShardPct=0|requestOfflinePct=0|receiptDropPct=0|ownerCap=6000|mobileThreshold=35,5,27,626,62,COMPLETE,24,24,24,5,24,10,4,0,24,24,24,0,120,0,0,0,397,492,24,846,24,4673,1696,3,5128,200
OFAT,OWNER_CAP,HIGH,baseSeed=626|nTx=24|nValidators=10|nShards=4|committee=3|quorum=2|loadThreshold=75|maxTime=180|crossShardPct=0|requestOfflinePct=0|receiptDropPct=0|ownerCap=6000|mobileThreshold=35,5,28,626,62,COMPLETE,24,24,24,4,24,10,4,0,24,24,24,0,120,0,0,0,397,480,24,828,24,4576,1699,3,2467,200
OFAT,OWNER_CAP,HIGH,baseSeed=626|nTx=24|nValidators=10|nShards=4|committee=3|quorum=2|loadThreshold=75|maxTime=180|crossShardPct=0|requestOfflinePct=0|receiptDropPct=0|ownerCap=6000|mobileThreshold=35,5,29,626,50,COMPLETE,24,24,24,3,24,10,4,0,24,24,24,0,120,0,0,0,397,466,24,808,24,4647,1732,3,6025,300
OFAT,OWNER_CAP,HIGH,baseSeed=626|nTx=24|nValidators=10|nShards=4|committee=3|quorum=2|loadThreshold=75|maxTime=180|crossShardPct=0|requestOfflinePct=0|receiptDropPct=0|ownerCap=6000|mobileThreshold=35,5,30,626,62,COMPLETE,24,24,24,4,24,10,4,0,24,24,24,0,120,0,0,1,398,480,24,828,24,4442,1645,3,2724,700
OFAT,OWNER_CAP,HIGH,baseSeed=626|nTx=24|nValidators=10|nShards=4|committee=3|quorum=2|loadThreshold=75|maxTime=180|crossShardPct=0|requestOfflinePct=0|receiptDropPct=0|ownerCap=6000|mobileThreshold=35,5,31,626,49,COMPLETE,24,24,24,4,24,10,4,0,24,24,24,0,120,0,0,0,397,480,24,828,24,4544,1714,3,2692,200
OFAT,OWNER_CAP,HIGH,baseSeed=626|nTx=24|nValidators=10|nShards=4|committee=3|quorum=2|loadThreshold=75|maxTime=180|crossShardPct=0|requestOfflinePct=0|receiptDropPct=0|ownerCap=6000|mobileThreshold=35,5,32,626,49,COMPLETE,24,24,24,3,24,10,4,0,24,24,24,0,120,0,0,0,397,467,24,809,24,4141,1592,3,3108,200
OFAT,OWNER_CAP,HIGH,baseSeed=626|nTx=24|nValidators=10|nShards=4|committee=3|quorum=2|loadThreshold=75|maxTime=180|crossShardPct=0|requestOfflinePct=0|receiptDropPct=0|ownerCap=6000|mobileThreshold=35,5,33,626,50,COMPLETE,24,24,24,2,24,10,4,0,24,24,24,0,120,0,0,0,397,454,24,790,24,5967,2465,2,4551,200
OFAT,OWNER_CAP,HIGH,baseSeed=626|nTx=24|nValidators=10|nShards=4|committee=3|quorum=2|loadThreshold=75|maxTime=180|crossShardPct=0|requestOfflinePct=0|receiptDropPct=0|ownerCap=6000|mobileThreshold=35,5,34,626,63,COMPLETE,24,24,24,3,24,10,4,0,24,24,24,0,120,0,0,0,397,466,24,808,24,4634,1728,3,4455,300
OFAT,OWNER_CAP,HIGH,baseSeed=626|nTx=24|nValidators=10|nShards=4|committee=3|quorum=2|loadThreshold=75|maxTime=180|crossShardPct=0|requestOfflinePct=0|receiptDropPct=0|ownerCap=6000|mobileThreshold=35,5,35,626,50,COMPLETE,24,24,24,4,24,10,4,0,24,24,24,0,120,0,0,0,397,480,24,828,24,4724,1778,3,3429,200
OFAT,OWNER_CAP,HIGH,baseSeed=626|nTx=24|nValidators=10|nShards=4|committee=3|quorum=2|loadThreshold=75|maxTime=180|crossShardPct=0|requestOfflinePct=0|receiptDropPct=0|ownerCap=6000|mobileThreshold=35,5,36,626,62,COMPLETE,24,24,24,5,24,10,4,0,24,24,24,0,120,0,0,0,397,493,24,847,24,4782,1818,2,3557,200
OFAT,OWNER_CAP,HIGH,baseSeed=626|nTx=24|nValidators=10|nShards=4|committee=3|quorum=2|loadThreshold=75|maxTime=180|crossShardPct=0|requestOfflinePct=0|receiptDropPct=0|ownerCap=6000|mobileThreshold=35,5,37,626,62,COMPLETE,24,24,24,3,24,10,4,0,24,24,24,0,120,0,0,0,397,466,24,808,24,4025,1519,3,2019,200
OFAT,OWNER_CAP,HIGH,baseSeed=626|nTx=24|nValidators=10|nShards=4|committee=3|quorum=2|loadThreshold=75|maxTime=180|crossShardPct=0|requestOfflinePct=0|receiptDropPct=0|ownerCap=6000|mobileThreshold=35,5,38,626,63,COMPLETE,24,24,24,3,24,10,4,0,24,24,24,0,120,0,0,0,397,466,24,808,24,4846,1757,3,3429,200
OFAT,OWNER_CAP,HIGH,baseSeed=626|nTx=24|nValidators=10|nShards=4|committee=3|quorum=2|loadThreshold=75|maxTime=180|crossShardPct=0|requestOfflinePct=0|receiptDropPct=0|ownerCap=6000|mobileThreshold=35,5,39,626,62,COMPLETE,24,24,24,4,24,10,4,0,24,24,24,0,120,0,0,0,397,480,24,828,24,4673,1683,3,2403,200
OFAT,OWNER_CAP,HIGH,baseSeed=626|nTx=24|nValidators=10|nShards=4|committee=3|quorum=2|loadThreshold=75|maxTime=180|crossShardPct=0|requestOfflinePct=0|receiptDropPct=0|ownerCap=6000|mobileThreshold=35,5,40,626,47,COMPLETE,24,24,24,1,24,10,4,0,24,24,24,0,120,0,0,0,397,440,24,770,24,4493,1644,3,4775,300
OFAT,OWNER_CAP,HIGH,baseSeed=626|nTx=24|nValidators=10|nShards=4|committee=3|quorum=2|loadThreshold=75|maxTime=180|crossShardPct=0|requestOfflinePct=0|receiptDropPct=0|ownerCap=6000|mobileThreshold=35,5,41,626,62,COMPLETE,24,24,24,3,24,10,4,0,24,24,24,0,120,0,0,0,397,467,24,809,24,4320,1598,3,2467,200
OFAT,OWNER_CAP,HIGH,baseSeed=626|nTx=24|nValidators=10|nShards=4|committee=3|quorum=2|loadThreshold=75|maxTime=180|crossShardPct=0|requestOfflinePct=0|receiptDropPct=0|ownerCap=6000|mobileThreshold=35,5,42,626,50,COMPLETE,24,24,24,3,24,10,4,0,24,24,24,0,120,0,0,0,397,467,24,809,24,4891,1783,3,5064,300
OFAT,OWNER_CAP,HIGH,baseSeed=626|nTx=24|nValidators=10|nShards=4|committee=3|quorum=2|loadThreshold=75|maxTime=180|crossShardPct=0|requestOfflinePct=0|receiptDropPct=0|ownerCap=6000|mobileThreshold=35,5,43,626,62,COMPLETE,24,24,24,5,24,10,4,0,24,24,24,0,120,0,0,0,397,491,24,845,24,4884,1969,2,3461,300
OFAT,OWNER_CAP,HIGH,baseSeed=626|nTx=24|nValidators=10|nShards=4|committee=3|quorum=2|loadThreshold=75|maxTime=180|crossShardPct=0|requestOfflinePct=0|receiptDropPct=0|ownerCap=6000|mobileThreshold=35,5,44,626,63,COMPLETE,24,24,24,5,24,10,4,0,24,24,24,0,120,0,0,0,397,493,24,847,24,4416,1645,3,3108,200
OFAT,OWNER_CAP,HIGH,baseSeed=626|nTx=24|nValidators=10|nShards=4|committee=3|quorum=2|loadThreshold=75|maxTime=180|crossShardPct=0|requestOfflinePct=0|receiptDropPct=0|ownerCap=6000|mobileThreshold=35,5,45,626,50,COMPLETE,24,24,24,2,24,10,4,0,24,24,24,0,120,0,0,0,397,454,24,790,24,5865,2401,2,3910,200
OFAT,OWNER_CAP,HIGH,baseSeed=626|nTx=24|nValidators=10|nShards=4|committee=3|quorum=2|loadThreshold=75|maxTime=180|crossShardPct=0|requestOfflinePct=0|receiptDropPct=0|ownerCap=6000|mobileThreshold=35,5,46,626,49,COMPLETE,24,24,24,2,24,10,4,0,24,24,24,0,120,0,0,0,397,454,24,790,24,4576,1699,3,3237,200
OFAT,OWNER_CAP,HIGH,baseSeed=626|nTx=24|nValidators=10|nShards=4|committee=3|quorum=2|loadThreshold=75|maxTime=180|crossShardPct=0|requestOfflinePct=0|receiptDropPct=0|ownerCap=6000|mobileThreshold=35,5,47,626,63,COMPLETE,24,24,24,4,24,10,4,0,24,24,24,0,120,0,0,0,397,480,24,828,24,4750,1737,3,5993,200
OFAT,OWNER_CAP,HIGH,baseSeed=626|nTx=24|nValidators=10|nShards=4|committee=3|quorum=2|loadThreshold=75|maxTime=180|crossShardPct=0|requestOfflinePct=0|receiptDropPct=0|ownerCap=6000|mobileThreshold=35,5,48,626,49,COMPLETE,24,24,24,3,24,10,4,0,24,24,24,0,120,0,0,0,397,468,24,810,24,4519,1673,3,2467,200
OFAT,OWNER_CAP,HIGH,baseSeed=626|nTx=24|nValidators=10|nShards=4|committee=3|quorum=2|loadThreshold=75|maxTime=180|crossShardPct=0|requestOfflinePct=0|receiptDropPct=0|ownerCap=6000|mobileThreshold=35,5,49,626,62,COMPLETE,24,24,24,5,24,10,4,0,24,24,24,0,120,0,0,0,397,490,24,844,24,4839,1760,3,4839,300
OFAT,OWNER_CAP,HIGH,baseSeed=626|nTx=24|nValidators=10|nShards=4|committee=3|quorum=2|loadThreshold=75|maxTime=180|crossShardPct=0|requestOfflinePct=0|receiptDropPct=0|ownerCap=6000|mobileThreshold=35,5,50,626,62,COMPLETE,24,24,24,3,24,10,4,0,24,24,24,0,120,0,0,0,397,467,24,809,24,4134,1581,3,3108,200
OFAT,OWNER_CAP,HIGH,baseSeed=626|nTx=24|nValidators=10|nShards=4|committee=3|quorum=2|loadThreshold=75|maxTime=180|crossShardPct=0|requestOfflinePct=0|receiptDropPct=0|ownerCap=6000|mobileThreshold=35,5,51,626,50,COMPLETE,24,24,24,3,24,10,4,0,24,24,24,0,120,0,0,0,397,466,24,808,24,4897,1783,3,4679,300
OFAT,OWNER_CAP,HIGH,baseSeed=626|nTx=24|nValidators=10|nShards=4|committee=3|quorum=2|loadThreshold=75|maxTime=180|crossShardPct=0|requestOfflinePct=0|receiptDropPct=0|ownerCap=6000|mobileThreshold=35,5,52,626,49,COMPLETE,24,24,24,2,24,10,4,0,24,24,24,0,120,0,0,0,397,453,24,789,24,4730,1730,3,2339,200
OFAT,OWNER_CAP,HIGH,baseSeed=626|nTx=24|nValidators=10|nShards=4|committee=3|quorum=2|loadThreshold=75|maxTime=180|crossShardPct=0|requestOfflinePct=0|receiptDropPct=0|ownerCap=6000|mobileThreshold=35,5,53,626,50,COMPLETE,24,24,24,3,24,10,4,0,24,24,24,0,120,0,0,0,397,467,24,809,24,4826,1762,3,4038,200
OFAT,OWNER_CAP,HIGH,baseSeed=626|nTx=24|nValidators=10|nShards=4|committee=3|quorum=2|loadThreshold=75|maxTime=180|crossShardPct=0|requestOfflinePct=0|receiptDropPct=0|ownerCap=6000|mobileThreshold=35,5,54,626,62,COMPLETE,24,24,24,4,24,10,4,0,24,24,24,0,120,0,0,1,398,479,24,827,24,4173,1586,3,4647,700
OFAT,OWNER_CAP,HIGH,baseSeed=626|nTx=24|nValidators=10|nShards=4|committee=3|quorum=2|loadThreshold=75|maxTime=180|crossShardPct=0|requestOfflinePct=0|receiptDropPct=0|ownerCap=6000|mobileThreshold=35,5,55,626,49,COMPLETE,24,24,24,1,24,10,4,0,24,24,24,0,120,0,0,0,397,440,24,770,24,4173,1594,3,2884,300
OFAT,OWNER_CAP,HIGH,baseSeed=626|nTx=24|nValidators=10|nShards=4|committee=3|quorum=2|loadThreshold=75|maxTime=180|crossShardPct=0|requestOfflinePct=0|receiptDropPct=0|ownerCap=6000|mobileThreshold=35,5,56,626,50,COMPLETE,24,24,24,4,24,10,4,0,24,24,24,0,120,0,0,0,397,480,24,828,24,4416,1649,3,4679,300
OFAT,OWNER_CAP,HIGH,baseSeed=626|nTx=24|nValidators=10|nShards=4|committee=3|quorum=2|loadThreshold=75|maxTime=180|crossShardPct=0|requestOfflinePct=0|receiptDropPct=0|ownerCap=6000|mobileThreshold=35,5,57,626,63,COMPLETE,24,24,24,3,24,10,4,0,24,24,24,0,120,0,0,0,397,466,24,808,24,4282,1600,3,3108,200
OFAT,OWNER_CAP,HIGH,baseSeed=626|nTx=24|nValidators=10|nShards=4|committee=3|quorum=2|loadThreshold=75|maxTime=180|crossShardPct=0|requestOfflinePct=0|receiptDropPct=0|ownerCap=6000|mobileThreshold=35,5,58,626,63,COMPLETE,24,24,24,6,24,10,4,0,24,24,24,0,120,0,0,0,397,506,24,866,24,4826,1762,3,4038,200
OFAT,OWNER_CAP,HIGH,baseSeed=626|nTx=24|nValidators=10|nShards=4|committee=3|quorum=2|loadThreshold=75|maxTime=180|crossShardPct=0|requestOfflinePct=0|receiptDropPct=0|ownerCap=6000|mobileThreshold=35,5,59,626,48,COMPLETE,24,24,24,2,24,10,4,0,24,24,24,0,120,0,0,0,397,454,24,790,24,4826,1806,3,2467,200
OFAT,OWNER_CAP,HIGH,baseSeed=626|nTx=24|nValidators=10|nShards=4|committee=3|quorum=2|loadThreshold=75|maxTime=180|crossShardPct=0|requestOfflinePct=0|receiptDropPct=0|ownerCap=6000|mobileThreshold=35,5,60,626,49,COMPLETE,24,24,24,2,24,10,4,0,24,24,24,0,120,0,0,0,397,454,24,790,24,4653,1722,3,4551,200
OFAT,OWNER_CAP,HIGH,baseSeed=626|nTx=24|nValidators=10|nShards=4|committee=3|quorum=2|loadThreshold=75|maxTime=180|crossShardPct=0|requestOfflinePct=0|receiptDropPct=0|ownerCap=6000|mobileThreshold=35,5,61,626,50,COMPLETE,24,24,24,4,24,10,4,0,24,24,24,0,120,0,0,1,398,481,24,829,24,4756,1780,3,2403,600
OFAT,OWNER_CAP,HIGH,baseSeed=626|nTx=24|nValidators=10|nShards=4|committee=3|quorum=2|loadThreshold=75|maxTime=180|crossShardPct=0|requestOfflinePct=0|receiptDropPct=0|ownerCap=6000|mobileThreshold=35,5,62,626,62,COMPLETE,24,24,24,3,24,10,4,0,24,24,24,0,120,0,0,0,397,466,24,808,24,4910,1781,3,5128,200
OFAT,OWNER_CAP,HIGH,baseSeed=626|nTx=24|nValidators=10|nShards=4|committee=3|quorum=2|loadThreshold=75|maxTime=180|crossShardPct=0|requestOfflinePct=0|receiptDropPct=0|ownerCap=6000|mobileThreshold=35,5,63,626,50,COMPLETE,24,24,24,3,24,10,4,0,24,24,24,0,120,0,0,1,398,466,24,808,24,4467,1676,3,3750,800
OFAT,OWNER_CAP,HIGH,baseSeed=626|nTx=24|nValidators=10|nShards=4|committee=3|quorum=2|loadThreshold=75|maxTime=180|crossShardPct=0|requestOfflinePct=0|receiptDropPct=0|ownerCap=6000|mobileThreshold=35,5,64,626,62,COMPLETE,24,24,24,4,24,10,4,0,24,24,24,0,120,0,0,0,397,480,24,828,24,4916,1785,3,4903,300
OFAT,OWNER_CAP,HIGH,baseSeed=626|nTx=24|nValidators=10|nShards=4|committee=3|quorum=2|loadThreshold=75|maxTime=180|crossShardPct=0|requestOfflinePct=0|receiptDropPct=0|ownerCap=6000|mobileThreshold=35,5,65,626,62,COMPLETE,24,24,24,3,24,10,4,0,24,24,24,0,120,0,0,0,397,466,24,808,24,4788,1757,3,4262,200
OFAT,OWNER_CAP,HIGH,baseSeed=626|nTx=24|nValidators=10|nShards=4|committee=3|quorum=2|loadThreshold=75|maxTime=180|crossShardPct=0|requestOfflinePct=0|receiptDropPct=0|ownerCap=6000|mobileThreshold=35,5,66,626,50,COMPLETE,24,24,24,4,24,10,4,0,24,24,24,0,120,0,0,0,397,479,24,827,24,4705,1768,3,2692,200
OFAT,OWNER_CAP,HIGH,baseSeed=626|nTx=24|nValidators=10|nShards=4|committee=3|quorum=2|loadThreshold=75|maxTime=180|crossShardPct=0|requestOfflinePct=0|receiptDropPct=0|ownerCap=6000|mobileThreshold=35,5,67,626,49,COMPLETE,24,24,24,3,24,10,4,0,24,24,24,0,120,0,0,0,397,468,24,810,24,4820,1819,2,6891,100
OFAT,OWNER_CAP,HIGH,baseSeed=626|nTx=24|nValidators=10|nShards=4|committee=3|quorum=2|loadThreshold=75|maxTime=180|crossShardPct=0|requestOfflinePct=0|receiptDropPct=0|ownerCap=6000|mobileThreshold=35,5,68,626,49,COMPLETE,24,24,24,1,24,10,4,0,24,24,24,0,120,0,0,0,397,442,24,772,24,4121,1576,3,3141,300
OFAT,OWNER_CAP,HIGH,baseSeed=626|nTx=24|nValidators=10|nShards=4|committee=3|quorum=2|loadThreshold=75|maxTime=180|crossShardPct=0|requestOfflinePct=0|receiptDropPct=0|ownerCap=6000|mobileThreshold=35,5,69,626,47,COMPLETE,24,24,24,1,24,10,4,0,24,24,24,0,120,0,0,0,397,440,24,770,24,5108,1915,3,5064,300
OFAT,OWNER_CAP,HIGH,baseSeed=626|nTx=24|nValidators=10|nShards=4|committee=3|quorum=2|loadThreshold=75|maxTime=180|crossShardPct=0|requestOfflinePct=0|receiptDropPct=0|ownerCap=6000|mobileThreshold=35,5,70,626,50,COMPLETE,24,24,24,4,24,10,4,0,24,24,24,0,120,0,0,0,397,480,24,828,24,3955,1544,3,3044,200
OFAT,OWNER_CAP,HIGH,baseSeed=626|nTx=24|nValidators=10|nShards=4|committee=3|quorum=2|loadThreshold=75|maxTime=180|crossShardPct=0|requestOfflinePct=0|receiptDropPct=0|ownerCap=6000|mobileThreshold=35,5,71,626,50,COMPLETE,24,24,24,3,24,10,4,0,24,24,24,0,120,0,0,0,397,466,24,808,24,4852,1779,3,4775,300
OFAT,OWNER_CAP,HIGH,baseSeed=626|nTx=24|nValidators=10|nShards=4|committee=3|quorum=2|loadThreshold=75|maxTime=180|crossShardPct=0|requestOfflinePct=0|receiptDropPct=0|ownerCap=6000|mobileThreshold=35,5,72,626,47,COMPLETE,24,24,24,1,24,10,4,0,24,24,24,0,120,0,0,0,397,439,24,769,24,3891,1519,3,3173,300
OFAT,OWNER_CAP,HIGH,baseSeed=626|nTx=24|nValidators=10|nShards=4|committee=3|quorum=2|loadThreshold=75|maxTime=180|crossShardPct=0|requestOfflinePct=0|receiptDropPct=0|ownerCap=6000|mobileThreshold=35,5,73,626,49,COMPLETE,24,24,24,3,24,10,4,0,24,24,24,0,120,0,0,0,397,467,24,809,24,4730,1730,3,4551,200
OFAT,OWNER_CAP,HIGH,baseSeed=626|nTx=24|nValidators=10|nShards=4|committee=3|quorum=2|loadThreshold=75|maxTime=180|crossShardPct=0|requestOfflinePct=0|receiptDropPct=0|ownerCap=6000|mobileThreshold=35,5,74,626,62,COMPLETE,24,24,24,3,24,10,4,0,24,24,24,0,120,0,0,0,397,467,24,809,24,4096,1579,3,5641,200
OFAT,OWNER_CAP,HIGH,baseSeed=626|nTx=24|nValidators=10|nShards=4|committee=3|quorum=2|loadThreshold=75|maxTime=180|crossShardPct=0|requestOfflinePct=0|receiptDropPct=0|ownerCap=6000|mobileThreshold=35,5,75,626,50,COMPLETE,24,24,24,3,24,10,4,0,24,24,24,0,120,0,0,0,397,468,24,810,24,5044,1888,3,3044,100
OFAT,OWNER_CAP,HIGH,baseSeed=626|nTx=24|nValidators=10|nShards=4|committee=3|quorum=2|loadThreshold=75|maxTime=180|crossShardPct=0|requestOfflinePct=0|receiptDropPct=0|ownerCap=6000|mobileThreshold=35,5,76,626,62,COMPLETE,24,24,24,3,24,10,4,0,24,24,24,0,120,0,0,0,397,465,24,807,24,4217,1600,3,2980,200
OFAT,OWNER_CAP,HIGH,baseSeed=626|nTx=24|nValidators=10|nShards=4|committee=3|quorum=2|loadThreshold=75|maxTime=180|crossShardPct=0|requestOfflinePct=0|receiptDropPct=0|ownerCap=6000|mobileThreshold=35,5,77,626,63,COMPLETE,24,24,24,4,24,10,4,0,24,24,24,0,120,0,0,0,397,480,24,828,24,4532,1675,3,3750,200
OFAT,OWNER_CAP,HIGH,baseSeed=626|nTx=24|nValidators=10|nShards=4|committee=3|quorum=2|loadThreshold=75|maxTime=180|crossShardPct=0|requestOfflinePct=0|receiptDropPct=0|ownerCap=6000|mobileThreshold=35,5,78,626,62,COMPLETE,24,24,24,4,24,10,4,0,24,24,24,0,120,0,0,0,397,480,24,828,24,4519,1660,3,5737,200
OFAT,OWNER_CAP,HIGH,baseSeed=626|nTx=24|nValidators=10|nShards=4|committee=3|quorum=2|loadThreshold=75|maxTime=180|crossShardPct=0|requestOfflinePct=0|receiptDropPct=0|ownerCap=6000|mobileThreshold=35,5,79,626,49,COMPLETE,24,24,24,2,24,10,4,0,24,24,24,0,120,0,0,0,397,455,24,791,24,3955,1513,3,2756,200
OFAT,OWNER_CAP,HIGH,baseSeed=626|nTx=24|nValidators=10|nShards=4|committee=3|quorum=2|loadThreshold=75|maxTime=180|crossShardPct=0|requestOfflinePct=0|receiptDropPct=0|ownerCap=6000|mobileThreshold=35,5,80,626,49,COMPLETE,24,24,24,1,24,10,4,0,24,24,24,0,120,0,0,0,397,442,24,772,24,4256,1583,3,4519,300
OFAT,OWNER_CAP,HIGH,baseSeed=626|nTx=24|nValidators=10|nShards=4|committee=3|quorum=2|loadThreshold=75|maxTime=180|crossShardPct=0|requestOfflinePct=0|receiptDropPct=0|ownerCap=6000|mobileThreshold=35,5,81,626,62,COMPLETE,24,24,24,6,24,10,4,0,24,24,24,0,120,0,0,0,397,505,24,865,24,3961,1499,3,4102,200
OFAT,OWNER_CAP,HIGH,baseSeed=626|nTx=24|nValidators=10|nShards=4|committee=3|quorum=2|loadThreshold=75|maxTime=180|crossShardPct=0|requestOfflinePct=0|receiptDropPct=0|ownerCap=6000|mobileThreshold=35,5,82,626,62,COMPLETE,24,24,24,5,24,10,4,0,24,24,24,0,120,0,0,0,397,492,24,846,24,3903,1509,3,4006,200
OFAT,OWNER_CAP,HIGH,baseSeed=626|nTx=24|nValidators=10|nShards=4|committee=3|quorum=2|loadThreshold=75|maxTime=180|crossShardPct=0|requestOfflinePct=0|receiptDropPct=0|ownerCap=6000|mobileThreshold=35,5,83,626,63,COMPLETE,24,24,24,4,24,10,4,0,24,24,24,0,120,0,0,0,397,480,24,828,24,5038,1829,3,2980,200
OFAT,OWNER_CAP,HIGH,baseSeed=626|nTx=24|nValidators=10|nShards=4|committee=3|quorum=2|loadThreshold=75|maxTime=180|crossShardPct=0|requestOfflinePct=0|receiptDropPct=0|ownerCap=6000|mobileThreshold=35,5,84,626,63,COMPLETE,24,24,24,5,24,10,4,0,24,24,24,0,120,0,0,0,397,493,24,847,24,4442,1636,3,4038,200
OFAT,OWNER_CAP,HIGH,baseSeed=626|nTx=24|nValidators=10|nShards=4|committee=3|quorum=2|loadThreshold=75|maxTime=180|crossShardPct=0|requestOfflinePct=0|receiptDropPct=0|ownerCap=6000|mobileThreshold=35,5,85,626,48,COMPLETE,24,24,24,2,24,10,4,0,24,24,24,0,120,0,0,0,397,454,24,790,24,4519,1673,3,4647,200
OFAT,OWNER_CAP,HIGH,baseSeed=626|nTx=24|nValidators=10|nShards=4|committee=3|quorum=2|loadThreshold=75|maxTime=180|crossShardPct=0|requestOfflinePct=0|receiptDropPct=0|ownerCap=6000|mobileThreshold=35,5,86,626,63,COMPLETE,24,24,24,5,24,10,4,0,24,24,24,0,120,0,0,0,397,492,24,846,24,4634,1725,3,2564,200
OFAT,OWNER_CAP,HIGH,baseSeed=626|nTx=24|nValidators=10|nShards=4|committee=3|quorum=2|loadThreshold=75|maxTime=180|crossShardPct=0|requestOfflinePct=0|receiptDropPct=0|ownerCap=6000|mobileThreshold=35,5,87,626,48,COMPLETE,24,24,24,2,24,10,4,0,24,24,24,0,120,0,0,0,397,454,24,790,24,4378,1645,3,3621,200
OFAT,OWNER_CAP,HIGH,baseSeed=626|nTx=24|nValidators=10|nShards=4|committee=3|quorum=2|loadThreshold=75|maxTime=180|crossShardPct=0|requestOfflinePct=0|receiptDropPct=0|ownerCap=6000|mobileThreshold=35,5,88,626,47,COMPLETE,24,24,24,1,24,10,4,0,24,24,24,0,120,0,0,0,397,439,24,769,24,4897,1783,3,2820,300
OFAT,OWNER_CAP,HIGH,baseSeed=626|nTx=24|nValidators=10|nShards=4|committee=3|quorum=2|loadThreshold=75|maxTime=180|crossShardPct=0|requestOfflinePct=0|receiptDropPct=0|ownerCap=6000|mobileThreshold=35,5,89,626,62,COMPLETE,24,24,24,4,24,10,4,0,24,24,24,0,120,0,0,0,397,480,24,828,24,4262,1631,3,3589,200
OFAT,OWNER_CAP,HIGH,baseSeed=626|nTx=24|nValidators=10|nShards=4|committee=3|quorum=2|loadThreshold=75|maxTime=180|crossShardPct=0|requestOfflinePct=0|receiptDropPct=0|ownerCap=6000|mobileThreshold=35,5,90,626,50,COMPLETE,24,24,24,2,24,10,4,0,24,24,24,0,120,0,0,0,397,454,24,790,24,5089,1861,3,3557,200
OFAT,OWNER_CAP,HIGH,baseSeed=626|nTx=24|nValidators=10|nShards=4|committee=3|quorum=2|loadThreshold=75|maxTime=180|crossShardPct=0|requestOfflinePct=0|receiptDropPct=0|ownerCap=6000|mobileThreshold=35,5,91,626,50,COMPLETE,24,24,24,3,24,10,4,0,24,24,24,0,120,0,0,0,397,466,24,808,24,4455,1649,3,4294,300
OFAT,OWNER_CAP,HIGH,baseSeed=626|nTx=24|nValidators=10|nShards=4|committee=3|quorum=2|loadThreshold=75|maxTime=180|crossShardPct=0|requestOfflinePct=0|receiptDropPct=0|ownerCap=6000|mobileThreshold=35,5,92,626,49,COMPLETE,24,24,24,2,24,10,4,0,24,24,24,0,120,0,0,0,397,454,24,790,24,4474,1658,3,4679,200
OFAT,OWNER_CAP,HIGH,baseSeed=626|nTx=24|nValidators=10|nShards=4|committee=3|quorum=2|loadThreshold=75|maxTime=180|crossShardPct=0|requestOfflinePct=0|receiptDropPct=0|ownerCap=6000|mobileThreshold=35,5,93,626,50,COMPLETE,24,24,24,3,24,10,4,0,24,24,24,0,120,0,0,0,397,465,24,807,24,4833,1760,3,4455,300
OFAT,OWNER_CAP,HIGH,baseSeed=626|nTx=24|nValidators=10|nShards=4|committee=3|quorum=2|loadThreshold=75|maxTime=180|crossShardPct=0|requestOfflinePct=0|receiptDropPct=0|ownerCap=6000|mobileThreshold=35,5,94,626,48,COMPLETE,24,24,24,2,24,10,4,0,24,24,24,0,120,0,0,0,397,454,24,790,24,4878,1763,3,4455,200
OFAT,OWNER_CAP,HIGH,baseSeed=626|nTx=24|nValidators=10|nShards=4|committee=3|quorum=2|loadThreshold=75|maxTime=180|crossShardPct=0|requestOfflinePct=0|receiptDropPct=0|ownerCap=6000|mobileThreshold=35,5,95,626,50,COMPLETE,24,24,24,3,24,10,4,0,24,24,24,0,120,0,0,0,397,467,24,809,24,4262,1613,3,3397,100
OFAT,OWNER_CAP,HIGH,baseSeed=626|nTx=24|nValidators=10|nShards=4|committee=3|quorum=2|loadThreshold=75|maxTime=180|crossShardPct=0|requestOfflinePct=0|receiptDropPct=0|ownerCap=6000|mobileThreshold=35,5,96,626,48,COMPLETE,24,24,24,2,24,10,4,0,24,24,24,0,120,0,0,0,397,453,24,789,24,5057,1812,3,4262,200
OFAT,OWNER_CAP,HIGH,baseSeed=626|nTx=24|nValidators=10|nShards=4|committee=3|quorum=2|loadThreshold=75|maxTime=180|crossShardPct=0|requestOfflinePct=0|receiptDropPct=0|ownerCap=6000|mobileThreshold=35,5,97,626,62,COMPLETE,24,24,24,3,24,10,4,0,24,24,24,0,120,0,0,0,397,466,24,808,24,4826,1749,3,2403,200
OFAT,OWNER_CAP,HIGH,baseSeed=626|nTx=24|nValidators=10|nShards=4|committee=3|quorum=2|loadThreshold=75|maxTime=180|crossShardPct=0|requestOfflinePct=0|receiptDropPct=0|ownerCap=6000|mobileThreshold=35,5,98,626,50,COMPLETE,24,24,24,3,24,10,4,0,24,24,24,0,120,0,0,0,397,466,24,808,24,5057,1829,3,4839,300
OFAT,OWNER_CAP,HIGH,baseSeed=626|nTx=24|nValidators=10|nShards=4|committee=3|quorum=2|loadThreshold=75|maxTime=180|crossShardPct=0|requestOfflinePct=0|receiptDropPct=0|ownerCap=6000|mobileThreshold=35,5,99,626,50,COMPLETE,24,24,24,2,24,10,4,0,24,24,24,0,120,0,0,0,397,454,24,790,24,4455,1649,3,4134,300
OFAT,OWNER_CAP,HIGH,baseSeed=626|nTx=24|nValidators=10|nShards=4|committee=3|quorum=2|loadThreshold=75|maxTime=180|crossShardPct=0|requestOfflinePct=0|receiptDropPct=0|ownerCap=6000|mobileThreshold=35,5,100,626,50,COMPLETE,24,24,24,2,24,10,4,0,24,24,24,0,120,0,0,0,397,454,24,790,24,4724,1739,3,2307,200
OFAT,MOBILE_THRESHOLD,LOW,baseSeed=626|nTx=24|nValidators=10|nShards=4|committee=4|quorum=3|loadThreshold=75|maxTime=180|crossShardPct=0|requestOfflinePct=0|receiptDropPct=0|ownerCap=3000|mobileThreshold=25,6,1,626,47,COMPLETE,24,24,24,1,24,6,4,1,24,24,24,0,137,2,2,0,447,439,24,769,24,6109,2307,2,3959,300
OFAT,MOBILE_THRESHOLD,LOW,baseSeed=626|nTx=24|nValidators=10|nShards=4|committee=4|quorum=3|loadThreshold=75|maxTime=180|crossShardPct=0|requestOfflinePct=0|receiptDropPct=0|ownerCap=3000|mobileThreshold=25,6,2,626,62,COMPLETE,24,24,24,4,24,6,4,1,24,24,24,0,137,2,2,0,447,480,24,828,24,5872,2422,2,4104,200
OFAT,MOBILE_THRESHOLD,LOW,baseSeed=626|nTx=24|nValidators=10|nShards=4|committee=4|quorum=3|loadThreshold=75|maxTime=180|crossShardPct=0|requestOfflinePct=0|receiptDropPct=0|ownerCap=3000|mobileThreshold=25,6,3,626,62,COMPLETE,24,24,24,4,24,6,4,2,24,24,24,0,137,2,2,0,447,480,24,828,24,6034,2271,2,3063,200
OFAT,MOBILE_THRESHOLD,LOW,baseSeed=626|nTx=24|nValidators=10|nShards=4|committee=4|quorum=3|loadThreshold=75|maxTime=180|crossShardPct=0|requestOfflinePct=0|receiptDropPct=0|ownerCap=3000|mobileThreshold=25,6,4,626,50,COMPLETE,24,24,24,1,24,6,4,1,24,24,24,0,136,2,2,0,447,440,24,770,24,5848,2263,2,3720,300
OFAT,MOBILE_THRESHOLD,LOW,baseSeed=626|nTx=24|nValidators=10|nShards=4|committee=4|quorum=3|loadThreshold=75|maxTime=180|crossShardPct=0|requestOfflinePct=0|receiptDropPct=0|ownerCap=3000|mobileThreshold=25,6,5,626,62,COMPLETE,24,24,24,3,24,6,4,1,24,24,24,0,137,2,2,0,447,467,24,809,24,6861,3040,2,4624,300
OFAT,MOBILE_THRESHOLD,LOW,baseSeed=626|nTx=24|nValidators=10|nShards=4|committee=4|quorum=3|loadThreshold=75|maxTime=180|crossShardPct=0|requestOfflinePct=0|receiptDropPct=0|ownerCap=3000|mobileThreshold=25,6,6,626,50,COMPLETE,24,24,24,2,24,6,4,1,24,24,24,0,137,2,2,0,447,454,24,790,24,6606,2723,2,4161,200
OFAT,MOBILE_THRESHOLD,LOW,baseSeed=626|nTx=24|nValidators=10|nShards=4|committee=4|quorum=3|loadThreshold=75|maxTime=180|crossShardPct=0|requestOfflinePct=0|receiptDropPct=0|ownerCap=3000|mobileThreshold=25,6,7,626,62,COMPLETE,24,24,24,3,24,6,4,1,24,24,24,0,135,2,2,0,447,467,24,809,24,6081,2316,2,3333,200
OFAT,MOBILE_THRESHOLD,LOW,baseSeed=626|nTx=24|nValidators=10|nShards=4|committee=4|quorum=3|loadThreshold=75|maxTime=180|crossShardPct=0|requestOfflinePct=0|receiptDropPct=0|ownerCap=3000|mobileThreshold=25,6,8,626,48,COMPLETE,24,24,24,2,24,6,4,1,24,24,24,0,138,2,2,1,448,453,24,789,24,5419,2012,3,2729,600
OFAT,MOBILE_THRESHOLD,LOW,baseSeed=626|nTx=24|nValidators=10|nShards=4|committee=4|quorum=3|loadThreshold=75|maxTime=180|crossShardPct=0|requestOfflinePct=0|receiptDropPct=0|ownerCap=3000|mobileThreshold=25,6,9,626,49,COMPLETE,24,24,24,2,24,6,4,1,24,24,24,0,136,2,2,1,448,454,24,790,24,5610,2079,3,2761,600
OFAT,MOBILE_THRESHOLD,LOW,baseSeed=626|nTx=24|nValidators=10|nShards=4|committee=4|quorum=3|loadThreshold=75|maxTime=180|crossShardPct=0|requestOfflinePct=0|receiptDropPct=0|ownerCap=3000|mobileThreshold=25,6,10,626,62,COMPLETE,24,24,24,4,24,6,4,1,24,24,24,0,137,2,2,0,447,480,24,828,24,5439,2003,3,2456,200
OFAT,MOBILE_THRESHOLD,LOW,baseSeed=626|nTx=24|nValidators=10|nShards=4|committee=4|quorum=3|loadThreshold=75|maxTime=180|crossShardPct=0|requestOfflinePct=0|receiptDropPct=0|ownerCap=3000|mobileThreshold=25,6,11,626,50,COMPLETE,24,24,24,3,24,6,4,1,24,24,24,0,137,2,2,0,447,467,24,809,24,6063,2295,2,3352,300
OFAT,MOBILE_THRESHOLD,LOW,baseSeed=626|nTx=24|nValidators=10|nShards=4|committee=4|quorum=3|loadThreshold=75|maxTime=180|crossShardPct=0|requestOfflinePct=0|receiptDropPct=0|ownerCap=3000|mobileThreshold=25,6,12,626,62,COMPLETE,24,24,24,2,24,6,4,1,24,24,24,0,135,2,2,0,447,454,24,790,24,5368,1987,3,2426,300
OFAT,MOBILE_THRESHOLD,LOW,baseSeed=626|nTx=24|nValidators=10|nShards=4|committee=4|quorum=3|loadThreshold=75|maxTime=180|crossShardPct=0|requestOfflinePct=0|receiptDropPct=0|ownerCap=3000|mobileThreshold=25,6,13,626,62,COMPLETE,24,24,24,4,24,6,4,2,24,24,24,0,138,2,2,0,447,480,24,828,24,6436,2876,2,3678,300
OFAT,MOBILE_THRESHOLD,LOW,baseSeed=626|nTx=24|nValidators=10|nShards=4|committee=4|quorum=3|loadThreshold=75|maxTime=180|crossShardPct=0|requestOfflinePct=0|receiptDropPct=0|ownerCap=3000|mobileThreshold=25,6,14,626,50,COMPLETE,24,24,24,2,24,6,4,0,24,24,24,0,137,2,2,0,447,453,24,789,24,5219,1895,3,2890,300
OFAT,MOBILE_THRESHOLD,LOW,baseSeed=626|nTx=24|nValidators=10|nShards=4|committee=4|quorum=3|loadThreshold=75|maxTime=180|crossShardPct=0|requestOfflinePct=0|receiptDropPct=0|ownerCap=3000|mobileThreshold=25,6,15,626,49,COMPLETE,24,24,24,4,24,6,4,2,24,24,24,0,137,2,2,0,447,478,24,826,24,5994,2299,2,3497,300
OFAT,MOBILE_THRESHOLD,LOW,baseSeed=626|nTx=24|nValidators=10|nShards=4|committee=4|quorum=3|loadThreshold=75|maxTime=180|crossShardPct=0|requestOfflinePct=0|receiptDropPct=0|ownerCap=3000|mobileThreshold=25,6,16,626,49,COMPLETE,24,24,24,1,24,6,4,1,24,24,24,0,136,2,2,0,447,440,24,770,24,6313,2465,2,3633,300
OFAT,MOBILE_THRESHOLD,LOW,baseSeed=626|nTx=24|nValidators=10|nShards=4|committee=4|quorum=3|loadThreshold=75|maxTime=180|crossShardPct=0|requestOfflinePct=0|receiptDropPct=0|ownerCap=3000|mobileThreshold=25,6,17,626,62,COMPLETE,24,24,24,6,24,6,4,1,24,24,24,0,134,2,2,0,447,505,24,865,24,6064,2374,2,3764,400
OFAT,MOBILE_THRESHOLD,LOW,baseSeed=626|nTx=24|nValidators=10|nShards=4|committee=4|quorum=3|loadThreshold=75|maxTime=180|crossShardPct=0|requestOfflinePct=0|receiptDropPct=0|ownerCap=3000|mobileThreshold=25,6,18,626,62,COMPLETE,24,24,24,5,24,6,4,1,24,24,24,0,138,2,2,0,447,493,24,847,24,6212,2385,2,3390,200
OFAT,MOBILE_THRESHOLD,LOW,baseSeed=626|nTx=24|nValidators=10|nShards=4|committee=4|quorum=3|loadThreshold=75|maxTime=180|crossShardPct=0|requestOfflinePct=0|receiptDropPct=0|ownerCap=3000|mobileThreshold=25,6,19,626,63,COMPLETE,24,24,24,5,24,6,4,2,24,24,24,0,138,2,2,0,447,493,24,847,24,5902,2222,2,3132,300
OFAT,MOBILE_THRESHOLD,LOW,baseSeed=626|nTx=24|nValidators=10|nShards=4|committee=4|quorum=3|loadThreshold=75|maxTime=180|crossShardPct=0|requestOfflinePct=0|receiptDropPct=0|ownerCap=3000|mobileThreshold=25,6,20,626,48,COMPLETE,24,24,24,2,24,6,4,0,24,24,24,0,136,2,2,0,447,453,24,789,24,6180,2431,2,3720,200
OFAT,MOBILE_THRESHOLD,LOW,baseSeed=626|nTx=24|nValidators=10|nShards=4|committee=4|quorum=3|loadThreshold=75|maxTime=180|crossShardPct=0|requestOfflinePct=0|receiptDropPct=0|ownerCap=3000|mobileThreshold=25,6,21,626,49,COMPLETE,24,24,24,1,24,6,4,2,24,24,24,0,137,2,2,0,447,441,24,771,24,5942,2253,2,3352,300
OFAT,MOBILE_THRESHOLD,LOW,baseSeed=626|nTx=24|nValidators=10|nShards=4|committee=4|quorum=3|loadThreshold=75|maxTime=180|crossShardPct=0|requestOfflinePct=0|receiptDropPct=0|ownerCap=3000|mobileThreshold=25,6,22,626,62,COMPLETE,24,24,24,4,24,6,4,1,24,24,24,0,134,2,2,0,447,480,24,828,24,6382,2630,2,3970,200
OFAT,MOBILE_THRESHOLD,LOW,baseSeed=626|nTx=24|nValidators=10|nShards=4|committee=4|quorum=3|loadThreshold=75|maxTime=180|crossShardPct=0|requestOfflinePct=0|receiptDropPct=0|ownerCap=3000|mobileThreshold=25,6,23,626,62,COMPLETE,24,24,24,3,24,6,4,1,24,24,24,0,139,2,2,0,447,466,24,808,24,5205,1905,3,2371,200
OFAT,MOBILE_THRESHOLD,LOW,baseSeed=626|nTx=24|nValidators=10|nShards=4|committee=4|quorum=3|loadThreshold=75|maxTime=180|crossShardPct=0|requestOfflinePct=0|receiptDropPct=0|ownerCap=3000|mobileThreshold=25,6,24,626,49,COMPLETE,24,24,24,1,24,6,4,1,24,24,24,0,136,2,2,0,447,440,24,770,24,5587,2041,2,2703,300
OFAT,MOBILE_THRESHOLD,LOW,baseSeed=626|nTx=24|nValidators=10|nShards=4|committee=4|quorum=3|loadThreshold=75|maxTime=180|crossShardPct=0|requestOfflinePct=0|receiptDropPct=0|ownerCap=3000|mobileThreshold=25,6,25,626,62,COMPLETE,24,24,24,3,24,6,4,0,24,24,24,0,134,2,2,0,447,467,24,809,24,5258,1912,3,2470,200
OFAT,MOBILE_THRESHOLD,LOW,baseSeed=626|nTx=24|nValidators=10|nShards=4|committee=4|quorum=3|loadThreshold=75|maxTime=180|crossShardPct=0|requestOfflinePct=0|receiptDropPct=0|ownerCap=3000|mobileThreshold=25,6,26,626,48,COMPLETE,24,24,24,2,24,6,4,1,24,24,24,0,137,2,2,0,447,454,24,790,24,5895,2192,2,3150,200
OFAT,MOBILE_THRESHOLD,LOW,baseSeed=626|nTx=24|nValidators=10|nShards=4|committee=4|quorum=3|loadThreshold=75|maxTime=180|crossShardPct=0|requestOfflinePct=0|receiptDropPct=0|ownerCap=3000|mobileThreshold=25,6,27,626,49,COMPLETE,24,24,24,4,24,6,4,0,24,24,24,0,138,2,2,0,447,478,24,826,24,5833,2191,2,3333,300
OFAT,MOBILE_THRESHOLD,LOW,baseSeed=626|nTx=24|nValidators=10|nShards=4|committee=4|quorum=3|loadThreshold=75|maxTime=180|crossShardPct=0|requestOfflinePct=0|receiptDropPct=0|ownerCap=3000|mobileThreshold=25,6,28,626,63,COMPLETE,24,24,24,4,24,6,4,1,24,24,24,0,135,2,2,0,447,480,24,828,24,6327,2523,2,3947,200
OFAT,MOBILE_THRESHOLD,LOW,baseSeed=626|nTx=24|nValidators=10|nShards=4|committee=4|quorum=3|loadThreshold=75|maxTime=180|crossShardPct=0|requestOfflinePct=0|receiptDropPct=0|ownerCap=3000|mobileThreshold=25,6,29,626,50,COMPLETE,24,24,24,4,24,6,4,1,24,24,24,0,139,2,2,0,447,479,24,827,24,6108,2411,2,3857,300
OFAT,MOBILE_THRESHOLD,LOW,baseSeed=626|nTx=24|nValidators=10|nShards=4|committee=4|quorum=3|loadThreshold=75|maxTime=180|crossShardPct=0|requestOfflinePct=0|receiptDropPct=0|ownerCap=3000|mobileThreshold=25,6,30,626,62,COMPLETE,24,24,24,3,24,6,4,2,24,24,24,0,133,2,2,0,447,465,24,807,24,6118,2348,2,3846,200
OFAT,MOBILE_THRESHOLD,LOW,baseSeed=626|nTx=24|nValidators=10|nShards=4|committee=4|quorum=3|loadThreshold=75|maxTime=180|crossShardPct=0|requestOfflinePct=0|receiptDropPct=0|ownerCap=3000|mobileThreshold=25,6,31,626,62,COMPLETE,24,24,24,5,24,6,4,1,24,24,24,0,138,2,2,0,447,492,24,846,24,5827,2318,2,3879,300
OFAT,MOBILE_THRESHOLD,LOW,baseSeed=626|nTx=24|nValidators=10|nShards=4|committee=4|quorum=3|loadThreshold=75|maxTime=180|crossShardPct=0|requestOfflinePct=0|receiptDropPct=0|ownerCap=3000|mobileThreshold=25,6,32,626,62,COMPLETE,24,24,24,3,24,6,4,2,24,24,24,0,137,2,2,0,447,466,24,808,24,5901,2225,2,3468,200
OFAT,MOBILE_THRESHOLD,LOW,baseSeed=626|nTx=24|nValidators=10|nShards=4|committee=4|quorum=3|loadThreshold=75|maxTime=180|crossShardPct=0|requestOfflinePct=0|receiptDropPct=0|ownerCap=3000|mobileThreshold=25,6,33,626,49,COMPLETE,24,24,24,3,24,6,4,1,24,24,24,0,136,2,2,0,447,465,24,807,24,6215,2390,2,3837,200
OFAT,MOBILE_THRESHOLD,LOW,baseSeed=626|nTx=24|nValidators=10|nShards=4|committee=4|quorum=3|loadThreshold=75|maxTime=180|crossShardPct=0|requestOfflinePct=0|receiptDropPct=0|ownerCap=3000|mobileThreshold=25,6,34,626,50,COMPLETE,24,24,24,2,24,6,4,1,24,24,24,0,138,2,2,0,447,454,24,790,24,6195,2521,2,4080,200
OFAT,MOBILE_THRESHOLD,LOW,baseSeed=626|nTx=24|nValidators=10|nShards=4|committee=4|quorum=3|loadThreshold=75|maxTime=180|crossShardPct=0|requestOfflinePct=0|receiptDropPct=0|ownerCap=3000|mobileThreshold=25,6,35,626,49,COMPLETE,24,24,24,3,24,6,4,1,24,24,24,0,136,2,2,0,447,468,24,810,24,5947,2221,2,3226,200
OFAT,MOBILE_THRESHOLD,LOW,baseSeed=626|nTx=24|nValidators=10|nShards=4|committee=4|quorum=3|loadThreshold=75|maxTime=180|crossShardPct=0|requestOfflinePct=0|receiptDropPct=0|ownerCap=3000|mobileThreshold=25,6,36,626,49,COMPLETE,24,24,24,3,24,6,4,1,24,24,24,0,136,2,2,0,447,467,24,809,24,6069,2332,2,3517,300
OFAT,MOBILE_THRESHOLD,LOW,baseSeed=626|nTx=24|nValidators=10|nShards=4|committee=4|quorum=3|loadThreshold=75|maxTime=180|crossShardPct=0|requestOfflinePct=0|receiptDropPct=0|ownerCap=3000|mobileThreshold=25,6,37,626,50,COMPLETE,24,24,24,3,24,6,4,2,24,24,24,0,138,2,2,0,447,466,24,808,24,5896,2220,2,3879,300
OFAT,MOBILE_THRESHOLD,LOW,baseSeed=626|nTx=24|nValidators=10|nShards=4|committee=4|quorum=3|loadThreshold=75|maxTime=180|crossShardPct=0|requestOfflinePct=0|receiptDropPct=0|ownerCap=3000|mobileThreshold=25,6,38,626,50,COMPLETE,24,24,24,2,24,6,4,1,24,24,24,0,134,2,2,0,447,454,24,790,24,6070,2308,2,3352,200
OFAT,MOBILE_THRESHOLD,LOW,baseSeed=626|nTx=24|nValidators=10|nShards=4|committee=4|quorum=3|loadThreshold=75|maxTime=180|crossShardPct=0|requestOfflinePct=0|receiptDropPct=0|ownerCap=3000|mobileThreshold=25,6,39,626,49,COMPLETE,24,24,24,2,24,6,4,0,24,24,24,0,136,2,2,0,447,453,24,789,24,6209,2388,2,3662,200
OFAT,MOBILE_THRESHOLD,LOW,baseSeed=626|nTx=24|nValidators=10|nShards=4|committee=4|quorum=3|loadThreshold=75|maxTime=180|crossShardPct=0|requestOfflinePct=0|receiptDropPct=0|ownerCap=3000|mobileThreshold=25,6,40,626,50,COMPLETE,24,24,24,1,24,6,4,1,24,24,24,0,137,2,2,0,447,440,24,770,24,6456,2639,2,3699,300
OFAT,MOBILE_THRESHOLD,LOW,baseSeed=626|nTx=24|nValidators=10|nShards=4|committee=4|quorum=3|loadThreshold=75|maxTime=180|crossShardPct=0|requestOfflinePct=0|receiptDropPct=0|ownerCap=3000|mobileThreshold=25,6,41,626,62,COMPLETE,24,24,24,3,24,6,4,1,24,24,24,0,135,2,2,0,447,465,24,807,24,6298,2578,2,4853,200
OFAT,MOBILE_THRESHOLD,LOW,baseSeed=626|nTx=24|nValidators=10|nShards=4|committee=4|quorum=3|loadThreshold=75|maxTime=180|crossShardPct=0|requestOfflinePct=0|receiptDropPct=0|ownerCap=3000|mobileThreshold=25,6,42,626,49,COMPLETE,24,24,24,1,24,6,4,2,24,24,24,0,137,2,2,0,447,441,24,771,24,5508,2012,3,2687,300
OFAT,MOBILE_THRESHOLD,LOW,baseSeed=626|nTx=24|nValidators=10|nShards=4|committee=4|quorum=3|loadThreshold=75|maxTime=180|crossShardPct=0|requestOfflinePct=0|receiptDropPct=0|ownerCap=3000|mobileThreshold=25,6,43,626,50,COMPLETE,24,24,24,3,24,6,4,1,24,24,24,0,134,2,2,0,447,466,24,808,24,5500,1993,3,4470,300
OFAT,MOBILE_THRESHOLD,LOW,baseSeed=626|nTx=24|nValidators=10|nShards=4|committee=4|quorum=3|loadThreshold=75|maxTime=180|crossShardPct=0|requestOfflinePct=0|receiptDropPct=0|ownerCap=3000|mobileThreshold=25,6,44,626,50,COMPLETE,24,24,24,3,24,6,4,1,24,24,24,0,136,2,2,0,447,466,24,808,24,6029,2268,2,3372,300
OFAT,MOBILE_THRESHOLD,LOW,baseSeed=626|nTx=24|nValidators=10|nShards=4|committee=4|quorum=3|loadThreshold=75|maxTime=180|crossShardPct=0|requestOfflinePct=0|receiptDropPct=0|ownerCap=3000|mobileThreshold=25,6,45,626,49,COMPLETE,24,24,24,1,24,6,4,2,24,24,24,0,137,2,2,0,447,441,24,771,24,5867,2203,2,3901,300
OFAT,MOBILE_THRESHOLD,LOW,baseSeed=626|nTx=24|nValidators=10|nShards=4|committee=4|quorum=3|loadThreshold=75|maxTime=180|crossShardPct=0|requestOfflinePct=0|receiptDropPct=0|ownerCap=3000|mobileThreshold=25,6,46,626,62,COMPLETE,24,24,24,3,24,6,4,1,24,24,24,0,137,2,2,0,447,466,24,808,24,6109,2307,2,3959,300
OFAT,MOBILE_THRESHOLD,LOW,baseSeed=626|nTx=24|nValidators=10|nShards=4|committee=4|quorum=3|loadThreshold=75|maxTime=180|crossShardPct=0|requestOfflinePct=0|receiptDropPct=0|ownerCap=3000|mobileThreshold=25,6,47,626,49,COMPLETE,24,24,24,2,24,6,4,1,24,24,24,0,137,2,2,0,447,454,24,790,24,5878,2340,2,3901,300
OFAT,MOBILE_THRESHOLD,LOW,baseSeed=626|nTx=24|nValidators=10|nShards=4|committee=4|quorum=3|loadThreshold=75|maxTime=180|crossShardPct=0|requestOfflinePct=0|receiptDropPct=0|ownerCap=3000|mobileThreshold=25,6,48,626,48,COMPLETE,24,24,24,2,24,6,4,2,24,24,24,0,136,2,2,0,447,454,24,790,24,6046,2289,2,5348,200
OFAT,MOBILE_THRESHOLD,LOW,baseSeed=626|nTx=24|nValidators=10|nShards=4|committee=4|quorum=3|loadThreshold=75|maxTime=180|crossShardPct=0|requestOfflinePct=0|receiptDropPct=0|ownerCap=3000|mobileThreshold=25,6,49,626,49,COMPLETE,24,24,24,2,24,6,4,1,24,24,24,0,136,2,2,0,447,453,24,789,24,5860,2342,2,3924,300
OFAT,MOBILE_THRESHOLD,LOW,baseSeed=626|nTx=24|nValidators=10|nShards=4|committee=4|quorum=3|loadThreshold=75|maxTime=180|crossShardPct=0|requestOfflinePct=0|receiptDropPct=0|ownerCap=3000|mobileThreshold=25,6,50,626,49,COMPLETE,24,24,24,5,24,6,4,2,24,24,24,0,137,2,2,0,447,493,24,847,24,5907,2191,2,3352,200
OFAT,MOBILE_THRESHOLD,LOW,baseSeed=626|nTx=24|nValidators=10|nShards=4|committee=4|quorum=3|loadThreshold=75|maxTime=180|crossShardPct=0|requestOfflinePct=0|receiptDropPct=0|ownerCap=3000|mobileThreshold=25,6,51,626,49,COMPLETE,24,24,24,3,24,6,4,1,24,24,24,0,137,2,2,0,447,467,24,809,24,6606,2723,2,4161,200
OFAT,MOBILE_THRESHOLD,LOW,baseSeed=626|nTx=24|nValidators=10|nShards=4|committee=4|quorum=3|loadThreshold=75|maxTime=180|crossShardPct=0|requestOfflinePct=0|receiptDropPct=0|ownerCap=3000|mobileThreshold=25,6,52,626,62,COMPLETE,24,24,24,3,24,6,4,2,24,24,24,0,136,2,2,0,447,466,24,808,24,6029,2310,2,3720,300
OFAT,MOBILE_THRESHOLD,LOW,baseSeed=626|nTx=24|nValidators=10|nShards=4|committee=4|quorum=3|loadThreshold=75|maxTime=180|crossShardPct=0|requestOfflinePct=0|receiptDropPct=0|ownerCap=3000|mobileThreshold=25,6,53,626,62,COMPLETE,24,24,24,4,24,6,4,1,24,24,24,0,137,2,2,0,447,480,24,828,24,5942,2216,2,3554,200
OFAT,MOBILE_THRESHOLD,LOW,baseSeed=626|nTx=24|nValidators=10|nShards=4|committee=4|quorum=3|loadThreshold=75|maxTime=180|crossShardPct=0|requestOfflinePct=0|receiptDropPct=0|ownerCap=3000|mobileThreshold=25,6,54,626,48,COMPLETE,24,24,24,2,24,6,4,1,24,24,24,0,137,2,2,0,447,454,24,790,24,6225,2470,2,4161,200
OFAT,MOBILE_THRESHOLD,LOW,baseSeed=626|nTx=24|nValidators=10|nShards=4|committee=4|quorum=3|loadThreshold=75|maxTime=180|crossShardPct=0|requestOfflinePct=0|receiptDropPct=0|ownerCap=3000|mobileThreshold=25,6,55,626,50,COMPLETE,24,24,24,2,24,6,4,1,24,24,24,0,136,2,2,0,447,454,24,790,24,5970,2234,2,3517,300
OFAT,MOBILE_THRESHOLD,LOW,baseSeed=626|nTx=24|nValidators=10|nShards=4|committee=4|quorum=3|loadThreshold=75|maxTime=180|crossShardPct=0|requestOfflinePct=0|receiptDropPct=0|ownerCap=3000|mobileThreshold=25,6,56,626,50,COMPLETE,24,24,24,3,24,6,4,1,24,24,24,0,136,2,2,0,447,467,24,809,24,5976,2230,2,3575,200
OFAT,MOBILE_THRESHOLD,LOW,baseSeed=626|nTx=24|nValidators=10|nShards=4|committee=4|quorum=3|loadThreshold=75|maxTime=180|crossShardPct=0|requestOfflinePct=0|receiptDropPct=0|ownerCap=3000|mobileThreshold=25,6,57,626,50,COMPLETE,24,24,24,4,24,6,4,1,24,24,24,0,136,2,2,0,447,479,24,827,24,6203,2366,2,3924,200
OFAT,MOBILE_THRESHOLD,LOW,baseSeed=626|nTx=24|nValidators=10|nShards=4|committee=4|quorum=3|loadThreshold=75|maxTime=180|crossShardPct=0|requestOfflinePct=0|receiptDropPct=0|ownerCap=3000|mobileThreshold=25,6,58,626,49,COMPLETE,24,24,24,2,24,6,4,1,24,24,24,0,137,2,2,0,447,453,24,789,24,5826,2254,2,3699,200
OFAT,MOBILE_THRESHOLD,LOW,baseSeed=626|nTx=24|nValidators=10|nShards=4|committee=4|quorum=3|loadThreshold=75|maxTime=180|crossShardPct=0|requestOfflinePct=0|receiptDropPct=0|ownerCap=3000|mobileThreshold=25,6,59,626,47,COMPLETE,24,24,24,1,24,6,4,1,24,24,24,0,137,2,2,0,447,439,24,769,24,6109,2307,2,3959,300
OFAT,MOBILE_THRESHOLD,LOW,baseSeed=626|nTx=24|nValidators=10|nShards=4|committee=4|quorum=3|loadThreshold=75|maxTime=180|crossShardPct=0|requestOfflinePct=0|receiptDropPct=0|ownerCap=3000|mobileThreshold=25,6,60,626,62,COMPLETE,24,24,24,3,24,6,4,1,24,24,24,0,136,2,2,0,447,466,24,808,24,5965,2456,2,4127,200
OFAT,MOBILE_THRESHOLD,LOW,baseSeed=626|nTx=24|nValidators=10|nShards=4|committee=4|quorum=3|loadThreshold=75|maxTime=180|crossShardPct=0|requestOfflinePct=0|receiptDropPct=0|ownerCap=3000|mobileThreshold=25,6,61,626,50,COMPLETE,24,24,24,3,24,6,4,2,24,24,24,0,136,2,2,1,448,466,24,808,24,5936,2226,2,3575,600
OFAT,MOBILE_THRESHOLD,LOW,baseSeed=626|nTx=24|nValidators=10|nShards=4|committee=4|quorum=3|loadThreshold=75|maxTime=180|crossShardPct=0|requestOfflinePct=0|receiptDropPct=0|ownerCap=3000|mobileThreshold=25,6,62,626,62,COMPLETE,24,24,24,3,24,6,4,1,24,24,24,0,136,2,2,0,447,467,24,809,24,6593,2698,2,3720,200
OFAT,MOBILE_THRESHOLD,LOW,baseSeed=626|nTx=24|nValidators=10|nShards=4|committee=4|quorum=3|loadThreshold=75|maxTime=180|crossShardPct=0|requestOfflinePct=0|receiptDropPct=0|ownerCap=3000|mobileThreshold=25,6,63,626,47,COMPLETE,24,24,24,1,24,6,4,2,24,24,24,0,137,2,2,0,447,440,24,770,24,6005,2247,2,3554,300
OFAT,MOBILE_THRESHOLD,LOW,baseSeed=626|nTx=24|nValidators=10|nShards=4|committee=4|quorum=3|loadThreshold=75|maxTime=180|crossShardPct=0|requestOfflinePct=0|receiptDropPct=0|ownerCap=3000|mobileThreshold=25,6,64,626,62,COMPLETE,24,24,24,3,24,6,4,1,24,24,24,0,137,2,2,0,447,466,24,808,24,6236,2405,2,4161,200
OFAT,MOBILE_THRESHOLD,LOW,baseSeed=626|nTx=24|nValidators=10|nShards=4|committee=4|quorum=3|loadThreshold=75|maxTime=180|crossShardPct=0|requestOfflinePct=0|receiptDropPct=0|ownerCap=3000|mobileThreshold=25,6,65,626,48,COMPLETE,24,24,24,2,24,6,4,1,24,24,24,0,137,2,2,0,447,453,24,789,24,6000,2293,2,3699,200
OFAT,MOBILE_THRESHOLD,LOW,baseSeed=626|nTx=24|nValidators=10|nShards=4|committee=4|quorum=3|loadThreshold=75|maxTime=180|crossShardPct=0|requestOfflinePct=0|receiptDropPct=0|ownerCap=3000|mobileThreshold=25,6,66,626,49,COMPLETE,24,24,24,2,24,6,4,1,24,24,24,0,138,2,2,0,447,453,24,789,24,5316,1931,3,2729,300
OFAT,MOBILE_THRESHOLD,LOW,baseSeed=626|nTx=24|nValidators=10|nShards=4|committee=4|quorum=3|loadThreshold=75|maxTime=180|crossShardPct=0|requestOfflinePct=0|receiptDropPct=0|ownerCap=3000|mobileThreshold=25,6,67,626,48,COMPLETE,24,24,24,2,24,6,4,1,24,24,24,0,136,2,2,0,447,454,24,790,24,5854,2214,2,3517,200
OFAT,MOBILE_THRESHOLD,LOW,baseSeed=626|nTx=24|nValidators=10|nShards=4|committee=4|quorum=3|loadThreshold=75|maxTime=180|crossShardPct=0|requestOfflinePct=0|receiptDropPct=0|ownerCap=3000|mobileThreshold=25,6,68,626,62,COMPLETE,24,24,24,5,24,6,4,2,24,24,24,0,140,2,2,0,447,492,24,846,24,5892,2200,2,3039,200
OFAT,MOBILE_THRESHOLD,LOW,baseSeed=626|nTx=24|nValidators=10|nShards=4|committee=4|quorum=3|loadThreshold=75|maxTime=180|crossShardPct=0|requestOfflinePct=0|receiptDropPct=0|ownerCap=3000|mobileThreshold=25,6,69,626,47,COMPLETE,24,24,24,1,24,6,4,2,24,24,24,0,136,2,2,0,447,440,24,770,24,5819,2203,2,3517,300
OFAT,MOBILE_THRESHOLD,LOW,baseSeed=626|nTx=24|nValidators=10|nShards=4|committee=4|quorum=3|loadThreshold=75|maxTime=180|crossShardPct=0|requestOfflinePct=0|receiptDropPct=0|ownerCap=3000|mobileThreshold=25,6,70,626,62,COMPLETE,24,24,24,4,24,6,4,0,24,24,24,0,135,2,2,0,447,480,24,828,24,6029,2327,2,3128,200
OFAT,MOBILE_THRESHOLD,LOW,baseSeed=626|nTx=24|nValidators=10|nShards=4|committee=4|quorum=3|loadThreshold=75|maxTime=180|crossShardPct=0|requestOfflinePct=0|receiptDropPct=0|ownerCap=3000|mobileThreshold=25,6,71,626,62,COMPLETE,24,24,24,5,24,6,4,2,24,24,24,0,140,2,2,0,447,492,24,846,24,6034,2328,2,3636,400
OFAT,MOBILE_THRESHOLD,LOW,baseSeed=626|nTx=24|nValidators=10|nShards=4|committee=4|quorum=3|loadThreshold=75|maxTime=180|crossShardPct=0|requestOfflinePct=0|receiptDropPct=0|ownerCap=3000|mobileThreshold=25,6,72,626,50,COMPLETE,24,24,24,1,24,6,4,1,24,24,24,0,136,2,2,0,447,440,24,770,24,6156,2373,2,3633,300
OFAT,MOBILE_THRESHOLD,LOW,baseSeed=626|nTx=24|nValidators=10|nShards=4|committee=4|quorum=3|loadThreshold=75|maxTime=180|crossShardPct=0|requestOfflinePct=0|receiptDropPct=0|ownerCap=3000|mobileThreshold=25,6,73,626,62,COMPLETE,24,24,24,4,24,6,4,1,24,24,24,0,138,2,2,0,447,478,24,826,24,5959,2251,2,3275,200
OFAT,MOBILE_THRESHOLD,LOW,baseSeed=626|nTx=24|nValidators=10|nShards=4|committee=4|quorum=3|loadThreshold=75|maxTime=180|crossShardPct=0|requestOfflinePct=0|receiptDropPct=0|ownerCap=3000|mobileThreshold=25,6,74,626,63,COMPLETE,24,24,24,6,24,6,4,1,24,24,24,0,137,2,2,0,447,506,24,866,24,6028,2272,2,3208,200
OFAT,MOBILE_THRESHOLD,LOW,baseSeed=626|nTx=24|nValidators=10|nShards=4|committee=4|quorum=3|loadThreshold=75|maxTime=180|crossShardPct=0|requestOfflinePct=0|receiptDropPct=0|ownerCap=3000|mobileThreshold=25,6,75,626,48,COMPLETE,24,24,24,2,24,6,4,1,24,24,24,0,135,2,2,0,447,453,24,789,24,5450,2007,3,2631,200
OFAT,MOBILE_THRESHOLD,LOW,baseSeed=626|nTx=24|nValidators=10|nShards=4|committee=4|quorum=3|loadThreshold=75|maxTime=180|crossShardPct=0|requestOfflinePct=0|receiptDropPct=0|ownerCap=3000|mobileThreshold=25,6,76,626,62,COMPLETE,24,24,24,4,24,6,4,1,24,24,24,0,138,2,2,0,447,479,24,827,24,6172,2357,2,3333,300
OFAT,MOBILE_THRESHOLD,LOW,baseSeed=626|nTx=24|nValidators=10|nShards=4|committee=4|quorum=3|loadThreshold=75|maxTime=180|crossShardPct=0|requestOfflinePct=0|receiptDropPct=0|ownerCap=3000|mobileThreshold=25,6,77,626,49,COMPLETE,24,24,24,3,24,6,4,1,24,24,24,0,136,2,2,0,447,467,24,809,24,5406,1983,3,2412,200
OFAT,MOBILE_THRESHOLD,LOW,baseSeed=626|nTx=24|nValidators=10|nShards=4|committee=4|quorum=3|loadThreshold=75|maxTime=180|crossShardPct=0|requestOfflinePct=0|receiptDropPct=0|ownerCap=3000|mobileThreshold=25,6,78,626,49,COMPLETE,24,24,24,3,24,6,4,2,24,24,24,0,138,2,2,0,447,468,24,810,24,6488,2884,2,3879,300
OFAT,MOBILE_THRESHOLD,LOW,baseSeed=626|nTx=24|nValidators=10|nShards=4|committee=4|quorum=3|loadThreshold=75|maxTime=180|crossShardPct=0|requestOfflinePct=0|receiptDropPct=0|ownerCap=3000|mobileThreshold=25,6,79,626,50,COMPLETE,24,24,24,2,24,6,4,0,24,24,24,0,137,2,2,1,448,453,24,789,24,5433,1968,3,2832,600
OFAT,MOBILE_THRESHOLD,LOW,baseSeed=626|nTx=24|nValidators=10|nShards=4|committee=4|quorum=3|loadThreshold=75|maxTime=180|crossShardPct=0|requestOfflinePct=0|receiptDropPct=0|ownerCap=3000|mobileThreshold=25,6,80,626,49,COMPLETE,24,24,24,1,24,6,4,2,24,24,24,0,135,2,2,0,447,441,24,771,24,6573,2966,2,3947,300
OFAT,MOBILE_THRESHOLD,LOW,baseSeed=626|nTx=24|nValidators=10|nShards=4|committee=4|quorum=3|loadThreshold=75|maxTime=180|crossShardPct=0|requestOfflinePct=0|receiptDropPct=0|ownerCap=3000|mobileThreshold=25,6,81,626,48,COMPLETE,24,24,24,4,24,6,4,1,24,24,24,0,139,2,2,0,447,480,24,828,24,6102,2316,2,3171,200
OFAT,MOBILE_THRESHOLD,LOW,baseSeed=626|nTx=24|nValidators=10|nShards=4|committee=4|quorum=3|loadThreshold=75|maxTime=180|crossShardPct=0|requestOfflinePct=0|receiptDropPct=0|ownerCap=3000|mobileThreshold=25,6,82,626,50,COMPLETE,24,24,24,2,24,6,4,2,24,24,24,0,136,2,2,0,447,454,24,790,24,6331,2605,2,4127,200
OFAT,MOBILE_THRESHOLD,LOW,baseSeed=626|nTx=24|nValidators=10|nShards=4|committee=4|quorum=3|loadThreshold=75|maxTime=180|crossShardPct=0|requestOfflinePct=0|receiptDropPct=0|ownerCap=3000|mobileThreshold=25,6,83,626,49,COMPLETE,24,24,24,3,24,6,4,0,24,24,24,0,136,2,2,0,447,465,24,807,24,6244,2453,2,3720,300
OFAT,MOBILE_THRESHOLD,LOW,baseSeed=626|nTx=24|nValidators=10|nShards=4|committee=4|quorum=3|loadThreshold=75|maxTime=180|crossShardPct=0|requestOfflinePct=0|receiptDropPct=0|ownerCap=3000|mobileThreshold=25,6,84,626,50,COMPLETE,24,24,24,3,24,6,4,2,24,24,24,0,136,2,2,0,447,467,24,809,24,6389,2761,2,3633,300
OFAT,MOBILE_THRESHOLD,LOW,baseSeed=626|nTx=24|nValidators=10|nShards=4|committee=4|quorum=3|loadThreshold=75|maxTime=180|crossShardPct=0|requestOfflinePct=0|receiptDropPct=0|ownerCap=3000|mobileThreshold=25,6,85,626,62,COMPLETE,24,24,24,5,24,6,4,0,24,24,24,0,135,2,2,0,447,491,24,845,24,5538,2043,3,3128,200
OFAT,MOBILE_THRESHOLD,LOW,baseSeed=626|nTx=24|nValidators=10|nShards=4|committee=4|quorum=3|loadThreshold=75|maxTime=180|crossShardPct=0|requestOfflinePct=0|receiptDropPct=0|ownerCap=3000|mobileThreshold=25,6,86,626,50,COMPLETE,24,24,24,2,24,6,4,1,24,24,24,0,136,2,2,0,447,452,24,788,24,6232,2476,2,3924,300
OFAT,MOBILE_THRESHOLD,LOW,baseSeed=626|nTx=24|nValidators=10|nShards=4|committee=4|quorum=3|loadThreshold=75|maxTime=180|crossShardPct=0|requestOfflinePct=0|receiptDropPct=0|ownerCap=3000|mobileThreshold=25,6,87,626,62,COMPLETE,24,24,24,4,24,6,4,1,24,24,24,0,137,2,2,0,447,480,24,828,24,5514,1996,2,2687,200
OFAT,MOBILE_THRESHOLD,LOW,baseSeed=626|nTx=24|nValidators=10|nShards=4|committee=4|quorum=3|loadThreshold=75|maxTime=180|crossShardPct=0|requestOfflinePct=0|receiptDropPct=0|ownerCap=3000|mobileThreshold=25,6,88,626,48,COMPLETE,24,24,24,2,24,6,4,0,24,24,24,0,135,2,2,0,447,453,24,789,24,5549,2046,3,2719,200
OFAT,MOBILE_THRESHOLD,LOW,baseSeed=626|nTx=24|nValidators=10|nShards=4|committee=4|quorum=3|loadThreshold=75|maxTime=180|crossShardPct=0|requestOfflinePct=0|receiptDropPct=0|ownerCap=3000|mobileThreshold=25,6,89,626,50,COMPLETE,24,24,24,4,24,6,4,1,24,24,24,0,138,2,2,0,447,479,24,827,24,5821,2152,2,3132,300
OFAT,MOBILE_THRESHOLD,LOW,baseSeed=626|nTx=24|nValidators=10|nShards=4|committee=4|quorum=3|loadThreshold=75|maxTime=180|crossShardPct=0|requestOfflinePct=0|receiptDropPct=0|ownerCap=3000|mobileThreshold=25,6,90,626,50,COMPLETE,24,24,24,4,24,6,4,1,24,24,24,0,137,2,2,0,447,480,24,828,24,5780,2122,2,3352,200
OFAT,MOBILE_THRESHOLD,LOW,baseSeed=626|nTx=24|nValidators=10|nShards=4|committee=4|quorum=3|loadThreshold=75|maxTime=180|crossShardPct=0|requestOfflinePct=0|receiptDropPct=0|ownerCap=3000|mobileThreshold=25,6,91,626,50,COMPLETE,24,24,24,4,24,6,4,1,24,24,24,0,137,2,2,0,447,481,24,829,24,6254,2436,2,3699,200
OFAT,MOBILE_THRESHOLD,LOW,baseSeed=626|nTx=24|nValidators=10|nShards=4|committee=4|quorum=3|loadThreshold=75|maxTime=180|crossShardPct=0|requestOfflinePct=0|receiptDropPct=0|ownerCap=3000|mobileThreshold=25,6,92,626,50,COMPLETE,24,24,24,3,24,6,4,1,24,24,24,0,136,2,2,1,448,466,24,808,24,6215,2471,2,3924,600
OFAT,MOBILE_THRESHOLD,LOW,baseSeed=626|nTx=24|nValidators=10|nShards=4|committee=4|quorum=3|loadThreshold=75|maxTime=180|crossShardPct=0|requestOfflinePct=0|receiptDropPct=0|ownerCap=3000|mobileThreshold=25,6,93,626,50,COMPLETE,24,24,24,4,24,6,4,1,24,24,24,0,136,2,2,0,447,478,24,826,24,6046,2272,2,3372,300
OFAT,MOBILE_THRESHOLD,LOW,baseSeed=626|nTx=24|nValidators=10|nShards=4|committee=4|quorum=3|loadThreshold=75|maxTime=180|crossShardPct=0|requestOfflinePct=0|receiptDropPct=0|ownerCap=3000|mobileThreshold=25,6,94,626,62,COMPLETE,24,24,24,3,24,6,4,1,24,24,24,0,136,2,2,0,447,466,24,808,24,6069,2332,2,3517,200
OFAT,MOBILE_THRESHOLD,LOW,baseSeed=626|nTx=24|nValidators=10|nShards=4|committee=4|quorum=3|loadThreshold=75|maxTime=180|crossShardPct=0|requestOfflinePct=0|receiptDropPct=0|ownerCap=3000|mobileThreshold=25,6,95,626,47,COMPLETE,24,24,24,1,24,6,4,2,24,24,24,0,138,2,2,0,447,440,24,770,24,5965,2237,2,3591,300
OFAT,MOBILE_THRESHOLD,LOW,baseSeed=626|nTx=24|nValidators=10|nShards=4|committee=4|quorum=3|loadThreshold=75|maxTime=180|crossShardPct=0|requestOfflinePct=0|receiptDropPct=0|ownerCap=3000|mobileThreshold=25,6,96,626,49,COMPLETE,24,24,24,2,24,6,4,1,24,24,24,0,134,2,2,0,447,455,24,791,24,6076,2316,2,3352,200
OFAT,MOBILE_THRESHOLD,LOW,baseSeed=626|nTx=24|nValidators=10|nShards=4|committee=4|quorum=3|loadThreshold=75|maxTime=180|crossShardPct=0|requestOfflinePct=0|receiptDropPct=0|ownerCap=3000|mobileThreshold=25,6,97,626,63,COMPLETE,24,24,24,3,24,6,4,2,24,24,24,0,138,2,2,0,447,467,24,809,24,6074,2310,2,3620,300
OFAT,MOBILE_THRESHOLD,LOW,baseSeed=626|nTx=24|nValidators=10|nShards=4|committee=4|quorum=3|loadThreshold=75|maxTime=180|crossShardPct=0|requestOfflinePct=0|receiptDropPct=0|ownerCap=3000|mobileThreshold=25,6,98,626,49,COMPLETE,24,24,24,2,24,6,4,1,24,24,24,0,137,2,2,1,448,454,24,790,24,5809,2172,2,3323,600
OFAT,MOBILE_THRESHOLD,LOW,baseSeed=626|nTx=24|nValidators=10|nShards=4|committee=4|quorum=3|loadThreshold=75|maxTime=180|crossShardPct=0|requestOfflinePct=0|receiptDropPct=0|ownerCap=3000|mobileThreshold=25,6,99,626,50,COMPLETE,24,24,24,5,24,6,4,2,24,24,24,0,135,2,2,0,447,494,24,848,24,6298,2568,2,4415,100
OFAT,MOBILE_THRESHOLD,LOW,baseSeed=626|nTx=24|nValidators=10|nShards=4|committee=4|quorum=3|loadThreshold=75|maxTime=180|crossShardPct=0|requestOfflinePct=0|receiptDropPct=0|ownerCap=3000|mobileThreshold=25,6,100,626,63,COMPLETE,24,24,24,3,24,6,4,1,24,24,24,0,138,2,2,0,447,466,24,808,24,5678,2119,2,3563,200
OFAT,MOBILE_THRESHOLD,DEFAULT,baseSeed=626|nTx=24|nValidators=10|nShards=4|committee=4|quorum=3|loadThreshold=75|maxTime=180|crossShardPct=0|requestOfflinePct=0|receiptDropPct=0|ownerCap=3000|mobileThreshold=35,6,1,626,62,COMPLETE,24,24,24,5,24,6,4,1,24,24,24,0,137,2,2,0,447,491,24,845,24,6236,2405,2,4161,200
OFAT,MOBILE_THRESHOLD,DEFAULT,baseSeed=626|nTx=24|nValidators=10|nShards=4|committee=4|quorum=3|loadThreshold=75|maxTime=180|crossShardPct=0|requestOfflinePct=0|receiptDropPct=0|ownerCap=3000|mobileThreshold=35,6,2,626,62,COMPLETE,24,24,24,3,24,6,4,1,24,24,24,0,137,2,2,0,447,465,24,807,24,5878,2340,2,3901,300
OFAT,MOBILE_THRESHOLD,DEFAULT,baseSeed=626|nTx=24|nValidators=10|nShards=4|committee=4|quorum=3|loadThreshold=75|maxTime=180|crossShardPct=0|requestOfflinePct=0|receiptDropPct=0|ownerCap=3000|mobileThreshold=35,6,3,626,50,COMPLETE,24,24,24,3,24,6,4,2,24,24,24,0,137,2,2,0,447,468,24,810,24,6208,2367,2,3323,300
OFAT,MOBILE_THRESHOLD,DEFAULT,baseSeed=626|nTx=24|nValidators=10|nShards=4|committee=4|quorum=3|loadThreshold=75|maxTime=180|crossShardPct=0|requestOfflinePct=0|receiptDropPct=0|ownerCap=3000|mobileThreshold=35,6,4,626,62,COMPLETE,24,24,24,3,24,6,4,1,24,24,24,0,135,2,2,0,447,465,24,807,24,5853,2274,2,3742,300
OFAT,MOBILE_THRESHOLD,DEFAULT,baseSeed=626|nTx=24|nValidators=10|nShards=4|committee=4|quorum=3|loadThreshold=75|maxTime=180|crossShardPct=0|requestOfflinePct=0|receiptDropPct=0|ownerCap=3000|mobileThreshold=35,6,5,626,62,COMPLETE,24,24,24,3,24,6,4,1,24,24,24,0,139,2,2,0,447,466,24,808,24,6720,2894,2,4371,200
OFAT,MOBILE_THRESHOLD,DEFAULT,baseSeed=626|nTx=24|nValidators=10|nShards=4|committee=4|quorum=3|loadThreshold=75|maxTime=180|crossShardPct=0|requestOfflinePct=0|receiptDropPct=0|ownerCap=3000|mobileThreshold=35,6,6,626,63,COMPLETE,24,24,24,5,24,6,4,1,24,24,24,0,137,2,2,0,447,492,24,846,24,6606,2723,2,4161,200
OFAT,MOBILE_THRESHOLD,DEFAULT,baseSeed=626|nTx=24|nValidators=10|nShards=4|committee=4|quorum=3|loadThreshold=75|maxTime=180|crossShardPct=0|requestOfflinePct=0|receiptDropPct=0|ownerCap=3000|mobileThreshold=35,6,7,626,62,COMPLETE,24,24,24,4,24,6,4,1,24,24,24,0,135,2,2,1,448,478,24,826,24,6228,2470,2,3801,700
OFAT,MOBILE_THRESHOLD,DEFAULT,baseSeed=626|nTx=24|nValidators=10|nShards=4|committee=4|quorum=3|loadThreshold=75|maxTime=180|crossShardPct=0|requestOfflinePct=0|receiptDropPct=0|ownerCap=3000|mobileThreshold=35,6,8,626,50,COMPLETE,24,24,24,5,24,6,4,1,24,24,24,0,138,2,2,0,447,493,24,847,24,5413,1998,3,2729,200
OFAT,MOBILE_THRESHOLD,DEFAULT,baseSeed=626|nTx=24|nValidators=10|nShards=4|committee=4|quorum=3|loadThreshold=75|maxTime=180|crossShardPct=0|requestOfflinePct=0|receiptDropPct=0|ownerCap=3000|mobileThreshold=35,6,9,626,48,COMPLETE,24,24,24,1,24,6,4,1,24,24,24,0,136,2,2,0,447,440,24,770,24,5529,2038,3,2761,300
OFAT,MOBILE_THRESHOLD,DEFAULT,baseSeed=626|nTx=24|nValidators=10|nShards=4|committee=4|quorum=3|loadThreshold=75|maxTime=180|crossShardPct=0|requestOfflinePct=0|receiptDropPct=0|ownerCap=3000|mobileThreshold=35,6,10,626,50,COMPLETE,24,24,24,4,24,6,4,1,24,24,24,0,137,2,2,0,447,481,24,829,24,5572,2035,3,2716,100
OFAT,MOBILE_THRESHOLD,DEFAULT,baseSeed=626|nTx=24|nValidators=10|nShards=4|committee=4|quorum=3|loadThreshold=75|maxTime=180|crossShardPct=0|requestOfflinePct=0|receiptDropPct=0|ownerCap=3000|mobileThreshold=35,6,11,626,62,COMPLETE,24,24,24,4,24,6,4,1,24,24,24,0,139,2,2,0,447,479,24,827,24,5994,2254,2,3171,200
OFAT,MOBILE_THRESHOLD,DEFAULT,baseSeed=626|nTx=24|nValidators=10|nShards=4|committee=4|quorum=3|loadThreshold=75|maxTime=180|crossShardPct=0|requestOfflinePct=0|receiptDropPct=0|ownerCap=3000|mobileThreshold=35,6,12,626,49,COMPLETE,24,24,24,2,24,6,4,1,24,24,24,0,135,2,2,0,447,455,24,791,24,5485,2010,3,2485,200
OFAT,MOBILE_THRESHOLD,DEFAULT,baseSeed=626|nTx=24|nValidators=10|nShards=4|committee=4|quorum=3|loadThreshold=75|maxTime=180|crossShardPct=0|requestOfflinePct=0|receiptDropPct=0|ownerCap=3000|mobileThreshold=35,6,13,626,63,COMPLETE,24,24,24,4,24,6,4,2,24,24,24,0,137,2,2,0,447,481,24,829,24,6456,2904,2,3699,100
OFAT,MOBILE_THRESHOLD,DEFAULT,baseSeed=626|nTx=24|nValidators=10|nShards=4|committee=4|quorum=3|loadThreshold=75|maxTime=180|crossShardPct=0|requestOfflinePct=0|receiptDropPct=0|ownerCap=3000|mobileThreshold=35,6,14,626,62,COMPLETE,24,24,24,3,24,6,4,0,24,24,24,0,137,2,2,0,447,467,24,809,24,5312,1920,3,2630,200
OFAT,MOBILE_THRESHOLD,DEFAULT,baseSeed=626|nTx=24|nValidators=10|nShards=4|committee=4|quorum=3|loadThreshold=75|maxTime=180|crossShardPct=0|requestOfflinePct=0|receiptDropPct=0|ownerCap=3000|mobileThreshold=35,6,15,626,50,COMPLETE,24,24,24,2,24,6,4,2,24,24,24,0,137,2,2,0,447,454,24,790,24,5976,2268,2,3294,200
OFAT,MOBILE_THRESHOLD,DEFAULT,baseSeed=626|nTx=24|nValidators=10|nShards=4|committee=4|quorum=3|loadThreshold=75|maxTime=180|crossShardPct=0|requestOfflinePct=0|receiptDropPct=0|ownerCap=3000|mobileThreshold=35,6,16,626,49,COMPLETE,24,24,24,4,24,6,4,1,24,24,24,0,135,2,2,0,447,478,24,826,24,6304,2464,2,3596,300
OFAT,MOBILE_THRESHOLD,DEFAULT,baseSeed=626|nTx=24|nValidators=10|nShards=4|committee=4|quorum=3|loadThreshold=75|maxTime=180|crossShardPct=0|requestOfflinePct=0|receiptDropPct=0|ownerCap=3000|mobileThreshold=35,6,17,626,62,COMPLETE,24,24,24,4,24,6,4,1,24,24,24,0,134,2,2,0,447,480,24,828,24,6023,2319,2,3558,200
OFAT,MOBILE_THRESHOLD,DEFAULT,baseSeed=626|nTx=24|nValidators=10|nShards=4|committee=4|quorum=3|loadThreshold=75|maxTime=180|crossShardPct=0|requestOfflinePct=0|receiptDropPct=0|ownerCap=3000|mobileThreshold=35,6,18,626,50,COMPLETE,24,24,24,1,24,6,4,1,24,24,24,0,137,2,2,0,447,441,24,771,24,6115,2325,2,3150,300
OFAT,MOBILE_THRESHOLD,DEFAULT,baseSeed=626|nTx=24|nValidators=10|nShards=4|committee=4|quorum=3|loadThreshold=75|maxTime=180|crossShardPct=0|requestOfflinePct=0|receiptDropPct=0|ownerCap=3000|mobileThreshold=35,6,19,626,50,COMPLETE,24,24,24,2,24,6,4,2,24,24,24,0,136,2,2,0,447,452,24,788,24,5877,2204,2,3168,300
OFAT,MOBILE_THRESHOLD,DEFAULT,baseSeed=626|nTx=24|nValidators=10|nShards=4|committee=4|quorum=3|loadThreshold=75|maxTime=180|crossShardPct=0|requestOfflinePct=0|receiptDropPct=0|ownerCap=3000|mobileThreshold=35,6,20,626,62,COMPLETE,24,24,24,3,24,6,4,0,24,24,24,0,136,2,2,0,447,467,24,809,24,6098,2366,2,3517,200
OFAT,MOBILE_THRESHOLD,DEFAULT,baseSeed=626|nTx=24|nValidators=10|nShards=4|committee=4|quorum=3|loadThreshold=75|maxTime=180|crossShardPct=0|requestOfflinePct=0|receiptDropPct=0|ownerCap=3000|mobileThreshold=35,6,21,626,49,COMPLETE,24,24,24,2,24,6,4,2,24,24,24,0,137,2,2,0,447,454,24,790,24,6075,2351,2,3612,300
OFAT,MOBILE_THRESHOLD,DEFAULT,baseSeed=626|nTx=24|nValidators=10|nShards=4|committee=4|quorum=3|loadThreshold=75|maxTime=180|crossShardPct=0|requestOfflinePct=0|receiptDropPct=0|ownerCap=3000|mobileThreshold=35,6,22,626,47,COMPLETE,24,24,24,1,24,6,4,1,24,24,24,0,135,2,2,0,447,440,24,770,24,6309,2570,2,3947,300
OFAT,MOBILE_THRESHOLD,DEFAULT,baseSeed=626|nTx=24|nValidators=10|nShards=4|committee=4|quorum=3|loadThreshold=75|maxTime=180|crossShardPct=0|requestOfflinePct=0|receiptDropPct=0|ownerCap=3000|mobileThreshold=35,6,23,626,49,COMPLETE,24,24,24,2,24,6,4,1,24,24,24,0,138,2,2,0,447,455,24,791,24,5218,1903,3,2385,200
OFAT,MOBILE_THRESHOLD,DEFAULT,baseSeed=626|nTx=24|nValidators=10|nShards=4|committee=4|quorum=3|loadThreshold=75|maxTime=180|crossShardPct=0|requestOfflinePct=0|receiptDropPct=0|ownerCap=3000|mobileThreshold=35,6,24,626,63,COMPLETE,24,24,24,6,24,6,4,1,24,24,24,0,137,2,2,0,447,506,24,866,24,5549,2025,2,2687,300
OFAT,MOBILE_THRESHOLD,DEFAULT,baseSeed=626|nTx=24|nValidators=10|nShards=4|committee=4|quorum=3|loadThreshold=75|maxTime=180|crossShardPct=0|requestOfflinePct=0|receiptDropPct=0|ownerCap=3000|mobileThreshold=35,6,25,626,47,COMPLETE,24,24,24,1,24,6,4,0,24,24,24,0,135,2,2,0,447,440,24,770,24,5257,1914,3,2602,300
OFAT,MOBILE_THRESHOLD,DEFAULT,baseSeed=626|nTx=24|nValidators=10|nShards=4|committee=4|quorum=3|loadThreshold=75|maxTime=180|crossShardPct=0|requestOfflinePct=0|receiptDropPct=0|ownerCap=3000|mobileThreshold=35,6,26,626,49,COMPLETE,24,24,24,2,24,6,4,1,24,24,24,0,137,2,2,0,447,454,24,790,24,5907,2218,2,3352,200
OFAT,MOBILE_THRESHOLD,DEFAULT,baseSeed=626|nTx=24|nValidators=10|nShards=4|committee=4|quorum=3|loadThreshold=75|maxTime=180|crossShardPct=0|requestOfflinePct=0|receiptDropPct=0|ownerCap=3000|mobileThreshold=35,6,27,626,49,COMPLETE,24,24,24,4,24,6,4,0,24,24,24,0,136,2,2,0,447,480,24,828,24,5761,2144,2,3168,300
OFAT,MOBILE_THRESHOLD,DEFAULT,baseSeed=626|nTx=24|nValidators=10|nShards=4|committee=4|quorum=3|loadThreshold=75|maxTime=180|crossShardPct=0|requestOfflinePct=0|receiptDropPct=0|ownerCap=3000|mobileThreshold=35,6,28,626,50,COMPLETE,24,24,24,4,24,6,4,1,24,24,24,0,135,2,2,0,447,480,24,828,24,6380,2609,2,4152,200
OFAT,MOBILE_THRESHOLD,DEFAULT,baseSeed=626|nTx=24|nValidators=10|nShards=4|committee=4|quorum=3|loadThreshold=75|maxTime=180|crossShardPct=0|requestOfflinePct=0|receiptDropPct=0|ownerCap=3000|mobileThreshold=35,6,29,626,62,COMPLETE,24,24,24,3,24,6,4,1,24,24,24,0,139,2,2,0,447,466,24,808,24,6034,2384,2,3857,300
OFAT,MOBILE_THRESHOLD,DEFAULT,baseSeed=626|nTx=24|nValidators=10|nShards=4|committee=4|quorum=3|loadThreshold=75|maxTime=180|crossShardPct=0|requestOfflinePct=0|receiptDropPct=0|ownerCap=3000|mobileThreshold=35,6,30,626,50,COMPLETE,24,24,24,1,24,6,4,2,24,24,24,0,134,2,2,0,447,440,24,770,24,6129,2340,2,3705,300
OFAT,MOBILE_THRESHOLD,DEFAULT,baseSeed=626|nTx=24|nValidators=10|nShards=4|committee=4|quorum=3|loadThreshold=75|maxTime=180|crossShardPct=0|requestOfflinePct=0|receiptDropPct=0|ownerCap=3000|mobileThreshold=35,6,31,626,48,COMPLETE,24,24,24,2,24,6,4,1,24,24,24,0,136,2,2,0,447,453,24,789,24,5860,2342,2,3924,300
OFAT,MOBILE_THRESHOLD,DEFAULT,baseSeed=626|nTx=24|nValidators=10|nShards=4|committee=4|quorum=3|loadThreshold=75|maxTime=180|crossShardPct=0|requestOfflinePct=0|receiptDropPct=0|ownerCap=3000|mobileThreshold=35,6,32,626,49,COMPLETE,24,24,24,4,24,6,4,2,24,24,24,0,138,2,2,0,447,479,24,827,24,5902,2206,2,3333,200
OFAT,MOBILE_THRESHOLD,DEFAULT,baseSeed=626|nTx=24|nValidators=10|nShards=4|committee=4|quorum=3|loadThreshold=75|maxTime=180|crossShardPct=0|requestOfflinePct=0|receiptDropPct=0|ownerCap=3000|mobileThreshold=35,6,33,626,62,COMPLETE,24,24,24,3,24,6,4,1,24,24,24,0,136,2,2,0,447,466,24,808,24,6093,2297,2,3633,300
OFAT,MOBILE_THRESHOLD,DEFAULT,baseSeed=626|nTx=24|nValidators=10|nShards=4|committee=4|quorum=3|loadThreshold=75|maxTime=180|crossShardPct=0|requestOfflinePct=0|receiptDropPct=0|ownerCap=3000|mobileThreshold=35,6,34,626,49,COMPLETE,24,24,24,3,24,6,4,1,24,24,24,0,137,2,2,0,447,467,24,809,24,6225,2537,2,4104,200
OFAT,MOBILE_THRESHOLD,DEFAULT,baseSeed=626|nTx=24|nValidators=10|nShards=4|committee=4|quorum=3|loadThreshold=75|maxTime=180|crossShardPct=0|requestOfflinePct=0|receiptDropPct=0|ownerCap=3000|mobileThreshold=35,6,35,626,63,COMPLETE,24,24,24,5,24,6,4,1,24,24,24,0,136,2,2,0,447,492,24,846,24,6098,2302,2,3488,200
OFAT,MOBILE_THRESHOLD,DEFAULT,baseSeed=626|nTx=24|nValidators=10|nShards=4|committee=4|quorum=3|loadThreshold=75|maxTime=180|crossShardPct=0|requestOfflinePct=0|receiptDropPct=0|ownerCap=3000|mobileThreshold=35,6,36,626,49,COMPLETE,24,24,24,1,24,6,4,1,24,24,24,0,136,2,2,0,447,442,24,772,24,6069,2332,2,3517,300
OFAT,MOBILE_THRESHOLD,DEFAULT,baseSeed=626|nTx=24|nValidators=10|nShards=4|committee=4|quorum=3|loadThreshold=75|maxTime=180|crossShardPct=0|requestOfflinePct=0|receiptDropPct=0|ownerCap=3000|mobileThreshold=35,6,37,626,50,COMPLETE,24,24,24,1,24,6,4,2,24,24,24,0,139,2,2,0,447,440,24,770,24,5880,2205,2,3857,300
OFAT,MOBILE_THRESHOLD,DEFAULT,baseSeed=626|nTx=24|nValidators=10|nShards=4|committee=4|quorum=3|loadThreshold=75|maxTime=180|crossShardPct=0|requestOfflinePct=0|receiptDropPct=0|ownerCap=3000|mobileThreshold=35,6,38,626,49,COMPLETE,24,24,24,2,24,6,4,1,24,24,24,0,134,2,2,0,447,454,24,790,24,6076,2316,2,3352,200
OFAT,MOBILE_THRESHOLD,DEFAULT,baseSeed=626|nTx=24|nValidators=10|nShards=4|committee=4|quorum=3|loadThreshold=75|maxTime=180|crossShardPct=0|requestOfflinePct=0|receiptDropPct=0|ownerCap=3000|mobileThreshold=35,6,39,626,50,COMPLETE,24,24,24,1,24,6,4,0,24,24,24,0,136,2,2,0,447,440,24,770,24,6180,2383,2,3720,300
OFAT,MOBILE_THRESHOLD,DEFAULT,baseSeed=626|nTx=24|nValidators=10|nShards=4|committee=4|quorum=3|loadThreshold=75|maxTime=180|crossShardPct=0|requestOfflinePct=0|receiptDropPct=0|ownerCap=3000|mobileThreshold=35,6,40,626,47,COMPLETE,24,24,24,1,24,6,4,1,24,24,24,0,137,2,2,0,447,440,24,770,24,6450,2655,2,3728,300
OFAT,MOBILE_THRESHOLD,DEFAULT,baseSeed=626|nTx=24|nValidators=10|nShards=4|committee=4|quorum=3|loadThreshold=75|maxTime=180|crossShardPct=0|requestOfflinePct=0|receiptDropPct=0|ownerCap=3000|mobileThreshold=35,6,41,626,62,COMPLETE,24,24,24,3,24,6,4,1,24,24,24,0,135,2,2,0,447,467,24,809,24,6245,2501,2,4590,300
OFAT,MOBILE_THRESHOLD,DEFAULT,baseSeed=626|nTx=24|nValidators=10|nShards=4|committee=4|quorum=3|loadThreshold=75|maxTime=180|crossShardPct=0|requestOfflinePct=0|receiptDropPct=0|ownerCap=3000|mobileThreshold=35,6,42,626,48,COMPLETE,24,24,24,1,24,6,4,2,24,24,24,0,137,2,2,0,447,441,24,771,24,5508,2012,3,2687,300
OFAT,MOBILE_THRESHOLD,DEFAULT,baseSeed=626|nTx=24|nValidators=10|nShards=4|committee=4|quorum=3|loadThreshold=75|maxTime=180|crossShardPct=0|requestOfflinePct=0|receiptDropPct=0|ownerCap=3000|mobileThreshold=35,6,43,626,47,COMPLETE,24,24,24,1,24,6,4,1,24,24,24,0,136,2,2,0,447,440,24,770,24,5424,1962,3,4418,300
OFAT,MOBILE_THRESHOLD,DEFAULT,baseSeed=626|nTx=24|nValidators=10|nShards=4|committee=4|quorum=3|loadThreshold=75|maxTime=180|crossShardPct=0|requestOfflinePct=0|receiptDropPct=0|ownerCap=3000|mobileThreshold=35,6,44,626,47,COMPLETE,24,24,24,1,24,6,4,1,24,24,24,0,136,2,2,0,447,440,24,770,24,6029,2268,2,3372,300
OFAT,MOBILE_THRESHOLD,DEFAULT,baseSeed=626|nTx=24|nValidators=10|nShards=4|committee=4|quorum=3|loadThreshold=75|maxTime=180|crossShardPct=0|requestOfflinePct=0|receiptDropPct=0|ownerCap=3000|mobileThreshold=35,6,45,626,50,COMPLETE,24,24,24,4,24,6,4,2,24,24,24,0,135,2,2,0,447,478,24,826,24,5900,2224,2,3947,300
OFAT,MOBILE_THRESHOLD,DEFAULT,baseSeed=626|nTx=24|nValidators=10|nShards=4|committee=4|quorum=3|loadThreshold=75|maxTime=180|crossShardPct=0|requestOfflinePct=0|receiptDropPct=0|ownerCap=3000|mobileThreshold=35,6,46,626,63,COMPLETE,24,24,24,7,24,6,4,1,24,24,24,0,136,2,2,0,447,519,24,885,24,6139,2329,2,3924,300
OFAT,MOBILE_THRESHOLD,DEFAULT,baseSeed=626|nTx=24|nValidators=10|nShards=4|committee=4|quorum=3|loadThreshold=75|maxTime=180|crossShardPct=0|requestOfflinePct=0|receiptDropPct=0|ownerCap=3000|mobileThreshold=35,6,47,626,62,COMPLETE,24,24,24,3,24,6,4,1,24,24,24,0,137,2,2,0,447,466,24,808,24,5872,2422,2,4104,200
OFAT,MOBILE_THRESHOLD,DEFAULT,baseSeed=626|nTx=24|nValidators=10|nShards=4|committee=4|quorum=3|loadThreshold=75|maxTime=180|crossShardPct=0|requestOfflinePct=0|receiptDropPct=0|ownerCap=3000|mobileThreshold=35,6,48,626,49,COMPLETE,24,24,24,4,24,6,4,2,24,24,24,0,136,2,2,0,447,480,24,828,24,6110,2342,2,5552,100
OFAT,MOBILE_THRESHOLD,DEFAULT,baseSeed=626|nTx=24|nValidators=10|nShards=4|committee=4|quorum=3|loadThreshold=75|maxTime=180|crossShardPct=0|requestOfflinePct=0|receiptDropPct=0|ownerCap=3000|mobileThreshold=35,6,49,626,48,COMPLETE,24,24,24,1,24,6,4,1,24,24,24,0,136,2,2,0,447,440,24,770,24,5848,2263,2,3720,300
OFAT,MOBILE_THRESHOLD,DEFAULT,baseSeed=626|nTx=24|nValidators=10|nShards=4|committee=4|quorum=3|loadThreshold=75|maxTime=180|crossShardPct=0|requestOfflinePct=0|receiptDropPct=0|ownerCap=3000|mobileThreshold=35,6,50,626,63,COMPLETE,24,24,24,4,24,6,4,2,24,24,24,0,138,2,2,0,447,480,24,828,24,5902,2186,2,3333,200
OFAT,MOBILE_THRESHOLD,DEFAULT,baseSeed=626|nTx=24|nValidators=10|nShards=4|committee=4|quorum=3|loadThreshold=75|maxTime=180|crossShardPct=0|requestOfflinePct=0|receiptDropPct=0|ownerCap=3000|mobileThreshold=35,6,51,626,50,COMPLETE,24,24,24,3,24,6,4,1,24,24,24,0,137,2,2,0,447,468,24,810,24,6693,2781,2,4364,200
OFAT,MOBILE_THRESHOLD,DEFAULT,baseSeed=626|nTx=24|nValidators=10|nShards=4|committee=4|quorum=3|loadThreshold=75|maxTime=180|crossShardPct=0|requestOfflinePct=0|receiptDropPct=0|ownerCap=3000|mobileThreshold=35,6,52,626,48,COMPLETE,24,24,24,2,24,6,4,2,24,24,24,0,137,2,2,0,447,454,24,790,24,6000,2293,2,3699,200
OFAT,MOBILE_THRESHOLD,DEFAULT,baseSeed=626|nTx=24|nValidators=10|nShards=4|committee=4|quorum=3|loadThreshold=75|maxTime=180|crossShardPct=0|requestOfflinePct=0|receiptDropPct=0|ownerCap=3000|mobileThreshold=35,6,53,626,62,COMPLETE,24,24,24,6,24,6,4,1,24,24,24,0,136,2,2,0,447,506,24,866,24,6098,2302,2,3720,400
OFAT,MOBILE_THRESHOLD,DEFAULT,baseSeed=626|nTx=24|nValidators=10|nShards=4|committee=4|quorum=3|loadThreshold=75|maxTime=180|crossShardPct=0|requestOfflinePct=0|receiptDropPct=0|ownerCap=3000|mobileThreshold=35,6,54,626,63,COMPLETE,24,24,24,3,24,6,4,1,24,24,24,0,137,2,2,0,447,466,24,808,24,6127,2364,2,3959,300
OFAT,MOBILE_THRESHOLD,DEFAULT,baseSeed=626|nTx=24|nValidators=10|nShards=4|committee=4|quorum=3|loadThreshold=75|maxTime=180|crossShardPct=0|requestOfflinePct=0|receiptDropPct=0|ownerCap=3000|mobileThreshold=35,6,55,626,50,COMPLETE,24,24,24,2,24,6,4,1,24,24,24,0,136,2,2,0,447,453,24,789,24,5970,2234,2,3517,300
OFAT,MOBILE_THRESHOLD,DEFAULT,baseSeed=626|nTx=24|nValidators=10|nShards=4|committee=4|quorum=3|loadThreshold=75|maxTime=180|crossShardPct=0|requestOfflinePct=0|receiptDropPct=0|ownerCap=3000|mobileThreshold=35,6,56,626,50,COMPLETE,24,24,24,5,24,6,4,1,24,24,24,0,136,2,2,0,447,492,24,846,24,6034,2290,2,3779,300
OFAT,MOBILE_THRESHOLD,DEFAULT,baseSeed=626|nTx=24|nValidators=10|nShards=4|committee=4|quorum=3|loadThreshold=75|maxTime=180|crossShardPct=0|requestOfflinePct=0|receiptDropPct=0|ownerCap=3000|mobileThreshold=35,6,57,626,49,COMPLETE,24,24,24,2,24,6,4,1,24,24,24,0,136,2,2,0,447,454,24,790,24,6203,2366,2,3924,200
OFAT,MOBILE_THRESHOLD,DEFAULT,baseSeed=626|nTx=24|nValidators=10|nShards=4|committee=4|quorum=3|loadThreshold=75|maxTime=180|crossShardPct=0|requestOfflinePct=0|receiptDropPct=0|ownerCap=3000|mobileThreshold=35,6,58,626,62,COMPLETE,24,24,24,4,24,6,4,1,24,24,24,0,138,2,2,0,447,481,24,829,24,5879,2327,2,3879,200
OFAT,MOBILE_THRESHOLD,DEFAULT,baseSeed=626|nTx=24|nValidators=10|nShards=4|committee=4|quorum=3|loadThreshold=75|maxTime=180|crossShardPct=0|requestOfflinePct=0|receiptDropPct=0|ownerCap=3000|mobileThreshold=35,6,59,626,63,COMPLETE,24,24,24,3,24,6,4,1,24,24,24,0,137,2,2,0,447,467,24,809,24,6231,2403,2,4161,200
OFAT,MOBILE_THRESHOLD,DEFAULT,baseSeed=626|nTx=24|nValidators=10|nShards=4|committee=4|quorum=3|loadThreshold=75|maxTime=180|crossShardPct=0|requestOfflinePct=0|receiptDropPct=0|ownerCap=3000|mobileThreshold=35,6,60,626,50,COMPLETE,24,24,24,4,24,6,4,1,24,24,24,0,135,2,2,0,447,479,24,827,24,5912,2451,2,4152,200
OFAT,MOBILE_THRESHOLD,DEFAULT,baseSeed=626|nTx=24|nValidators=10|nShards=4|committee=4|quorum=3|loadThreshold=75|maxTime=180|crossShardPct=0|requestOfflinePct=0|receiptDropPct=0|ownerCap=3000|mobileThreshold=35,6,61,626,62,COMPLETE,24,24,24,3,24,6,4,2,24,24,24,0,135,2,2,0,447,466,24,808,24,5982,2235,2,3596,200
OFAT,MOBILE_THRESHOLD,DEFAULT,baseSeed=626|nTx=24|nValidators=10|nShards=4|committee=4|quorum=3|loadThreshold=75|maxTime=180|crossShardPct=0|requestOfflinePct=0|receiptDropPct=0|ownerCap=3000|mobileThreshold=35,6,62,626,63,COMPLETE,24,24,24,3,24,6,4,1,24,24,24,0,136,2,2,0,447,466,24,808,24,6587,2712,2,3924,200
OFAT,MOBILE_THRESHOLD,DEFAULT,baseSeed=626|nTx=24|nValidators=10|nShards=4|committee=4|quorum=3|loadThreshold=75|maxTime=180|crossShardPct=0|requestOfflinePct=0|receiptDropPct=0|ownerCap=3000|mobileThreshold=35,6,63,626,49,COMPLETE,24,24,24,4,24,6,4,2,24,24,24,0,137,2,2,0,447,480,24,828,24,5907,2191,2,3352,200
OFAT,MOBILE_THRESHOLD,DEFAULT,baseSeed=626|nTx=24|nValidators=10|nShards=4|committee=4|quorum=3|loadThreshold=75|maxTime=180|crossShardPct=0|requestOfflinePct=0|receiptDropPct=0|ownerCap=3000|mobileThreshold=35,6,64,626,63,COMPLETE,24,24,24,4,24,6,4,1,24,24,24,0,137,2,2,0,447,479,24,827,24,6231,2403,2,4161,200
OFAT,MOBILE_THRESHOLD,DEFAULT,baseSeed=626|nTx=24|nValidators=10|nShards=4|committee=4|quorum=3|loadThreshold=75|maxTime=180|crossShardPct=0|requestOfflinePct=0|receiptDropPct=0|ownerCap=3000|mobileThreshold=35,6,65,626,47,COMPLETE,24,24,24,1,24,6,4,1,24,24,24,0,137,2,2,0,447,439,24,769,24,6000,2293,2,3699,300
OFAT,MOBILE_THRESHOLD,DEFAULT,baseSeed=626|nTx=24|nValidators=10|nShards=4|committee=4|quorum=3|loadThreshold=75|maxTime=180|crossShardPct=0|requestOfflinePct=0|receiptDropPct=0|ownerCap=3000|mobileThreshold=35,6,66,626,50,COMPLETE,24,24,24,5,24,6,4,1,24,24,24,0,137,2,2,0,447,494,24,848,24,5462,1969,3,2947,100
OFAT,MOBILE_THRESHOLD,DEFAULT,baseSeed=626|nTx=24|nValidators=10|nShards=4|committee=4|quorum=3|loadThreshold=75|maxTime=180|crossShardPct=0|requestOfflinePct=0|receiptDropPct=0|ownerCap=3000|mobileThreshold=35,6,67,626,62,COMPLETE,24,24,24,8,24,6,4,1,24,24,24,0,135,2,2,0,447,531,24,903,24,5888,2285,2,3742,300
OFAT,MOBILE_THRESHOLD,DEFAULT,baseSeed=626|nTx=24|nValidators=10|nShards=4|committee=4|quorum=3|loadThreshold=75|maxTime=180|crossShardPct=0|requestOfflinePct=0|receiptDropPct=0|ownerCap=3000|mobileThreshold=35,6,68,626,49,COMPLETE,24,24,24,2,24,6,4,2,24,24,24,0,138,2,2,0,447,455,24,791,24,5902,2206,2,3074,200
OFAT,MOBILE_THRESHOLD,DEFAULT,baseSeed=626|nTx=24|nValidators=10|nShards=4|committee=4|quorum=3|loadThreshold=75|maxTime=180|crossShardPct=0|requestOfflinePct=0|receiptDropPct=0|ownerCap=3000|mobileThreshold=35,6,69,626,61,COMPLETE,24,24,24,2,24,6,4,2,24,24,24,0,136,2,2,0,447,453,24,789,24,5819,2203,2,3517,300
OFAT,MOBILE_THRESHOLD,DEFAULT,baseSeed=626|nTx=24|nValidators=10|nShards=4|committee=4|quorum=3|loadThreshold=75|maxTime=180|crossShardPct=0|requestOfflinePct=0|receiptDropPct=0|ownerCap=3000|mobileThreshold=35,6,70,626,62,COMPLETE,24,24,24,2,24,6,4,0,24,24,24,0,136,2,2,0,447,454,24,790,24,6063,2365,2,3372,300
OFAT,MOBILE_THRESHOLD,DEFAULT,baseSeed=626|nTx=24|nValidators=10|nShards=4|committee=4|quorum=3|loadThreshold=75|maxTime=180|crossShardPct=0|requestOfflinePct=0|receiptDropPct=0|ownerCap=3000|mobileThreshold=35,6,71,626,62,COMPLETE,24,24,24,4,24,6,4,2,24,24,24,0,138,2,2,0,447,480,24,828,24,6097,2409,2,3879,200
OFAT,MOBILE_THRESHOLD,DEFAULT,baseSeed=626|nTx=24|nValidators=10|nShards=4|committee=4|quorum=3|loadThreshold=75|maxTime=180|crossShardPct=0|requestOfflinePct=0|receiptDropPct=0|ownerCap=3000|mobileThreshold=35,6,72,626,63,COMPLETE,24,24,24,4,24,6,4,1,24,24,24,0,137,2,2,1,448,479,24,827,24,6294,2547,2,4075,900
OFAT,MOBILE_THRESHOLD,DEFAULT,baseSeed=626|nTx=24|nValidators=10|nShards=4|committee=4|quorum=3|loadThreshold=75|maxTime=180|crossShardPct=0|requestOfflinePct=0|receiptDropPct=0|ownerCap=3000|mobileThreshold=35,6,73,626,47,COMPLETE,24,24,24,1,24,6,4,1,24,24,24,0,136,2,2,0,447,440,24,770,24,6000,2300,2,3517,300
OFAT,MOBILE_THRESHOLD,DEFAULT,baseSeed=626|nTx=24|nValidators=10|nShards=4|committee=4|quorum=3|loadThreshold=75|maxTime=180|crossShardPct=0|requestOfflinePct=0|receiptDropPct=0|ownerCap=3000|mobileThreshold=35,6,74,626,62,COMPLETE,24,24,24,4,24,6,4,1,24,24,24,0,138,2,2,0,447,479,24,827,24,6022,2270,2,3189,200
OFAT,MOBILE_THRESHOLD,DEFAULT,baseSeed=626|nTx=24|nValidators=10|nShards=4|committee=4|quorum=3|loadThreshold=75|maxTime=180|crossShardPct=0|requestOfflinePct=0|receiptDropPct=0|ownerCap=3000|mobileThreshold=35,6,75,626,62,COMPLETE,24,24,24,5,24,6,4,1,24,24,24,0,135,2,2,0,447,491,24,845,24,5409,1994,3,2426,200
OFAT,MOBILE_THRESHOLD,DEFAULT,baseSeed=626|nTx=24|nValidators=10|nShards=4|committee=4|quorum=3|loadThreshold=75|maxTime=180|crossShardPct=0|requestOfflinePct=0|receiptDropPct=0|ownerCap=3000|mobileThreshold=35,6,76,626,50,COMPLETE,24,24,24,3,24,6,4,1,24,24,24,0,138,2,2,0,447,467,24,809,24,6212,2385,2,3390,200
OFAT,MOBILE_THRESHOLD,DEFAULT,baseSeed=626|nTx=24|nValidators=10|nShards=4|committee=4|quorum=3|loadThreshold=75|maxTime=180|crossShardPct=0|requestOfflinePct=0|receiptDropPct=0|ownerCap=3000|mobileThreshold=35,6,77,626,63,COMPLETE,24,24,24,6,24,6,4,1,24,24,24,0,136,2,2,0,447,507,24,867,24,5459,1996,3,2470,200
OFAT,MOBILE_THRESHOLD,DEFAULT,baseSeed=626|nTx=24|nValidators=10|nShards=4|committee=4|quorum=3|loadThreshold=75|maxTime=180|crossShardPct=0|requestOfflinePct=0|receiptDropPct=0|ownerCap=3000|mobileThreshold=35,6,78,626,63,COMPLETE,24,24,24,4,24,6,4,2,24,24,24,0,136,2,2,0,447,480,24,828,24,6593,2962,2,4127,200
OFAT,MOBILE_THRESHOLD,DEFAULT,baseSeed=626|nTx=24|nValidators=10|nShards=4|committee=4|quorum=3|loadThreshold=75|maxTime=180|crossShardPct=0|requestOfflinePct=0|receiptDropPct=0|ownerCap=3000|mobileThreshold=35,6,79,626,63,COMPLETE,24,24,24,6,24,6,4,0,24,24,24,0,137,2,2,0,447,505,24,865,24,5242,1925,3,3092,200
OFAT,MOBILE_THRESHOLD,DEFAULT,baseSeed=626|nTx=24|nValidators=10|nShards=4|committee=4|quorum=3|loadThreshold=75|maxTime=180|crossShardPct=0|requestOfflinePct=0|receiptDropPct=0|ownerCap=3000|mobileThreshold=35,6,80,626,50,COMPLETE,24,24,24,4,24,6,4,2,24,24,24,0,136,2,2,0,447,480,24,828,24,6500,2927,2,3720,200
OFAT,MOBILE_THRESHOLD,DEFAULT,baseSeed=626|nTx=24|nValidators=10|nShards=4|committee=4|quorum=3|loadThreshold=75|maxTime=180|crossShardPct=0|requestOfflinePct=0|receiptDropPct=0|ownerCap=3000|mobileThreshold=35,6,81,626,49,COMPLETE,24,24,24,3,24,6,4,1,24,24,24,0,139,2,2,0,447,467,24,809,24,6228,2397,2,3428,200
OFAT,MOBILE_THRESHOLD,DEFAULT,baseSeed=626|nTx=24|nValidators=10|nShards=4|committee=4|quorum=3|loadThreshold=75|maxTime=180|crossShardPct=0|requestOfflinePct=0|receiptDropPct=0|ownerCap=3000|mobileThreshold=35,6,82,626,47,COMPLETE,24,24,24,1,24,6,4,2,24,24,24,0,136,2,2,0,447,440,24,770,24,6290,2547,2,3924,300
OFAT,MOBILE_THRESHOLD,DEFAULT,baseSeed=626|nTx=24|nValidators=10|nShards=4|committee=4|quorum=3|loadThreshold=75|maxTime=180|crossShardPct=0|requestOfflinePct=0|receiptDropPct=0|ownerCap=3000|mobileThreshold=35,6,83,626,63,COMPLETE,24,24,24,5,24,6,4,0,24,24,24,0,135,2,2,0,447,493,24,847,24,6274,2474,2,3742,300
OFAT,MOBILE_THRESHOLD,DEFAULT,baseSeed=626|nTx=24|nValidators=10|nShards=4|committee=4|quorum=3|loadThreshold=75|maxTime=180|crossShardPct=0|requestOfflinePct=0|receiptDropPct=0|ownerCap=3000|mobileThreshold=35,6,84,626,50,COMPLETE,24,24,24,3,24,6,4,2,24,24,24,0,137,2,2,0,447,467,24,809,24,6323,2706,2,3554,200
OFAT,MOBILE_THRESHOLD,DEFAULT,baseSeed=626|nTx=24|nValidators=10|nShards=4|committee=4|quorum=3|loadThreshold=75|maxTime=180|crossShardPct=0|requestOfflinePct=0|receiptDropPct=0|ownerCap=3000|mobileThreshold=35,6,85,626,49,COMPLETE,24,24,24,2,24,6,4,0,24,24,24,0,136,2,2,0,447,454,24,790,24,5500,2026,3,3110,200
OFAT,MOBILE_THRESHOLD,DEFAULT,baseSeed=626|nTx=24|nValidators=10|nShards=4|committee=4|quorum=3|loadThreshold=75|maxTime=180|crossShardPct=0|requestOfflinePct=0|receiptDropPct=0|ownerCap=3000|mobileThreshold=35,6,86,626,50,COMPLETE,24,24,24,2,24,6,4,1,24,24,24,0,136,2,2,0,447,453,24,789,24,6284,2562,2,4127,200
OFAT,MOBILE_THRESHOLD,DEFAULT,baseSeed=626|nTx=24|nValidators=10|nShards=4|committee=4|quorum=3|loadThreshold=75|maxTime=180|crossShardPct=0|requestOfflinePct=0|receiptDropPct=0|ownerCap=3000|mobileThreshold=35,6,87,626,50,COMPLETE,24,24,24,4,24,6,4,1,24,24,24,0,137,2,2,0,447,482,24,830,24,5531,2003,3,2687,200
OFAT,MOBILE_THRESHOLD,DEFAULT,baseSeed=626|nTx=24|nValidators=10|nShards=4|committee=4|quorum=3|loadThreshold=75|maxTime=180|crossShardPct=0|requestOfflinePct=0|receiptDropPct=0|ownerCap=3000|mobileThreshold=35,6,88,626,62,COMPLETE,24,24,24,4,24,6,4,0,24,24,24,0,134,2,2,0,447,480,24,828,24,5611,2056,3,2735,200
OFAT,MOBILE_THRESHOLD,DEFAULT,baseSeed=626|nTx=24|nValidators=10|nShards=4|committee=4|quorum=3|loadThreshold=75|maxTime=180|crossShardPct=0|requestOfflinePct=0|receiptDropPct=0|ownerCap=3000|mobileThreshold=35,6,89,626,49,COMPLETE,24,24,24,4,24,6,4,1,24,24,24,0,137,2,2,0,447,479,24,827,24,5838,2188,2,3352,300
OFAT,MOBILE_THRESHOLD,DEFAULT,baseSeed=626|nTx=24|nValidators=10|nShards=4|committee=4|quorum=3|loadThreshold=75|maxTime=180|crossShardPct=0|requestOfflinePct=0|receiptDropPct=0|ownerCap=3000|mobileThreshold=35,6,90,626,62,COMPLETE,24,24,24,5,24,6,4,1,24,24,24,0,138,2,2,0,447,491,24,845,24,5839,2165,2,3591,300
OFAT,MOBILE_THRESHOLD,DEFAULT,baseSeed=626|nTx=24|nValidators=10|nShards=4|committee=4|quorum=3|loadThreshold=75|maxTime=180|crossShardPct=0|requestOfflinePct=0|receiptDropPct=0|ownerCap=3000|mobileThreshold=35,6,91,626,50,COMPLETE,24,24,24,4,24,6,4,1,24,24,24,0,136,2,2,0,447,481,24,829,24,6412,2617,2,4127,100
OFAT,MOBILE_THRESHOLD,DEFAULT,baseSeed=626|nTx=24|nValidators=10|nShards=4|committee=4|quorum=3|loadThreshold=75|maxTime=180|crossShardPct=0|requestOfflinePct=0|receiptDropPct=0|ownerCap=3000|mobileThreshold=35,6,92,626,50,COMPLETE,24,24,24,4,24,6,4,1,24,24,24,0,138,2,2,0,447,482,24,830,24,6327,2642,2,4281,200
OFAT,MOBILE_THRESHOLD,DEFAULT,baseSeed=626|nTx=24|nValidators=10|nShards=4|committee=4|quorum=3|loadThreshold=75|maxTime=180|crossShardPct=0|requestOfflinePct=0|receiptDropPct=0|ownerCap=3000|mobileThreshold=35,6,93,626,50,COMPLETE,24,24,24,4,24,6,4,1,24,24,24,0,137,2,2,0,447,480,24,828,24,5942,2216,2,3208,200
OFAT,MOBILE_THRESHOLD,DEFAULT,baseSeed=626|nTx=24|nValidators=10|nShards=4|committee=4|quorum=3|loadThreshold=75|maxTime=180|crossShardPct=0|requestOfflinePct=0|receiptDropPct=0|ownerCap=3000|mobileThreshold=35,6,94,626,50,COMPLETE,24,24,24,4,24,6,4,1,24,24,24,0,136,2,2,0,447,480,24,828,24,6203,2467,2,3924,200
OFAT,MOBILE_THRESHOLD,DEFAULT,baseSeed=626|nTx=24|nValidators=10|nShards=4|committee=4|quorum=3|loadThreshold=75|maxTime=180|crossShardPct=0|requestOfflinePct=0|receiptDropPct=0|ownerCap=3000|mobileThreshold=35,6,95,626,49,COMPLETE,24,24,24,3,24,6,4,2,24,24,24,0,137,2,2,0,447,467,24,809,24,5919,2219,2,3352,200
OFAT,MOBILE_THRESHOLD,DEFAULT,baseSeed=626|nTx=24|nValidators=10|nShards=4|committee=4|quorum=3|loadThreshold=75|maxTime=180|crossShardPct=0|requestOfflinePct=0|receiptDropPct=0|ownerCap=3000|mobileThreshold=35,6,96,626,49,COMPLETE,24,24,24,4,24,6,4,1,24,24,24,0,136,2,2,0,447,481,24,829,24,6139,2354,2,3517,300
OFAT,MOBILE_THRESHOLD,DEFAULT,baseSeed=626|nTx=24|nValidators=10|nShards=4|committee=4|quorum=3|loadThreshold=75|maxTime=180|crossShardPct=0|requestOfflinePct=0|receiptDropPct=0|ownerCap=3000|mobileThreshold=35,6,97,626,50,COMPLETE,24,24,24,4,24,6,4,2,24,24,24,0,135,2,2,0,447,480,24,828,24,6169,2387,2,3888,300
OFAT,MOBILE_THRESHOLD,DEFAULT,baseSeed=626|nTx=24|nValidators=10|nShards=4|committee=4|quorum=3|loadThreshold=75|maxTime=180|crossShardPct=0|requestOfflinePct=0|receiptDropPct=0|ownerCap=3000|mobileThreshold=35,6,98,626,50,COMPLETE,24,24,24,3,24,6,4,1,24,24,24,0,136,2,2,0,447,467,24,809,24,5936,2235,2,3720,200
OFAT,MOBILE_THRESHOLD,DEFAULT,baseSeed=626|nTx=24|nValidators=10|nShards=4|committee=4|quorum=3|loadThreshold=75|maxTime=180|crossShardPct=0|requestOfflinePct=0|receiptDropPct=0|ownerCap=3000|mobileThreshold=35,6,99,626,47,COMPLETE,24,24,24,1,24,6,4,2,24,24,24,0,136,2,2,0,447,439,24,769,24,6145,2375,2,3982,300
OFAT,MOBILE_THRESHOLD,DEFAULT,baseSeed=626|nTx=24|nValidators=10|nShards=4|committee=4|quorum=3|loadThreshold=75|maxTime=180|crossShardPct=0|requestOfflinePct=0|receiptDropPct=0|ownerCap=3000|mobileThreshold=35,6,100,626,48,COMPLETE,24,24,24,2,24,6,4,1,24,24,24,0,138,2,2,0,447,454,24,790,24,5678,2119,2,3563,200
OFAT,MOBILE_THRESHOLD,HIGH,baseSeed=626|nTx=24|nValidators=10|nShards=4|committee=4|quorum=3|loadThreshold=75|maxTime=180|crossShardPct=0|requestOfflinePct=0|receiptDropPct=0|ownerCap=3000|mobileThreshold=65,6,1,626,50,COMPLETE,24,24,24,1,24,3,4,4,18,18,18,6,90,2,2,0,357,322,18,562,18,7777,4101,1,5427,300
OFAT,MOBILE_THRESHOLD,HIGH,baseSeed=626|nTx=24|nValidators=10|nShards=4|committee=4|quorum=3|loadThreshold=75|maxTime=180|crossShardPct=0|requestOfflinePct=0|receiptDropPct=0|ownerCap=3000|mobileThreshold=65,6,2,626,50,COMPLETE,24,24,24,4,24,3,4,4,18,18,18,6,90,2,2,0,357,339,18,585,18,7837,4262,1,5726,300
OFAT,MOBILE_THRESHOLD,HIGH,baseSeed=626|nTx=24|nValidators=10|nShards=4|committee=4|quorum=3|loadThreshold=75|maxTime=180|crossShardPct=0|requestOfflinePct=0|receiptDropPct=0|ownerCap=3000|mobileThreshold=65,6,3,626,50,COMPLETE,24,24,24,1,24,3,4,4,18,18,18,6,90,2,2,0,357,325,18,565,18,7598,3832,2,4529,300
OFAT,MOBILE_THRESHOLD,HIGH,baseSeed=626|nTx=24|nValidators=10|nShards=4|committee=4|quorum=3|loadThreshold=75|maxTime=180|crossShardPct=0|requestOfflinePct=0|receiptDropPct=0|ownerCap=3000|mobileThreshold=65,6,4,626,50,COMPLETE,24,24,24,7,24,3,4,4,18,18,18,6,90,2,2,0,357,361,18,619,18,7777,4101,1,5427,300
OFAT,MOBILE_THRESHOLD,HIGH,baseSeed=626|nTx=24|nValidators=10|nShards=4|committee=4|quorum=3|loadThreshold=75|maxTime=180|crossShardPct=0|requestOfflinePct=0|receiptDropPct=0|ownerCap=3000|mobileThreshold=65,6,5,626,49,COMPLETE,24,24,24,3,24,3,4,4,18,18,18,6,90,2,2,0,357,338,18,584,18,7837,4262,1,5726,300
OFAT,MOBILE_THRESHOLD,HIGH,baseSeed=626|nTx=24|nValidators=10|nShards=4|committee=4|quorum=3|loadThreshold=75|maxTime=180|crossShardPct=0|requestOfflinePct=0|receiptDropPct=0|ownerCap=3000|mobileThreshold=65,6,6,626,47,COMPLETE,24,24,24,1,24,3,4,4,18,18,18,6,90,2,2,0,357,322,18,562,18,8076,5264,1,6923,300
OFAT,MOBILE_THRESHOLD,HIGH,baseSeed=626|nTx=24|nValidators=10|nShards=4|committee=4|quorum=3|loadThreshold=75|maxTime=180|crossShardPct=0|requestOfflinePct=0|receiptDropPct=0|ownerCap=3000|mobileThreshold=65,6,7,626,50,COMPLETE,24,24,24,3,24,3,4,4,18,18,18,6,90,2,2,0,357,348,18,600,18,7837,4262,1,5726,200
OFAT,MOBILE_THRESHOLD,HIGH,baseSeed=626|nTx=24|nValidators=10|nShards=4|committee=4|quorum=3|loadThreshold=75|maxTime=180|crossShardPct=0|requestOfflinePct=0|receiptDropPct=0|ownerCap=3000|mobileThreshold=65,6,8,626,50,COMPLETE,24,24,24,5,24,3,4,4,18,18,18,6,90,2,2,0,357,349,18,601,18,7358,3547,2,4529,200
OFAT,MOBILE_THRESHOLD,HIGH,baseSeed=626|nTx=24|nValidators=10|nShards=4|committee=4|quorum=3|loadThreshold=75|maxTime=180|crossShardPct=0|requestOfflinePct=0|receiptDropPct=0|ownerCap=3000|mobileThreshold=65,6,9,626,49,COMPLETE,24,24,24,4,24,3,4,4,18,18,18,6,90,2,2,0,357,350,18,602,18,7598,3832,2,4529,300
OFAT,MOBILE_THRESHOLD,HIGH,baseSeed=626|nTx=24|nValidators=10|nShards=4|committee=4|quorum=3|loadThreshold=75|maxTime=180|crossShardPct=0|requestOfflinePct=0|receiptDropPct=0|ownerCap=3000|mobileThreshold=65,6,10,626,49,COMPLETE,24,24,24,3,24,3,4,4,18,18,18,6,90,2,2,0,357,337,18,583,18,7299,3457,2,4230,300
OFAT,MOBILE_THRESHOLD,HIGH,baseSeed=626|nTx=24|nValidators=10|nShards=4|committee=4|quorum=3|loadThreshold=75|maxTime=180|crossShardPct=0|requestOfflinePct=0|receiptDropPct=0|ownerCap=3000|mobileThreshold=65,6,11,626,47,COMPLETE,24,24,24,1,24,3,4,4,18,18,18,6,90,2,2,0,357,324,18,564,18,7717,3975,1,5128,300
OFAT,MOBILE_THRESHOLD,HIGH,baseSeed=626|nTx=24|nValidators=10|nShards=4|committee=4|quorum=3|loadThreshold=75|maxTime=180|crossShardPct=0|requestOfflinePct=0|receiptDropPct=0|ownerCap=3000|mobileThreshold=65,6,12,626,50,COMPLETE,24,24,24,3,24,3,4,4,18,18,18,6,90,2,2,0,357,351,18,603,18,7358,3547,2,4529,300
OFAT,MOBILE_THRESHOLD,HIGH,baseSeed=626|nTx=24|nValidators=10|nShards=4|committee=4|quorum=3|loadThreshold=75|maxTime=180|crossShardPct=0|requestOfflinePct=0|receiptDropPct=0|ownerCap=3000|mobileThreshold=65,6,13,626,50,COMPLETE,24,24,24,2,24,3,4,4,18,18,18,6,90,2,2,0,357,336,18,582,18,7598,3832,2,4529,200
OFAT,MOBILE_THRESHOLD,HIGH,baseSeed=626|nTx=24|nValidators=10|nShards=4|committee=4|quorum=3|loadThreshold=75|maxTime=180|crossShardPct=0|requestOfflinePct=0|receiptDropPct=0|ownerCap=3000|mobileThreshold=65,6,14,626,50,COMPLETE,24,24,24,3,24,3,4,4,18,18,18,6,90,2,2,0,357,340,18,586,18,7777,4101,1,5427,300
OFAT,MOBILE_THRESHOLD,HIGH,baseSeed=626|nTx=24|nValidators=10|nShards=4|committee=4|quorum=3|loadThreshold=75|maxTime=180|crossShardPct=0|requestOfflinePct=0|receiptDropPct=0|ownerCap=3000|mobileThreshold=65,6,15,626,48,COMPLETE,24,24,24,4,24,3,4,4,18,18,18,6,90,2,2,0,357,347,18,599,18,7239,3403,2,3931,200
OFAT,MOBILE_THRESHOLD,HIGH,baseSeed=626|nTx=24|nValidators=10|nShards=4|committee=4|quorum=3|loadThreshold=75|maxTime=180|crossShardPct=0|requestOfflinePct=0|receiptDropPct=0|ownerCap=3000|mobileThreshold=65,6,16,626,50,COMPLETE,24,24,24,8,24,3,4,4,18,18,18,6,90,2,2,0,357,385,18,655,18,7777,4101,1,5427,200
OFAT,MOBILE_THRESHOLD,HIGH,baseSeed=626|nTx=24|nValidators=10|nShards=4|committee=4|quorum=3|loadThreshold=75|maxTime=180|crossShardPct=0|requestOfflinePct=0|receiptDropPct=0|ownerCap=3000|mobileThreshold=65,6,17,626,50,COMPLETE,24,24,24,4,24,3,4,4,18,18,18,6,90,2,2,0,357,363,18,621,18,7658,3886,2,4829,200
OFAT,MOBILE_THRESHOLD,HIGH,baseSeed=626|nTx=24|nValidators=10|nShards=4|committee=4|quorum=3|loadThreshold=75|maxTime=180|crossShardPct=0|requestOfflinePct=0|receiptDropPct=0|ownerCap=3000|mobileThreshold=65,6,18,626,47,COMPLETE,24,24,24,3,24,3,4,4,18,18,18,6,90,2,2,0,357,324,18,564,18,7837,4262,1,5726,200
OFAT,MOBILE_THRESHOLD,HIGH,baseSeed=626|nTx=24|nValidators=10|nShards=4|committee=4|quorum=3|loadThreshold=75|maxTime=180|crossShardPct=0|requestOfflinePct=0|receiptDropPct=0|ownerCap=3000|mobileThreshold=65,6,19,626,50,COMPLETE,24,24,24,3,24,3,4,4,18,18,18,6,90,2,2,0,357,335,18,581,18,7538,3814,2,4230,200
OFAT,MOBILE_THRESHOLD,HIGH,baseSeed=626|nTx=24|nValidators=10|nShards=4|committee=4|quorum=3|loadThreshold=75|maxTime=180|crossShardPct=0|requestOfflinePct=0|receiptDropPct=0|ownerCap=3000|mobileThreshold=65,6,20,626,49,COMPLETE,24,24,24,3,24,3,4,4,18,18,18,6,90,2,2,0,357,334,18,580,18,7777,4101,1,5427,200
OFAT,MOBILE_THRESHOLD,HIGH,baseSeed=626|nTx=24|nValidators=10|nShards=4|committee=4|quorum=3|loadThreshold=75|maxTime=180|crossShardPct=0|requestOfflinePct=0|receiptDropPct=0|ownerCap=3000|mobileThreshold=65,6,21,626,50,COMPLETE,24,24,24,4,24,3,4,4,18,18,18,6,90,2,2,0,357,361,18,619,18,7598,3832,2,4529,300
OFAT,MOBILE_THRESHOLD,HIGH,baseSeed=626|nTx=24|nValidators=10|nShards=4|committee=4|quorum=3|loadThreshold=75|maxTime=180|crossShardPct=0|requestOfflinePct=0|receiptDropPct=0|ownerCap=3000|mobileThreshold=65,6,22,626,50,COMPLETE,24,24,24,3,24,3,4,4,18,18,18,6,90,2,2,0,357,349,18,601,18,7299,3457,2,4230,300
OFAT,MOBILE_THRESHOLD,HIGH,baseSeed=626|nTx=24|nValidators=10|nShards=4|committee=4|quorum=3|loadThreshold=75|maxTime=180|crossShardPct=0|requestOfflinePct=0|receiptDropPct=0|ownerCap=3000|mobileThreshold=65,6,23,626,49,COMPLETE,24,24,24,3,24,3,4,4,18,18,18,6,90,2,2,0,357,343,18,595,18,7418,3563,2,4529,100
OFAT,MOBILE_THRESHOLD,HIGH,baseSeed=626|nTx=24|nValidators=10|nShards=4|committee=4|quorum=3|loadThreshold=75|maxTime=180|crossShardPct=0|requestOfflinePct=0|receiptDropPct=0|ownerCap=3000|mobileThreshold=65,6,24,626,32,COMPLETE,24,24,24,2,24,3,4,4,18,18,18,6,90,2,2,0,357,313,18,547,18,7358,3491,2,4230,300
OFAT,MOBILE_THRESHOLD,HIGH,baseSeed=626|nTx=24|nValidators=10|nShards=4|committee=4|quorum=3|loadThreshold=75|maxTime=180|crossShardPct=0|requestOfflinePct=0|receiptDropPct=0|ownerCap=3000|mobileThreshold=65,6,25,626,49,COMPLETE,24,24,24,3,24,3,4,4,18,18,18,6,90,2,2,0,357,335,18,581,18,7299,3457,2,4230,300
OFAT,MOBILE_THRESHOLD,HIGH,baseSeed=626|nTx=24|nValidators=10|nShards=4|committee=4|quorum=3|loadThreshold=75|maxTime=180|crossShardPct=0|requestOfflinePct=0|receiptDropPct=0|ownerCap=3000|mobileThreshold=65,6,26,626,49,COMPLETE,24,24,24,3,24,3,4,4,18,18,18,6,90,2,2,0,357,348,18,600,18,7658,3886,2,4829,100
OFAT,MOBILE_THRESHOLD,HIGH,baseSeed=626|nTx=24|nValidators=10|nShards=4|committee=4|quorum=3|loadThreshold=75|maxTime=180|crossShardPct=0|requestOfflinePct=0|receiptDropPct=0|ownerCap=3000|mobileThreshold=65,6,27,626,49,COMPLETE,24,24,24,6,24,3,4,4,18,18,18,6,90,2,2,0,357,332,18,578,18,7777,4101,1,5427,200
OFAT,MOBILE_THRESHOLD,HIGH,baseSeed=626|nTx=24|nValidators=10|nShards=4|committee=4|quorum=3|loadThreshold=75|maxTime=180|crossShardPct=0|requestOfflinePct=0|receiptDropPct=0|ownerCap=3000|mobileThreshold=65,6,28,626,47,COMPLETE,24,24,24,1,24,3,4,4,18,18,18,6,90,2,2,0,357,323,18,563,18,7598,3832,2,4529,300
OFAT,MOBILE_THRESHOLD,HIGH,baseSeed=626|nTx=24|nValidators=10|nShards=4|committee=4|quorum=3|loadThreshold=75|maxTime=180|crossShardPct=0|requestOfflinePct=0|receiptDropPct=0|ownerCap=3000|mobileThreshold=65,6,29,626,49,COMPLETE,24,24,24,4,24,3,4,4,18,18,18,6,90,2,2,0,357,346,18,598,18,7837,4262,1,5726,300
OFAT,MOBILE_THRESHOLD,HIGH,baseSeed=626|nTx=24|nValidators=10|nShards=4|committee=4|quorum=3|loadThreshold=75|maxTime=180|crossShardPct=0|requestOfflinePct=0|receiptDropPct=0|ownerCap=3000|mobileThreshold=65,6,30,626,48,COMPLETE,24,24,24,2,24,3,4,4,18,18,18,6,90,2,2,0,357,324,18,564,18,7777,4101,1,5427,200
OFAT,MOBILE_THRESHOLD,HIGH,baseSeed=626|nTx=24|nValidators=10|nShards=4|committee=4|quorum=3|loadThreshold=75|maxTime=180|crossShardPct=0|requestOfflinePct=0|receiptDropPct=0|ownerCap=3000|mobileThreshold=65,6,31,626,50,COMPLETE,24,24,24,8,24,3,4,4,18,18,18,6,90,2,2,0,357,399,18,675,18,8076,5264,1,6923,300
OFAT,MOBILE_THRESHOLD,HIGH,baseSeed=626|nTx=24|nValidators=10|nShards=4|committee=4|quorum=3|loadThreshold=75|maxTime=180|crossShardPct=0|requestOfflinePct=0|receiptDropPct=0|ownerCap=3000|mobileThreshold=65,6,32,626,50,COMPLETE,24,24,24,3,24,3,4,4,18,18,18,6,90,2,2,0,357,335,18,581,18,7837,4262,1,5726,300
OFAT,MOBILE_THRESHOLD,HIGH,baseSeed=626|nTx=24|nValidators=10|nShards=4|committee=4|quorum=3|loadThreshold=75|maxTime=180|crossShardPct=0|requestOfflinePct=0|receiptDropPct=0|ownerCap=3000|mobileThreshold=65,6,33,626,50,COMPLETE,24,24,24,3,24,3,4,4,18,18,18,6,90,2,2,0,357,333,18,579,18,7777,4101,1,5427,200
OFAT,MOBILE_THRESHOLD,HIGH,baseSeed=626|nTx=24|nValidators=10|nShards=4|committee=4|quorum=3|loadThreshold=75|maxTime=180|crossShardPct=0|requestOfflinePct=0|receiptDropPct=0|ownerCap=3000|mobileThreshold=65,6,34,626,50,COMPLETE,24,24,24,3,24,3,4,4,18,18,18,6,90,2,2,0,357,333,18,579,18,7837,4262,1,5726,200
OFAT,MOBILE_THRESHOLD,HIGH,baseSeed=626|nTx=24|nValidators=10|nShards=4|committee=4|quorum=3|loadThreshold=75|maxTime=180|crossShardPct=0|requestOfflinePct=0|receiptDropPct=0|ownerCap=3000|mobileThreshold=65,6,35,626,49,COMPLETE,24,24,24,2,24,3,4,4,18,18,18,6,90,2,2,0,357,335,18,581,18,7777,4101,1,5427,200
OFAT,MOBILE_THRESHOLD,HIGH,baseSeed=626|nTx=24|nValidators=10|nShards=4|committee=4|quorum=3|loadThreshold=75|maxTime=180|crossShardPct=0|requestOfflinePct=0|receiptDropPct=0|ownerCap=3000|mobileThreshold=65,6,36,626,49,COMPLETE,24,24,24,2,24,3,4,4,18,18,18,6,90,2,2,0,357,336,18,582,18,7777,4101,1,5427,300
OFAT,MOBILE_THRESHOLD,HIGH,baseSeed=626|nTx=24|nValidators=10|nShards=4|committee=4|quorum=3|loadThreshold=75|maxTime=180|crossShardPct=0|requestOfflinePct=0|receiptDropPct=0|ownerCap=3000|mobileThreshold=65,6,37,626,47,COMPLETE,24,24,24,3,24,3,4,4,18,18,18,6,90,2,2,0,357,324,18,564,18,7837,4262,1,5726,300
OFAT,MOBILE_THRESHOLD,HIGH,baseSeed=626|nTx=24|nValidators=10|nShards=4|committee=4|quorum=3|loadThreshold=75|maxTime=180|crossShardPct=0|requestOfflinePct=0|receiptDropPct=0|ownerCap=3000|mobileThreshold=65,6,38,626,48,COMPLETE,24,24,24,1,24,3,4,4,18,18,18,6,90,2,2,0,357,321,18,561,18,7837,4262,1,5726,300
OFAT,MOBILE_THRESHOLD,HIGH,baseSeed=626|nTx=24|nValidators=10|nShards=4|committee=4|quorum=3|loadThreshold=75|maxTime=180|crossShardPct=0|requestOfflinePct=0|receiptDropPct=0|ownerCap=3000|mobileThreshold=65,6,39,626,50,COMPLETE,24,24,24,5,24,3,4,4,18,18,18,6,90,2,2,0,357,362,18,620,18,7837,4262,1,5726,300
OFAT,MOBILE_THRESHOLD,HIGH,baseSeed=626|nTx=24|nValidators=10|nShards=4|committee=4|quorum=3|loadThreshold=75|maxTime=180|crossShardPct=0|requestOfflinePct=0|receiptDropPct=0|ownerCap=3000|mobileThreshold=65,6,40,626,49,COMPLETE,24,24,24,1,24,3,4,4,18,18,18,6,90,2,2,0,357,324,18,564,18,8076,5264,1,6923,300
OFAT,MOBILE_THRESHOLD,HIGH,baseSeed=626|nTx=24|nValidators=10|nShards=4|committee=4|quorum=3|loadThreshold=75|maxTime=180|crossShardPct=0|requestOfflinePct=0|receiptDropPct=0|ownerCap=3000|mobileThreshold=65,6,41,626,49,COMPLETE,24,24,24,3,24,3,4,4,18,18,18,6,90,2,2,0,357,337,18,583,18,7777,4101,1,5427,200
OFAT,MOBILE_THRESHOLD,HIGH,baseSeed=626|nTx=24|nValidators=10|nShards=4|committee=4|quorum=3|loadThreshold=75|maxTime=180|crossShardPct=0|requestOfflinePct=0|receiptDropPct=0|ownerCap=3000|mobileThreshold=65,6,42,626,49,COMPLETE,24,24,24,6,24,3,4,4,18,18,18,6,90,2,2,0,357,363,18,621,18,7239,3403,2,3931,200
OFAT,MOBILE_THRESHOLD,HIGH,baseSeed=626|nTx=24|nValidators=10|nShards=4|committee=4|quorum=3|loadThreshold=75|maxTime=180|crossShardPct=0|requestOfflinePct=0|receiptDropPct=0|ownerCap=3000|mobileThreshold=65,6,43,626,50,COMPLETE,24,24,24,3,24,3,4,4,18,18,18,6,90,2,2,0,357,349,18,601,18,7777,4101,1,5427,200
OFAT,MOBILE_THRESHOLD,HIGH,baseSeed=626|nTx=24|nValidators=10|nShards=4|committee=4|quorum=3|loadThreshold=75|maxTime=180|crossShardPct=0|requestOfflinePct=0|receiptDropPct=0|ownerCap=3000|mobileThreshold=65,6,44,626,50,COMPLETE,24,24,24,5,24,3,4,4,18,18,18,6,90,2,2,0,357,348,18,600,18,7837,4262,1,5726,200
OFAT,MOBILE_THRESHOLD,HIGH,baseSeed=626|nTx=24|nValidators=10|nShards=4|committee=4|quorum=3|loadThreshold=75|maxTime=180|crossShardPct=0|requestOfflinePct=0|receiptDropPct=0|ownerCap=3000|mobileThreshold=65,6,45,626,49,COMPLETE,24,24,24,4,24,3,4,4,18,18,18,6,90,2,2,0,357,348,18,600,18,7777,4101,1,5427,200
OFAT,MOBILE_THRESHOLD,HIGH,baseSeed=626|nTx=24|nValidators=10|nShards=4|committee=4|quorum=3|loadThreshold=75|maxTime=180|crossShardPct=0|requestOfflinePct=0|receiptDropPct=0|ownerCap=3000|mobileThreshold=65,6,46,626,48,COMPLETE,24,24,24,2,24,3,4,4,18,18,18,6,90,2,2,0,357,335,18,581,18,7717,3975,1,5128,200
OFAT,MOBILE_THRESHOLD,HIGH,baseSeed=626|nTx=24|nValidators=10|nShards=4|committee=4|quorum=3|loadThreshold=75|maxTime=180|crossShardPct=0|requestOfflinePct=0|receiptDropPct=0|ownerCap=3000|mobileThreshold=65,6,47,626,49,COMPLETE,24,24,24,3,24,3,4,4,18,18,18,6,90,2,2,0,357,340,18,586,18,7897,4458,1,6025,200
OFAT,MOBILE_THRESHOLD,HIGH,baseSeed=626|nTx=24|nValidators=10|nShards=4|committee=4|quorum=3|loadThreshold=75|maxTime=180|crossShardPct=0|requestOfflinePct=0|receiptDropPct=0|ownerCap=3000|mobileThreshold=65,6,48,626,47,COMPLETE,24,24,24,1,24,3,4,4,18,18,18,6,90,2,2,0,357,323,18,563,18,7837,4262,1,5726,300
OFAT,MOBILE_THRESHOLD,HIGH,baseSeed=626|nTx=24|nValidators=10|nShards=4|committee=4|quorum=3|loadThreshold=75|maxTime=180|crossShardPct=0|requestOfflinePct=0|receiptDropPct=0|ownerCap=3000|mobileThreshold=65,6,49,626,48,COMPLETE,24,24,24,2,24,3,4,4,18,18,18,6,90,2,2,0,357,334,18,580,18,7777,4101,1,5427,200
OFAT,MOBILE_THRESHOLD,HIGH,baseSeed=626|nTx=24|nValidators=10|nShards=4|committee=4|quorum=3|loadThreshold=75|maxTime=180|crossShardPct=0|requestOfflinePct=0|receiptDropPct=0|ownerCap=3000|mobileThreshold=65,6,50,626,49,COMPLETE,24,24,24,6,24,3,4,4,18,18,18,6,90,2,2,0,357,352,18,604,18,7837,4262,1,5726,200
OFAT,MOBILE_THRESHOLD,HIGH,baseSeed=626|nTx=24|nValidators=10|nShards=4|committee=4|quorum=3|loadThreshold=75|maxTime=180|crossShardPct=0|requestOfflinePct=0|receiptDropPct=0|ownerCap=3000|mobileThreshold=65,6,51,626,50,COMPLETE,24,24,24,2,24,3,4,4,18,18,18,6,90,2,2,0,357,324,18,564,18,8076,5264,1,6923,200
OFAT,MOBILE_THRESHOLD,HIGH,baseSeed=626|nTx=24|nValidators=10|nShards=4|committee=4|quorum=3|loadThreshold=75|maxTime=180|crossShardPct=0|requestOfflinePct=0|receiptDropPct=0|ownerCap=3000|mobileThreshold=65,6,52,626,50,COMPLETE,24,24,24,6,24,3,4,4,18,18,18,6,90,2,2,0,357,362,18,620,18,7837,4262,1,5726,200
OFAT,MOBILE_THRESHOLD,HIGH,baseSeed=626|nTx=24|nValidators=10|nShards=4|committee=4|quorum=3|loadThreshold=75|maxTime=180|crossShardPct=0|requestOfflinePct=0|receiptDropPct=0|ownerCap=3000|mobileThreshold=65,6,53,626,50,COMPLETE,24,24,24,2,24,3,4,4,18,18,18,6,90,2,2,0,357,340,18,586,18,7777,4101,1,5427,200
OFAT,MOBILE_THRESHOLD,HIGH,baseSeed=626|nTx=24|nValidators=10|nShards=4|committee=4|quorum=3|loadThreshold=75|maxTime=180|crossShardPct=0|requestOfflinePct=0|receiptDropPct=0|ownerCap=3000|mobileThreshold=65,6,54,626,49,COMPLETE,24,24,24,3,24,3,4,4,18,18,18,6,90,2,2,0,357,336,18,582,18,7777,4101,1,5427,300
OFAT,MOBILE_THRESHOLD,HIGH,baseSeed=626|nTx=24|nValidators=10|nShards=4|committee=4|quorum=3|loadThreshold=75|maxTime=180|crossShardPct=0|requestOfflinePct=0|receiptDropPct=0|ownerCap=3000|mobileThreshold=65,6,55,626,49,COMPLETE,24,24,24,2,24,3,4,4,18,18,18,6,90,2,2,0,357,324,18,564,18,7837,4262,1,5726,200
OFAT,MOBILE_THRESHOLD,HIGH,baseSeed=626|nTx=24|nValidators=10|nShards=4|committee=4|quorum=3|loadThreshold=75|maxTime=180|crossShardPct=0|requestOfflinePct=0|receiptDropPct=0|ownerCap=3000|mobileThreshold=65,6,56,626,50,COMPLETE,24,24,24,5,24,3,4,4,18,18,18,6,90,2,2,0,357,359,18,617,18,7837,4262,1,5726,200
OFAT,MOBILE_THRESHOLD,HIGH,baseSeed=626|nTx=24|nValidators=10|nShards=4|committee=4|quorum=3|loadThreshold=75|maxTime=180|crossShardPct=0|requestOfflinePct=0|receiptDropPct=0|ownerCap=3000|mobileThreshold=65,6,57,626,50,COMPLETE,24,24,24,8,24,3,4,4,18,18,18,6,90,2,2,0,357,383,18,653,18,7897,4458,1,6025,300
OFAT,MOBILE_THRESHOLD,HIGH,baseSeed=626|nTx=24|nValidators=10|nShards=4|committee=4|quorum=3|loadThreshold=75|maxTime=180|crossShardPct=0|requestOfflinePct=0|receiptDropPct=0|ownerCap=3000|mobileThreshold=65,6,58,626,32,COMPLETE,24,24,24,1,24,3,4,4,18,18,18,6,90,2,2,0,357,312,18,546,18,7897,4458,1,6025,300
OFAT,MOBILE_THRESHOLD,HIGH,baseSeed=626|nTx=24|nValidators=10|nShards=4|committee=4|quorum=3|loadThreshold=75|maxTime=180|crossShardPct=0|requestOfflinePct=0|receiptDropPct=0|ownerCap=3000|mobileThreshold=65,6,59,626,48,COMPLETE,24,24,24,2,24,3,4,4,18,18,18,6,90,2,2,0,357,324,18,564,18,7717,3975,1,5128,300
OFAT,MOBILE_THRESHOLD,HIGH,baseSeed=626|nTx=24|nValidators=10|nShards=4|committee=4|quorum=3|loadThreshold=75|maxTime=180|crossShardPct=0|requestOfflinePct=0|receiptDropPct=0|ownerCap=3000|mobileThreshold=65,6,60,626,49,COMPLETE,24,24,24,3,24,3,4,4,18,18,18,6,90,2,2,0,357,348,18,600,18,7777,4101,1,5427,300
OFAT,MOBILE_THRESHOLD,HIGH,baseSeed=626|nTx=24|nValidators=10|nShards=4|committee=4|quorum=3|loadThreshold=75|maxTime=180|crossShardPct=0|requestOfflinePct=0|receiptDropPct=0|ownerCap=3000|mobileThreshold=65,6,61,626,49,COMPLETE,24,24,24,1,24,3,4,4,18,18,18,6,90,2,2,0,357,324,18,564,18,7837,4262,1,5726,300
OFAT,MOBILE_THRESHOLD,HIGH,baseSeed=626|nTx=24|nValidators=10|nShards=4|committee=4|quorum=3|loadThreshold=75|maxTime=180|crossShardPct=0|requestOfflinePct=0|receiptDropPct=0|ownerCap=3000|mobileThreshold=65,6,62,626,47,COMPLETE,24,24,24,3,24,3,4,4,18,18,18,6,90,2,2,0,357,325,18,565,18,8076,5264,1,6923,300
OFAT,MOBILE_THRESHOLD,HIGH,baseSeed=626|nTx=24|nValidators=10|nShards=4|committee=4|quorum=3|loadThreshold=75|maxTime=180|crossShardPct=0|requestOfflinePct=0|receiptDropPct=0|ownerCap=3000|mobileThreshold=65,6,63,626,49,COMPLETE,24,24,24,3,24,3,4,4,18,18,18,6,90,2,2,0,357,336,18,582,18,7777,4101,1,5427,200
OFAT,MOBILE_THRESHOLD,HIGH,baseSeed=626|nTx=24|nValidators=10|nShards=4|committee=4|quorum=3|loadThreshold=75|maxTime=180|crossShardPct=0|requestOfflinePct=0|receiptDropPct=0|ownerCap=3000|mobileThreshold=65,6,64,626,49,COMPLETE,24,24,24,4,24,3,4,4,18,18,18,6,90,2,2,0,357,346,18,598,18,7777,4101,1,5427,300
OFAT,MOBILE_THRESHOLD,HIGH,baseSeed=626|nTx=24|nValidators=10|nShards=4|committee=4|quorum=3|loadThreshold=75|maxTime=180|crossShardPct=0|requestOfflinePct=0|receiptDropPct=0|ownerCap=3000|mobileThreshold=65,6,65,626,49,COMPLETE,24,24,24,3,24,3,4,4,18,18,18,6,90,2,2,0,357,333,18,579,18,7837,4262,1,5726,200
OFAT,MOBILE_THRESHOLD,HIGH,baseSeed=626|nTx=24|nValidators=10|nShards=4|committee=4|quorum=3|loadThreshold=75|maxTime=180|crossShardPct=0|requestOfflinePct=0|receiptDropPct=0|ownerCap=3000|mobileThreshold=65,6,66,626,48,COMPLETE,24,24,24,2,24,3,4,4,18,18,18,6,90,2,2,0,357,337,18,583,18,7299,3457,2,4230,300
OFAT,MOBILE_THRESHOLD,HIGH,baseSeed=626|nTx=24|nValidators=10|nShards=4|committee=4|quorum=3|loadThreshold=75|maxTime=180|crossShardPct=0|requestOfflinePct=0|receiptDropPct=0|ownerCap=3000|mobileThreshold=65,6,67,626,49,COMPLETE,24,24,24,3,24,3,4,4,18,18,18,6,90,2,2,0,357,337,18,583,18,7777,4101,1,5427,300
OFAT,MOBILE_THRESHOLD,HIGH,baseSeed=626|nTx=24|nValidators=10|nShards=4|committee=4|quorum=3|loadThreshold=75|maxTime=180|crossShardPct=0|requestOfflinePct=0|receiptDropPct=0|ownerCap=3000|mobileThreshold=65,6,68,626,49,COMPLETE,24,24,24,4,24,3,4,4,18,18,18,6,90,2,2,0,357,352,18,604,18,7777,4101,1,5427,200
OFAT,MOBILE_THRESHOLD,HIGH,baseSeed=626|nTx=24|nValidators=10|nShards=4|committee=4|quorum=3|loadThreshold=75|maxTime=180|crossShardPct=0|requestOfflinePct=0|receiptDropPct=0|ownerCap=3000|mobileThreshold=65,6,69,626,47,COMPLETE,24,24,24,2,24,3,4,4,18,18,18,6,90,2,2,0,357,324,18,564,18,7837,4262,1,5726,200
OFAT,MOBILE_THRESHOLD,HIGH,baseSeed=626|nTx=24|nValidators=10|nShards=4|committee=4|quorum=3|loadThreshold=75|maxTime=180|crossShardPct=0|requestOfflinePct=0|receiptDropPct=0|ownerCap=3000|mobileThreshold=65,6,70,626,49,COMPLETE,24,24,24,3,24,3,4,4,18,18,18,6,90,2,2,0,357,336,18,582,18,7299,3457,2,4230,300
OFAT,MOBILE_THRESHOLD,HIGH,baseSeed=626|nTx=24|nValidators=10|nShards=4|committee=4|quorum=3|loadThreshold=75|maxTime=180|crossShardPct=0|requestOfflinePct=0|receiptDropPct=0|ownerCap=3000|mobileThreshold=65,6,71,626,49,COMPLETE,24,24,24,3,24,3,4,4,18,18,18,6,90,2,2,0,357,346,18,598,18,7598,3832,2,4529,100
OFAT,MOBILE_THRESHOLD,HIGH,baseSeed=626|nTx=24|nValidators=10|nShards=4|committee=4|quorum=3|loadThreshold=75|maxTime=180|crossShardPct=0|requestOfflinePct=0|receiptDropPct=0|ownerCap=3000|mobileThreshold=65,6,72,626,49,COMPLETE,24,24,24,3,24,3,4,4,18,18,18,6,90,2,2,0,357,351,18,603,18,7837,4262,1,5726,300
OFAT,MOBILE_THRESHOLD,HIGH,baseSeed=626|nTx=24|nValidators=10|nShards=4|committee=4|quorum=3|loadThreshold=75|maxTime=180|crossShardPct=0|requestOfflinePct=0|receiptDropPct=0|ownerCap=3000|mobileThreshold=65,6,73,626,47,COMPLETE,24,24,24,1,24,3,4,4,18,18,18,6,90,2,2,0,357,322,18,562,18,7358,3547,2,4529,300
OFAT,MOBILE_THRESHOLD,HIGH,baseSeed=626|nTx=24|nValidators=10|nShards=4|committee=4|quorum=3|loadThreshold=75|maxTime=180|crossShardPct=0|requestOfflinePct=0|receiptDropPct=0|ownerCap=3000|mobileThreshold=65,6,74,626,49,COMPLETE,24,24,24,4,24,3,4,4,18,18,18,6,90,2,2,0,357,349,18,601,18,7837,4262,1,5726,200
OFAT,MOBILE_THRESHOLD,HIGH,baseSeed=626|nTx=24|nValidators=10|nShards=4|committee=4|quorum=3|loadThreshold=75|maxTime=180|crossShardPct=0|requestOfflinePct=0|receiptDropPct=0|ownerCap=3000|mobileThreshold=65,6,75,626,50,COMPLETE,24,24,24,1,24,3,4,4,18,18,18,6,90,2,2,0,357,324,18,564,18,7358,3547,2,4529,300
OFAT,MOBILE_THRESHOLD,HIGH,baseSeed=626|nTx=24|nValidators=10|nShards=4|committee=4|quorum=3|loadThreshold=75|maxTime=180|crossShardPct=0|requestOfflinePct=0|receiptDropPct=0|ownerCap=3000|mobileThreshold=65,6,76,626,49,COMPLETE,24,24,24,3,24,3,4,4,18,18,18,6,90,2,2,0,357,348,18,600,18,7837,4262,1,5726,300
OFAT,MOBILE_THRESHOLD,HIGH,baseSeed=626|nTx=24|nValidators=10|nShards=4|committee=4|quorum=3|loadThreshold=75|maxTime=180|crossShardPct=0|requestOfflinePct=0|receiptDropPct=0|ownerCap=3000|mobileThreshold=65,6,77,626,50,COMPLETE,24,24,24,5,24,3,4,4,18,18,18,6,90,2,2,0,357,351,18,603,18,7179,3385,2,3931,300
OFAT,MOBILE_THRESHOLD,HIGH,baseSeed=626|nTx=24|nValidators=10|nShards=4|committee=4|quorum=3|loadThreshold=75|maxTime=180|crossShardPct=0|requestOfflinePct=0|receiptDropPct=0|ownerCap=3000|mobileThreshold=65,6,78,626,49,COMPLETE,24,24,24,6,24,3,4,4,18,18,18,6,90,2,2,0,357,358,18,616,18,7658,3886,2,4829,200
OFAT,MOBILE_THRESHOLD,HIGH,baseSeed=626|nTx=24|nValidators=10|nShards=4|committee=4|quorum=3|loadThreshold=75|maxTime=180|crossShardPct=0|requestOfflinePct=0|receiptDropPct=0|ownerCap=3000|mobileThreshold=65,6,79,626,48,COMPLETE,24,24,24,4,24,3,4,4,18,18,18,6,90,2,2,0,357,346,18,598,18,7777,4101,1,5427,200
OFAT,MOBILE_THRESHOLD,HIGH,baseSeed=626|nTx=24|nValidators=10|nShards=4|committee=4|quorum=3|loadThreshold=75|maxTime=180|crossShardPct=0|requestOfflinePct=0|receiptDropPct=0|ownerCap=3000|mobileThreshold=65,6,80,626,50,COMPLETE,24,24,24,3,24,3,4,4,18,18,18,6,90,2,2,0,357,339,18,585,18,7538,3814,2,4230,200
OFAT,MOBILE_THRESHOLD,HIGH,baseSeed=626|nTx=24|nValidators=10|nShards=4|committee=4|quorum=3|loadThreshold=75|maxTime=180|crossShardPct=0|requestOfflinePct=0|receiptDropPct=0|ownerCap=3000|mobileThreshold=65,6,81,626,48,COMPLETE,24,24,24,1,24,3,4,4,18,18,18,6,90,2,2,0,357,323,18,563,18,7837,4262,1,5726,300
OFAT,MOBILE_THRESHOLD,HIGH,baseSeed=626|nTx=24|nValidators=10|nShards=4|committee=4|quorum=3|loadThreshold=75|maxTime=180|crossShardPct=0|requestOfflinePct=0|receiptDropPct=0|ownerCap=3000|mobileThreshold=65,6,82,626,48,COMPLETE,24,24,24,4,24,3,4,4,18,18,18,6,90,2,2,0,357,350,18,602,18,7358,3547,2,4529,200
OFAT,MOBILE_THRESHOLD,HIGH,baseSeed=626|nTx=24|nValidators=10|nShards=4|committee=4|quorum=3|loadThreshold=75|maxTime=180|crossShardPct=0|requestOfflinePct=0|receiptDropPct=0|ownerCap=3000|mobileThreshold=65,6,83,626,47,COMPLETE,24,24,24,1,24,3,4,4,18,18,18,6,90,2,2,0,357,323,18,563,18,7598,3832,2,4529,300
OFAT,MOBILE_THRESHOLD,HIGH,baseSeed=626|nTx=24|nValidators=10|nShards=4|committee=4|quorum=3|loadThreshold=75|maxTime=180|crossShardPct=0|requestOfflinePct=0|receiptDropPct=0|ownerCap=3000|mobileThreshold=65,6,84,626,47,COMPLETE,24,24,24,1,24,3,4,4,18,18,18,6,90,2,2,0,357,323,18,563,18,7538,3814,2,4230,300
OFAT,MOBILE_THRESHOLD,HIGH,baseSeed=626|nTx=24|nValidators=10|nShards=4|committee=4|quorum=3|loadThreshold=75|maxTime=180|crossShardPct=0|requestOfflinePct=0|receiptDropPct=0|ownerCap=3000|mobileThreshold=65,6,85,626,48,COMPLETE,24,24,24,2,24,3,4,4,18,18,18,6,90,2,2,0,357,337,18,583,18,7418,3563,2,4529,200
OFAT,MOBILE_THRESHOLD,HIGH,baseSeed=626|nTx=24|nValidators=10|nShards=4|committee=4|quorum=3|loadThreshold=75|maxTime=180|crossShardPct=0|requestOfflinePct=0|receiptDropPct=0|ownerCap=3000|mobileThreshold=65,6,86,626,48,COMPLETE,24,24,24,1,24,3,4,4,18,18,18,6,90,2,2,0,357,328,18,568,18,7239,3403,2,3931,300
OFAT,MOBILE_THRESHOLD,HIGH,baseSeed=626|nTx=24|nValidators=10|nShards=4|committee=4|quorum=3|loadThreshold=75|maxTime=180|crossShardPct=0|requestOfflinePct=0|receiptDropPct=0|ownerCap=3000|mobileThreshold=65,6,87,626,50,COMPLETE,24,24,24,1,24,3,4,4,18,18,18,6,90,2,2,0,357,323,18,563,18,7299,3457,2,4230,300
OFAT,MOBILE_THRESHOLD,HIGH,baseSeed=626|nTx=24|nValidators=10|nShards=4|committee=4|quorum=3|loadThreshold=75|maxTime=180|crossShardPct=0|requestOfflinePct=0|receiptDropPct=0|ownerCap=3000|mobileThreshold=65,6,88,626,50,COMPLETE,24,24,24,4,24,3,4,4,18,18,18,6,90,2,2,1,358,333,18,579,18,7299,3457,2,4230,900
OFAT,MOBILE_THRESHOLD,HIGH,baseSeed=626|nTx=24|nValidators=10|nShards=4|committee=4|quorum=3|loadThreshold=75|maxTime=180|crossShardPct=0|requestOfflinePct=0|receiptDropPct=0|ownerCap=3000|mobileThreshold=65,6,89,626,48,COMPLETE,24,24,24,3,24,3,4,4,18,18,18,6,90,2,2,0,357,335,18,581,18,7598,3832,2,4529,200
OFAT,MOBILE_THRESHOLD,HIGH,baseSeed=626|nTx=24|nValidators=10|nShards=4|committee=4|quorum=3|loadThreshold=75|maxTime=180|crossShardPct=0|requestOfflinePct=0|receiptDropPct=0|ownerCap=3000|mobileThreshold=65,6,90,626,49,COMPLETE,24,24,24,3,24,3,4,4,18,18,18,6,90,2,2,0,357,349,18,601,18,7837,4262,1,5726,200
OFAT,MOBILE_THRESHOLD,HIGH,baseSeed=626|nTx=24|nValidators=10|nShards=4|committee=4|quorum=3|loadThreshold=75|maxTime=180|crossShardPct=0|requestOfflinePct=0|receiptDropPct=0|ownerCap=3000|mobileThreshold=65,6,91,626,50,COMPLETE,24,24,24,3,24,3,4,4,18,18,18,6,90,2,2,0,357,337,18,583,18,7598,3832,2,4529,100
OFAT,MOBILE_THRESHOLD,HIGH,baseSeed=626|nTx=24|nValidators=10|nShards=4|committee=4|quorum=3|loadThreshold=75|maxTime=180|crossShardPct=0|requestOfflinePct=0|receiptDropPct=0|ownerCap=3000|mobileThreshold=65,6,92,626,49,COMPLETE,24,24,24,4,24,3,4,4,18,18,18,6,90,2,2,1,358,349,18,601,18,7897,4458,1,6025,600
OFAT,MOBILE_THRESHOLD,HIGH,baseSeed=626|nTx=24|nValidators=10|nShards=4|committee=4|quorum=3|loadThreshold=75|maxTime=180|crossShardPct=0|requestOfflinePct=0|receiptDropPct=0|ownerCap=3000|mobileThreshold=65,6,93,626,50,COMPLETE,24,24,24,2,24,3,4,4,18,18,18,6,90,2,2,0,357,339,18,585,18,7837,4262,1,5726,300
OFAT,MOBILE_THRESHOLD,HIGH,baseSeed=626|nTx=24|nValidators=10|nShards=4|committee=4|quorum=3|loadThreshold=75|maxTime=180|crossShardPct=0|requestOfflinePct=0|receiptDropPct=0|ownerCap=3000|mobileThreshold=65,6,94,626,49,COMPLETE,24,24,24,3,24,3,4,4,18,18,18,6,90,2,2,0,357,340,18,586,18,7777,4101,1,5427,200
OFAT,MOBILE_THRESHOLD,HIGH,baseSeed=626|nTx=24|nValidators=10|nShards=4|committee=4|quorum=3|loadThreshold=75|maxTime=180|crossShardPct=0|requestOfflinePct=0|receiptDropPct=0|ownerCap=3000|mobileThreshold=65,6,95,626,50,COMPLETE,24,24,24,5,24,3,4,4,18,18,18,6,90,2,2,0,357,350,18,602,18,7777,4101,1,5427,200
OFAT,MOBILE_THRESHOLD,HIGH,baseSeed=626|nTx=24|nValidators=10|nShards=4|committee=4|quorum=3|loadThreshold=75|maxTime=180|crossShardPct=0|requestOfflinePct=0|receiptDropPct=0|ownerCap=3000|mobileThreshold=65,6,96,626,49,COMPLETE,24,24,24,3,24,3,4,4,18,18,18,6,90,2,2,0,357,337,18,583,18,7837,4262,1,5726,200
OFAT,MOBILE_THRESHOLD,HIGH,baseSeed=626|nTx=24|nValidators=10|nShards=4|committee=4|quorum=3|loadThreshold=75|maxTime=180|crossShardPct=0|requestOfflinePct=0|receiptDropPct=0|ownerCap=3000|mobileThreshold=65,6,97,626,49,COMPLETE,24,24,24,2,24,3,4,4,18,18,18,6,90,2,2,0,357,335,18,581,18,7897,4458,1,6025,200
OFAT,MOBILE_THRESHOLD,HIGH,baseSeed=626|nTx=24|nValidators=10|nShards=4|committee=4|quorum=3|loadThreshold=75|maxTime=180|crossShardPct=0|requestOfflinePct=0|receiptDropPct=0|ownerCap=3000|mobileThreshold=65,6,98,626,50,COMPLETE,24,24,24,4,24,3,4,4,18,18,18,6,90,2,2,0,357,348,18,600,18,7717,3975,1,5128,200
OFAT,MOBILE_THRESHOLD,HIGH,baseSeed=626|nTx=24|nValidators=10|nShards=4|committee=4|quorum=3|loadThreshold=75|maxTime=180|crossShardPct=0|requestOfflinePct=0|receiptDropPct=0|ownerCap=3000|mobileThreshold=65,6,99,626,49,COMPLETE,24,24,24,3,24,3,4,4,18,18,18,6,90,2,2,0,357,349,18,601,18,7717,3975,1,5128,300
OFAT,MOBILE_THRESHOLD,HIGH,baseSeed=626|nTx=24|nValidators=10|nShards=4|committee=4|quorum=3|loadThreshold=75|maxTime=180|crossShardPct=0|requestOfflinePct=0|receiptDropPct=0|ownerCap=3000|mobileThreshold=65,6,100,626,50,COMPLETE,24,24,24,3,24,3,4,4,18,18,18,6,90,2,2,0,357,348,18,600,18,7837,4262,1,5726,300
OFAT,COMMITTEE_QUORUM,LOW,baseSeed=626|nTx=24|nValidators=10|nShards=4|committee=3|quorum=2|loadThreshold=75|maxTime=180|crossShardPct=0|requestOfflinePct=0|receiptDropPct=0|ownerCap=3000|mobileThreshold=35,6,1,626,62,COMPLETE,24,24,24,4,24,6,4,1,24,24,24,0,115,2,2,0,399,480,24,828,24,6920,2947,2,4503,200
OFAT,COMMITTEE_QUORUM,LOW,baseSeed=626|nTx=24|nValidators=10|nShards=4|committee=3|quorum=2|loadThreshold=75|maxTime=180|crossShardPct=0|requestOfflinePct=0|receiptDropPct=0|ownerCap=3000|mobileThreshold=35,6,2,626,62,COMPLETE,24,24,24,3,24,6,4,1,24,24,24,0,116,2,2,0,399,466,24,808,24,6651,2940,2,4671,200
OFAT,COMMITTEE_QUORUM,LOW,baseSeed=626|nTx=24|nValidators=10|nShards=4|committee=3|quorum=2|loadThreshold=75|maxTime=180|crossShardPct=0|requestOfflinePct=0|receiptDropPct=0|ownerCap=3000|mobileThreshold=35,6,3,626,62,COMPLETE,24,24,24,3,24,6,4,1,24,24,24,0,114,2,2,0,399,466,24,808,24,6673,2760,2,3466,200
OFAT,COMMITTEE_QUORUM,LOW,baseSeed=626|nTx=24|nValidators=10|nShards=4|committee=3|quorum=2|loadThreshold=75|maxTime=180|crossShardPct=0|requestOfflinePct=0|receiptDropPct=0|ownerCap=3000|mobileThreshold=35,6,4,626,50,COMPLETE,24,24,24,4,24,6,4,1,24,24,24,0,114,2,2,0,399,479,24,827,24,6626,2763,2,4266,300
OFAT,COMMITTEE_QUORUM,LOW,baseSeed=626|nTx=24|nValidators=10|nShards=4|committee=3|quorum=2|loadThreshold=75|maxTime=180|crossShardPct=0|requestOfflinePct=0|receiptDropPct=0|ownerCap=3000|mobileThreshold=35,6,5,626,62,COMPLETE,24,24,24,4,24,6,4,1,24,24,24,0,117,2,2,0,399,480,24,828,24,7307,3520,2,4934,200
OFAT,COMMITTEE_QUORUM,LOW,baseSeed=626|nTx=24|nValidators=10|nShards=4|committee=3|quorum=2|loadThreshold=75|maxTime=180|crossShardPct=0|requestOfflinePct=0|receiptDropPct=0|ownerCap=3000|mobileThreshold=35,6,6,626,63,COMPLETE,24,24,24,3,24,6,4,1,24,24,24,0,114,2,2,0,399,466,24,808,24,7293,3402,2,4133,200
OFAT,COMMITTEE_QUORUM,LOW,baseSeed=626|nTx=24|nValidators=10|nShards=4|committee=3|quorum=2|loadThreshold=75|maxTime=180|crossShardPct=0|requestOfflinePct=0|receiptDropPct=0|ownerCap=3000|mobileThreshold=35,6,7,626,48,COMPLETE,24,24,24,1,24,6,4,0,24,24,24,0,114,2,2,0,399,442,24,772,24,6813,2850,2,4166,300
OFAT,COMMITTEE_QUORUM,LOW,baseSeed=626|nTx=24|nValidators=10|nShards=4|committee=3|quorum=2|loadThreshold=75|maxTime=180|crossShardPct=0|requestOfflinePct=0|receiptDropPct=0|ownerCap=3000|mobileThreshold=35,6,8,626,63,COMPLETE,24,24,24,6,24,6,4,1,24,24,24,0,116,2,2,0,399,507,24,867,24,5848,2213,2,2796,200
OFAT,COMMITTEE_QUORUM,LOW,baseSeed=626|nTx=24|nValidators=10|nShards=4|committee=3|quorum=2|loadThreshold=75|maxTime=180|crossShardPct=0|requestOfflinePct=0|receiptDropPct=0|ownerCap=3000|mobileThreshold=35,6,9,626,62,COMPLETE,24,24,24,3,24,6,4,0,24,24,24,0,113,2,2,0,399,467,24,809,24,5832,2167,2,3187,200
OFAT,COMMITTEE_QUORUM,LOW,baseSeed=626|nTx=24|nValidators=10|nShards=4|committee=3|quorum=2|loadThreshold=75|maxTime=180|crossShardPct=0|requestOfflinePct=0|receiptDropPct=0|ownerCap=3000|mobileThreshold=35,6,10,626,62,COMPLETE,24,24,24,3,24,6,4,0,24,24,24,0,115,2,2,0,399,466,24,808,24,5576,2073,3,2483,200
OFAT,COMMITTEE_QUORUM,LOW,baseSeed=626|nTx=24|nValidators=10|nShards=4|committee=3|quorum=2|loadThreshold=75|maxTime=180|crossShardPct=0|requestOfflinePct=0|receiptDropPct=0|ownerCap=3000|mobileThreshold=35,6,11,626,62,COMPLETE,24,24,24,5,24,6,4,0,24,24,24,0,117,2,2,0,399,491,24,845,24,6424,2566,2,3856,300
OFAT,COMMITTEE_QUORUM,LOW,baseSeed=626|nTx=24|nValidators=10|nShards=4|committee=3|quorum=2|loadThreshold=75|maxTime=180|crossShardPct=0|requestOfflinePct=0|receiptDropPct=0|ownerCap=3000|mobileThreshold=35,6,12,626,49,COMPLETE,24,24,24,2,24,6,4,0,24,24,24,0,112,2,2,0,399,454,24,790,24,5594,2075,3,2466,200
OFAT,COMMITTEE_QUORUM,LOW,baseSeed=626|nTx=24|nValidators=10|nShards=4|committee=3|quorum=2|loadThreshold=75|maxTime=180|crossShardPct=0|requestOfflinePct=0|receiptDropPct=0|ownerCap=3000|mobileThreshold=35,6,13,626,49,COMPLETE,24,24,24,3,24,6,4,0,24,24,24,0,116,2,2,0,399,467,24,809,24,6210,2658,2,3486,300
OFAT,COMMITTEE_QUORUM,LOW,baseSeed=626|nTx=24|nValidators=10|nShards=4|committee=3|quorum=2|loadThreshold=75|maxTime=180|crossShardPct=0|requestOfflinePct=0|receiptDropPct=0|ownerCap=3000|mobileThreshold=35,6,14,626,50,COMPLETE,24,24,24,5,24,6,4,0,24,24,24,0,113,2,2,0,399,493,24,847,24,5825,2151,2,2953,200
OFAT,COMMITTEE_QUORUM,LOW,baseSeed=626|nTx=24|nValidators=10|nShards=4|committee=3|quorum=2|loadThreshold=75|maxTime=180|crossShardPct=0|requestOfflinePct=0|receiptDropPct=0|ownerCap=3000|mobileThreshold=35,6,15,626,49,COMPLETE,24,24,24,2,24,6,4,0,24,24,24,0,113,2,2,0,399,454,24,790,24,6000,2296,2,3355,200
OFAT,COMMITTEE_QUORUM,LOW,baseSeed=626|nTx=24|nValidators=10|nShards=4|committee=3|quorum=2|loadThreshold=75|maxTime=180|crossShardPct=0|requestOfflinePct=0|receiptDropPct=0|ownerCap=3000|mobileThreshold=35,6,16,626,62,COMPLETE,24,24,24,4,24,6,4,0,24,24,24,0,115,2,2,0,399,479,24,827,24,6403,2602,2,4039,200
OFAT,COMMITTEE_QUORUM,LOW,baseSeed=626|nTx=24|nValidators=10|nShards=4|committee=3|quorum=2|loadThreshold=75|maxTime=180|crossShardPct=0|requestOfflinePct=0|receiptDropPct=0|ownerCap=3000|mobileThreshold=35,6,17,626,47,COMPLETE,24,24,24,1,24,6,4,0,24,24,24,0,113,2,2,0,399,440,24,770,24,6234,2581,2,4194,300
OFAT,COMMITTEE_QUORUM,LOW,baseSeed=626|nTx=24|nValidators=10|nShards=4|committee=3|quorum=2|loadThreshold=75|maxTime=180|crossShardPct=0|requestOfflinePct=0|receiptDropPct=0|ownerCap=3000|mobileThreshold=35,6,18,626,47,COMPLETE,24,24,24,1,24,6,4,0,24,24,24,0,115,2,2,0,399,439,24,769,24,6284,2434,2,3443,300
OFAT,COMMITTEE_QUORUM,LOW,baseSeed=626|nTx=24|nValidators=10|nShards=4|committee=3|quorum=2|loadThreshold=75|maxTime=180|crossShardPct=0|requestOfflinePct=0|receiptDropPct=0|ownerCap=3000|mobileThreshold=35,6,19,626,63,COMPLETE,24,24,24,5,24,6,4,1,24,24,24,0,117,2,2,0,399,492,24,846,24,5777,2175,2,2941,200
OFAT,COMMITTEE_QUORUM,LOW,baseSeed=626|nTx=24|nValidators=10|nShards=4|committee=3|quorum=2|loadThreshold=75|maxTime=180|crossShardPct=0|requestOfflinePct=0|receiptDropPct=0|ownerCap=3000|mobileThreshold=35,6,20,626,49,COMPLETE,24,24,24,3,24,6,4,0,24,24,24,0,115,2,2,0,399,467,24,809,24,6211,2417,2,3609,200
OFAT,COMMITTEE_QUORUM,LOW,baseSeed=626|nTx=24|nValidators=10|nShards=4|committee=3|quorum=2|loadThreshold=75|maxTime=180|crossShardPct=0|requestOfflinePct=0|receiptDropPct=0|ownerCap=3000|mobileThreshold=35,6,21,626,48,COMPLETE,24,24,24,2,24,6,4,0,24,24,24,0,115,2,2,0,399,454,24,790,24,6390,2623,2,4139,300
OFAT,COMMITTEE_QUORUM,LOW,baseSeed=626|nTx=24|nValidators=10|nShards=4|committee=3|quorum=2|loadThreshold=75|maxTime=180|crossShardPct=0|requestOfflinePct=0|receiptDropPct=0|ownerCap=3000|mobileThreshold=35,6,22,626,62,COMPLETE,24,24,24,5,24,6,4,0,24,24,24,0,114,2,2,0,399,492,24,846,24,6460,2663,2,4100,200
OFAT,COMMITTEE_QUORUM,LOW,baseSeed=626|nTx=24|nValidators=10|nShards=4|committee=3|quorum=2|loadThreshold=75|maxTime=180|crossShardPct=0|requestOfflinePct=0|receiptDropPct=0|ownerCap=3000|mobileThreshold=35,6,23,626,50,COMPLETE,24,24,24,1,24,6,4,0,24,24,24,0,115,2,2,0,399,440,24,770,24,5556,2045,3,2516,300
OFAT,COMMITTEE_QUORUM,LOW,baseSeed=626|nTx=24|nValidators=10|nShards=4|committee=3|quorum=2|loadThreshold=75|maxTime=180|crossShardPct=0|requestOfflinePct=0|receiptDropPct=0|ownerCap=3000|mobileThreshold=35,6,24,626,47,COMPLETE,24,24,24,1,24,6,4,1,24,24,24,0,115,2,2,0,399,439,24,769,24,5516,2034,3,2450,300
OFAT,COMMITTEE_QUORUM,LOW,baseSeed=626|nTx=24|nValidators=10|nShards=4|committee=3|quorum=2|loadThreshold=75|maxTime=180|crossShardPct=0|requestOfflinePct=0|receiptDropPct=0|ownerCap=3000|mobileThreshold=35,6,25,626,50,COMPLETE,24,24,24,2,24,6,4,0,24,24,24,0,114,2,2,0,399,453,24,789,24,5933,2263,2,3000,200
OFAT,COMMITTEE_QUORUM,LOW,baseSeed=626|nTx=24|nValidators=10|nShards=4|committee=3|quorum=2|loadThreshold=75|maxTime=180|crossShardPct=0|requestOfflinePct=0|receiptDropPct=0|ownerCap=3000|mobileThreshold=35,6,26,626,63,COMPLETE,24,24,24,5,24,6,4,1,24,24,24,0,116,2,2,0,399,493,24,847,24,6611,2679,2,3651,200
OFAT,COMMITTEE_QUORUM,LOW,baseSeed=626|nTx=24|nValidators=10|nShards=4|committee=3|quorum=2|loadThreshold=75|maxTime=180|crossShardPct=0|requestOfflinePct=0|receiptDropPct=0|ownerCap=3000|mobileThreshold=35,6,27,626,50,COMPLETE,24,24,24,2,24,6,4,0,24,24,24,0,116,2,2,0,399,454,24,790,24,6203,2443,2,3815,200
OFAT,COMMITTEE_QUORUM,LOW,baseSeed=626|nTx=24|nValidators=10|nShards=4|committee=3|quorum=2|loadThreshold=75|maxTime=180|crossShardPct=0|requestOfflinePct=0|receiptDropPct=0|ownerCap=3000|mobileThreshold=35,6,28,626,50,COMPLETE,24,24,24,1,24,6,4,0,24,24,24,0,113,2,2,0,399,440,24,770,24,6966,3078,2,4530,300
OFAT,COMMITTEE_QUORUM,LOW,baseSeed=626|nTx=24|nValidators=10|nShards=4|committee=3|quorum=2|loadThreshold=75|maxTime=180|crossShardPct=0|requestOfflinePct=0|receiptDropPct=0|ownerCap=3000|mobileThreshold=35,6,29,626,49,COMPLETE,24,24,24,2,24,6,4,0,24,24,24,0,115,2,2,0,399,455,24,791,24,6450,2732,2,4370,200
OFAT,COMMITTEE_QUORUM,LOW,baseSeed=626|nTx=24|nValidators=10|nShards=4|committee=3|quorum=2|loadThreshold=75|maxTime=180|crossShardPct=0|requestOfflinePct=0|receiptDropPct=0|ownerCap=3000|mobileThreshold=35,6,30,626,50,COMPLETE,24,24,24,3,24,6,4,0,24,24,24,0,114,2,2,0,399,465,24,807,24,6446,2597,2,4333,200
OFAT,COMMITTEE_QUORUM,LOW,baseSeed=626|nTx=24|nValidators=10|nShards=4|committee=3|quorum=2|loadThreshold=75|maxTime=180|crossShardPct=0|requestOfflinePct=0|receiptDropPct=0|ownerCap=3000|mobileThreshold=35,6,31,626,62,COMPLETE,24,24,24,4,24,6,4,1,24,24,24,0,113,2,2,0,399,479,24,827,24,6657,2726,2,4261,200
OFAT,COMMITTEE_QUORUM,LOW,baseSeed=626|nTx=24|nValidators=10|nShards=4|committee=3|quorum=2|loadThreshold=75|maxTime=180|crossShardPct=0|requestOfflinePct=0|receiptDropPct=0|ownerCap=3000|mobileThreshold=35,6,32,626,50,COMPLETE,24,24,24,3,24,6,4,0,24,24,24,0,116,2,2,0,399,467,24,809,24,6315,2472,2,4111,300
OFAT,COMMITTEE_QUORUM,LOW,baseSeed=626|nTx=24|nValidators=10|nShards=4|committee=3|quorum=2|loadThreshold=75|maxTime=180|crossShardPct=0|requestOfflinePct=0|receiptDropPct=0|ownerCap=3000|mobileThreshold=35,6,33,626,62,COMPLETE,24,24,24,4,24,6,4,1,24,24,24,0,112,2,2,0,399,480,24,828,24,6952,2995,2,4121,200
OFAT,COMMITTEE_QUORUM,LOW,baseSeed=626|nTx=24|nValidators=10|nShards=4|committee=3|quorum=2|loadThreshold=75|maxTime=180|crossShardPct=0|requestOfflinePct=0|receiptDropPct=0|ownerCap=3000|mobileThreshold=35,6,34,626,49,COMPLETE,24,24,24,4,24,6,4,0,24,24,24,0,117,2,2,0,399,480,24,828,24,6339,2675,2,4379,200
OFAT,COMMITTEE_QUORUM,LOW,baseSeed=626|nTx=24|nValidators=10|nShards=4|committee=3|quorum=2|loadThreshold=75|maxTime=180|crossShardPct=0|requestOfflinePct=0|receiptDropPct=0|ownerCap=3000|mobileThreshold=35,6,35,626,48,COMPLETE,24,24,24,2,24,6,4,1,24,24,24,0,115,2,2,0,399,454,24,790,24,6569,2667,2,3211,200
OFAT,COMMITTEE_QUORUM,LOW,baseSeed=626|nTx=24|nValidators=10|nShards=4|committee=3|quorum=2|loadThreshold=75|maxTime=180|crossShardPct=0|requestOfflinePct=0|receiptDropPct=0|ownerCap=3000|mobileThreshold=35,6,36,626,48,COMPLETE,24,24,24,2,24,6,4,0,24,24,24,0,113,2,2,0,399,454,24,790,24,6255,2431,2,3657,200
OFAT,COMMITTEE_QUORUM,LOW,baseSeed=626|nTx=24|nValidators=10|nShards=4|committee=3|quorum=2|loadThreshold=75|maxTime=180|crossShardPct=0|requestOfflinePct=0|receiptDropPct=0|ownerCap=3000|mobileThreshold=35,6,37,626,48,COMPLETE,24,24,24,2,24,6,4,1,24,24,24,0,117,2,2,0,399,453,24,789,24,6137,2368,2,4248,200
OFAT,COMMITTEE_QUORUM,LOW,baseSeed=626|nTx=24|nValidators=10|nShards=4|committee=3|quorum=2|loadThreshold=75|maxTime=180|crossShardPct=0|requestOfflinePct=0|receiptDropPct=0|ownerCap=3000|mobileThreshold=35,6,38,626,47,COMPLETE,24,24,24,1,24,6,4,0,24,24,24,0,112,2,2,0,399,440,24,770,24,6290,2461,2,3750,300
OFAT,COMMITTEE_QUORUM,LOW,baseSeed=626|nTx=24|nValidators=10|nShards=4|committee=3|quorum=2|loadThreshold=75|maxTime=180|crossShardPct=0|requestOfflinePct=0|receiptDropPct=0|ownerCap=3000|mobileThreshold=35,6,39,626,50,COMPLETE,24,24,24,2,24,6,4,0,24,24,24,0,113,2,2,0,399,454,24,790,24,6510,2642,2,3892,200
OFAT,COMMITTEE_QUORUM,LOW,baseSeed=626|nTx=24|nValidators=10|nShards=4|committee=3|quorum=2|loadThreshold=75|maxTime=180|crossShardPct=0|requestOfflinePct=0|receiptDropPct=0|ownerCap=3000|mobileThreshold=35,6,40,626,48,COMPLETE,24,24,24,2,24,6,4,1,24,24,24,0,115,2,2,0,399,455,24,791,24,7105,3253,2,4238,200
OFAT,COMMITTEE_QUORUM,LOW,baseSeed=626|nTx=24|nValidators=10|nShards=4|committee=3|quorum=2|loadThreshold=75|maxTime=180|crossShardPct=0|requestOfflinePct=0|receiptDropPct=0|ownerCap=3000|mobileThreshold=35,6,41,626,63,COMPLETE,24,24,24,5,24,6,4,0,24,24,24,0,113,2,2,0,399,494,24,848,24,6510,2701,2,4932,300
OFAT,COMMITTEE_QUORUM,LOW,baseSeed=626|nTx=24|nValidators=10|nShards=4|committee=3|quorum=2|loadThreshold=75|maxTime=180|crossShardPct=0|requestOfflinePct=0|receiptDropPct=0|ownerCap=3000|mobileThreshold=35,6,42,626,49,COMPLETE,24,24,24,3,24,6,4,1,24,24,24,0,115,2,2,0,399,467,24,809,24,6039,2275,2,3046,100
OFAT,COMMITTEE_QUORUM,LOW,baseSeed=626|nTx=24|nValidators=10|nShards=4|committee=3|quorum=2|loadThreshold=75|maxTime=180|crossShardPct=0|requestOfflinePct=0|receiptDropPct=0|ownerCap=3000|mobileThreshold=35,6,43,626,50,COMPLETE,24,24,24,1,24,6,4,0,24,24,24,0,114,2,2,0,399,440,24,770,24,5633,2089,3,4666,300
OFAT,COMMITTEE_QUORUM,LOW,baseSeed=626|nTx=24|nValidators=10|nShards=4|committee=3|quorum=2|loadThreshold=75|maxTime=180|crossShardPct=0|requestOfflinePct=0|receiptDropPct=0|ownerCap=3000|mobileThreshold=35,6,44,626,63,COMPLETE,24,24,24,4,24,6,4,1,24,24,24,0,113,2,2,0,399,480,24,828,24,6798,2852,2,3825,100
OFAT,COMMITTEE_QUORUM,LOW,baseSeed=626|nTx=24|nValidators=10|nShards=4|committee=3|quorum=2|loadThreshold=75|maxTime=180|crossShardPct=0|requestOfflinePct=0|receiptDropPct=0|ownerCap=3000|mobileThreshold=35,6,45,626,63,COMPLETE,24,24,24,4,24,6,4,0,24,24,24,0,118,2,2,0,399,479,24,827,24,6240,2404,2,3766,200
OFAT,COMMITTEE_QUORUM,LOW,baseSeed=626|nTx=24|nValidators=10|nShards=4|committee=3|quorum=2|loadThreshold=75|maxTime=180|crossShardPct=0|requestOfflinePct=0|receiptDropPct=0|ownerCap=3000|mobileThreshold=35,6,46,626,50,COMPLETE,24,24,24,4,24,6,4,1,24,24,24,0,114,2,2,0,399,480,24,828,24,6926,2977,2,4466,200
OFAT,COMMITTEE_QUORUM,LOW,baseSeed=626|nTx=24|nValidators=10|nShards=4|committee=3|quorum=2|loadThreshold=75|maxTime=180|crossShardPct=0|requestOfflinePct=0|receiptDropPct=0|ownerCap=3000|mobileThreshold=35,6,47,626,62,COMPLETE,24,24,24,3,24,6,4,1,24,24,24,0,115,2,2,0,399,466,24,808,24,6675,2961,2,4701,200
OFAT,COMMITTEE_QUORUM,LOW,baseSeed=626|nTx=24|nValidators=10|nShards=4|committee=3|quorum=2|loadThreshold=75|maxTime=180|crossShardPct=0|requestOfflinePct=0|receiptDropPct=0|ownerCap=3000|mobileThreshold=35,6,48,626,49,COMPLETE,24,24,24,2,24,6,4,0,24,24,24,0,114,2,2,0,399,453,24,789,24,6606,2755,2,5966,300
OFAT,COMMITTEE_QUORUM,LOW,baseSeed=626|nTx=24|nValidators=10|nShards=4|committee=3|quorum=2|loadThreshold=75|maxTime=180|crossShardPct=0|requestOfflinePct=0|receiptDropPct=0|ownerCap=3000|mobileThreshold=35,6,49,626,50,COMPLETE,24,24,24,2,24,6,4,1,24,24,24,0,113,2,2,0,399,453,24,789,24,6664,2792,2,4295,300
OFAT,COMMITTEE_QUORUM,LOW,baseSeed=626|nTx=24|nValidators=10|nShards=4|committee=3|quorum=2|loadThreshold=75|maxTime=180|crossShardPct=0|requestOfflinePct=0|receiptDropPct=0|ownerCap=3000|mobileThreshold=35,6,50,626,48,COMPLETE,24,24,24,2,24,6,4,2,24,24,24,0,115,2,2,0,399,454,24,790,24,6622,2667,2,3443,200
OFAT,COMMITTEE_QUORUM,LOW,baseSeed=626|nTx=24|nValidators=10|nShards=4|committee=3|quorum=2|loadThreshold=75|maxTime=180|crossShardPct=0|requestOfflinePct=0|receiptDropPct=0|ownerCap=3000|mobileThreshold=35,6,51,626,63,COMPLETE,24,24,24,6,24,6,4,1,24,24,24,0,115,2,2,0,399,505,24,865,24,7264,3363,2,4105,200
OFAT,COMMITTEE_QUORUM,LOW,baseSeed=626|nTx=24|nValidators=10|nShards=4|committee=3|quorum=2|loadThreshold=75|maxTime=180|crossShardPct=0|requestOfflinePct=0|receiptDropPct=0|ownerCap=3000|mobileThreshold=35,6,52,626,63,COMPLETE,24,24,24,4,24,6,4,1,24,24,24,0,113,2,2,0,399,481,24,829,24,6805,2850,2,3892,200
OFAT,COMMITTEE_QUORUM,LOW,baseSeed=626|nTx=24|nValidators=10|nShards=4|committee=3|quorum=2|loadThreshold=75|maxTime=180|crossShardPct=0|requestOfflinePct=0|receiptDropPct=0|ownerCap=3000|mobileThreshold=35,6,53,626,48,COMPLETE,24,24,24,2,24,6,4,1,24,24,24,0,116,2,2,0,399,454,24,790,24,6585,2675,2,3651,200
OFAT,COMMITTEE_QUORUM,LOW,baseSeed=626|nTx=24|nValidators=10|nShards=4|committee=3|quorum=2|loadThreshold=75|maxTime=180|crossShardPct=0|requestOfflinePct=0|receiptDropPct=0|ownerCap=3000|mobileThreshold=35,6,54,626,47,COMPLETE,24,24,24,1,24,6,4,1,24,24,24,0,114,2,2,0,399,440,24,770,24,6900,2928,2,4233,300
OFAT,COMMITTEE_QUORUM,LOW,baseSeed=626|nTx=24|nValidators=10|nShards=4|committee=3|quorum=2|loadThreshold=75|maxTime=180|crossShardPct=0|requestOfflinePct=0|receiptDropPct=0|ownerCap=3000|mobileThreshold=35,6,55,626,47,COMPLETE,24,24,24,1,24,6,4,1,24,24,24,0,115,2,2,0,399,440,24,770,24,6609,2700,2,3675,300
OFAT,COMMITTEE_QUORUM,LOW,baseSeed=626|nTx=24|nValidators=10|nShards=4|committee=3|quorum=2|loadThreshold=75|maxTime=180|crossShardPct=0|requestOfflinePct=0|receiptDropPct=0|ownerCap=3000|mobileThreshold=35,6,56,626,62,COMPLETE,24,24,24,5,24,6,4,1,24,24,24,0,114,2,2,0,399,494,24,848,24,6793,2817,2,4000,200
OFAT,COMMITTEE_QUORUM,LOW,baseSeed=626|nTx=24|nValidators=10|nShards=4|committee=3|quorum=2|loadThreshold=75|maxTime=180|crossShardPct=0|requestOfflinePct=0|receiptDropPct=0|ownerCap=3000|mobileThreshold=35,6,57,626,49,COMPLETE,24,24,24,2,24,6,4,1,24,24,24,0,113,2,2,0,399,454,24,790,24,6885,2928,2,4127,200
OFAT,COMMITTEE_QUORUM,LOW,baseSeed=626|nTx=24|nValidators=10|nShards=4|committee=3|quorum=2|loadThreshold=75|maxTime=180|crossShardPct=0|requestOfflinePct=0|receiptDropPct=0|ownerCap=3000|mobileThreshold=35,6,58,626,50,COMPLETE,24,24,24,4,24,6,4,1,24,24,24,0,116,2,2,0,399,481,24,829,24,6559,2722,2,4210,200
OFAT,COMMITTEE_QUORUM,LOW,baseSeed=626|nTx=24|nValidators=10|nShards=4|committee=3|quorum=2|loadThreshold=75|maxTime=180|crossShardPct=0|requestOfflinePct=0|receiptDropPct=0|ownerCap=3000|mobileThreshold=35,6,59,626,50,COMPLETE,24,24,24,1,24,6,4,0,24,24,24,0,115,2,2,0,399,440,24,770,24,6788,2817,2,4205,300
OFAT,COMMITTEE_QUORUM,LOW,baseSeed=626|nTx=24|nValidators=10|nShards=4|committee=3|quorum=2|loadThreshold=75|maxTime=180|crossShardPct=0|requestOfflinePct=0|receiptDropPct=0|ownerCap=3000|mobileThreshold=35,6,60,626,62,COMPLETE,24,24,24,3,24,6,4,1,24,24,24,0,116,2,2,0,399,467,24,809,24,6697,2965,2,4671,200
OFAT,COMMITTEE_QUORUM,LOW,baseSeed=626|nTx=24|nValidators=10|nShards=4|committee=3|quorum=2|loadThreshold=75|maxTime=180|crossShardPct=0|requestOfflinePct=0|receiptDropPct=0|ownerCap=3000|mobileThreshold=35,6,61,626,50,COMPLETE,24,24,24,2,24,6,4,1,24,24,24,0,114,2,2,0,399,454,24,790,24,6873,2908,2,4233,200
OFAT,COMMITTEE_QUORUM,LOW,baseSeed=626|nTx=24|nValidators=10|nShards=4|committee=3|quorum=2|loadThreshold=75|maxTime=180|crossShardPct=0|requestOfflinePct=0|receiptDropPct=0|ownerCap=3000|mobileThreshold=35,6,62,626,50,COMPLETE,24,24,24,5,24,6,4,1,24,24,24,0,113,2,2,0,399,492,24,846,24,7295,3371,2,4295,300
OFAT,COMMITTEE_QUORUM,LOW,baseSeed=626|nTx=24|nValidators=10|nShards=4|committee=3|quorum=2|loadThreshold=75|maxTime=180|crossShardPct=0|requestOfflinePct=0|receiptDropPct=0|ownerCap=3000|mobileThreshold=35,6,63,626,50,COMPLETE,24,24,24,1,24,6,4,1,24,24,24,0,117,2,2,0,399,440,24,770,24,6660,2687,2,3692,300
OFAT,COMMITTEE_QUORUM,LOW,baseSeed=626|nTx=24|nValidators=10|nShards=4|committee=3|quorum=2|loadThreshold=75|maxTime=180|crossShardPct=0|requestOfflinePct=0|receiptDropPct=0|ownerCap=3000|mobileThreshold=35,6,64,626,50,COMPLETE,24,24,24,2,24,6,4,1,24,24,24,0,114,2,2,0,399,454,24,790,24,6946,2981,2,4533,200
OFAT,COMMITTEE_QUORUM,LOW,baseSeed=626|nTx=24|nValidators=10|nShards=4|committee=3|quorum=2|loadThreshold=75|maxTime=180|crossShardPct=0|requestOfflinePct=0|receiptDropPct=0|ownerCap=3000|mobileThreshold=35,6,65,626,63,COMPLETE,24,24,24,4,24,6,4,1,24,24,24,0,115,2,2,0,399,480,24,828,24,6748,2841,2,3774,100
OFAT,COMMITTEE_QUORUM,LOW,baseSeed=626|nTx=24|nValidators=10|nShards=4|committee=3|quorum=2|loadThreshold=75|maxTime=180|crossShardPct=0|requestOfflinePct=0|receiptDropPct=0|ownerCap=3000|mobileThreshold=35,6,66,626,62,COMPLETE,24,24,24,3,24,6,4,1,24,24,24,0,116,2,2,0,399,467,24,809,24,5750,2110,2,2796,200
OFAT,COMMITTEE_QUORUM,LOW,baseSeed=626|nTx=24|nValidators=10|nShards=4|committee=3|quorum=2|loadThreshold=75|maxTime=180|crossShardPct=0|requestOfflinePct=0|receiptDropPct=0|ownerCap=3000|mobileThreshold=35,6,67,626,50,COMPLETE,24,24,24,3,24,6,4,1,24,24,24,0,114,2,2,1,400,466,24,808,24,6586,2695,2,4033,600
OFAT,COMMITTEE_QUORUM,LOW,baseSeed=626|nTx=24|nValidators=10|nShards=4|committee=3|quorum=2|loadThreshold=75|maxTime=180|crossShardPct=0|requestOfflinePct=0|receiptDropPct=0|ownerCap=3000|mobileThreshold=35,6,68,626,49,COMPLETE,24,24,24,2,24,6,4,1,24,24,24,0,117,2,2,0,399,454,24,790,24,6183,2370,2,3333,200
OFAT,COMMITTEE_QUORUM,LOW,baseSeed=626|nTx=24|nValidators=10|nShards=4|committee=3|quorum=2|loadThreshold=75|maxTime=180|crossShardPct=0|requestOfflinePct=0|receiptDropPct=0|ownerCap=3000|mobileThreshold=35,6,69,626,50,COMPLETE,24,24,24,2,24,6,4,1,24,24,24,0,114,2,2,0,399,454,24,790,24,6486,2604,2,3800,200
OFAT,COMMITTEE_QUORUM,LOW,baseSeed=626|nTx=24|nValidators=10|nShards=4|committee=3|quorum=2|loadThreshold=75|maxTime=180|crossShardPct=0|requestOfflinePct=0|receiptDropPct=0|ownerCap=3000|mobileThreshold=35,6,70,626,49,COMPLETE,24,24,24,5,24,6,4,0,24,24,24,0,111,2,2,1,400,492,24,846,24,6612,2715,2,3911,600
OFAT,COMMITTEE_QUORUM,LOW,baseSeed=626|nTx=24|nValidators=10|nShards=4|committee=3|quorum=2|loadThreshold=75|maxTime=180|crossShardPct=0|requestOfflinePct=0|receiptDropPct=0|ownerCap=3000|mobileThreshold=35,6,71,626,50,COMPLETE,24,24,24,1,24,6,4,1,24,24,24,0,116,2,2,0,399,440,24,770,24,6309,2517,2,3881,300
OFAT,COMMITTEE_QUORUM,LOW,baseSeed=626|nTx=24|nValidators=10|nShards=4|committee=3|quorum=2|loadThreshold=75|maxTime=180|crossShardPct=0|requestOfflinePct=0|receiptDropPct=0|ownerCap=3000|mobileThreshold=35,6,72,626,50,COMPLETE,24,24,24,2,24,6,4,0,24,24,24,0,114,2,2,0,399,453,24,789,24,6580,2719,2,4166,300
OFAT,COMMITTEE_QUORUM,LOW,baseSeed=626|nTx=24|nValidators=10|nShards=4|committee=3|quorum=2|loadThreshold=75|maxTime=180|crossShardPct=0|requestOfflinePct=0|receiptDropPct=0|ownerCap=3000|mobileThreshold=35,6,73,626,50,COMPLETE,24,24,24,3,24,6,4,0,24,24,24,0,115,2,2,0,399,466,24,808,24,6410,2603,2,4006,300
OFAT,COMMITTEE_QUORUM,LOW,baseSeed=626|nTx=24|nValidators=10|nShards=4|committee=3|quorum=2|loadThreshold=75|maxTime=180|crossShardPct=0|requestOfflinePct=0|receiptDropPct=0|ownerCap=3000|mobileThreshold=35,6,74,626,49,COMPLETE,24,24,24,2,24,6,4,0,24,24,24,0,116,2,2,0,399,454,24,790,24,6427,2580,2,3881,200
OFAT,COMMITTEE_QUORUM,LOW,baseSeed=626|nTx=24|nValidators=10|nShards=4|committee=3|quorum=2|loadThreshold=75|maxTime=180|crossShardPct=0|requestOfflinePct=0|receiptDropPct=0|ownerCap=3000|mobileThreshold=35,6,75,626,50,COMPLETE,24,24,24,4,24,6,4,0,24,24,24,0,112,2,2,0,399,481,24,829,24,5587,2062,3,2466,300
OFAT,COMMITTEE_QUORUM,LOW,baseSeed=626|nTx=24|nValidators=10|nShards=4|committee=3|quorum=2|loadThreshold=75|maxTime=180|crossShardPct=0|requestOfflinePct=0|receiptDropPct=0|ownerCap=3000|mobileThreshold=35,6,76,626,47,COMPLETE,24,24,24,1,24,6,4,0,24,24,24,0,115,2,2,0,399,439,24,769,24,6284,2434,2,3443,300
OFAT,COMMITTEE_QUORUM,LOW,baseSeed=626|nTx=24|nValidators=10|nShards=4|committee=3|quorum=2|loadThreshold=75|maxTime=180|crossShardPct=0|requestOfflinePct=0|receiptDropPct=0|ownerCap=3000|mobileThreshold=35,6,77,626,49,COMPLETE,24,24,24,3,24,6,4,0,24,24,24,0,114,2,2,1,400,466,24,808,24,5366,1965,3,2366,600
OFAT,COMMITTEE_QUORUM,LOW,baseSeed=626|nTx=24|nValidators=10|nShards=4|committee=3|quorum=2|loadThreshold=75|maxTime=180|crossShardPct=0|requestOfflinePct=0|receiptDropPct=0|ownerCap=3000|mobileThreshold=35,6,78,626,48,COMPLETE,24,24,24,2,24,6,4,0,24,24,24,0,114,2,2,0,399,454,24,790,24,6386,2739,2,4066,200
OFAT,COMMITTEE_QUORUM,LOW,baseSeed=626|nTx=24|nValidators=10|nShards=4|committee=3|quorum=2|loadThreshold=75|maxTime=180|crossShardPct=0|requestOfflinePct=0|receiptDropPct=0|ownerCap=3000|mobileThreshold=35,6,79,626,49,COMPLETE,24,24,24,2,24,6,4,0,24,24,24,0,115,2,2,0,399,453,24,789,24,5523,2050,3,3145,200
OFAT,COMMITTEE_QUORUM,LOW,baseSeed=626|nTx=24|nValidators=10|nShards=4|committee=3|quorum=2|loadThreshold=75|maxTime=180|crossShardPct=0|requestOfflinePct=0|receiptDropPct=0|ownerCap=3000|mobileThreshold=35,6,80,626,50,COMPLETE,24,24,24,3,24,6,4,0,24,24,24,0,116,2,2,0,399,468,24,810,24,6335,2716,2,3848,300
OFAT,COMMITTEE_QUORUM,LOW,baseSeed=626|nTx=24|nValidators=10|nShards=4|committee=3|quorum=2|loadThreshold=75|maxTime=180|crossShardPct=0|requestOfflinePct=0|receiptDropPct=0|ownerCap=3000|mobileThreshold=35,6,81,626,49,COMPLETE,24,24,24,2,24,6,4,0,24,24,24,0,115,2,2,0,399,454,24,790,24,6099,2335,2,3145,300
OFAT,COMMITTEE_QUORUM,LOW,baseSeed=626|nTx=24|nValidators=10|nShards=4|committee=3|quorum=2|loadThreshold=75|maxTime=180|crossShardPct=0|requestOfflinePct=0|receiptDropPct=0|ownerCap=3000|mobileThreshold=35,6,82,626,63,COMPLETE,24,24,24,3,24,6,4,1,24,24,24,0,114,2,2,0,399,467,24,809,24,6146,2496,2,4066,200
OFAT,COMMITTEE_QUORUM,LOW,baseSeed=626|nTx=24|nValidators=10|nShards=4|committee=3|quorum=2|loadThreshold=75|maxTime=180|crossShardPct=0|requestOfflinePct=0|receiptDropPct=0|ownerCap=3000|mobileThreshold=35,6,83,626,62,COMPLETE,24,24,24,6,24,6,4,0,24,24,24,0,113,2,2,0,399,504,24,864,24,6489,2643,2,3892,300
OFAT,COMMITTEE_QUORUM,LOW,baseSeed=626|nTx=24|nValidators=10|nShards=4|committee=3|quorum=2|loadThreshold=75|maxTime=180|crossShardPct=0|requestOfflinePct=0|receiptDropPct=0|ownerCap=3000|mobileThreshold=35,6,84,626,62,COMPLETE,24,24,24,6,24,6,4,1,24,24,24,0,117,2,2,0,399,506,24,866,24,6575,2907,2,3823,200
OFAT,COMMITTEE_QUORUM,LOW,baseSeed=626|nTx=24|nValidators=10|nShards=4|committee=3|quorum=2|loadThreshold=75|maxTime=180|crossShardPct=0|requestOfflinePct=0|receiptDropPct=0|ownerCap=3000|mobileThreshold=35,6,85,626,62,COMPLETE,24,24,24,3,24,6,4,0,24,24,24,0,114,2,2,0,399,466,24,808,24,5653,2104,3,2833,200
OFAT,COMMITTEE_QUORUM,LOW,baseSeed=626|nTx=24|nValidators=10|nShards=4|committee=3|quorum=2|loadThreshold=75|maxTime=180|crossShardPct=0|requestOfflinePct=0|receiptDropPct=0|ownerCap=3000|mobileThreshold=35,6,86,626,48,COMPLETE,24,24,24,2,24,6,4,0,24,24,24,0,113,2,2,0,399,454,24,790,24,6624,2973,2,4765,200
OFAT,COMMITTEE_QUORUM,LOW,baseSeed=626|nTx=24|nValidators=10|nShards=4|committee=3|quorum=2|loadThreshold=75|maxTime=180|crossShardPct=0|requestOfflinePct=0|receiptDropPct=0|ownerCap=3000|mobileThreshold=35,6,87,626,49,COMPLETE,24,24,24,1,24,6,4,0,24,24,24,0,116,2,2,0,399,440,24,770,24,5296,1933,3,2401,300
OFAT,COMMITTEE_QUORUM,LOW,baseSeed=626|nTx=24|nValidators=10|nShards=4|committee=3|quorum=2|loadThreshold=75|maxTime=180|crossShardPct=0|requestOfflinePct=0|receiptDropPct=0|ownerCap=3000|mobileThreshold=35,6,88,626,48,COMPLETE,24,24,24,2,24,6,4,0,24,24,24,0,114,2,2,0,399,453,24,789,24,5946,2260,2,3100,200
OFAT,COMMITTEE_QUORUM,LOW,baseSeed=626|nTx=24|nValidators=10|nShards=4|committee=3|quorum=2|loadThreshold=75|maxTime=180|crossShardPct=0|requestOfflinePct=0|receiptDropPct=0|ownerCap=3000|mobileThreshold=35,6,89,626,62,COMPLETE,24,24,24,3,24,6,4,1,24,24,24,0,115,2,2,0,399,467,24,809,24,6688,2743,2,3907,200
OFAT,COMMITTEE_QUORUM,LOW,baseSeed=626|nTx=24|nValidators=10|nShards=4|committee=3|quorum=2|loadThreshold=75|maxTime=180|crossShardPct=0|requestOfflinePct=0|receiptDropPct=0|ownerCap=3000|mobileThreshold=35,6,90,626,63,COMPLETE,24,24,24,3,24,6,4,0,24,24,24,0,117,2,2,0,399,466,24,808,24,5960,2233,2,3398,200
OFAT,COMMITTEE_QUORUM,LOW,baseSeed=626|nTx=24|nValidators=10|nShards=4|committee=3|quorum=2|loadThreshold=75|maxTime=180|crossShardPct=0|requestOfflinePct=0|receiptDropPct=0|ownerCap=3000|mobileThreshold=35,6,91,626,48,COMPLETE,24,24,24,1,24,6,4,1,24,24,24,0,113,2,2,0,399,442,24,772,24,6899,2977,2,4295,300
OFAT,COMMITTEE_QUORUM,LOW,baseSeed=626|nTx=24|nValidators=10|nShards=4|committee=3|quorum=2|loadThreshold=75|maxTime=180|crossShardPct=0|requestOfflinePct=0|receiptDropPct=0|ownerCap=3000|mobileThreshold=35,6,92,626,62,COMPLETE,24,24,24,2,24,6,4,0,24,24,24,0,116,2,2,0,399,454,24,790,24,6315,2564,2,4111,300
OFAT,COMMITTEE_QUORUM,LOW,baseSeed=626|nTx=24|nValidators=10|nShards=4|committee=3|quorum=2|loadThreshold=75|maxTime=180|crossShardPct=0|requestOfflinePct=0|receiptDropPct=0|ownerCap=3000|mobileThreshold=35,6,93,626,50,COMPLETE,24,24,24,2,24,6,4,0,24,24,24,0,115,2,2,1,400,453,24,789,24,6549,2679,2,3211,600
OFAT,COMMITTEE_QUORUM,LOW,baseSeed=626|nTx=24|nValidators=10|nShards=4|committee=3|quorum=2|loadThreshold=75|maxTime=180|crossShardPct=0|requestOfflinePct=0|receiptDropPct=0|ownerCap=3000|mobileThreshold=35,6,94,626,50,COMPLETE,24,24,24,2,24,6,4,0,24,24,24,0,113,2,2,0,399,453,24,789,24,6261,2478,2,3892,200
OFAT,COMMITTEE_QUORUM,LOW,baseSeed=626|nTx=24|nValidators=10|nShards=4|committee=3|quorum=2|loadThreshold=75|maxTime=180|crossShardPct=0|requestOfflinePct=0|receiptDropPct=0|ownerCap=3000|mobileThreshold=35,6,95,626,50,COMPLETE,24,24,24,1,24,6,4,1,24,24,24,0,116,2,2,0,399,440,24,770,24,6315,2472,2,4111,300
OFAT,COMMITTEE_QUORUM,LOW,baseSeed=626|nTx=24|nValidators=10|nShards=4|committee=3|quorum=2|loadThreshold=75|maxTime=180|crossShardPct=0|requestOfflinePct=0|receiptDropPct=0|ownerCap=3000|mobileThreshold=35,6,96,626,48,COMPLETE,24,24,24,2,24,6,4,0,24,24,24,0,112,2,2,0,399,454,24,790,24,6182,2372,2,3445,200
OFAT,COMMITTEE_QUORUM,LOW,baseSeed=626|nTx=24|nValidators=10|nShards=4|committee=3|quorum=2|loadThreshold=75|maxTime=180|crossShardPct=0|requestOfflinePct=0|receiptDropPct=0|ownerCap=3000|mobileThreshold=35,6,97,626,48,COMPLETE,24,24,24,2,24,6,4,0,24,24,24,0,114,2,2,0,399,453,24,789,24,6673,2805,2,4366,200
OFAT,COMMITTEE_QUORUM,LOW,baseSeed=626|nTx=24|nValidators=10|nShards=4|committee=3|quorum=2|loadThreshold=75|maxTime=180|crossShardPct=0|requestOfflinePct=0|receiptDropPct=0|ownerCap=3000|mobileThreshold=35,6,98,626,62,COMPLETE,24,24,24,2,24,6,4,1,24,24,24,0,115,2,2,0,399,454,24,790,24,6430,2580,2,3841,300
OFAT,COMMITTEE_QUORUM,LOW,baseSeed=626|nTx=24|nValidators=10|nShards=4|committee=3|quorum=2|loadThreshold=75|maxTime=180|crossShardPct=0|requestOfflinePct=0|receiptDropPct=0|ownerCap=3000|mobileThreshold=35,6,99,626,62,COMPLETE,24,24,24,4,24,6,4,0,24,24,24,0,112,2,2,0,399,480,24,828,24,6722,2890,2,4797,200
OFAT,COMMITTEE_QUORUM,LOW,baseSeed=626|nTx=24|nValidators=10|nShards=4|committee=3|quorum=2|loadThreshold=75|maxTime=180|crossShardPct=0|requestOfflinePct=0|receiptDropPct=0|ownerCap=3000|mobileThreshold=35,6,100,626,50,COMPLETE,24,24,24,1,24,6,4,1,24,24,24,0,116,2,2,0,399,440,24,770,24,6105,2357,2,3980,300
OFAT,COMMITTEE_QUORUM,DEFAULT,baseSeed=626|nTx=24|nValidators=10|nShards=4|committee=4|quorum=3|loadThreshold=75|maxTime=180|crossShardPct=0|requestOfflinePct=0|receiptDropPct=0|ownerCap=3000|mobileThreshold=35,6,1,626,50,COMPLETE,24,24,24,4,24,6,4,1,24,24,24,0,137,2,2,0,447,479,24,827,24,6236,2405,2,4161,200
OFAT,COMMITTEE_QUORUM,DEFAULT,baseSeed=626|nTx=24|nValidators=10|nShards=4|committee=4|quorum=3|loadThreshold=75|maxTime=180|crossShardPct=0|requestOfflinePct=0|receiptDropPct=0|ownerCap=3000|mobileThreshold=35,6,2,626,62,COMPLETE,24,24,24,4,24,6,4,1,24,24,24,0,137,2,2,0,447,477,24,825,24,5878,2340,2,3901,300
OFAT,COMMITTEE_QUORUM,DEFAULT,baseSeed=626|nTx=24|nValidators=10|nShards=4|committee=4|quorum=3|loadThreshold=75|maxTime=180|crossShardPct=0|requestOfflinePct=0|receiptDropPct=0|ownerCap=3000|mobileThreshold=35,6,3,626,63,COMPLETE,24,24,24,5,24,6,4,2,24,24,24,0,137,2,2,0,447,492,24,846,24,5878,2197,2,2803,200
OFAT,COMMITTEE_QUORUM,DEFAULT,baseSeed=626|nTx=24|nValidators=10|nShards=4|committee=4|quorum=3|loadThreshold=75|maxTime=180|crossShardPct=0|requestOfflinePct=0|receiptDropPct=0|ownerCap=3000|mobileThreshold=35,6,4,626,50,COMPLETE,24,24,24,3,24,6,4,1,24,24,24,0,136,2,2,0,447,466,24,808,24,5848,2263,2,3720,300
OFAT,COMMITTEE_QUORUM,DEFAULT,baseSeed=626|nTx=24|nValidators=10|nShards=4|committee=4|quorum=3|loadThreshold=75|maxTime=180|crossShardPct=0|requestOfflinePct=0|receiptDropPct=0|ownerCap=3000|mobileThreshold=35,6,5,626,49,COMPLETE,24,24,24,1,24,6,4,1,24,24,24,0,138,2,2,0,447,441,24,771,24,6816,3007,2,4597,300
OFAT,COMMITTEE_QUORUM,DEFAULT,baseSeed=626|nTx=24|nValidators=10|nShards=4|committee=4|quorum=3|loadThreshold=75|maxTime=180|crossShardPct=0|requestOfflinePct=0|receiptDropPct=0|ownerCap=3000|mobileThreshold=35,6,6,626,48,COMPLETE,24,24,24,2,24,6,4,1,24,24,24,0,137,2,2,0,447,453,24,789,24,6606,2723,2,4161,200
OFAT,COMMITTEE_QUORUM,DEFAULT,baseSeed=626|nTx=24|nValidators=10|nShards=4|committee=4|quorum=3|loadThreshold=75|maxTime=180|crossShardPct=0|requestOfflinePct=0|receiptDropPct=0|ownerCap=3000|mobileThreshold=35,6,7,626,47,COMPLETE,24,24,24,1,24,6,4,1,24,24,24,0,136,2,2,0,447,439,24,769,24,6098,2329,2,3372,300
OFAT,COMMITTEE_QUORUM,DEFAULT,baseSeed=626|nTx=24|nValidators=10|nShards=4|committee=4|quorum=3|loadThreshold=75|maxTime=180|crossShardPct=0|requestOfflinePct=0|receiptDropPct=0|ownerCap=3000|mobileThreshold=35,6,8,626,62,COMPLETE,24,24,24,4,24,6,4,1,24,24,24,0,137,2,2,0,447,480,24,828,24,5427,2000,3,2745,200
OFAT,COMMITTEE_QUORUM,DEFAULT,baseSeed=626|nTx=24|nValidators=10|nShards=4|committee=4|quorum=3|loadThreshold=75|maxTime=180|crossShardPct=0|requestOfflinePct=0|receiptDropPct=0|ownerCap=3000|mobileThreshold=35,6,9,626,62,COMPLETE,24,24,24,3,24,6,4,1,24,24,24,0,135,2,2,0,447,465,24,807,24,5502,2023,3,2777,200
OFAT,COMMITTEE_QUORUM,DEFAULT,baseSeed=626|nTx=24|nValidators=10|nShards=4|committee=4|quorum=3|loadThreshold=75|maxTime=180|crossShardPct=0|requestOfflinePct=0|receiptDropPct=0|ownerCap=3000|mobileThreshold=35,6,10,626,63,COMPLETE,24,24,24,6,24,6,4,1,24,24,24,0,137,2,2,0,447,506,24,866,24,5502,2018,3,2514,200
OFAT,COMMITTEE_QUORUM,DEFAULT,baseSeed=626|nTx=24|nValidators=10|nShards=4|committee=4|quorum=3|loadThreshold=75|maxTime=180|crossShardPct=0|requestOfflinePct=0|receiptDropPct=0|ownerCap=3000|mobileThreshold=35,6,11,626,62,COMPLETE,24,24,24,4,24,6,4,1,24,24,24,0,136,2,2,0,447,479,24,827,24,6098,2321,2,3430,200
OFAT,COMMITTEE_QUORUM,DEFAULT,baseSeed=626|nTx=24|nValidators=10|nShards=4|committee=4|quorum=3|loadThreshold=75|maxTime=180|crossShardPct=0|requestOfflinePct=0|receiptDropPct=0|ownerCap=3000|mobileThreshold=35,6,12,626,63,COMPLETE,24,24,24,4,24,6,4,1,24,24,24,0,136,2,2,0,447,480,24,828,24,5441,2002,3,2470,200
OFAT,COMMITTEE_QUORUM,DEFAULT,baseSeed=626|nTx=24|nValidators=10|nShards=4|committee=4|quorum=3|loadThreshold=75|maxTime=180|crossShardPct=0|requestOfflinePct=0|receiptDropPct=0|ownerCap=3000|mobileThreshold=35,6,13,626,48,COMPLETE,24,24,24,2,24,6,4,2,24,24,24,0,138,2,2,0,447,454,24,790,24,6436,2876,2,3678,200
OFAT,COMMITTEE_QUORUM,DEFAULT,baseSeed=626|nTx=24|nValidators=10|nShards=4|committee=4|quorum=3|loadThreshold=75|maxTime=180|crossShardPct=0|requestOfflinePct=0|receiptDropPct=0|ownerCap=3000|mobileThreshold=35,6,14,626,48,COMPLETE,24,24,24,2,24,6,4,0,24,24,24,0,136,2,2,0,447,454,24,790,24,5348,1934,3,2645,200
OFAT,COMMITTEE_QUORUM,DEFAULT,baseSeed=626|nTx=24|nValidators=10|nShards=4|committee=4|quorum=3|loadThreshold=75|maxTime=180|crossShardPct=0|requestOfflinePct=0|receiptDropPct=0|ownerCap=3000|mobileThreshold=35,6,15,626,61,COMPLETE,24,24,24,3,24,6,4,2,24,24,24,0,138,2,2,0,447,466,24,808,24,5982,2267,2,3275,200
OFAT,COMMITTEE_QUORUM,DEFAULT,baseSeed=626|nTx=24|nValidators=10|nShards=4|committee=4|quorum=3|loadThreshold=75|maxTime=180|crossShardPct=0|requestOfflinePct=0|receiptDropPct=0|ownerCap=3000|mobileThreshold=35,6,16,626,49,COMPLETE,24,24,24,1,24,6,4,1,24,24,24,0,137,2,2,0,447,441,24,771,24,6329,2477,2,3670,300
OFAT,COMMITTEE_QUORUM,DEFAULT,baseSeed=626|nTx=24|nValidators=10|nShards=4|committee=4|quorum=3|loadThreshold=75|maxTime=180|crossShardPct=0|requestOfflinePct=0|receiptDropPct=0|ownerCap=3000|mobileThreshold=35,6,17,626,50,COMPLETE,24,24,24,3,24,6,4,1,24,24,24,0,135,2,2,0,447,468,24,810,24,6140,2443,2,3947,200
OFAT,COMMITTEE_QUORUM,DEFAULT,baseSeed=626|nTx=24|nValidators=10|nShards=4|committee=4|quorum=3|loadThreshold=75|maxTime=180|crossShardPct=0|requestOfflinePct=0|receiptDropPct=0|ownerCap=3000|mobileThreshold=35,6,18,626,63,COMPLETE,24,24,24,5,24,6,4,1,24,24,24,0,138,2,2,1,448,494,24,848,24,6212,2385,2,3390,900
OFAT,COMMITTEE_QUORUM,DEFAULT,baseSeed=626|nTx=24|nValidators=10|nShards=4|committee=4|quorum=3|loadThreshold=75|maxTime=180|crossShardPct=0|requestOfflinePct=0|receiptDropPct=0|ownerCap=3000|mobileThreshold=35,6,19,626,63,COMPLETE,24,24,24,4,24,6,4,2,24,24,24,0,136,2,2,0,447,480,24,828,24,5819,2184,2,2906,200
OFAT,COMMITTEE_QUORUM,DEFAULT,baseSeed=626|nTx=24|nValidators=10|nShards=4|committee=4|quorum=3|loadThreshold=75|maxTime=180|crossShardPct=0|requestOfflinePct=0|receiptDropPct=0|ownerCap=3000|mobileThreshold=35,6,20,626,49,COMPLETE,24,24,24,2,24,6,4,0,24,24,24,0,136,2,2,1,448,453,24,789,24,6098,2380,2,3517,600
OFAT,COMMITTEE_QUORUM,DEFAULT,baseSeed=626|nTx=24|nValidators=10|nShards=4|committee=4|quorum=3|loadThreshold=75|maxTime=180|crossShardPct=0|requestOfflinePct=0|receiptDropPct=0|ownerCap=3000|mobileThreshold=35,6,21,626,62,COMPLETE,24,24,24,3,24,6,4,2,24,24,24,0,137,2,2,0,447,466,24,808,24,6069,2339,2,3554,200
OFAT,COMMITTEE_QUORUM,DEFAULT,baseSeed=626|nTx=24|nValidators=10|nShards=4|committee=4|quorum=3|loadThreshold=75|maxTime=180|crossShardPct=0|requestOfflinePct=0|receiptDropPct=0|ownerCap=3000|mobileThreshold=35,6,22,626,49,COMPLETE,24,24,24,1,24,6,4,1,24,24,24,0,135,2,2,0,447,440,24,770,24,6309,2570,2,3947,300
OFAT,COMMITTEE_QUORUM,DEFAULT,baseSeed=626|nTx=24|nValidators=10|nShards=4|committee=4|quorum=3|loadThreshold=75|maxTime=180|crossShardPct=0|requestOfflinePct=0|receiptDropPct=0|ownerCap=3000|mobileThreshold=35,6,23,626,49,COMPLETE,24,24,24,3,24,6,4,1,24,24,24,0,138,2,2,0,447,468,24,810,24,5333,1927,3,2528,100
OFAT,COMMITTEE_QUORUM,DEFAULT,baseSeed=626|nTx=24|nValidators=10|nShards=4|committee=4|quorum=3|loadThreshold=75|maxTime=180|crossShardPct=0|requestOfflinePct=0|receiptDropPct=0|ownerCap=3000|mobileThreshold=35,6,24,626,50,COMPLETE,24,24,24,2,24,6,4,1,24,24,24,0,137,2,2,0,447,453,24,789,24,5583,2038,2,2687,300
OFAT,COMMITTEE_QUORUM,DEFAULT,baseSeed=626|nTx=24|nValidators=10|nShards=4|committee=4|quorum=3|loadThreshold=75|maxTime=180|crossShardPct=0|requestOfflinePct=0|receiptDropPct=0|ownerCap=3000|mobileThreshold=35,6,25,626,63,COMPLETE,24,24,24,3,24,6,4,0,24,24,24,0,134,2,2,0,447,466,24,808,24,5247,1923,3,2676,200
OFAT,COMMITTEE_QUORUM,DEFAULT,baseSeed=626|nTx=24|nValidators=10|nShards=4|committee=4|quorum=3|loadThreshold=75|maxTime=180|crossShardPct=0|requestOfflinePct=0|receiptDropPct=0|ownerCap=3000|mobileThreshold=35,6,26,626,48,COMPLETE,24,24,24,1,24,6,4,1,24,24,24,0,137,2,2,0,447,441,24,771,24,5826,2157,2,3150,300
OFAT,COMMITTEE_QUORUM,DEFAULT,baseSeed=626|nTx=24|nValidators=10|nShards=4|committee=4|quorum=3|loadThreshold=75|maxTime=180|crossShardPct=0|requestOfflinePct=0|receiptDropPct=0|ownerCap=3000|mobileThreshold=35,6,27,626,49,COMPLETE,24,24,24,1,24,6,4,0,24,24,24,0,136,2,2,0,447,441,24,771,24,5761,2144,2,3168,300
OFAT,COMMITTEE_QUORUM,DEFAULT,baseSeed=626|nTx=24|nValidators=10|nShards=4|committee=4|quorum=3|loadThreshold=75|maxTime=180|crossShardPct=0|requestOfflinePct=0|receiptDropPct=0|ownerCap=3000|mobileThreshold=35,6,28,626,49,COMPLETE,24,24,24,3,24,6,4,1,24,24,24,0,136,2,2,0,447,466,24,808,24,6238,2478,2,3924,300
OFAT,COMMITTEE_QUORUM,DEFAULT,baseSeed=626|nTx=24|nValidators=10|nShards=4|committee=4|quorum=3|loadThreshold=75|maxTime=180|crossShardPct=0|requestOfflinePct=0|receiptDropPct=0|ownerCap=3000|mobileThreshold=35,6,29,626,62,COMPLETE,24,24,24,3,24,6,4,1,24,24,24,0,139,2,2,0,447,467,24,809,24,6125,2476,2,4057,200
OFAT,COMMITTEE_QUORUM,DEFAULT,baseSeed=626|nTx=24|nValidators=10|nShards=4|committee=4|quorum=3|loadThreshold=75|maxTime=180|crossShardPct=0|requestOfflinePct=0|receiptDropPct=0|ownerCap=3000|mobileThreshold=35,6,30,626,49,COMPLETE,24,24,24,2,24,6,4,2,24,24,24,0,134,2,2,0,447,454,24,790,24,6111,2344,2,3823,200
OFAT,COMMITTEE_QUORUM,DEFAULT,baseSeed=626|nTx=24|nValidators=10|nShards=4|committee=4|quorum=3|loadThreshold=75|maxTime=180|crossShardPct=0|requestOfflinePct=0|receiptDropPct=0|ownerCap=3000|mobileThreshold=35,6,31,626,47,COMPLETE,24,24,24,1,24,6,4,1,24,24,24,0,136,2,2,0,447,440,24,770,24,5848,2263,2,3720,300
OFAT,COMMITTEE_QUORUM,DEFAULT,baseSeed=626|nTx=24|nValidators=10|nShards=4|committee=4|quorum=3|loadThreshold=75|maxTime=180|crossShardPct=0|requestOfflinePct=0|receiptDropPct=0|ownerCap=3000|mobileThreshold=35,6,32,626,48,COMPLETE,24,24,24,2,24,6,4,2,24,24,24,0,137,2,2,0,447,453,24,789,24,5982,2253,2,3612,300
OFAT,COMMITTEE_QUORUM,DEFAULT,baseSeed=626|nTx=24|nValidators=10|nShards=4|committee=4|quorum=3|loadThreshold=75|maxTime=180|crossShardPct=0|requestOfflinePct=0|receiptDropPct=0|ownerCap=3000|mobileThreshold=35,6,33,626,62,COMPLETE,24,24,24,7,24,6,4,1,24,24,24,0,137,2,2,0,447,517,24,883,24,6213,2385,2,3872,200
OFAT,COMMITTEE_QUORUM,DEFAULT,baseSeed=626|nTx=24|nValidators=10|nShards=4|committee=4|quorum=3|loadThreshold=75|maxTime=180|crossShardPct=0|requestOfflinePct=0|receiptDropPct=0|ownerCap=3000|mobileThreshold=35,6,34,626,62,COMPLETE,24,24,24,5,24,6,4,1,24,24,24,0,137,2,2,0,447,493,24,847,24,6306,2641,2,4306,100
OFAT,COMMITTEE_QUORUM,DEFAULT,baseSeed=626|nTx=24|nValidators=10|nShards=4|committee=4|quorum=3|loadThreshold=75|maxTime=180|crossShardPct=0|requestOfflinePct=0|receiptDropPct=0|ownerCap=3000|mobileThreshold=35,6,35,626,50,COMPLETE,24,24,24,3,24,6,4,1,24,24,24,0,136,2,2,1,448,466,24,808,24,6174,2348,2,3633,800
OFAT,COMMITTEE_QUORUM,DEFAULT,baseSeed=626|nTx=24|nValidators=10|nShards=4|committee=4|quorum=3|loadThreshold=75|maxTime=180|crossShardPct=0|requestOfflinePct=0|receiptDropPct=0|ownerCap=3000|mobileThreshold=35,6,36,626,50,COMPLETE,24,24,24,4,24,6,4,1,24,24,24,0,136,2,2,0,447,479,24,827,24,6162,2399,2,3720,200
OFAT,COMMITTEE_QUORUM,DEFAULT,baseSeed=626|nTx=24|nValidators=10|nShards=4|committee=4|quorum=3|loadThreshold=75|maxTime=180|crossShardPct=0|requestOfflinePct=0|receiptDropPct=0|ownerCap=3000|mobileThreshold=35,6,37,626,48,COMPLETE,24,24,24,3,24,6,4,2,24,24,24,0,138,2,2,0,447,467,24,809,24,5764,2180,2,3419,100
OFAT,COMMITTEE_QUORUM,DEFAULT,baseSeed=626|nTx=24|nValidators=10|nShards=4|committee=4|quorum=3|loadThreshold=75|maxTime=180|crossShardPct=0|requestOfflinePct=0|receiptDropPct=0|ownerCap=3000|mobileThreshold=35,6,38,626,50,COMPLETE,24,24,24,3,24,6,4,1,24,24,24,0,135,2,2,0,447,467,24,809,24,6058,2300,2,3333,200
OFAT,COMMITTEE_QUORUM,DEFAULT,baseSeed=626|nTx=24|nValidators=10|nShards=4|committee=4|quorum=3|loadThreshold=75|maxTime=180|crossShardPct=0|requestOfflinePct=0|receiptDropPct=0|ownerCap=3000|mobileThreshold=35,6,39,626,48,COMPLETE,24,24,24,2,24,6,4,0,24,24,24,0,136,2,2,0,447,453,24,789,24,6296,2457,2,3924,200
OFAT,COMMITTEE_QUORUM,DEFAULT,baseSeed=626|nTx=24|nValidators=10|nShards=4|committee=4|quorum=3|loadThreshold=75|maxTime=180|crossShardPct=0|requestOfflinePct=0|receiptDropPct=0|ownerCap=3000|mobileThreshold=35,6,40,626,47,COMPLETE,24,24,24,1,24,6,4,1,24,24,24,0,137,2,2,0,447,440,24,770,24,6456,2639,2,3699,300
OFAT,COMMITTEE_QUORUM,DEFAULT,baseSeed=626|nTx=24|nValidators=10|nShards=4|committee=4|quorum=3|loadThreshold=75|maxTime=180|crossShardPct=0|requestOfflinePct=0|receiptDropPct=0|ownerCap=3000|mobileThreshold=35,6,41,626,49,COMPLETE,24,24,24,3,24,6,4,1,24,24,24,0,136,2,2,1,448,466,24,808,24,6186,2469,2,4622,600
OFAT,COMMITTEE_QUORUM,DEFAULT,baseSeed=626|nTx=24|nValidators=10|nShards=4|committee=4|quorum=3|loadThreshold=75|maxTime=180|crossShardPct=0|requestOfflinePct=0|receiptDropPct=0|ownerCap=3000|mobileThreshold=35,6,42,626,50,COMPLETE,24,24,24,2,24,6,4,2,24,24,24,0,137,2,2,0,447,454,24,790,24,5601,2037,3,2687,200
OFAT,COMMITTEE_QUORUM,DEFAULT,baseSeed=626|nTx=24|nValidators=10|nShards=4|committee=4|quorum=3|loadThreshold=75|maxTime=180|crossShardPct=0|requestOfflinePct=0|receiptDropPct=0|ownerCap=3000|mobileThreshold=35,6,43,626,63,COMPLETE,24,24,24,5,24,6,4,1,24,24,24,0,136,2,2,0,447,493,24,847,24,5372,1956,3,4476,200
OFAT,COMMITTEE_QUORUM,DEFAULT,baseSeed=626|nTx=24|nValidators=10|nShards=4|committee=4|quorum=3|loadThreshold=75|maxTime=180|crossShardPct=0|requestOfflinePct=0|receiptDropPct=0|ownerCap=3000|mobileThreshold=35,6,44,626,49,COMPLETE,24,24,24,2,24,6,4,1,24,24,24,0,136,2,2,0,447,455,24,791,24,6029,2268,2,3372,200
OFAT,COMMITTEE_QUORUM,DEFAULT,baseSeed=626|nTx=24|nValidators=10|nShards=4|committee=4|quorum=3|loadThreshold=75|maxTime=180|crossShardPct=0|requestOfflinePct=0|receiptDropPct=0|ownerCap=3000|mobileThreshold=35,6,45,626,63,COMPLETE,24,24,24,7,24,6,4,2,24,24,24,0,140,2,2,0,447,519,24,885,24,5806,2167,2,3892,300
OFAT,COMMITTEE_QUORUM,DEFAULT,baseSeed=626|nTx=24|nValidators=10|nShards=4|committee=4|quorum=3|loadThreshold=75|maxTime=180|crossShardPct=0|requestOfflinePct=0|receiptDropPct=0|ownerCap=3000|mobileThreshold=35,6,46,626,49,COMPLETE,24,24,24,1,24,6,4,1,24,24,24,0,137,2,2,0,447,442,24,772,24,6109,2307,2,3959,300
OFAT,COMMITTEE_QUORUM,DEFAULT,baseSeed=626|nTx=24|nValidators=10|nShards=4|committee=4|quorum=3|loadThreshold=75|maxTime=180|crossShardPct=0|requestOfflinePct=0|receiptDropPct=0|ownerCap=3000|mobileThreshold=35,6,47,626,49,COMPLETE,24,24,24,2,24,6,4,1,24,24,24,0,137,2,2,0,447,456,24,792,24,5890,2424,2,4104,300
OFAT,COMMITTEE_QUORUM,DEFAULT,baseSeed=626|nTx=24|nValidators=10|nShards=4|committee=4|quorum=3|loadThreshold=75|maxTime=180|crossShardPct=0|requestOfflinePct=0|receiptDropPct=0|ownerCap=3000|mobileThreshold=35,6,48,626,50,COMPLETE,24,24,24,6,24,6,4,2,24,24,24,0,135,2,2,0,447,506,24,866,24,6064,2304,2,5380,200
OFAT,COMMITTEE_QUORUM,DEFAULT,baseSeed=626|nTx=24|nValidators=10|nShards=4|committee=4|quorum=3|loadThreshold=75|maxTime=180|crossShardPct=0|requestOfflinePct=0|receiptDropPct=0|ownerCap=3000|mobileThreshold=35,6,49,626,50,COMPLETE,24,24,24,1,24,6,4,1,24,24,24,0,136,2,2,0,447,440,24,770,24,5848,2263,2,3720,300
OFAT,COMMITTEE_QUORUM,DEFAULT,baseSeed=626|nTx=24|nValidators=10|nShards=4|committee=4|quorum=3|loadThreshold=75|maxTime=180|crossShardPct=0|requestOfflinePct=0|receiptDropPct=0|ownerCap=3000|mobileThreshold=35,6,50,626,49,COMPLETE,24,24,24,3,24,6,4,2,24,24,24,0,137,2,2,0,447,466,24,808,24,6005,2247,2,3554,300
OFAT,COMMITTEE_QUORUM,DEFAULT,baseSeed=626|nTx=24|nValidators=10|nShards=4|committee=4|quorum=3|loadThreshold=75|maxTime=180|crossShardPct=0|requestOfflinePct=0|receiptDropPct=0|ownerCap=3000|mobileThreshold=35,6,51,626,63,COMPLETE,24,24,24,3,24,6,4,1,24,24,24,0,137,2,2,0,447,467,24,809,24,6606,2723,2,4161,200
OFAT,COMMITTEE_QUORUM,DEFAULT,baseSeed=626|nTx=24|nValidators=10|nShards=4|committee=4|quorum=3|loadThreshold=75|maxTime=180|crossShardPct=0|requestOfflinePct=0|receiptDropPct=0|ownerCap=3000|mobileThreshold=35,6,52,626,62,COMPLETE,24,24,24,6,24,6,4,2,24,24,24,0,135,2,2,0,447,506,24,866,24,6163,2417,2,3947,200
OFAT,COMMITTEE_QUORUM,DEFAULT,baseSeed=626|nTx=24|nValidators=10|nShards=4|committee=4|quorum=3|loadThreshold=75|maxTime=180|crossShardPct=0|requestOfflinePct=0|receiptDropPct=0|ownerCap=3000|mobileThreshold=35,6,53,626,62,COMPLETE,24,24,24,4,24,6,4,1,24,24,24,0,137,2,2,0,447,479,24,827,24,5942,2216,2,3554,200
OFAT,COMMITTEE_QUORUM,DEFAULT,baseSeed=626|nTx=24|nValidators=10|nShards=4|committee=4|quorum=3|loadThreshold=75|maxTime=180|crossShardPct=0|requestOfflinePct=0|receiptDropPct=0|ownerCap=3000|mobileThreshold=35,6,54,626,62,COMPLETE,24,24,24,5,24,6,4,1,24,24,24,0,137,2,2,0,447,493,24,847,24,6225,2470,2,4161,200
OFAT,COMMITTEE_QUORUM,DEFAULT,baseSeed=626|nTx=24|nValidators=10|nShards=4|committee=4|quorum=3|loadThreshold=75|maxTime=180|crossShardPct=0|requestOfflinePct=0|receiptDropPct=0|ownerCap=3000|mobileThreshold=35,6,55,626,49,COMPLETE,24,24,24,1,24,6,4,1,24,24,24,0,136,2,2,0,447,441,24,771,24,5970,2234,2,3517,300
OFAT,COMMITTEE_QUORUM,DEFAULT,baseSeed=626|nTx=24|nValidators=10|nShards=4|committee=4|quorum=3|loadThreshold=75|maxTime=180|crossShardPct=0|requestOfflinePct=0|receiptDropPct=0|ownerCap=3000|mobileThreshold=35,6,56,626,63,COMPLETE,24,24,24,3,24,6,4,1,24,24,24,0,135,2,2,0,447,466,24,808,24,6081,2309,2,3801,200
OFAT,COMMITTEE_QUORUM,DEFAULT,baseSeed=626|nTx=24|nValidators=10|nShards=4|committee=4|quorum=3|loadThreshold=75|maxTime=180|crossShardPct=0|requestOfflinePct=0|receiptDropPct=0|ownerCap=3000|mobileThreshold=35,6,57,626,50,COMPLETE,24,24,24,4,24,6,4,1,24,24,24,0,136,2,2,0,447,481,24,829,24,6203,2366,2,3924,200
OFAT,COMMITTEE_QUORUM,DEFAULT,baseSeed=626|nTx=24|nValidators=10|nShards=4|committee=4|quorum=3|loadThreshold=75|maxTime=180|crossShardPct=0|requestOfflinePct=0|receiptDropPct=0|ownerCap=3000|mobileThreshold=35,6,58,626,48,COMPLETE,24,24,24,2,24,6,4,1,24,24,24,0,137,2,2,0,447,454,24,790,24,5826,2322,2,3901,300
OFAT,COMMITTEE_QUORUM,DEFAULT,baseSeed=626|nTx=24|nValidators=10|nShards=4|committee=4|quorum=3|loadThreshold=75|maxTime=180|crossShardPct=0|requestOfflinePct=0|receiptDropPct=0|ownerCap=3000|mobileThreshold=35,6,59,626,63,COMPLETE,24,24,24,5,24,6,4,1,24,24,24,0,137,2,2,0,447,492,24,846,24,6236,2405,2,4161,200
OFAT,COMMITTEE_QUORUM,DEFAULT,baseSeed=626|nTx=24|nValidators=10|nShards=4|committee=4|quorum=3|loadThreshold=75|maxTime=180|crossShardPct=0|requestOfflinePct=0|receiptDropPct=0|ownerCap=3000|mobileThreshold=35,6,60,626,62,COMPLETE,24,24,24,3,24,6,4,1,24,24,24,0,137,2,2,0,447,466,24,808,24,5872,2422,2,4104,200
OFAT,COMMITTEE_QUORUM,DEFAULT,baseSeed=626|nTx=24|nValidators=10|nShards=4|committee=4|quorum=3|loadThreshold=75|maxTime=180|crossShardPct=0|requestOfflinePct=0|receiptDropPct=0|ownerCap=3000|mobileThreshold=35,6,61,626,50,COMPLETE,24,24,24,1,24,6,4,2,24,24,24,0,136,2,2,0,447,440,24,770,24,6034,2290,2,3779,300
OFAT,COMMITTEE_QUORUM,DEFAULT,baseSeed=626|nTx=24|nValidators=10|nShards=4|committee=4|quorum=3|loadThreshold=75|maxTime=180|crossShardPct=0|requestOfflinePct=0|receiptDropPct=0|ownerCap=3000|mobileThreshold=35,6,62,626,50,COMPLETE,24,24,24,2,24,6,4,1,24,24,24,0,136,2,2,0,447,454,24,790,24,6593,2698,2,3720,200
OFAT,COMMITTEE_QUORUM,DEFAULT,baseSeed=626|nTx=24|nValidators=10|nShards=4|committee=4|quorum=3|loadThreshold=75|maxTime=180|crossShardPct=0|requestOfflinePct=0|receiptDropPct=0|ownerCap=3000|mobileThreshold=35,6,63,626,50,COMPLETE,24,24,24,1,24,6,4,2,24,24,24,0,137,2,2,0,447,440,24,770,24,6005,2247,2,3554,300
OFAT,COMMITTEE_QUORUM,DEFAULT,baseSeed=626|nTx=24|nValidators=10|nShards=4|committee=4|quorum=3|loadThreshold=75|maxTime=180|crossShardPct=0|requestOfflinePct=0|receiptDropPct=0|ownerCap=3000|mobileThreshold=35,6,64,626,49,COMPLETE,24,24,24,2,24,6,4,1,24,24,24,0,137,2,2,0,447,453,24,789,24,6236,2405,2,4161,200
OFAT,COMMITTEE_QUORUM,DEFAULT,baseSeed=626|nTx=24|nValidators=10|nShards=4|committee=4|quorum=3|loadThreshold=75|maxTime=180|crossShardPct=0|requestOfflinePct=0|receiptDropPct=0|ownerCap=3000|mobileThreshold=35,6,65,626,50,COMPLETE,24,24,24,2,24,6,4,1,24,24,24,0,137,2,2,0,447,453,24,789,24,6000,2293,2,3699,300
OFAT,COMMITTEE_QUORUM,DEFAULT,baseSeed=626|nTx=24|nValidators=10|nShards=4|committee=4|quorum=3|loadThreshold=75|maxTime=180|crossShardPct=0|requestOfflinePct=0|receiptDropPct=0|ownerCap=3000|mobileThreshold=35,6,66,626,63,COMPLETE,24,24,24,7,24,6,4,1,24,24,24,0,137,2,2,0,447,519,24,885,24,5439,1959,3,2947,100
OFAT,COMMITTEE_QUORUM,DEFAULT,baseSeed=626|nTx=24|nValidators=10|nShards=4|committee=4|quorum=3|loadThreshold=75|maxTime=180|crossShardPct=0|requestOfflinePct=0|receiptDropPct=0|ownerCap=3000|mobileThreshold=35,6,67,626,48,COMPLETE,24,24,24,2,24,6,4,1,24,24,24,0,136,2,2,0,447,455,24,791,24,5854,2214,2,3517,200
OFAT,COMMITTEE_QUORUM,DEFAULT,baseSeed=626|nTx=24|nValidators=10|nShards=4|committee=4|quorum=3|loadThreshold=75|maxTime=180|crossShardPct=0|requestOfflinePct=0|receiptDropPct=0|ownerCap=3000|mobileThreshold=35,6,68,626,62,COMPLETE,24,24,24,3,24,6,4,2,24,24,24,0,139,2,2,0,447,466,24,808,24,5920,2214,2,3057,200
OFAT,COMMITTEE_QUORUM,DEFAULT,baseSeed=626|nTx=24|nValidators=10|nShards=4|committee=4|quorum=3|loadThreshold=75|maxTime=180|crossShardPct=0|requestOfflinePct=0|receiptDropPct=0|ownerCap=3000|mobileThreshold=35,6,69,626,50,COMPLETE,24,24,24,2,24,6,4,2,24,24,24,0,136,2,2,0,447,454,24,790,24,5808,2158,2,3313,200
OFAT,COMMITTEE_QUORUM,DEFAULT,baseSeed=626|nTx=24|nValidators=10|nShards=4|committee=4|quorum=3|loadThreshold=75|maxTime=180|crossShardPct=0|requestOfflinePct=0|receiptDropPct=0|ownerCap=3000|mobileThreshold=35,6,70,626,49,COMPLETE,24,24,24,3,24,6,4,0,24,24,24,0,135,2,2,0,447,467,24,809,24,6029,2327,2,3128,200
OFAT,COMMITTEE_QUORUM,DEFAULT,baseSeed=626|nTx=24|nValidators=10|nShards=4|committee=4|quorum=3|loadThreshold=75|maxTime=180|crossShardPct=0|requestOfflinePct=0|receiptDropPct=0|ownerCap=3000|mobileThreshold=35,6,71,626,50,COMPLETE,24,24,24,3,24,6,4,2,24,24,24,0,138,2,2,0,447,465,24,807,24,5994,2327,2,3678,300
OFAT,COMMITTEE_QUORUM,DEFAULT,baseSeed=626|nTx=24|nValidators=10|nShards=4|committee=4|quorum=3|loadThreshold=75|maxTime=180|crossShardPct=0|requestOfflinePct=0|receiptDropPct=0|ownerCap=3000|mobileThreshold=35,6,72,626,63,COMPLETE,24,24,24,3,24,6,4,1,24,24,24,0,136,2,2,0,447,466,24,808,24,6244,2471,2,3895,200
OFAT,COMMITTEE_QUORUM,DEFAULT,baseSeed=626|nTx=24|nValidators=10|nShards=4|committee=4|quorum=3|loadThreshold=75|maxTime=180|crossShardPct=0|requestOfflinePct=0|receiptDropPct=0|ownerCap=3000|mobileThreshold=35,6,73,626,62,COMPLETE,24,24,24,3,24,6,4,1,24,24,24,0,138,2,2,0,447,465,24,807,24,5959,2251,2,3275,200
OFAT,COMMITTEE_QUORUM,DEFAULT,baseSeed=626|nTx=24|nValidators=10|nShards=4|committee=4|quorum=3|loadThreshold=75|maxTime=180|crossShardPct=0|requestOfflinePct=0|receiptDropPct=0|ownerCap=3000|mobileThreshold=35,6,74,626,49,COMPLETE,24,24,24,3,24,6,4,1,24,24,24,0,136,2,2,1,448,467,24,809,24,6017,2271,2,3110,600
OFAT,COMMITTEE_QUORUM,DEFAULT,baseSeed=626|nTx=24|nValidators=10|nShards=4|committee=4|quorum=3|loadThreshold=75|maxTime=180|crossShardPct=0|requestOfflinePct=0|receiptDropPct=0|ownerCap=3000|mobileThreshold=35,6,75,626,62,COMPLETE,24,24,24,3,24,6,4,1,24,24,24,0,134,2,2,0,447,466,24,808,24,5411,1992,3,2441,200
OFAT,COMMITTEE_QUORUM,DEFAULT,baseSeed=626|nTx=24|nValidators=10|nShards=4|committee=4|quorum=3|loadThreshold=75|maxTime=180|crossShardPct=0|requestOfflinePct=0|receiptDropPct=0|ownerCap=3000|mobileThreshold=35,6,76,626,62,COMPLETE,24,24,24,6,24,6,4,1,24,24,24,0,139,2,2,0,447,506,24,866,24,6205,2380,2,3371,200
OFAT,COMMITTEE_QUORUM,DEFAULT,baseSeed=626|nTx=24|nValidators=10|nShards=4|committee=4|quorum=3|loadThreshold=75|maxTime=180|crossShardPct=0|requestOfflinePct=0|receiptDropPct=0|ownerCap=3000|mobileThreshold=35,6,77,626,49,COMPLETE,24,24,24,2,24,6,4,1,24,24,24,0,137,2,2,0,447,454,24,790,24,5416,1988,3,2398,200
OFAT,COMMITTEE_QUORUM,DEFAULT,baseSeed=626|nTx=24|nValidators=10|nShards=4|committee=4|quorum=3|loadThreshold=75|maxTime=180|crossShardPct=0|requestOfflinePct=0|receiptDropPct=0|ownerCap=3000|mobileThreshold=35,6,78,626,63,COMPLETE,24,24,24,4,24,6,4,2,24,24,24,0,137,2,2,0,447,480,24,828,24,6583,2939,2,4104,200
OFAT,COMMITTEE_QUORUM,DEFAULT,baseSeed=626|nTx=24|nValidators=10|nShards=4|committee=4|quorum=3|loadThreshold=75|maxTime=180|crossShardPct=0|requestOfflinePct=0|receiptDropPct=0|ownerCap=3000|mobileThreshold=35,6,79,626,49,COMPLETE,24,24,24,2,24,6,4,0,24,24,24,0,136,2,2,0,447,454,24,790,24,5203,1909,3,3052,300
OFAT,COMMITTEE_QUORUM,DEFAULT,baseSeed=626|nTx=24|nValidators=10|nShards=4|committee=4|quorum=3|loadThreshold=75|maxTime=180|crossShardPct=0|requestOfflinePct=0|receiptDropPct=0|ownerCap=3000|mobileThreshold=35,6,80,626,49,COMPLETE,24,24,24,1,24,6,4,2,24,24,24,0,135,2,2,0,447,440,24,770,24,6508,2957,2,3742,300
OFAT,COMMITTEE_QUORUM,DEFAULT,baseSeed=626|nTx=24|nValidators=10|nShards=4|committee=4|quorum=3|loadThreshold=75|maxTime=180|crossShardPct=0|requestOfflinePct=0|receiptDropPct=0|ownerCap=3000|mobileThreshold=35,6,81,626,49,COMPLETE,24,24,24,3,24,6,4,1,24,24,24,0,138,2,2,0,447,468,24,810,24,6086,2305,2,3132,200
OFAT,COMMITTEE_QUORUM,DEFAULT,baseSeed=626|nTx=24|nValidators=10|nShards=4|committee=4|quorum=3|loadThreshold=75|maxTime=180|crossShardPct=0|requestOfflinePct=0|receiptDropPct=0|ownerCap=3000|mobileThreshold=35,6,82,626,62,COMPLETE,24,24,24,4,24,6,4,2,24,24,24,0,136,2,2,0,447,479,24,827,24,6290,2547,2,3924,300
OFAT,COMMITTEE_QUORUM,DEFAULT,baseSeed=626|nTx=24|nValidators=10|nShards=4|committee=4|quorum=3|loadThreshold=75|maxTime=180|crossShardPct=0|requestOfflinePct=0|receiptDropPct=0|ownerCap=3000|mobileThreshold=35,6,83,626,47,COMPLETE,24,24,24,1,24,6,4,0,24,24,24,0,136,2,2,0,447,440,24,770,24,6244,2453,2,3720,300
OFAT,COMMITTEE_QUORUM,DEFAULT,baseSeed=626|nTx=24|nValidators=10|nShards=4|committee=4|quorum=3|loadThreshold=75|maxTime=180|crossShardPct=0|requestOfflinePct=0|receiptDropPct=0|ownerCap=3000|mobileThreshold=35,6,84,626,50,COMPLETE,24,24,24,3,24,6,4,2,24,24,24,0,137,2,2,0,447,468,24,810,24,6369,2739,2,3612,300
OFAT,COMMITTEE_QUORUM,DEFAULT,baseSeed=626|nTx=24|nValidators=10|nShards=4|committee=4|quorum=3|loadThreshold=75|maxTime=180|crossShardPct=0|requestOfflinePct=0|receiptDropPct=0|ownerCap=3000|mobileThreshold=35,6,85,626,50,COMPLETE,24,24,24,5,24,6,4,0,24,24,24,0,137,2,2,0,447,494,24,848,24,5601,2070,3,3092,200
OFAT,COMMITTEE_QUORUM,DEFAULT,baseSeed=626|nTx=24|nValidators=10|nShards=4|committee=4|quorum=3|loadThreshold=75|maxTime=180|crossShardPct=0|requestOfflinePct=0|receiptDropPct=0|ownerCap=3000|mobileThreshold=35,6,86,626,62,COMPLETE,24,24,24,5,24,6,4,1,24,24,24,0,136,2,2,0,447,491,24,845,24,6232,2476,2,3924,300
OFAT,COMMITTEE_QUORUM,DEFAULT,baseSeed=626|nTx=24|nValidators=10|nShards=4|committee=4|quorum=3|loadThreshold=75|maxTime=180|crossShardPct=0|requestOfflinePct=0|receiptDropPct=0|ownerCap=3000|mobileThreshold=35,6,87,626,49,COMPLETE,24,24,24,2,24,6,4,1,24,24,24,0,137,2,2,0,447,454,24,790,24,5514,1996,2,2687,200
OFAT,COMMITTEE_QUORUM,DEFAULT,baseSeed=626|nTx=24|nValidators=10|nShards=4|committee=4|quorum=3|loadThreshold=75|maxTime=180|crossShardPct=0|requestOfflinePct=0|receiptDropPct=0|ownerCap=3000|mobileThreshold=35,6,88,626,50,COMPLETE,24,24,24,3,24,6,4,0,24,24,24,0,135,2,2,0,447,468,24,810,24,5660,2083,3,2923,100
OFAT,COMMITTEE_QUORUM,DEFAULT,baseSeed=626|nTx=24|nValidators=10|nShards=4|committee=4|quorum=3|loadThreshold=75|maxTime=180|crossShardPct=0|requestOfflinePct=0|receiptDropPct=0|ownerCap=3000|mobileThreshold=35,6,89,626,62,COMPLETE,24,24,24,3,24,6,4,1,24,24,24,0,137,2,2,0,447,467,24,809,24,5907,2218,2,3352,200
OFAT,COMMITTEE_QUORUM,DEFAULT,baseSeed=626|nTx=24|nValidators=10|nShards=4|committee=4|quorum=3|loadThreshold=75|maxTime=180|crossShardPct=0|requestOfflinePct=0|receiptDropPct=0|ownerCap=3000|mobileThreshold=35,6,90,626,50,COMPLETE,24,24,24,2,24,6,4,1,24,24,24,0,137,2,2,0,447,454,24,790,24,5780,2122,2,3352,200
OFAT,COMMITTEE_QUORUM,DEFAULT,baseSeed=626|nTx=24|nValidators=10|nShards=4|committee=4|quorum=3|loadThreshold=75|maxTime=180|crossShardPct=0|requestOfflinePct=0|receiptDropPct=0|ownerCap=3000|mobileThreshold=35,6,91,626,62,COMPLETE,24,24,24,2,24,6,4,1,24,24,24,0,136,2,2,0,447,453,24,789,24,6238,2478,2,3924,300
OFAT,COMMITTEE_QUORUM,DEFAULT,baseSeed=626|nTx=24|nValidators=10|nShards=4|committee=4|quorum=3|loadThreshold=75|maxTime=180|crossShardPct=0|requestOfflinePct=0|receiptDropPct=0|ownerCap=3000|mobileThreshold=35,6,92,626,49,COMPLETE,24,24,24,1,24,6,4,1,24,24,24,0,138,2,2,0,447,441,24,771,24,6143,2432,2,3879,300
OFAT,COMMITTEE_QUORUM,DEFAULT,baseSeed=626|nTx=24|nValidators=10|nShards=4|committee=4|quorum=3|loadThreshold=75|maxTime=180|crossShardPct=0|requestOfflinePct=0|receiptDropPct=0|ownerCap=3000|mobileThreshold=35,6,93,626,48,COMPLETE,24,24,24,2,24,6,4,1,24,24,24,0,136,2,2,0,447,454,24,790,24,6052,2273,2,3430,200
OFAT,COMMITTEE_QUORUM,DEFAULT,baseSeed=626|nTx=24|nValidators=10|nShards=4|committee=4|quorum=3|loadThreshold=75|maxTime=180|crossShardPct=0|requestOfflinePct=0|receiptDropPct=0|ownerCap=3000|mobileThreshold=35,6,94,626,50,COMPLETE,24,24,24,3,24,6,4,1,24,24,24,0,136,2,2,0,447,467,24,809,24,6133,2389,2,3720,200
OFAT,COMMITTEE_QUORUM,DEFAULT,baseSeed=626|nTx=24|nValidators=10|nShards=4|committee=4|quorum=3|loadThreshold=75|maxTime=180|crossShardPct=0|requestOfflinePct=0|receiptDropPct=0|ownerCap=3000|mobileThreshold=35,6,95,626,62,COMPLETE,24,24,24,4,24,6,4,2,24,24,24,0,138,2,2,0,447,481,24,829,24,5913,2220,2,3333,200
OFAT,COMMITTEE_QUORUM,DEFAULT,baseSeed=626|nTx=24|nValidators=10|nShards=4|committee=4|quorum=3|loadThreshold=75|maxTime=180|crossShardPct=0|requestOfflinePct=0|receiptDropPct=0|ownerCap=3000|mobileThreshold=35,6,96,626,62,COMPLETE,24,24,24,4,24,6,4,1,24,24,24,0,133,2,2,0,447,479,24,827,24,6071,2317,2,3372,200
OFAT,COMMITTEE_QUORUM,DEFAULT,baseSeed=626|nTx=24|nValidators=10|nShards=4|committee=4|quorum=3|loadThreshold=75|maxTime=180|crossShardPct=0|requestOfflinePct=0|receiptDropPct=0|ownerCap=3000|mobileThreshold=35,6,97,626,62,COMPLETE,24,24,24,3,24,6,4,2,24,24,24,0,139,2,2,0,447,465,24,807,24,6068,2304,2,3600,200
OFAT,COMMITTEE_QUORUM,DEFAULT,baseSeed=626|nTx=24|nValidators=10|nShards=4|committee=4|quorum=3|loadThreshold=75|maxTime=180|crossShardPct=0|requestOfflinePct=0|receiptDropPct=0|ownerCap=3000|mobileThreshold=35,6,98,626,62,COMPLETE,24,24,24,3,24,6,4,1,24,24,24,0,135,2,2,0,447,467,24,809,24,5859,2195,2,3421,200
OFAT,COMMITTEE_QUORUM,DEFAULT,baseSeed=626|nTx=24|nValidators=10|nShards=4|committee=4|quorum=3|loadThreshold=75|maxTime=180|crossShardPct=0|requestOfflinePct=0|receiptDropPct=0|ownerCap=3000|mobileThreshold=35,6,99,626,50,COMPLETE,24,24,24,3,24,6,4,2,24,24,24,0,137,2,2,0,447,466,24,808,24,6127,2358,2,3959,300
OFAT,COMMITTEE_QUORUM,DEFAULT,baseSeed=626|nTx=24|nValidators=10|nShards=4|committee=4|quorum=3|loadThreshold=75|maxTime=180|crossShardPct=0|requestOfflinePct=0|receiptDropPct=0|ownerCap=3000|mobileThreshold=35,6,100,626,49,COMPLETE,24,24,24,2,24,6,4,1,24,24,24,0,138,2,2,0,447,455,24,791,24,5678,2119,2,3563,200
OFAT,COMMITTEE_QUORUM,HIGH,baseSeed=626|nTx=24|nValidators=10|nShards=4|committee=5|quorum=4|loadThreshold=75|maxTime=180|crossShardPct=0|requestOfflinePct=0|receiptDropPct=0|ownerCap=3000|mobileThreshold=35,6,1,626,62,COMPLETE,24,24,24,6,24,6,4,2,24,24,24,0,159,2,2,0,495,505,24,865,24,5851,2217,2,4615,200
OFAT,COMMITTEE_QUORUM,HIGH,baseSeed=626|nTx=24|nValidators=10|nShards=4|committee=5|quorum=4|loadThreshold=75|maxTime=180|crossShardPct=0|requestOfflinePct=0|receiptDropPct=0|ownerCap=3000|mobileThreshold=35,6,2,626,62,COMPLETE,24,24,24,4,24,6,4,2,24,24,24,0,158,2,2,0,495,480,24,828,24,5530,2110,2,3479,300
OFAT,COMMITTEE_QUORUM,HIGH,baseSeed=626|nTx=24|nValidators=10|nShards=4|committee=5|quorum=4|loadThreshold=75|maxTime=180|crossShardPct=0|requestOfflinePct=0|receiptDropPct=0|ownerCap=3000|mobileThreshold=35,6,3,626,62,COMPLETE,24,24,24,4,24,6,4,2,24,24,24,0,159,2,2,0,495,480,24,828,24,5610,2053,2,2974,200
OFAT,COMMITTEE_QUORUM,HIGH,baseSeed=626|nTx=24|nValidators=10|nShards=4|committee=5|quorum=4|loadThreshold=75|maxTime=180|crossShardPct=0|requestOfflinePct=0|receiptDropPct=0|ownerCap=3000|mobileThreshold=35,6,4,626,47,COMPLETE,24,24,24,1,24,6,4,2,24,24,24,0,158,2,2,0,495,440,24,770,24,5536,2064,2,3298,300
OFAT,COMMITTEE_QUORUM,HIGH,baseSeed=626|nTx=24|nValidators=10|nShards=4|committee=5|quorum=4|loadThreshold=75|maxTime=180|crossShardPct=0|requestOfflinePct=0|receiptDropPct=0|ownerCap=3000|mobileThreshold=35,6,5,626,49,COMPLETE,24,24,24,1,24,6,4,2,24,24,24,0,159,2,2,0,495,441,24,771,24,6435,2730,2,4358,300
OFAT,COMMITTEE_QUORUM,HIGH,baseSeed=626|nTx=24|nValidators=10|nShards=4|committee=5|quorum=4|loadThreshold=75|maxTime=180|crossShardPct=0|requestOfflinePct=0|receiptDropPct=0|ownerCap=3000|mobileThreshold=35,6,6,626,63,COMPLETE,24,24,24,4,24,6,4,2,24,24,24,0,158,2,2,0,495,480,24,828,24,5907,2288,2,4329,200
OFAT,COMMITTEE_QUORUM,HIGH,baseSeed=626|nTx=24|nValidators=10|nShards=4|committee=5|quorum=4|loadThreshold=75|maxTime=180|crossShardPct=0|requestOfflinePct=0|receiptDropPct=0|ownerCap=3000|mobileThreshold=35,6,7,626,48,COMPLETE,24,24,24,2,24,6,4,2,24,24,24,0,158,2,2,0,495,453,24,789,24,6056,2279,2,3298,200
OFAT,COMMITTEE_QUORUM,HIGH,baseSeed=626|nTx=24|nValidators=10|nShards=4|committee=5|quorum=4|loadThreshold=75|maxTime=180|crossShardPct=0|requestOfflinePct=0|receiptDropPct=0|ownerCap=3000|mobileThreshold=35,6,8,626,62,COMPLETE,24,24,24,4,24,6,4,3,24,24,24,0,158,2,2,0,495,480,24,828,24,5180,1882,3,3067,200
OFAT,COMMITTEE_QUORUM,HIGH,baseSeed=626|nTx=24|nValidators=10|nShards=4|committee=5|quorum=4|loadThreshold=75|maxTime=180|crossShardPct=0|requestOfflinePct=0|receiptDropPct=0|ownerCap=3000|mobileThreshold=35,6,9,626,48,COMPLETE,24,24,24,1,24,6,4,2,24,24,24,0,159,2,2,0,495,441,24,771,24,5148,1887,3,2743,300
OFAT,COMMITTEE_QUORUM,HIGH,baseSeed=626|nTx=24|nValidators=10|nShards=4|committee=5|quorum=4|loadThreshold=75|maxTime=180|crossShardPct=0|requestOfflinePct=0|receiptDropPct=0|ownerCap=3000|mobileThreshold=35,6,10,626,62,COMPLETE,24,24,24,3,24,6,4,3,24,24,24,0,159,2,2,0,495,466,24,808,24,5194,1880,3,2384,200
OFAT,COMMITTEE_QUORUM,HIGH,baseSeed=626|nTx=24|nValidators=10|nShards=4|committee=5|quorum=4|loadThreshold=75|maxTime=180|crossShardPct=0|requestOfflinePct=0|receiptDropPct=0|ownerCap=3000|mobileThreshold=35,6,11,626,63,COMPLETE,24,24,24,5,24,6,4,1,24,24,24,0,160,2,2,0,495,493,24,847,24,5801,2150,2,3086,200
OFAT,COMMITTEE_QUORUM,HIGH,baseSeed=626|nTx=24|nValidators=10|nShards=4|committee=5|quorum=4|loadThreshold=75|maxTime=180|crossShardPct=0|requestOfflinePct=0|receiptDropPct=0|ownerCap=3000|mobileThreshold=35,6,12,626,49,COMPLETE,24,24,24,3,24,6,4,3,24,24,24,0,157,2,2,0,495,467,24,809,24,5202,1894,3,2409,200
OFAT,COMMITTEE_QUORUM,HIGH,baseSeed=626|nTx=24|nValidators=10|nShards=4|committee=5|quorum=4|loadThreshold=75|maxTime=180|crossShardPct=0|requestOfflinePct=0|receiptDropPct=0|ownerCap=3000|mobileThreshold=35,6,13,626,62,COMPLETE,24,24,24,4,24,6,4,2,24,24,24,0,159,2,2,0,495,481,24,829,24,6158,2476,2,3282,200
OFAT,COMMITTEE_QUORUM,HIGH,baseSeed=626|nTx=24|nValidators=10|nShards=4|committee=5|quorum=4|loadThreshold=75|maxTime=180|crossShardPct=0|requestOfflinePct=0|receiptDropPct=0|ownerCap=3000|mobileThreshold=35,6,14,626,62,COMPLETE,24,24,24,3,24,6,4,3,24,24,24,0,160,2,2,0,495,466,24,808,24,5107,1868,3,2857,300
OFAT,COMMITTEE_QUORUM,HIGH,baseSeed=626|nTx=24|nValidators=10|nShards=4|committee=5|quorum=4|loadThreshold=75|maxTime=180|crossShardPct=0|requestOfflinePct=0|receiptDropPct=0|ownerCap=3000|mobileThreshold=35,6,15,626,50,COMPLETE,24,24,24,4,24,6,4,3,24,24,24,0,159,2,2,0,495,479,24,827,24,5717,2100,2,2923,200
OFAT,COMMITTEE_QUORUM,HIGH,baseSeed=626|nTx=24|nValidators=10|nShards=4|committee=5|quorum=4|loadThreshold=75|maxTime=180|crossShardPct=0|requestOfflinePct=0|receiptDropPct=0|ownerCap=3000|mobileThreshold=35,6,16,626,63,COMPLETE,24,24,24,5,24,6,4,3,24,24,24,0,159,2,2,0,495,492,24,846,24,5933,2233,2,3435,200
OFAT,COMMITTEE_QUORUM,HIGH,baseSeed=626|nTx=24|nValidators=10|nShards=4|committee=5|quorum=4|loadThreshold=75|maxTime=180|crossShardPct=0|requestOfflinePct=0|receiptDropPct=0|ownerCap=3000|mobileThreshold=35,6,17,626,62,COMPLETE,24,24,24,2,24,6,4,2,24,24,24,0,157,2,2,0,495,454,24,790,24,5870,2190,2,3316,300
OFAT,COMMITTEE_QUORUM,HIGH,baseSeed=626|nTx=24|nValidators=10|nShards=4|committee=5|quorum=4|loadThreshold=75|maxTime=180|crossShardPct=0|requestOfflinePct=0|receiptDropPct=0|ownerCap=3000|mobileThreshold=35,6,18,626,50,COMPLETE,24,24,24,3,24,6,4,3,24,24,24,0,159,2,2,0,495,467,24,809,24,5651,2073,2,2794,200
OFAT,COMMITTEE_QUORUM,HIGH,baseSeed=626|nTx=24|nValidators=10|nShards=4|committee=5|quorum=4|loadThreshold=75|maxTime=180|crossShardPct=0|requestOfflinePct=0|receiptDropPct=0|ownerCap=3000|mobileThreshold=35,6,19,626,62,COMPLETE,24,24,24,3,24,6,4,3,24,24,24,0,159,2,2,0,495,467,24,809,24,5630,2080,2,2923,200
OFAT,COMMITTEE_QUORUM,HIGH,baseSeed=626|nTx=24|nValidators=10|nShards=4|committee=5|quorum=4|loadThreshold=75|maxTime=180|crossShardPct=0|requestOfflinePct=0|receiptDropPct=0|ownerCap=3000|mobileThreshold=35,6,20,626,50,COMPLETE,24,24,24,4,24,6,4,2,24,24,24,0,158,2,2,0,495,481,24,829,24,5762,2131,2,3118,200
OFAT,COMMITTEE_QUORUM,HIGH,baseSeed=626|nTx=24|nValidators=10|nShards=4|committee=5|quorum=4|loadThreshold=75|maxTime=180|crossShardPct=0|requestOfflinePct=0|receiptDropPct=0|ownerCap=3000|mobileThreshold=35,6,21,626,49,COMPLETE,24,24,24,4,24,6,4,4,24,24,24,0,160,2,2,0,495,479,24,827,24,5739,2158,2,3265,200
OFAT,COMMITTEE_QUORUM,HIGH,baseSeed=626|nTx=24|nValidators=10|nShards=4|committee=5|quorum=4|loadThreshold=75|maxTime=180|crossShardPct=0|requestOfflinePct=0|receiptDropPct=0|ownerCap=3000|mobileThreshold=35,6,22,626,48,COMPLETE,24,24,24,2,24,6,4,2,24,24,24,0,158,2,2,0,495,454,24,790,24,6087,2320,2,3479,200
OFAT,COMMITTEE_QUORUM,HIGH,baseSeed=626|nTx=24|nValidators=10|nShards=4|committee=5|quorum=4|loadThreshold=75|maxTime=180|crossShardPct=0|requestOfflinePct=0|receiptDropPct=0|ownerCap=3000|mobileThreshold=35,6,23,626,50,COMPLETE,24,24,24,4,24,6,4,4,24,24,24,0,159,2,2,0,495,482,24,830,24,5307,1936,3,2384,200
OFAT,COMMITTEE_QUORUM,HIGH,baseSeed=626|nTx=24|nValidators=10|nShards=4|committee=5|quorum=4|loadThreshold=75|maxTime=180|crossShardPct=0|requestOfflinePct=0|receiptDropPct=0|ownerCap=3000|mobileThreshold=35,6,24,626,48,COMPLETE,24,24,24,2,24,6,4,2,24,24,24,0,159,2,2,0,495,455,24,791,24,5333,1944,3,2384,200
OFAT,COMMITTEE_QUORUM,HIGH,baseSeed=626|nTx=24|nValidators=10|nShards=4|committee=5|quorum=4|loadThreshold=75|maxTime=180|crossShardPct=0|requestOfflinePct=0|receiptDropPct=0|ownerCap=3000|mobileThreshold=35,6,25,626,50,COMPLETE,24,24,24,3,24,6,4,2,24,24,24,0,157,2,2,1,496,467,24,809,24,5590,2032,3,2772,800
OFAT,COMMITTEE_QUORUM,HIGH,baseSeed=626|nTx=24|nValidators=10|nShards=4|committee=5|quorum=4|loadThreshold=75|maxTime=180|crossShardPct=0|requestOfflinePct=0|receiptDropPct=0|ownerCap=3000|mobileThreshold=35,6,26,626,50,COMPLETE,24,24,24,3,24,6,4,3,24,24,24,0,159,2,2,0,495,467,24,809,24,5651,2099,2,3282,300
OFAT,COMMITTEE_QUORUM,HIGH,baseSeed=626|nTx=24|nValidators=10|nShards=4|committee=5|quorum=4|loadThreshold=75|maxTime=180|crossShardPct=0|requestOfflinePct=0|receiptDropPct=0|ownerCap=3000|mobileThreshold=35,6,27,626,63,COMPLETE,24,24,24,6,24,6,4,2,24,24,24,0,158,2,2,0,495,506,24,866,24,5737,2148,2,3298,200
OFAT,COMMITTEE_QUORUM,HIGH,baseSeed=626|nTx=24|nValidators=10|nShards=4|committee=5|quorum=4|loadThreshold=75|maxTime=180|crossShardPct=0|requestOfflinePct=0|receiptDropPct=0|ownerCap=3000|mobileThreshold=35,6,28,626,62,COMPLETE,24,24,24,3,24,6,4,1,24,24,24,0,158,2,2,0,495,467,24,809,24,5840,2210,2,3479,200
OFAT,COMMITTEE_QUORUM,HIGH,baseSeed=626|nTx=24|nValidators=10|nShards=4|committee=5|quorum=4|loadThreshold=75|maxTime=180|crossShardPct=0|requestOfflinePct=0|receiptDropPct=0|ownerCap=3000|mobileThreshold=35,6,29,626,48,COMPLETE,24,24,24,2,24,6,4,2,24,24,24,0,160,2,2,0,495,453,24,789,24,5709,2206,2,3622,200
OFAT,COMMITTEE_QUORUM,HIGH,baseSeed=626|nTx=24|nValidators=10|nShards=4|committee=5|quorum=4|loadThreshold=75|maxTime=180|crossShardPct=0|requestOfflinePct=0|receiptDropPct=0|ownerCap=3000|mobileThreshold=35,6,30,626,49,COMPLETE,24,24,24,1,24,6,4,2,24,24,24,0,157,2,2,0,495,441,24,771,24,5746,2122,2,3575,300
OFAT,COMMITTEE_QUORUM,HIGH,baseSeed=626|nTx=24|nValidators=10|nShards=4|committee=5|quorum=4|loadThreshold=75|maxTime=180|crossShardPct=0|requestOfflinePct=0|receiptDropPct=0|ownerCap=3000|mobileThreshold=35,6,31,626,62,COMPLETE,24,24,24,4,24,6,4,1,24,24,24,0,159,2,2,0,495,479,24,827,24,5461,2012,3,3820,200
OFAT,COMMITTEE_QUORUM,HIGH,baseSeed=626|nTx=24|nValidators=10|nShards=4|committee=5|quorum=4|loadThreshold=75|maxTime=180|crossShardPct=0|requestOfflinePct=0|receiptDropPct=0|ownerCap=3000|mobileThreshold=35,6,32,626,62,COMPLETE,24,24,24,3,24,6,4,2,24,24,24,0,159,2,2,0,495,465,24,807,24,5569,2057,3,3282,200
OFAT,COMMITTEE_QUORUM,HIGH,baseSeed=626|nTx=24|nValidators=10|nShards=4|committee=5|quorum=4|loadThreshold=75|maxTime=180|crossShardPct=0|requestOfflinePct=0|receiptDropPct=0|ownerCap=3000|mobileThreshold=35,6,33,626,63,COMPLETE,24,24,24,4,24,6,4,2,24,24,24,0,158,2,2,0,495,480,24,828,24,5902,2266,2,4097,100
OFAT,COMMITTEE_QUORUM,HIGH,baseSeed=626|nTx=24|nValidators=10|nShards=4|committee=5|quorum=4|loadThreshold=75|maxTime=180|crossShardPct=0|requestOfflinePct=0|receiptDropPct=0|ownerCap=3000|mobileThreshold=35,6,34,626,62,COMPLETE,24,24,24,5,24,6,4,2,24,24,24,0,159,2,2,0,495,492,24,846,24,5692,2153,2,3461,300
OFAT,COMMITTEE_QUORUM,HIGH,baseSeed=626|nTx=24|nValidators=10|nShards=4|committee=5|quorum=4|loadThreshold=75|maxTime=180|crossShardPct=0|requestOfflinePct=0|receiptDropPct=0|ownerCap=3000|mobileThreshold=35,6,35,626,62,COMPLETE,24,24,24,4,24,6,4,2,24,24,24,0,157,2,2,0,495,480,24,828,24,5678,2086,2,3626,200
OFAT,COMMITTEE_QUORUM,HIGH,baseSeed=626|nTx=24|nValidators=10|nShards=4|committee=5|quorum=4|loadThreshold=75|maxTime=180|crossShardPct=0|requestOfflinePct=0|receiptDropPct=0|ownerCap=3000|mobileThreshold=35,6,36,626,62,COMPLETE,24,24,24,3,24,6,4,3,24,24,24,0,159,2,2,0,495,466,24,808,24,5728,2116,2,3102,200
OFAT,COMMITTEE_QUORUM,HIGH,baseSeed=626|nTx=24|nValidators=10|nShards=4|committee=5|quorum=4|loadThreshold=75|maxTime=180|crossShardPct=0|requestOfflinePct=0|receiptDropPct=0|ownerCap=3000|mobileThreshold=35,6,37,626,49,COMPLETE,24,24,24,2,24,6,4,2,24,24,24,0,159,2,2,0,495,451,24,787,24,5492,2004,3,3769,300
OFAT,COMMITTEE_QUORUM,HIGH,baseSeed=626|nTx=24|nValidators=10|nShards=4|committee=5|quorum=4|loadThreshold=75|maxTime=180|crossShardPct=0|requestOfflinePct=0|receiptDropPct=0|ownerCap=3000|mobileThreshold=35,6,38,626,62,COMPLETE,24,24,24,4,24,6,4,4,24,24,24,0,158,2,2,0,495,479,24,827,24,5912,2215,2,2938,200
OFAT,COMMITTEE_QUORUM,HIGH,baseSeed=626|nTx=24|nValidators=10|nShards=4|committee=5|quorum=4|loadThreshold=75|maxTime=180|crossShardPct=0|requestOfflinePct=0|receiptDropPct=0|ownerCap=3000|mobileThreshold=35,6,39,626,50,COMPLETE,24,24,24,3,24,6,4,2,24,24,24,0,159,2,2,0,495,467,24,809,24,5630,2077,2,4025,200
OFAT,COMMITTEE_QUORUM,HIGH,baseSeed=626|nTx=24|nValidators=10|nShards=4|committee=5|quorum=4|loadThreshold=75|maxTime=180|crossShardPct=0|requestOfflinePct=0|receiptDropPct=0|ownerCap=3000|mobileThreshold=35,6,40,626,62,COMPLETE,24,24,24,3,24,6,4,4,24,24,24,0,158,2,2,0,495,465,24,807,24,5881,2276,2,3685,200
OFAT,COMMITTEE_QUORUM,HIGH,baseSeed=626|nTx=24|nValidators=10|nShards=4|committee=5|quorum=4|loadThreshold=75|maxTime=180|crossShardPct=0|requestOfflinePct=0|receiptDropPct=0|ownerCap=3000|mobileThreshold=35,6,41,626,62,COMPLETE,24,24,24,3,24,6,4,2,24,24,24,0,159,2,2,0,495,466,24,808,24,5994,2301,2,4153,300
OFAT,COMMITTEE_QUORUM,HIGH,baseSeed=626|nTx=24|nValidators=10|nShards=4|committee=5|quorum=4|loadThreshold=75|maxTime=180|crossShardPct=0|requestOfflinePct=0|receiptDropPct=0|ownerCap=3000|mobileThreshold=35,6,42,626,62,COMPLETE,24,24,24,6,24,6,4,3,24,24,24,0,159,2,2,0,495,506,24,866,24,5030,1823,3,2641,200
OFAT,COMMITTEE_QUORUM,HIGH,baseSeed=626|nTx=24|nValidators=10|nShards=4|committee=5|quorum=4|loadThreshold=75|maxTime=180|crossShardPct=0|requestOfflinePct=0|receiptDropPct=0|ownerCap=3000|mobileThreshold=35,6,43,626,62,COMPLETE,24,24,24,6,24,6,4,1,24,24,24,0,158,2,2,0,495,506,24,866,24,5190,1870,3,4226,100
OFAT,COMMITTEE_QUORUM,HIGH,baseSeed=626|nTx=24|nValidators=10|nShards=4|committee=5|quorum=4|loadThreshold=75|maxTime=180|crossShardPct=0|requestOfflinePct=0|receiptDropPct=0|ownerCap=3000|mobileThreshold=35,6,44,626,62,COMPLETE,24,24,24,4,24,6,4,3,24,24,24,0,159,2,2,0,495,479,24,827,24,5671,2101,2,4333,300
OFAT,COMMITTEE_QUORUM,HIGH,baseSeed=626|nTx=24|nValidators=10|nShards=4|committee=5|quorum=4|loadThreshold=75|maxTime=180|crossShardPct=0|requestOfflinePct=0|receiptDropPct=0|ownerCap=3000|mobileThreshold=35,6,45,626,63,COMPLETE,24,24,24,4,24,6,4,2,24,24,24,0,159,2,2,0,495,481,24,829,24,5333,1940,3,3615,100
OFAT,COMMITTEE_QUORUM,HIGH,baseSeed=626|nTx=24|nValidators=10|nShards=4|committee=5|quorum=4|loadThreshold=75|maxTime=180|crossShardPct=0|requestOfflinePct=0|receiptDropPct=0|ownerCap=3000|mobileThreshold=35,6,46,626,50,COMPLETE,24,24,24,1,24,6,4,2,24,24,24,0,159,2,2,0,495,440,24,770,24,5728,2125,2,4384,300
OFAT,COMMITTEE_QUORUM,HIGH,baseSeed=626|nTx=24|nValidators=10|nShards=4|committee=5|quorum=4|loadThreshold=75|maxTime=180|crossShardPct=0|requestOfflinePct=0|receiptDropPct=0|ownerCap=3000|mobileThreshold=35,6,47,626,62,COMPLETE,24,24,24,5,24,6,4,2,24,24,24,0,159,2,2,0,495,494,24,848,24,5620,2183,2,3641,200
OFAT,COMMITTEE_QUORUM,HIGH,baseSeed=626|nTx=24|nValidators=10|nShards=4|committee=5|quorum=4|loadThreshold=75|maxTime=180|crossShardPct=0|requestOfflinePct=0|receiptDropPct=0|ownerCap=3000|mobileThreshold=35,6,48,626,49,COMPLETE,24,24,24,2,24,6,4,2,24,24,24,0,158,2,2,0,495,453,24,789,24,5762,2133,2,5257,300
OFAT,COMMITTEE_QUORUM,HIGH,baseSeed=626|nTx=24|nValidators=10|nShards=4|committee=5|quorum=4|loadThreshold=75|maxTime=180|crossShardPct=0|requestOfflinePct=0|receiptDropPct=0|ownerCap=3000|mobileThreshold=35,6,49,626,49,COMPLETE,24,24,24,1,24,6,4,2,24,24,24,0,158,2,2,0,495,442,24,772,24,5453,2011,3,3118,300
OFAT,COMMITTEE_QUORUM,HIGH,baseSeed=626|nTx=24|nValidators=10|nShards=4|committee=5|quorum=4|loadThreshold=75|maxTime=180|crossShardPct=0|requestOfflinePct=0|receiptDropPct=0|ownerCap=3000|mobileThreshold=35,6,50,626,48,COMPLETE,24,24,24,1,24,6,4,2,24,24,24,0,159,2,2,0,495,442,24,772,24,5415,1975,2,3717,300
OFAT,COMMITTEE_QUORUM,HIGH,baseSeed=626|nTx=24|nValidators=10|nShards=4|committee=5|quorum=4|loadThreshold=75|maxTime=180|crossShardPct=0|requestOfflinePct=0|receiptDropPct=0|ownerCap=3000|mobileThreshold=35,6,51,626,49,COMPLETE,24,24,24,3,24,6,4,1,24,24,24,0,159,2,2,0,495,468,24,810,24,5871,2271,2,4307,200
OFAT,COMMITTEE_QUORUM,HIGH,baseSeed=626|nTx=24|nValidators=10|nShards=4|committee=5|quorum=4|loadThreshold=75|maxTime=180|crossShardPct=0|requestOfflinePct=0|receiptDropPct=0|ownerCap=3000|mobileThreshold=35,6,52,626,62,COMPLETE,24,24,24,6,24,6,4,2,24,24,24,0,159,2,2,0,495,506,24,866,24,5466,2009,2,3846,200
OFAT,COMMITTEE_QUORUM,HIGH,baseSeed=626|nTx=24|nValidators=10|nShards=4|committee=5|quorum=4|loadThreshold=75|maxTime=180|crossShardPct=0|requestOfflinePct=0|receiptDropPct=0|ownerCap=3000|mobileThreshold=35,6,53,626,50,COMPLETE,24,24,24,2,24,6,4,2,24,24,24,0,159,2,2,0,495,454,24,790,24,5758,2138,2,4384,200
OFAT,COMMITTEE_QUORUM,HIGH,baseSeed=626|nTx=24|nValidators=10|nShards=4|committee=5|quorum=4|loadThreshold=75|maxTime=180|crossShardPct=0|requestOfflinePct=0|receiptDropPct=0|ownerCap=3000|mobileThreshold=35,6,54,626,48,COMPLETE,24,24,24,3,24,6,4,2,24,24,24,0,159,2,2,0,495,468,24,810,24,5651,2215,2,4538,100
OFAT,COMMITTEE_QUORUM,HIGH,baseSeed=626|nTx=24|nValidators=10|nShards=4|committee=5|quorum=4|loadThreshold=75|maxTime=180|crossShardPct=0|requestOfflinePct=0|receiptDropPct=0|ownerCap=3000|mobileThreshold=35,6,55,626,50,COMPLETE,24,24,24,2,24,6,4,2,24,24,24,0,159,2,2,0,495,453,24,789,24,5553,2026,2,3846,200
OFAT,COMMITTEE_QUORUM,HIGH,baseSeed=626|nTx=24|nValidators=10|nShards=4|committee=5|quorum=4|loadThreshold=75|maxTime=180|crossShardPct=0|requestOfflinePct=0|receiptDropPct=0|ownerCap=3000|mobileThreshold=35,6,56,626,63,COMPLETE,24,24,24,4,24,6,4,2,24,24,24,0,159,2,2,0,495,481,24,829,24,5410,1966,3,3666,200
OFAT,COMMITTEE_QUORUM,HIGH,baseSeed=626|nTx=24|nValidators=10|nShards=4|committee=5|quorum=4|loadThreshold=75|maxTime=180|crossShardPct=0|requestOfflinePct=0|receiptDropPct=0|ownerCap=3000|mobileThreshold=35,6,57,626,49,COMPLETE,24,24,24,3,24,6,4,2,24,24,24,0,158,2,2,1,496,467,24,809,24,5716,2109,2,4304,600
OFAT,COMMITTEE_QUORUM,HIGH,baseSeed=626|nTx=24|nValidators=10|nShards=4|committee=5|quorum=4|loadThreshold=75|maxTime=180|crossShardPct=0|requestOfflinePct=0|receiptDropPct=0|ownerCap=3000|mobileThreshold=35,6,58,626,49,COMPLETE,24,24,24,1,24,6,4,2,24,24,24,0,159,2,2,0,495,441,24,771,24,5487,2016,2,3102,300
OFAT,COMMITTEE_QUORUM,HIGH,baseSeed=626|nTx=24|nValidators=10|nShards=4|committee=5|quorum=4|loadThreshold=75|maxTime=180|crossShardPct=0|requestOfflinePct=0|receiptDropPct=0|ownerCap=3000|mobileThreshold=35,6,59,626,49,COMPLETE,24,24,24,2,24,6,4,1,24,24,24,0,159,2,2,0,495,453,24,789,24,5851,2217,2,4615,200
OFAT,COMMITTEE_QUORUM,HIGH,baseSeed=626|nTx=24|nValidators=10|nShards=4|committee=5|quorum=4|loadThreshold=75|maxTime=180|crossShardPct=0|requestOfflinePct=0|receiptDropPct=0|ownerCap=3000|mobileThreshold=35,6,60,626,49,COMPLETE,24,24,24,2,24,6,4,2,24,24,24,0,158,2,2,0,495,455,24,791,24,5613,2186,2,3659,200
OFAT,COMMITTEE_QUORUM,HIGH,baseSeed=626|nTx=24|nValidators=10|nShards=4|committee=5|quorum=4|loadThreshold=75|maxTime=180|crossShardPct=0|requestOfflinePct=0|receiptDropPct=0|ownerCap=3000|mobileThreshold=35,6,61,626,62,COMPLETE,24,24,24,5,24,6,4,2,24,24,24,0,159,2,2,0,495,492,24,846,24,5466,2008,2,3897,200
OFAT,COMMITTEE_QUORUM,HIGH,baseSeed=626|nTx=24|nValidators=10|nShards=4|committee=5|quorum=4|loadThreshold=75|maxTime=180|crossShardPct=0|requestOfflinePct=0|receiptDropPct=0|ownerCap=3000|mobileThreshold=35,6,62,626,62,COMPLETE,24,24,24,3,24,6,4,1,24,24,24,0,159,2,2,0,495,466,24,808,24,5810,2233,2,3846,300
OFAT,COMMITTEE_QUORUM,HIGH,baseSeed=626|nTx=24|nValidators=10|nShards=4|committee=5|quorum=4|loadThreshold=75|maxTime=180|crossShardPct=0|requestOfflinePct=0|receiptDropPct=0|ownerCap=3000|mobileThreshold=35,6,63,626,49,COMPLETE,24,24,24,2,24,6,4,2,24,24,24,0,159,2,2,0,495,454,24,790,24,5374,1949,3,3487,200
OFAT,COMMITTEE_QUORUM,HIGH,baseSeed=626|nTx=24|nValidators=10|nShards=4|committee=5|quorum=4|loadThreshold=75|maxTime=180|crossShardPct=0|requestOfflinePct=0|receiptDropPct=0|ownerCap=3000|mobileThreshold=35,6,64,626,63,COMPLETE,24,24,24,4,24,6,4,2,24,24,24,0,158,2,2,0,495,481,24,829,24,5829,2199,2,4587,200
OFAT,COMMITTEE_QUORUM,HIGH,baseSeed=626|nTx=24|nValidators=10|nShards=4|committee=5|quorum=4|loadThreshold=75|maxTime=180|crossShardPct=0|requestOfflinePct=0|receiptDropPct=0|ownerCap=3000|mobileThreshold=35,6,65,626,62,COMPLETE,24,24,24,3,24,6,4,2,24,24,24,0,159,2,2,0,495,465,24,807,24,5466,2009,2,3846,200
OFAT,COMMITTEE_QUORUM,HIGH,baseSeed=626|nTx=24|nValidators=10|nShards=4|committee=5|quorum=4|loadThreshold=75|maxTime=180|crossShardPct=0|requestOfflinePct=0|receiptDropPct=0|ownerCap=3000|mobileThreshold=35,6,66,626,63,COMPLETE,24,24,24,7,24,6,4,2,24,24,24,0,158,2,2,0,495,518,24,884,24,5000,1815,3,3015,300
OFAT,COMMITTEE_QUORUM,HIGH,baseSeed=626|nTx=24|nValidators=10|nShards=4|committee=5|quorum=4|loadThreshold=75|maxTime=180|crossShardPct=0|requestOfflinePct=0|receiptDropPct=0|ownerCap=3000|mobileThreshold=35,6,67,626,62,COMPLETE,24,24,24,5,24,6,4,3,24,24,24,0,159,2,2,0,495,492,24,846,24,5476,2049,2,3282,200
OFAT,COMMITTEE_QUORUM,HIGH,baseSeed=626|nTx=24|nValidators=10|nShards=4|committee=5|quorum=4|loadThreshold=75|maxTime=180|crossShardPct=0|requestOfflinePct=0|receiptDropPct=0|ownerCap=3000|mobileThreshold=35,6,68,626,50,COMPLETE,24,24,24,3,24,6,4,2,24,24,24,0,159,2,2,0,495,467,24,809,24,5594,2058,2,3102,300
OFAT,COMMITTEE_QUORUM,HIGH,baseSeed=626|nTx=24|nValidators=10|nShards=4|committee=5|quorum=4|loadThreshold=75|maxTime=180|crossShardPct=0|requestOfflinePct=0|receiptDropPct=0|ownerCap=3000|mobileThreshold=35,6,69,626,50,COMPLETE,24,24,24,4,24,6,4,3,24,24,24,0,159,2,2,0,495,481,24,829,24,5415,1974,3,2923,200
OFAT,COMMITTEE_QUORUM,HIGH,baseSeed=626|nTx=24|nValidators=10|nShards=4|committee=5|quorum=4|loadThreshold=75|maxTime=180|crossShardPct=0|requestOfflinePct=0|receiptDropPct=0|ownerCap=3000|mobileThreshold=35,6,70,626,62,COMPLETE,24,24,24,4,24,6,4,2,24,24,24,0,158,2,2,0,495,480,24,828,24,5912,2237,2,3479,300
OFAT,COMMITTEE_QUORUM,HIGH,baseSeed=626|nTx=24|nValidators=10|nShards=4|committee=5|quorum=4|loadThreshold=75|maxTime=180|crossShardPct=0|requestOfflinePct=0|receiptDropPct=0|ownerCap=3000|mobileThreshold=35,6,71,626,62,COMPLETE,24,24,24,3,24,6,4,2,24,24,24,0,159,2,2,0,495,466,24,808,24,5979,2250,2,3282,200
OFAT,COMMITTEE_QUORUM,HIGH,baseSeed=626|nTx=24|nValidators=10|nShards=4|committee=5|quorum=4|loadThreshold=75|maxTime=180|crossShardPct=0|requestOfflinePct=0|receiptDropPct=0|ownerCap=3000|mobileThreshold=35,6,72,626,50,COMPLETE,24,24,24,3,24,6,4,3,24,24,24,0,159,2,2,1,496,466,24,808,24,6194,2434,2,3820,800
OFAT,COMMITTEE_QUORUM,HIGH,baseSeed=626|nTx=24|nValidators=10|nShards=4|committee=5|quorum=4|loadThreshold=75|maxTime=180|crossShardPct=0|requestOfflinePct=0|receiptDropPct=0|ownerCap=3000|mobileThreshold=35,6,73,626,50,COMPLETE,24,24,24,4,24,6,4,3,24,24,24,0,160,2,2,0,495,479,24,827,24,5683,2084,2,2908,200
OFAT,COMMITTEE_QUORUM,HIGH,baseSeed=626|nTx=24|nValidators=10|nShards=4|committee=5|quorum=4|loadThreshold=75|maxTime=180|crossShardPct=0|requestOfflinePct=0|receiptDropPct=0|ownerCap=3000|mobileThreshold=35,6,74,626,62,COMPLETE,24,24,24,4,24,6,4,2,24,24,24,0,160,2,2,0,495,480,24,828,24,5801,2150,2,3086,200
OFAT,COMMITTEE_QUORUM,HIGH,baseSeed=626|nTx=24|nValidators=10|nShards=4|committee=5|quorum=4|loadThreshold=75|maxTime=180|crossShardPct=0|requestOfflinePct=0|receiptDropPct=0|ownerCap=3000|mobileThreshold=35,6,75,626,62,COMPLETE,24,24,24,3,24,6,4,3,24,24,24,0,157,2,2,0,495,465,24,807,24,5202,1894,3,2409,200
OFAT,COMMITTEE_QUORUM,HIGH,baseSeed=626|nTx=24|nValidators=10|nShards=4|committee=5|quorum=4|loadThreshold=75|maxTime=180|crossShardPct=0|requestOfflinePct=0|receiptDropPct=0|ownerCap=3000|mobileThreshold=35,6,76,626,49,COMPLETE,24,24,24,2,24,6,4,2,24,24,24,0,159,2,2,0,495,453,24,789,24,5820,2161,2,3205,200
OFAT,COMMITTEE_QUORUM,HIGH,baseSeed=626|nTx=24|nValidators=10|nShards=4|committee=5|quorum=4|loadThreshold=75|maxTime=180|crossShardPct=0|requestOfflinePct=0|receiptDropPct=0|ownerCap=3000|mobileThreshold=35,6,77,626,50,COMPLETE,24,24,24,4,24,6,4,3,24,24,24,0,159,2,2,0,495,480,24,828,24,5205,1881,3,2384,200
OFAT,COMMITTEE_QUORUM,HIGH,baseSeed=626|nTx=24|nValidators=10|nShards=4|committee=5|quorum=4|loadThreshold=75|maxTime=180|crossShardPct=0|requestOfflinePct=0|receiptDropPct=0|ownerCap=3000|mobileThreshold=35,6,78,626,62,COMPLETE,24,24,24,4,24,6,4,2,24,24,24,0,158,2,2,0,495,479,24,827,24,6221,2502,2,3479,300
OFAT,COMMITTEE_QUORUM,HIGH,baseSeed=626|nTx=24|nValidators=10|nShards=4|committee=5|quorum=4|loadThreshold=75|maxTime=180|crossShardPct=0|requestOfflinePct=0|receiptDropPct=0|ownerCap=3000|mobileThreshold=35,6,79,626,47,COMPLETE,24,24,24,1,24,6,4,3,24,24,24,0,159,2,2,0,495,439,24,769,24,5066,1859,3,2820,300
OFAT,COMMITTEE_QUORUM,HIGH,baseSeed=626|nTx=24|nValidators=10|nShards=4|committee=5|quorum=4|loadThreshold=75|maxTime=180|crossShardPct=0|requestOfflinePct=0|receiptDropPct=0|ownerCap=3000|mobileThreshold=35,6,80,626,62,COMPLETE,24,24,24,5,24,6,4,2,24,24,24,0,158,2,2,0,495,492,24,846,24,6185,2494,2,3298,200
OFAT,COMMITTEE_QUORUM,HIGH,baseSeed=626|nTx=24|nValidators=10|nShards=4|committee=5|quorum=4|loadThreshold=75|maxTime=180|crossShardPct=0|requestOfflinePct=0|receiptDropPct=0|ownerCap=3000|mobileThreshold=35,6,81,626,48,COMPLETE,24,24,24,2,24,6,4,3,24,24,24,0,159,2,2,0,495,456,24,792,24,5897,2196,2,3256,300
OFAT,COMMITTEE_QUORUM,HIGH,baseSeed=626|nTx=24|nValidators=10|nShards=4|committee=5|quorum=4|loadThreshold=75|maxTime=180|crossShardPct=0|requestOfflinePct=0|receiptDropPct=0|ownerCap=3000|mobileThreshold=35,6,82,626,62,COMPLETE,24,24,24,2,24,6,4,2,24,24,24,0,159,2,2,0,495,453,24,789,24,6015,2288,2,3461,300
OFAT,COMMITTEE_QUORUM,HIGH,baseSeed=626|nTx=24|nValidators=10|nShards=4|committee=5|quorum=4|loadThreshold=75|maxTime=180|crossShardPct=0|requestOfflinePct=0|receiptDropPct=0|ownerCap=3000|mobileThreshold=35,6,83,626,50,COMPLETE,24,24,24,3,24,6,4,3,24,24,24,0,157,2,2,0,495,467,24,809,24,5865,2196,2,3316,100
OFAT,COMMITTEE_QUORUM,HIGH,baseSeed=626|nTx=24|nValidators=10|nShards=4|committee=5|quorum=4|loadThreshold=75|maxTime=180|crossShardPct=0|requestOfflinePct=0|receiptDropPct=0|ownerCap=3000|mobileThreshold=35,6,84,626,49,COMPLETE,24,24,24,2,24,6,4,3,24,24,24,0,159,2,2,0,495,455,24,791,24,6123,2464,2,3461,300
OFAT,COMMITTEE_QUORUM,HIGH,baseSeed=626|nTx=24|nValidators=10|nShards=4|committee=5|quorum=4|loadThreshold=75|maxTime=180|crossShardPct=0|requestOfflinePct=0|receiptDropPct=0|ownerCap=3000|mobileThreshold=35,6,85,626,50,COMPLETE,24,24,24,2,24,6,4,3,24,24,24,0,159,2,2,0,495,455,24,791,24,5317,1960,3,2743,200
OFAT,COMMITTEE_QUORUM,HIGH,baseSeed=626|nTx=24|nValidators=10|nShards=4|committee=5|quorum=4|loadThreshold=75|maxTime=180|crossShardPct=0|requestOfflinePct=0|receiptDropPct=0|ownerCap=3000|mobileThreshold=35,6,86,626,63,COMPLETE,24,24,24,5,24,6,4,3,24,24,24,0,160,2,2,0,495,492,24,846,24,5857,2259,2,3622,200
OFAT,COMMITTEE_QUORUM,HIGH,baseSeed=626|nTx=24|nValidators=10|nShards=4|committee=5|quorum=4|loadThreshold=75|maxTime=180|crossShardPct=0|requestOfflinePct=0|receiptDropPct=0|ownerCap=3000|mobileThreshold=35,6,87,626,49,COMPLETE,24,24,24,3,24,6,4,2,24,24,24,0,159,2,2,0,495,467,24,809,24,5297,1951,3,2384,200
OFAT,COMMITTEE_QUORUM,HIGH,baseSeed=626|nTx=24|nValidators=10|nShards=4|committee=5|quorum=4|loadThreshold=75|maxTime=180|crossShardPct=0|requestOfflinePct=0|receiptDropPct=0|ownerCap=3000|mobileThreshold=35,6,88,626,50,COMPLETE,24,24,24,1,24,6,4,2,24,24,24,0,157,2,2,0,495,440,24,770,24,5388,1971,3,2409,300
OFAT,COMMITTEE_QUORUM,HIGH,baseSeed=626|nTx=24|nValidators=10|nShards=4|committee=5|quorum=4|loadThreshold=75|maxTime=180|crossShardPct=0|requestOfflinePct=0|receiptDropPct=0|ownerCap=3000|mobileThreshold=35,6,89,626,49,COMPLETE,24,24,24,2,24,6,4,3,24,24,24,0,159,2,2,0,495,453,24,789,24,5692,2114,2,3282,200
OFAT,COMMITTEE_QUORUM,HIGH,baseSeed=626|nTx=24|nValidators=10|nShards=4|committee=5|quorum=4|loadThreshold=75|maxTime=180|crossShardPct=0|requestOfflinePct=0|receiptDropPct=0|ownerCap=3000|mobileThreshold=35,6,90,626,48,COMPLETE,24,24,24,2,24,6,4,2,24,24,24,0,159,2,2,0,495,453,24,789,24,5569,2057,3,3282,200
OFAT,COMMITTEE_QUORUM,HIGH,baseSeed=626|nTx=24|nValidators=10|nShards=4|committee=5|quorum=4|loadThreshold=75|maxTime=180|crossShardPct=0|requestOfflinePct=0|receiptDropPct=0|ownerCap=3000|mobileThreshold=35,6,91,626,50,COMPLETE,24,24,24,3,24,6,4,2,24,24,24,0,158,2,2,0,495,466,24,808,24,5762,2178,2,3479,300
OFAT,COMMITTEE_QUORUM,HIGH,baseSeed=626|nTx=24|nValidators=10|nShards=4|committee=5|quorum=4|loadThreshold=75|maxTime=180|crossShardPct=0|requestOfflinePct=0|receiptDropPct=0|ownerCap=3000|mobileThreshold=35,6,92,626,63,COMPLETE,24,24,24,4,24,6,4,2,24,24,24,0,159,2,2,0,495,480,24,828,24,5707,2204,2,3641,200
OFAT,COMMITTEE_QUORUM,HIGH,baseSeed=626|nTx=24|nValidators=10|nShards=4|committee=5|quorum=4|loadThreshold=75|maxTime=180|crossShardPct=0|requestOfflinePct=0|receiptDropPct=0|ownerCap=3000|mobileThreshold=35,6,93,626,49,COMPLETE,24,24,24,2,24,6,4,1,24,24,24,0,158,2,2,0,495,454,24,790,24,5551,2020,2,3427,200
OFAT,COMMITTEE_QUORUM,HIGH,baseSeed=626|nTx=24|nValidators=10|nShards=4|committee=5|quorum=4|loadThreshold=75|maxTime=180|crossShardPct=0|requestOfflinePct=0|receiptDropPct=0|ownerCap=3000|mobileThreshold=35,6,94,626,50,COMPLETE,24,24,24,2,24,6,4,2,24,24,24,0,159,2,2,0,495,454,24,790,24,5615,2067,2,3102,200
OFAT,COMMITTEE_QUORUM,HIGH,baseSeed=626|nTx=24|nValidators=10|nShards=4|committee=5|quorum=4|loadThreshold=75|maxTime=180|crossShardPct=0|requestOfflinePct=0|receiptDropPct=0|ownerCap=3000|mobileThreshold=35,6,95,626,49,COMPLETE,24,24,24,2,24,6,4,2,24,24,24,0,159,2,2,0,495,454,24,790,24,5569,2057,3,3282,200
OFAT,COMMITTEE_QUORUM,HIGH,baseSeed=626|nTx=24|nValidators=10|nShards=4|committee=5|quorum=4|loadThreshold=75|maxTime=180|crossShardPct=0|requestOfflinePct=0|receiptDropPct=0|ownerCap=3000|mobileThreshold=35,6,96,626,62,COMPLETE,24,24,24,4,24,6,4,1,24,24,24,0,157,2,2,0,495,480,24,828,24,5601,2053,2,2953,200
OFAT,COMMITTEE_QUORUM,HIGH,baseSeed=626|nTx=24|nValidators=10|nShards=4|committee=5|quorum=4|loadThreshold=75|maxTime=180|crossShardPct=0|requestOfflinePct=0|receiptDropPct=0|ownerCap=3000|mobileThreshold=35,6,97,626,48,COMPLETE,24,24,24,2,24,6,4,2,24,24,24,0,160,2,2,0,495,452,24,788,24,5617,2057,2,3443,300
OFAT,COMMITTEE_QUORUM,HIGH,baseSeed=626|nTx=24|nValidators=10|nShards=4|committee=5|quorum=4|loadThreshold=75|maxTime=180|crossShardPct=0|requestOfflinePct=0|receiptDropPct=0|ownerCap=3000|mobileThreshold=35,6,98,626,63,COMPLETE,24,24,24,5,24,6,4,2,24,24,24,0,158,2,2,0,495,492,24,846,24,5510,2006,2,3634,200
OFAT,COMMITTEE_QUORUM,HIGH,baseSeed=626|nTx=24|nValidators=10|nShards=4|committee=5|quorum=4|loadThreshold=75|maxTime=180|crossShardPct=0|requestOfflinePct=0|receiptDropPct=0|ownerCap=3000|mobileThreshold=35,6,99,626,49,COMPLETE,24,24,24,3,24,6,4,3,24,24,24,0,158,2,2,0,495,467,24,809,24,6185,2390,2,3865,300
OFAT,COMMITTEE_QUORUM,HIGH,baseSeed=626|nTx=24|nValidators=10|nShards=4|committee=5|quorum=4|loadThreshold=75|maxTime=180|crossShardPct=0|requestOfflinePct=0|receiptDropPct=0|ownerCap=3000|mobileThreshold=35,6,100,626,50,COMPLETE,24,24,24,1,24,6,4,2,24,24,24,0,159,2,2,0,495,441,24,771,24,5533,2015,3,3974,300
OFAT,LOAD_THRESHOLD,LOW,baseSeed=626|nTx=32|nValidators=10|nShards=4|committee=3|quorum=2|loadThreshold=45|maxTime=180|crossShardPct=0|requestOfflinePct=0|receiptDropPct=0|ownerCap=3000|mobileThreshold=35,7,1,626,50,COMPLETE,32,32,32,15,32,10,4,0,32,32,32,0,160,0,0,13,538,763,32,1287,32,6437,2921,2,4759,500
OFAT,LOAD_THRESHOLD,LOW,baseSeed=626|nTx=32|nValidators=10|nShards=4|committee=3|quorum=2|loadThreshold=45|maxTime=180|crossShardPct=0|requestOfflinePct=0|receiptDropPct=0|ownerCap=3000|mobileThreshold=35,7,2,626,49,COMPLETE,32,32,32,17,32,10,4,0,32,32,32,0,160,0,0,9,534,781,32,1317,32,5500,2131,2,3629,600
OFAT,LOAD_THRESHOLD,LOW,baseSeed=626|nTx=32|nValidators=10|nShards=4|committee=3|quorum=2|loadThreshold=45|maxTime=180|crossShardPct=0|requestOfflinePct=0|receiptDropPct=0|ownerCap=3000|mobileThreshold=35,7,3,626,49,COMPLETE,32,32,32,16,32,10,4,0,32,32,32,0,160,0,0,10,535,771,32,1301,32,6495,2874,2,4663,600
OFAT,LOAD_THRESHOLD,LOW,baseSeed=626|nTx=32|nValidators=10|nShards=4|committee=3|quorum=2|loadThreshold=45|maxTime=180|crossShardPct=0|requestOfflinePct=0|receiptDropPct=0|ownerCap=3000|mobileThreshold=35,7,4,626,49,COMPLETE,32,32,32,17,32,10,4,0,32,32,32,0,160,0,0,9,534,783,32,1319,32,5735,2196,2,3629,600
OFAT,LOAD_THRESHOLD,LOW,baseSeed=626|nTx=32|nValidators=10|nShards=4|committee=3|quorum=2|loadThreshold=45|maxTime=180|crossShardPct=0|requestOfflinePct=0|receiptDropPct=0|ownerCap=3000|mobileThreshold=35,7,5,626,49,COMPLETE,32,32,32,16,32,10,4,0,32,32,32,0,160,0,0,11,536,771,32,1301,32,5706,2188,2,3461,500
OFAT,LOAD_THRESHOLD,LOW,baseSeed=626|nTx=32|nValidators=10|nShards=4|committee=3|quorum=2|loadThreshold=45|maxTime=180|crossShardPct=0|requestOfflinePct=0|receiptDropPct=0|ownerCap=3000|mobileThreshold=35,7,6,626,49,COMPLETE,32,32,32,15,32,10,4,0,32,32,32,0,160,0,0,10,535,759,32,1283,32,6846,3170,2,4975,600
OFAT,LOAD_THRESHOLD,LOW,baseSeed=626|nTx=32|nValidators=10|nShards=4|committee=3|quorum=2|loadThreshold=45|maxTime=180|crossShardPct=0|requestOfflinePct=0|receiptDropPct=0|ownerCap=3000|mobileThreshold=35,7,7,626,49,COMPLETE,32,32,32,17,32,10,4,0,32,32,32,0,160,0,0,10,535,781,32,1317,32,4625,1801,3,3245,500
OFAT,LOAD_THRESHOLD,LOW,baseSeed=626|nTx=32|nValidators=10|nShards=4|committee=3|quorum=2|loadThreshold=45|maxTime=180|crossShardPct=0|requestOfflinePct=0|receiptDropPct=0|ownerCap=3000|mobileThreshold=35,7,8,626,49,COMPLETE,32,32,32,16,32,10,4,0,32,32,32,0,160,0,0,10,535,770,32,1300,32,5418,2132,2,3653,600
OFAT,LOAD_THRESHOLD,LOW,baseSeed=626|nTx=32|nValidators=10|nShards=4|committee=3|quorum=2|loadThreshold=45|maxTime=180|crossShardPct=0|requestOfflinePct=0|receiptDropPct=0|ownerCap=3000|mobileThreshold=35,7,9,626,49,COMPLETE,32,32,32,16,32,10,4,0,32,32,32,0,160,0,0,10,535,772,32,1302,32,5668,2266,2,3846,600
OFAT,LOAD_THRESHOLD,LOW,baseSeed=626|nTx=32|nValidators=10|nShards=4|committee=3|quorum=2|loadThreshold=45|maxTime=180|crossShardPct=0|requestOfflinePct=0|receiptDropPct=0|ownerCap=3000|mobileThreshold=35,7,10,626,49,COMPLETE,32,32,32,16,32,10,4,0,32,32,32,0,160,0,0,11,536,773,32,1303,32,5091,1984,2,3461,500
OFAT,LOAD_THRESHOLD,LOW,baseSeed=626|nTx=32|nValidators=10|nShards=4|committee=3|quorum=2|loadThreshold=45|maxTime=180|crossShardPct=0|requestOfflinePct=0|receiptDropPct=0|ownerCap=3000|mobileThreshold=35,7,11,626,49,COMPLETE,32,32,32,17,32,10,4,0,32,32,32,0,160,0,0,10,535,781,32,1317,32,5682,2191,2,3581,500
OFAT,LOAD_THRESHOLD,LOW,baseSeed=626|nTx=32|nValidators=10|nShards=4|committee=3|quorum=2|loadThreshold=45|maxTime=180|crossShardPct=0|requestOfflinePct=0|receiptDropPct=0|ownerCap=3000|mobileThreshold=35,7,12,626,50,COMPLETE,32,32,32,16,32,10,4,0,32,32,32,0,160,0,0,12,537,772,32,1302,32,4384,1828,3,3461,0
OFAT,LOAD_THRESHOLD,LOW,baseSeed=626|nTx=32|nValidators=10|nShards=4|committee=3|quorum=2|loadThreshold=45|maxTime=180|crossShardPct=0|requestOfflinePct=0|receiptDropPct=0|ownerCap=3000|mobileThreshold=35,7,13,626,49,COMPLETE,32,32,32,16,32,10,4,0,32,32,32,0,160,0,0,10,535,771,32,1301,32,5721,2390,2,4110,600
OFAT,LOAD_THRESHOLD,LOW,baseSeed=626|nTx=32|nValidators=10|nShards=4|committee=3|quorum=2|loadThreshold=45|maxTime=180|crossShardPct=0|requestOfflinePct=0|receiptDropPct=0|ownerCap=3000|mobileThreshold=35,7,14,626,49,COMPLETE,32,32,32,17,32,10,4,0,32,32,32,0,160,0,0,9,534,782,32,1318,32,5495,2147,2,3629,600
OFAT,LOAD_THRESHOLD,LOW,baseSeed=626|nTx=32|nValidators=10|nShards=4|committee=3|quorum=2|loadThreshold=45|maxTime=180|crossShardPct=0|requestOfflinePct=0|receiptDropPct=0|ownerCap=3000|mobileThreshold=35,7,15,626,49,COMPLETE,32,32,32,16,32,10,4,0,32,32,32,0,160,0,0,11,536,773,32,1303,32,5211,2036,2,3461,500
OFAT,LOAD_THRESHOLD,LOW,baseSeed=626|nTx=32|nValidators=10|nShards=4|committee=3|quorum=2|loadThreshold=45|maxTime=180|crossShardPct=0|requestOfflinePct=0|receiptDropPct=0|ownerCap=3000|mobileThreshold=35,7,16,626,49,COMPLETE,32,32,32,17,32,10,4,0,32,32,32,0,160,0,0,9,534,783,32,1319,32,5754,2222,2,3629,600
OFAT,LOAD_THRESHOLD,LOW,baseSeed=626|nTx=32|nValidators=10|nShards=4|committee=3|quorum=2|loadThreshold=45|maxTime=180|crossShardPct=0|requestOfflinePct=0|receiptDropPct=0|ownerCap=3000|mobileThreshold=35,7,17,626,49,COMPLETE,32,32,32,16,32,10,4,0,32,32,32,0,160,0,0,10,535,772,32,1302,32,5783,2288,2,3846,600
OFAT,LOAD_THRESHOLD,LOW,baseSeed=626|nTx=32|nValidators=10|nShards=4|committee=3|quorum=2|loadThreshold=45|maxTime=180|crossShardPct=0|requestOfflinePct=0|receiptDropPct=0|ownerCap=3000|mobileThreshold=35,7,18,626,50,COMPLETE,32,32,32,15,32,10,4,0,32,32,32,0,160,0,0,11,536,759,32,1283,32,6298,2697,2,4326,500
OFAT,LOAD_THRESHOLD,LOW,baseSeed=626|nTx=32|nValidators=10|nShards=4|committee=3|quorum=2|loadThreshold=45|maxTime=180|crossShardPct=0|requestOfflinePct=0|receiptDropPct=0|ownerCap=3000|mobileThreshold=35,7,19,626,49,COMPLETE,32,32,32,17,32,10,4,0,32,32,32,0,160,0,0,9,534,782,32,1318,32,5495,2147,2,3629,600
OFAT,LOAD_THRESHOLD,LOW,baseSeed=626|nTx=32|nValidators=10|nShards=4|committee=3|quorum=2|loadThreshold=45|maxTime=180|crossShardPct=0|requestOfflinePct=0|receiptDropPct=0|ownerCap=3000|mobileThreshold=35,7,20,626,50,COMPLETE,32,32,32,16,32,10,4,0,32,32,32,0,160,0,0,11,536,772,32,1302,32,5875,2676,2,4615,600
OFAT,LOAD_THRESHOLD,LOW,baseSeed=626|nTx=32|nValidators=10|nShards=4|committee=3|quorum=2|loadThreshold=45|maxTime=180|crossShardPct=0|requestOfflinePct=0|receiptDropPct=0|ownerCap=3000|mobileThreshold=35,7,21,626,49,COMPLETE,32,32,32,16,32,10,4,0,32,32,32,0,160,0,0,10,535,770,32,1300,32,5466,2204,2,3846,600
OFAT,LOAD_THRESHOLD,LOW,baseSeed=626|nTx=32|nValidators=10|nShards=4|committee=3|quorum=2|loadThreshold=45|maxTime=180|crossShardPct=0|requestOfflinePct=0|receiptDropPct=0|ownerCap=3000|mobileThreshold=35,7,22,626,49,COMPLETE,32,32,32,15,32,10,4,0,32,32,32,0,160,0,0,10,535,760,32,1284,32,5812,2271,2,3677,600
OFAT,LOAD_THRESHOLD,LOW,baseSeed=626|nTx=32|nValidators=10|nShards=4|committee=3|quorum=2|loadThreshold=45|maxTime=180|crossShardPct=0|requestOfflinePct=0|receiptDropPct=0|ownerCap=3000|mobileThreshold=35,7,23,626,49,COMPLETE,32,32,32,17,32,10,4,0,32,32,32,0,160,0,0,9,534,783,32,1319,32,5456,2077,2,3437,600
OFAT,LOAD_THRESHOLD,LOW,baseSeed=626|nTx=32|nValidators=10|nShards=4|committee=3|quorum=2|loadThreshold=45|maxTime=180|crossShardPct=0|requestOfflinePct=0|receiptDropPct=0|ownerCap=3000|mobileThreshold=35,7,24,626,49,COMPLETE,32,32,32,15,32,10,4,0,32,32,32,0,160,0,0,9,534,760,32,1284,32,5639,2330,2,4062,1200
OFAT,LOAD_THRESHOLD,LOW,baseSeed=626|nTx=32|nValidators=10|nShards=4|committee=3|quorum=2|loadThreshold=45|maxTime=180|crossShardPct=0|requestOfflinePct=0|receiptDropPct=0|ownerCap=3000|mobileThreshold=35,7,25,626,49,COMPLETE,32,32,32,17,32,10,4,0,32,32,32,0,160,0,0,10,535,782,32,1318,32,4336,1747,3,3245,500
OFAT,LOAD_THRESHOLD,LOW,baseSeed=626|nTx=32|nValidators=10|nShards=4|committee=3|quorum=2|loadThreshold=45|maxTime=180|crossShardPct=0|requestOfflinePct=0|receiptDropPct=0|ownerCap=3000|mobileThreshold=35,7,26,626,49,COMPLETE,32,32,32,17,32,10,4,0,32,32,32,0,160,0,0,9,534,782,32,1318,32,5062,1918,2,3245,500
OFAT,LOAD_THRESHOLD,LOW,baseSeed=626|nTx=32|nValidators=10|nShards=4|committee=3|quorum=2|loadThreshold=45|maxTime=180|crossShardPct=0|requestOfflinePct=0|receiptDropPct=0|ownerCap=3000|mobileThreshold=35,7,27,626,50,COMPLETE,32,32,32,16,32,10,4,0,32,32,32,0,160,0,0,12,537,774,32,1304,32,5014,2047,2,3461,0
OFAT,LOAD_THRESHOLD,LOW,baseSeed=626|nTx=32|nValidators=10|nShards=4|committee=3|quorum=2|loadThreshold=45|maxTime=180|crossShardPct=0|requestOfflinePct=0|receiptDropPct=0|ownerCap=3000|mobileThreshold=35,7,28,626,50,COMPLETE,32,32,32,16,32,10,4,0,32,32,32,0,160,0,0,11,536,772,32,1302,32,6197,2942,2,4903,500
OFAT,LOAD_THRESHOLD,LOW,baseSeed=626|nTx=32|nValidators=10|nShards=4|committee=3|quorum=2|loadThreshold=45|maxTime=180|crossShardPct=0|requestOfflinePct=0|receiptDropPct=0|ownerCap=3000|mobileThreshold=35,7,29,626,49,COMPLETE,32,32,32,14,32,10,4,0,32,32,32,0,160,0,0,10,535,746,32,1264,32,6173,3297,1,5408,1200
OFAT,LOAD_THRESHOLD,LOW,baseSeed=626|nTx=32|nValidators=10|nShards=4|committee=3|quorum=2|loadThreshold=45|maxTime=180|crossShardPct=0|requestOfflinePct=0|receiptDropPct=0|ownerCap=3000|mobileThreshold=35,7,30,626,49,COMPLETE,32,32,32,17,32,10,4,0,32,32,32,0,160,0,0,9,534,783,32,1319,32,4995,1893,3,3245,600
OFAT,LOAD_THRESHOLD,LOW,baseSeed=626|nTx=32|nValidators=10|nShards=4|committee=3|quorum=2|loadThreshold=45|maxTime=180|crossShardPct=0|requestOfflinePct=0|receiptDropPct=0|ownerCap=3000|mobileThreshold=35,7,31,626,49,COMPLETE,32,32,32,16,32,10,4,0,32,32,32,0,160,0,0,10,535,772,32,1302,32,5605,2356,2,4110,600
OFAT,LOAD_THRESHOLD,LOW,baseSeed=626|nTx=32|nValidators=10|nShards=4|committee=3|quorum=2|loadThreshold=45|maxTime=180|crossShardPct=0|requestOfflinePct=0|receiptDropPct=0|ownerCap=3000|mobileThreshold=35,7,32,626,50,COMPLETE,32,32,32,18,32,10,4,0,32,32,32,0,160,0,0,16,541,800,32,1342,32,4750,1770,3,3028,0
OFAT,LOAD_THRESHOLD,LOW,baseSeed=626|nTx=32|nValidators=10|nShards=4|committee=3|quorum=2|loadThreshold=45|maxTime=180|crossShardPct=0|requestOfflinePct=0|receiptDropPct=0|ownerCap=3000|mobileThreshold=35,7,33,626,49,COMPLETE,32,32,32,14,32,10,4,0,32,32,32,0,160,0,0,11,536,746,32,1264,32,6048,2467,2,4038,500
OFAT,LOAD_THRESHOLD,LOW,baseSeed=626|nTx=32|nValidators=10|nShards=4|committee=3|quorum=2|loadThreshold=45|maxTime=180|crossShardPct=0|requestOfflinePct=0|receiptDropPct=0|ownerCap=3000|mobileThreshold=35,7,34,626,49,COMPLETE,32,32,32,16,32,10,4,0,32,32,32,0,160,0,0,11,536,773,32,1303,32,5620,2738,2,4759,500
OFAT,LOAD_THRESHOLD,LOW,baseSeed=626|nTx=32|nValidators=10|nShards=4|committee=3|quorum=2|loadThreshold=45|maxTime=180|crossShardPct=0|requestOfflinePct=0|receiptDropPct=0|ownerCap=3000|mobileThreshold=35,7,35,626,49,COMPLETE,32,32,32,17,32,10,4,0,32,32,32,0,160,0,0,9,534,783,32,1319,32,6153,2713,2,4519,600
OFAT,LOAD_THRESHOLD,LOW,baseSeed=626|nTx=32|nValidators=10|nShards=4|committee=3|quorum=2|loadThreshold=45|maxTime=180|crossShardPct=0|requestOfflinePct=0|receiptDropPct=0|ownerCap=3000|mobileThreshold=35,7,36,626,50,COMPLETE,32,32,32,15,32,10,4,0,32,32,32,0,160,0,0,11,536,760,32,1284,32,5778,2498,2,4326,500
OFAT,LOAD_THRESHOLD,LOW,baseSeed=626|nTx=32|nValidators=10|nShards=4|committee=3|quorum=2|loadThreshold=45|maxTime=180|crossShardPct=0|requestOfflinePct=0|receiptDropPct=0|ownerCap=3000|mobileThreshold=35,7,37,626,49,COMPLETE,32,32,32,16,32,10,4,0,32,32,32,0,160,0,0,10,535,772,32,1302,32,5365,2068,2,3461,600
OFAT,LOAD_THRESHOLD,LOW,baseSeed=626|nTx=32|nValidators=10|nShards=4|committee=3|quorum=2|loadThreshold=45|maxTime=180|crossShardPct=0|requestOfflinePct=0|receiptDropPct=0|ownerCap=3000|mobileThreshold=35,7,38,626,49,COMPLETE,32,32,32,15,32,10,4,0,32,32,32,0,160,0,0,9,534,759,32,1283,32,5668,2338,2,4062,1200
OFAT,LOAD_THRESHOLD,LOW,baseSeed=626|nTx=32|nValidators=10|nShards=4|committee=3|quorum=2|loadThreshold=45|maxTime=180|crossShardPct=0|requestOfflinePct=0|receiptDropPct=0|ownerCap=3000|mobileThreshold=35,7,39,626,49,COMPLETE,32,32,32,17,32,10,4,0,32,32,32,0,160,0,0,9,534,782,32,1318,32,5495,2147,2,3629,500
OFAT,LOAD_THRESHOLD,LOW,baseSeed=626|nTx=32|nValidators=10|nShards=4|committee=3|quorum=2|loadThreshold=45|maxTime=180|crossShardPct=0|requestOfflinePct=0|receiptDropPct=0|ownerCap=3000|mobileThreshold=35,7,40,626,49,COMPLETE,32,32,32,15,32,10,4,0,32,32,32,0,160,0,0,10,535,759,32,1283,32,5754,2278,2,4687,600
OFAT,LOAD_THRESHOLD,LOW,baseSeed=626|nTx=32|nValidators=10|nShards=4|committee=3|quorum=2|loadThreshold=45|maxTime=180|crossShardPct=0|requestOfflinePct=0|receiptDropPct=0|ownerCap=3000|mobileThreshold=35,7,41,626,49,COMPLETE,32,32,32,17,32,10,4,0,32,32,32,0,160,0,0,9,534,782,32,1318,32,5649,2176,2,4014,600
OFAT,LOAD_THRESHOLD,LOW,baseSeed=626|nTx=32|nValidators=10|nShards=4|committee=3|quorum=2|loadThreshold=45|maxTime=180|crossShardPct=0|requestOfflinePct=0|receiptDropPct=0|ownerCap=3000|mobileThreshold=35,7,42,626,50,COMPLETE,32,32,32,16,32,10,4,0,32,32,32,0,160,0,0,11,536,772,32,1302,32,4807,1928,2,3461,500
OFAT,LOAD_THRESHOLD,LOW,baseSeed=626|nTx=32|nValidators=10|nShards=4|committee=3|quorum=2|loadThreshold=45|maxTime=180|crossShardPct=0|requestOfflinePct=0|receiptDropPct=0|ownerCap=3000|mobileThreshold=35,7,43,626,50,COMPLETE,32,32,32,15,32,10,4,0,32,32,32,0,160,0,0,11,536,760,32,1284,32,5427,2253,2,3966,500
OFAT,LOAD_THRESHOLD,LOW,baseSeed=626|nTx=32|nValidators=10|nShards=4|committee=3|quorum=2|loadThreshold=45|maxTime=180|crossShardPct=0|requestOfflinePct=0|receiptDropPct=0|ownerCap=3000|mobileThreshold=35,7,44,626,49,COMPLETE,32,32,32,16,32,10,4,0,32,32,32,0,160,0,0,10,535,772,32,1302,32,6149,2662,2,4086,600
OFAT,LOAD_THRESHOLD,LOW,baseSeed=626|nTx=32|nValidators=10|nShards=4|committee=3|quorum=2|loadThreshold=45|maxTime=180|crossShardPct=0|requestOfflinePct=0|receiptDropPct=0|ownerCap=3000|mobileThreshold=35,7,45,626,49,COMPLETE,32,32,32,17,32,10,4,0,32,32,32,0,160,0,0,9,534,783,32,1319,32,5197,1951,2,3245,600
OFAT,LOAD_THRESHOLD,LOW,baseSeed=626|nTx=32|nValidators=10|nShards=4|committee=3|quorum=2|loadThreshold=45|maxTime=180|crossShardPct=0|requestOfflinePct=0|receiptDropPct=0|ownerCap=3000|mobileThreshold=35,7,46,626,49,COMPLETE,32,32,32,16,32,10,4,0,32,32,32,0,160,0,0,10,535,771,32,1301,32,6721,3281,1,5192,600
OFAT,LOAD_THRESHOLD,LOW,baseSeed=626|nTx=32|nValidators=10|nShards=4|committee=3|quorum=2|loadThreshold=45|maxTime=180|crossShardPct=0|requestOfflinePct=0|receiptDropPct=0|ownerCap=3000|mobileThreshold=35,7,47,626,49,COMPLETE,32,32,32,17,32,10,4,0,32,32,32,0,160,0,0,9,534,782,32,1318,32,5500,2131,2,3629,600
OFAT,LOAD_THRESHOLD,LOW,baseSeed=626|nTx=32|nValidators=10|nShards=4|committee=3|quorum=2|loadThreshold=45|maxTime=180|crossShardPct=0|requestOfflinePct=0|receiptDropPct=0|ownerCap=3000|mobileThreshold=35,7,48,626,49,COMPLETE,32,32,32,17,32,10,4,0,32,32,32,0,160,0,0,9,534,782,32,1318,32,6043,2507,2,4110,600
OFAT,LOAD_THRESHOLD,LOW,baseSeed=626|nTx=32|nValidators=10|nShards=4|committee=3|quorum=2|loadThreshold=45|maxTime=180|crossShardPct=0|requestOfflinePct=0|receiptDropPct=0|ownerCap=3000|mobileThreshold=35,7,49,626,50,COMPLETE,32,32,32,16,32,10,4,0,32,32,32,0,160,0,0,12,537,773,32,1303,32,5682,2219,2,3750,600
OFAT,LOAD_THRESHOLD,LOW,baseSeed=626|nTx=32|nValidators=10|nShards=4|committee=3|quorum=2|loadThreshold=45|maxTime=180|crossShardPct=0|requestOfflinePct=0|receiptDropPct=0|ownerCap=3000|mobileThreshold=35,7,50,626,49,COMPLETE,32,32,32,17,32,10,4,0,32,32,32,0,160,0,0,9,534,780,32,1316,32,5197,1951,2,3245,600
OFAT,LOAD_THRESHOLD,LOW,baseSeed=626|nTx=32|nValidators=10|nShards=4|committee=3|quorum=2|loadThreshold=45|maxTime=180|crossShardPct=0|requestOfflinePct=0|receiptDropPct=0|ownerCap=3000|mobileThreshold=35,7,51,626,49,COMPLETE,32,32,32,15,32,10,4,0,32,32,32,0,160,0,0,9,534,754,32,1278,32,6975,3488,1,5408,1200
OFAT,LOAD_THRESHOLD,LOW,baseSeed=626|nTx=32|nValidators=10|nShards=4|committee=3|quorum=2|loadThreshold=45|maxTime=180|crossShardPct=0|requestOfflinePct=0|receiptDropPct=0|ownerCap=3000|mobileThreshold=35,7,52,626,49,COMPLETE,32,32,32,16,32,10,4,0,32,32,32,0,160,0,0,11,536,772,32,1302,32,5158,2082,2,3750,500
OFAT,LOAD_THRESHOLD,LOW,baseSeed=626|nTx=32|nValidators=10|nShards=4|committee=3|quorum=2|loadThreshold=45|maxTime=180|crossShardPct=0|requestOfflinePct=0|receiptDropPct=0|ownerCap=3000|mobileThreshold=35,7,53,626,49,COMPLETE,32,32,32,16,32,10,4,0,32,32,32,0,160,0,0,10,535,772,32,1302,32,6043,2507,2,4110,600
OFAT,LOAD_THRESHOLD,LOW,baseSeed=626|nTx=32|nValidators=10|nShards=4|committee=3|quorum=2|loadThreshold=45|maxTime=180|crossShardPct=0|requestOfflinePct=0|receiptDropPct=0|ownerCap=3000|mobileThreshold=35,7,54,626,49,COMPLETE,32,32,32,17,32,10,4,0,32,32,32,0,160,0,0,9,534,782,32,1318,32,5701,2204,2,3629,600
OFAT,LOAD_THRESHOLD,LOW,baseSeed=626|nTx=32|nValidators=10|nShards=4|committee=3|quorum=2|loadThreshold=45|maxTime=180|crossShardPct=0|requestOfflinePct=0|receiptDropPct=0|ownerCap=3000|mobileThreshold=35,7,55,626,49,COMPLETE,32,32,32,16,32,10,4,0,32,32,32,0,160,0,0,11,536,773,32,1303,32,5548,2137,2,3461,500
OFAT,LOAD_THRESHOLD,LOW,baseSeed=626|nTx=32|nValidators=10|nShards=4|committee=3|quorum=2|loadThreshold=45|maxTime=180|crossShardPct=0|requestOfflinePct=0|receiptDropPct=0|ownerCap=3000|mobileThreshold=35,7,56,626,49,COMPLETE,32,32,32,15,32,10,4,0,32,32,32,0,160,0,0,10,535,760,32,1284,32,6125,2465,2,4014,600
OFAT,LOAD_THRESHOLD,LOW,baseSeed=626|nTx=32|nValidators=10|nShards=4|committee=3|quorum=2|loadThreshold=45|maxTime=180|crossShardPct=0|requestOfflinePct=0|receiptDropPct=0|ownerCap=3000|mobileThreshold=35,7,57,626,49,COMPLETE,32,32,32,16,32,10,4,0,32,32,32,0,160,0,0,10,535,772,32,1302,32,5740,2345,2,3942,500
OFAT,LOAD_THRESHOLD,LOW,baseSeed=626|nTx=32|nValidators=10|nShards=4|committee=3|quorum=2|loadThreshold=45|maxTime=180|crossShardPct=0|requestOfflinePct=0|receiptDropPct=0|ownerCap=3000|mobileThreshold=35,7,58,626,49,COMPLETE,32,32,32,17,32,10,4,0,32,32,32,0,160,0,0,9,534,781,32,1317,32,5389,1990,2,3245,600
OFAT,LOAD_THRESHOLD,LOW,baseSeed=626|nTx=32|nValidators=10|nShards=4|committee=3|quorum=2|loadThreshold=45|maxTime=180|crossShardPct=0|requestOfflinePct=0|receiptDropPct=0|ownerCap=3000|mobileThreshold=35,7,59,626,50,COMPLETE,32,32,32,16,32,10,4,0,32,32,32,0,160,0,0,12,537,776,32,1306,32,5562,2171,2,4086,500
OFAT,LOAD_THRESHOLD,LOW,baseSeed=626|nTx=32|nValidators=10|nShards=4|committee=3|quorum=2|loadThreshold=45|maxTime=180|crossShardPct=0|requestOfflinePct=0|receiptDropPct=0|ownerCap=3000|mobileThreshold=35,7,60,626,49,COMPLETE,32,32,32,15,32,10,4,0,32,32,32,0,160,0,0,10,535,756,32,1280,32,5490,2250,2,3966,600
OFAT,LOAD_THRESHOLD,LOW,baseSeed=626|nTx=32|nValidators=10|nShards=4|committee=3|quorum=2|loadThreshold=45|maxTime=180|crossShardPct=0|requestOfflinePct=0|receiptDropPct=0|ownerCap=3000|mobileThreshold=35,7,61,626,49,COMPLETE,32,32,32,17,32,10,4,0,32,32,32,0,160,0,0,9,534,780,32,1316,32,5932,2625,2,4495,600
OFAT,LOAD_THRESHOLD,LOW,baseSeed=626|nTx=32|nValidators=10|nShards=4|committee=3|quorum=2|loadThreshold=45|maxTime=180|crossShardPct=0|requestOfflinePct=0|receiptDropPct=0|ownerCap=3000|mobileThreshold=35,7,62,626,49,COMPLETE,32,32,32,15,32,10,4,0,32,32,32,0,160,0,0,10,535,759,32,1283,32,6629,2747,2,4206,600
OFAT,LOAD_THRESHOLD,LOW,baseSeed=626|nTx=32|nValidators=10|nShards=4|committee=3|quorum=2|loadThreshold=45|maxTime=180|crossShardPct=0|requestOfflinePct=0|receiptDropPct=0|ownerCap=3000|mobileThreshold=35,7,63,626,50,COMPLETE,32,32,32,16,32,10,4,0,32,32,32,0,160,0,0,11,536,774,32,1304,32,6125,2349,2,3461,200
OFAT,LOAD_THRESHOLD,LOW,baseSeed=626|nTx=32|nValidators=10|nShards=4|committee=3|quorum=2|loadThreshold=45|maxTime=180|crossShardPct=0|requestOfflinePct=0|receiptDropPct=0|ownerCap=3000|mobileThreshold=35,7,64,626,49,COMPLETE,32,32,32,17,32,10,4,0,32,32,32,0,160,0,0,9,534,782,32,1318,32,6581,3117,2,4975,600
OFAT,LOAD_THRESHOLD,LOW,baseSeed=626|nTx=32|nValidators=10|nShards=4|committee=3|quorum=2|loadThreshold=45|maxTime=180|crossShardPct=0|requestOfflinePct=0|receiptDropPct=0|ownerCap=3000|mobileThreshold=35,7,65,626,50,COMPLETE,32,32,32,16,32,10,4,0,32,32,32,0,160,0,0,12,537,775,32,1305,32,5225,2089,2,3701,0
OFAT,LOAD_THRESHOLD,LOW,baseSeed=626|nTx=32|nValidators=10|nShards=4|committee=3|quorum=2|loadThreshold=45|maxTime=180|crossShardPct=0|requestOfflinePct=0|receiptDropPct=0|ownerCap=3000|mobileThreshold=35,7,66,626,50,COMPLETE,32,32,32,16,32,10,4,0,32,32,32,0,160,0,0,10,535,773,32,1303,32,5995,2635,2,4326,500
OFAT,LOAD_THRESHOLD,LOW,baseSeed=626|nTx=32|nValidators=10|nShards=4|committee=3|quorum=2|loadThreshold=45|maxTime=180|crossShardPct=0|requestOfflinePct=0|receiptDropPct=0|ownerCap=3000|mobileThreshold=35,7,67,626,49,COMPLETE,32,32,32,16,32,10,4,0,32,32,32,0,160,0,0,10,535,771,32,1301,32,6408,2599,2,3846,600
OFAT,LOAD_THRESHOLD,LOW,baseSeed=626|nTx=32|nValidators=10|nShards=4|committee=3|quorum=2|loadThreshold=45|maxTime=180|crossShardPct=0|requestOfflinePct=0|receiptDropPct=0|ownerCap=3000|mobileThreshold=35,7,68,626,49,COMPLETE,32,32,32,17,32,10,4,0,32,32,32,0,160,0,0,9,534,784,32,1320,32,5216,1960,2,3677,600
OFAT,LOAD_THRESHOLD,LOW,baseSeed=626|nTx=32|nValidators=10|nShards=4|committee=3|quorum=2|loadThreshold=45|maxTime=180|crossShardPct=0|requestOfflinePct=0|receiptDropPct=0|ownerCap=3000|mobileThreshold=35,7,69,626,49,COMPLETE,32,32,32,17,32,10,4,0,32,32,32,0,160,0,0,10,535,782,32,1318,32,6466,2912,2,4759,500
OFAT,LOAD_THRESHOLD,LOW,baseSeed=626|nTx=32|nValidators=10|nShards=4|committee=3|quorum=2|loadThreshold=45|maxTime=180|crossShardPct=0|requestOfflinePct=0|receiptDropPct=0|ownerCap=3000|mobileThreshold=35,7,70,626,49,COMPLETE,32,32,32,17,32,10,4,0,32,32,32,0,160,0,0,9,534,782,32,1318,32,5081,1918,2,3245,600
OFAT,LOAD_THRESHOLD,LOW,baseSeed=626|nTx=32|nValidators=10|nShards=4|committee=3|quorum=2|loadThreshold=45|maxTime=180|crossShardPct=0|requestOfflinePct=0|receiptDropPct=0|ownerCap=3000|mobileThreshold=35,7,71,626,49,COMPLETE,32,32,32,17,32,10,4,0,32,32,32,0,160,0,0,9,534,780,32,1316,32,4923,1946,2,3437,600
OFAT,LOAD_THRESHOLD,LOW,baseSeed=626|nTx=32|nValidators=10|nShards=4|committee=3|quorum=2|loadThreshold=45|maxTime=180|crossShardPct=0|requestOfflinePct=0|receiptDropPct=0|ownerCap=3000|mobileThreshold=35,7,72,626,49,COMPLETE,32,32,32,17,32,10,4,0,32,32,32,0,160,0,0,9,534,782,32,1318,32,5701,2204,2,3629,600
OFAT,LOAD_THRESHOLD,LOW,baseSeed=626|nTx=32|nValidators=10|nShards=4|committee=3|quorum=2|loadThreshold=45|maxTime=180|crossShardPct=0|requestOfflinePct=0|receiptDropPct=0|ownerCap=3000|mobileThreshold=35,7,73,626,50,COMPLETE,32,32,32,16,32,10,4,0,32,32,32,0,160,0,0,10,535,772,32,1302,32,5899,2427,2,3461,500
OFAT,LOAD_THRESHOLD,LOW,baseSeed=626|nTx=32|nValidators=10|nShards=4|committee=3|quorum=2|loadThreshold=45|maxTime=180|crossShardPct=0|requestOfflinePct=0|receiptDropPct=0|ownerCap=3000|mobileThreshold=35,7,74,626,49,COMPLETE,32,32,32,16,32,10,4,0,32,32,32,0,160,0,0,10,535,773,32,1303,32,5466,2204,2,3846,600
OFAT,LOAD_THRESHOLD,LOW,baseSeed=626|nTx=32|nValidators=10|nShards=4|committee=3|quorum=2|loadThreshold=45|maxTime=180|crossShardPct=0|requestOfflinePct=0|receiptDropPct=0|ownerCap=3000|mobileThreshold=35,7,75,626,49,COMPLETE,32,32,32,15,32,10,4,0,32,32,32,0,160,0,0,10,535,759,32,1283,32,5490,2218,2,3677,600
OFAT,LOAD_THRESHOLD,LOW,baseSeed=626|nTx=32|nValidators=10|nShards=4|committee=3|quorum=2|loadThreshold=45|maxTime=180|crossShardPct=0|requestOfflinePct=0|receiptDropPct=0|ownerCap=3000|mobileThreshold=35,7,76,626,49,COMPLETE,32,32,32,16,32,10,4,0,32,32,32,0,160,0,0,10,535,773,32,1303,32,6100,2621,2,4326,600
OFAT,LOAD_THRESHOLD,LOW,baseSeed=626|nTx=32|nValidators=10|nShards=4|committee=3|quorum=2|loadThreshold=45|maxTime=180|crossShardPct=0|requestOfflinePct=0|receiptDropPct=0|ownerCap=3000|mobileThreshold=35,7,77,626,49,COMPLETE,32,32,32,17,32,10,4,0,32,32,32,0,160,0,0,10,535,783,32,1319,32,4605,1925,3,3581,500
OFAT,LOAD_THRESHOLD,LOW,baseSeed=626|nTx=32|nValidators=10|nShards=4|committee=3|quorum=2|loadThreshold=45|maxTime=180|crossShardPct=0|requestOfflinePct=0|receiptDropPct=0|ownerCap=3000|mobileThreshold=35,7,78,626,50,COMPLETE,32,32,32,15,32,10,4,0,32,32,32,0,160,0,0,11,536,762,32,1286,32,5783,2333,2,3966,600
OFAT,LOAD_THRESHOLD,LOW,baseSeed=626|nTx=32|nValidators=10|nShards=4|committee=3|quorum=2|loadThreshold=45|maxTime=180|crossShardPct=0|requestOfflinePct=0|receiptDropPct=0|ownerCap=3000|mobileThreshold=35,7,79,626,50,COMPLETE,32,32,32,17,32,10,4,0,32,32,32,0,160,0,0,11,536,786,32,1322,32,4783,1910,3,3485,300
OFAT,LOAD_THRESHOLD,LOW,baseSeed=626|nTx=32|nValidators=10|nShards=4|committee=3|quorum=2|loadThreshold=45|maxTime=180|crossShardPct=0|requestOfflinePct=0|receiptDropPct=0|ownerCap=3000|mobileThreshold=35,7,80,626,49,COMPLETE,32,32,32,16,32,10,4,0,32,32,32,0,160,0,0,11,536,771,32,1301,32,5841,2250,2,3461,500
OFAT,LOAD_THRESHOLD,LOW,baseSeed=626|nTx=32|nValidators=10|nShards=4|committee=3|quorum=2|loadThreshold=45|maxTime=180|crossShardPct=0|requestOfflinePct=0|receiptDropPct=0|ownerCap=3000|mobileThreshold=35,7,81,626,49,COMPLETE,32,32,32,17,32,10,4,0,32,32,32,0,160,0,0,9,534,784,32,1320,32,5639,2167,2,3437,600
OFAT,LOAD_THRESHOLD,LOW,baseSeed=626|nTx=32|nValidators=10|nShards=4|committee=3|quorum=2|loadThreshold=45|maxTime=180|crossShardPct=0|requestOfflinePct=0|receiptDropPct=0|ownerCap=3000|mobileThreshold=35,7,82,626,50,COMPLETE,32,32,32,16,32,10,4,0,32,32,32,0,160,0,0,12,537,771,32,1301,32,5894,2913,2,4975,500
OFAT,LOAD_THRESHOLD,LOW,baseSeed=626|nTx=32|nValidators=10|nShards=4|committee=3|quorum=2|loadThreshold=45|maxTime=180|crossShardPct=0|requestOfflinePct=0|receiptDropPct=0|ownerCap=3000|mobileThreshold=35,7,83,626,49,COMPLETE,32,32,32,17,32,10,4,0,32,32,32,0,160,0,0,9,534,783,32,1319,32,5653,2387,2,4110,600
OFAT,LOAD_THRESHOLD,LOW,baseSeed=626|nTx=32|nValidators=10|nShards=4|committee=3|quorum=2|loadThreshold=45|maxTime=180|crossShardPct=0|requestOfflinePct=0|receiptDropPct=0|ownerCap=3000|mobileThreshold=35,7,84,626,49,COMPLETE,32,32,32,15,32,10,4,0,32,32,32,0,160,0,0,10,535,760,32,1284,32,5875,2638,2,4543,600
OFAT,LOAD_THRESHOLD,LOW,baseSeed=626|nTx=32|nValidators=10|nShards=4|committee=3|quorum=2|loadThreshold=45|maxTime=180|crossShardPct=0|requestOfflinePct=0|receiptDropPct=0|ownerCap=3000|mobileThreshold=35,7,85,626,49,COMPLETE,32,32,32,17,32,10,4,0,32,32,32,0,160,0,0,10,535,782,32,1318,32,5009,1905,3,3245,500
OFAT,LOAD_THRESHOLD,LOW,baseSeed=626|nTx=32|nValidators=10|nShards=4|committee=3|quorum=2|loadThreshold=45|maxTime=180|crossShardPct=0|requestOfflinePct=0|receiptDropPct=0|ownerCap=3000|mobileThreshold=35,7,86,626,49,COMPLETE,32,32,32,14,32,10,4,0,32,32,32,0,160,0,0,11,536,746,32,1264,32,4793,2157,2,4038,600
OFAT,LOAD_THRESHOLD,LOW,baseSeed=626|nTx=32|nValidators=10|nShards=4|committee=3|quorum=2|loadThreshold=45|maxTime=180|crossShardPct=0|requestOfflinePct=0|receiptDropPct=0|ownerCap=3000|mobileThreshold=35,7,87,626,50,COMPLETE,32,32,32,16,32,10,4,0,32,32,32,0,160,0,0,14,539,776,32,1306,32,5774,2324,2,3894,500
OFAT,LOAD_THRESHOLD,LOW,baseSeed=626|nTx=32|nValidators=10|nShards=4|committee=3|quorum=2|loadThreshold=45|maxTime=180|crossShardPct=0|requestOfflinePct=0|receiptDropPct=0|ownerCap=3000|mobileThreshold=35,7,88,626,49,COMPLETE,32,32,32,17,32,10,4,0,32,32,32,0,160,0,0,9,534,784,32,1320,32,4221,1741,3,3245,600
OFAT,LOAD_THRESHOLD,LOW,baseSeed=626|nTx=32|nValidators=10|nShards=4|committee=3|quorum=2|loadThreshold=45|maxTime=180|crossShardPct=0|requestOfflinePct=0|receiptDropPct=0|ownerCap=3000|mobileThreshold=35,7,89,626,50,COMPLETE,32,32,32,17,32,10,4,0,32,32,32,0,160,0,0,10,535,781,32,1317,32,4980,1885,3,3245,600
OFAT,LOAD_THRESHOLD,LOW,baseSeed=626|nTx=32|nValidators=10|nShards=4|committee=3|quorum=2|loadThreshold=45|maxTime=180|crossShardPct=0|requestOfflinePct=0|receiptDropPct=0|ownerCap=3000|mobileThreshold=35,7,90,626,49,COMPLETE,32,32,32,17,32,10,4,0,32,32,32,0,160,0,0,9,534,783,32,1319,32,5274,1961,2,3245,600
OFAT,LOAD_THRESHOLD,LOW,baseSeed=626|nTx=32|nValidators=10|nShards=4|committee=3|quorum=2|loadThreshold=45|maxTime=180|crossShardPct=0|requestOfflinePct=0|receiptDropPct=0|ownerCap=3000|mobileThreshold=35,7,91,626,50,COMPLETE,32,32,32,15,32,10,4,0,32,32,32,0,160,0,0,11,536,762,32,1286,32,6211,2547,2,4110,500
OFAT,LOAD_THRESHOLD,LOW,baseSeed=626|nTx=32|nValidators=10|nShards=4|committee=3|quorum=2|loadThreshold=45|maxTime=180|crossShardPct=0|requestOfflinePct=0|receiptDropPct=0|ownerCap=3000|mobileThreshold=35,7,92,626,49,COMPLETE,32,32,32,15,32,10,4,0,32,32,32,0,160,0,0,10,535,758,32,1282,32,6254,3165,1,5216,600
OFAT,LOAD_THRESHOLD,LOW,baseSeed=626|nTx=32|nValidators=10|nShards=4|committee=3|quorum=2|loadThreshold=45|maxTime=180|crossShardPct=0|requestOfflinePct=0|receiptDropPct=0|ownerCap=3000|mobileThreshold=35,7,93,626,49,COMPLETE,32,32,32,17,32,10,4,0,32,32,32,0,160,0,0,9,534,782,32,1318,32,5322,1977,2,3245,600
OFAT,LOAD_THRESHOLD,LOW,baseSeed=626|nTx=32|nValidators=10|nShards=4|committee=3|quorum=2|loadThreshold=45|maxTime=180|crossShardPct=0|requestOfflinePct=0|receiptDropPct=0|ownerCap=3000|mobileThreshold=35,7,94,626,50,COMPLETE,32,32,32,16,32,10,4,0,32,32,32,0,160,0,0,12,537,773,32,1303,32,5697,2545,2,4447,500
OFAT,LOAD_THRESHOLD,LOW,baseSeed=626|nTx=32|nValidators=10|nShards=4|committee=3|quorum=2|loadThreshold=45|maxTime=180|crossShardPct=0|requestOfflinePct=0|receiptDropPct=0|ownerCap=3000|mobileThreshold=35,7,95,626,49,COMPLETE,32,32,32,17,32,10,4,0,32,32,32,0,160,0,0,9,534,783,32,1319,32,5076,1971,2,3245,600
OFAT,LOAD_THRESHOLD,LOW,baseSeed=626|nTx=32|nValidators=10|nShards=4|committee=3|quorum=2|loadThreshold=45|maxTime=180|crossShardPct=0|requestOfflinePct=0|receiptDropPct=0|ownerCap=3000|mobileThreshold=35,7,96,626,49,COMPLETE,32,32,32,17,32,10,4,0,32,32,32,0,160,0,0,9,534,782,32,1318,32,5350,1994,2,3245,600
OFAT,LOAD_THRESHOLD,LOW,baseSeed=626|nTx=32|nValidators=10|nShards=4|committee=3|quorum=2|loadThreshold=45|maxTime=180|crossShardPct=0|requestOfflinePct=0|receiptDropPct=0|ownerCap=3000|mobileThreshold=35,7,97,626,49,COMPLETE,32,32,32,16,32,10,4,0,32,32,32,0,160,0,0,11,536,771,32,1301,32,5509,2225,2,3846,600
OFAT,LOAD_THRESHOLD,LOW,baseSeed=626|nTx=32|nValidators=10|nShards=4|committee=3|quorum=2|loadThreshold=45|maxTime=180|crossShardPct=0|requestOfflinePct=0|receiptDropPct=0|ownerCap=3000|mobileThreshold=35,7,98,626,50,COMPLETE,32,32,32,15,32,10,4,0,32,32,32,0,160,0,0,11,536,762,32,1286,32,6173,3003,2,4975,600
OFAT,LOAD_THRESHOLD,LOW,baseSeed=626|nTx=32|nValidators=10|nShards=4|committee=3|quorum=2|loadThreshold=45|maxTime=180|crossShardPct=0|requestOfflinePct=0|receiptDropPct=0|ownerCap=3000|mobileThreshold=35,7,99,626,50,COMPLETE,32,32,32,15,32,10,4,0,32,32,32,0,160,0,0,12,537,761,32,1285,32,5408,2226,2,4206,500
OFAT,LOAD_THRESHOLD,LOW,baseSeed=626|nTx=32|nValidators=10|nShards=4|committee=3|quorum=2|loadThreshold=45|maxTime=180|crossShardPct=0|requestOfflinePct=0|receiptDropPct=0|ownerCap=3000|mobileThreshold=35,7,100,626,50,COMPLETE,32,32,32,16,32,10,4,0,32,32,32,0,160,0,0,10,535,773,32,1303,32,5129,2060,2,3461,500
OFAT,LOAD_THRESHOLD,DEFAULT,baseSeed=626|nTx=32|nValidators=10|nShards=4|committee=3|quorum=2|loadThreshold=55|maxTime=180|crossShardPct=0|requestOfflinePct=0|receiptDropPct=0|ownerCap=3000|mobileThreshold=35,7,1,626,50,COMPLETE,32,32,32,17,32,10,4,0,32,32,32,0,160,0,0,8,533,792,32,1328,32,6567,3025,2,4759,1000
OFAT,LOAD_THRESHOLD,DEFAULT,baseSeed=626|nTx=32|nValidators=10|nShards=4|committee=3|quorum=2|loadThreshold=55|maxTime=180|crossShardPct=0|requestOfflinePct=0|receiptDropPct=0|ownerCap=3000|mobileThreshold=35,7,2,626,50,COMPLETE,32,32,32,16,32,10,4,0,32,32,32,0,160,0,0,9,534,782,32,1312,32,5495,2184,2,3798,500
OFAT,LOAD_THRESHOLD,DEFAULT,baseSeed=626|nTx=32|nValidators=10|nShards=4|committee=3|quorum=2|loadThreshold=55|maxTime=180|crossShardPct=0|requestOfflinePct=0|receiptDropPct=0|ownerCap=3000|mobileThreshold=35,7,3,626,50,COMPLETE,32,32,32,15,32,10,4,0,32,32,32,0,160,0,0,8,533,770,32,1294,32,6663,3142,2,5048,1000
OFAT,LOAD_THRESHOLD,DEFAULT,baseSeed=626|nTx=32|nValidators=10|nShards=4|committee=3|quorum=2|loadThreshold=55|maxTime=180|crossShardPct=0|requestOfflinePct=0|receiptDropPct=0|ownerCap=3000|mobileThreshold=35,7,4,626,50,COMPLETE,32,32,32,16,32,10,4,0,32,32,32,0,160,0,0,7,532,784,32,1314,32,5831,2282,2,3798,1000
OFAT,LOAD_THRESHOLD,DEFAULT,baseSeed=626|nTx=32|nValidators=10|nShards=4|committee=3|quorum=2|loadThreshold=55|maxTime=180|crossShardPct=0|requestOfflinePct=0|receiptDropPct=0|ownerCap=3000|mobileThreshold=35,7,5,626,50,COMPLETE,32,32,32,14,32,10,4,0,32,32,32,0,160,0,0,9,534,757,32,1275,32,5932,2385,2,3894,1000
OFAT,LOAD_THRESHOLD,DEFAULT,baseSeed=626|nTx=32|nValidators=10|nShards=4|committee=3|quorum=2|loadThreshold=55|maxTime=180|crossShardPct=0|requestOfflinePct=0|receiptDropPct=0|ownerCap=3000|mobileThreshold=35,7,6,626,50,COMPLETE,32,32,32,15,32,10,4,0,32,32,32,0,160,0,0,8,533,771,32,1295,32,6918,3218,2,4975,1000
OFAT,LOAD_THRESHOLD,DEFAULT,baseSeed=626|nTx=32|nValidators=10|nShards=4|committee=3|quorum=2|loadThreshold=55|maxTime=180|crossShardPct=0|requestOfflinePct=0|receiptDropPct=0|ownerCap=3000|mobileThreshold=35,7,7,626,50,COMPLETE,32,32,32,15,32,10,4,0,32,32,32,0,160,0,0,9,534,772,32,1296,32,4846,1994,2,3677,500
OFAT,LOAD_THRESHOLD,DEFAULT,baseSeed=626|nTx=32|nValidators=10|nShards=4|committee=3|quorum=2|loadThreshold=55|maxTime=180|crossShardPct=0|requestOfflinePct=0|receiptDropPct=0|ownerCap=3000|mobileThreshold=35,7,8,626,50,COMPLETE,32,32,32,16,32,10,4,0,32,32,32,0,160,0,0,7,532,784,32,1314,32,5399,2146,2,3701,1000
OFAT,LOAD_THRESHOLD,DEFAULT,baseSeed=626|nTx=32|nValidators=10|nShards=4|committee=3|quorum=2|loadThreshold=55|maxTime=180|crossShardPct=0|requestOfflinePct=0|receiptDropPct=0|ownerCap=3000|mobileThreshold=35,7,9,626,50,COMPLETE,32,32,32,16,32,10,4,0,32,32,32,0,160,0,0,7,532,780,32,1310,32,5543,2232,2,3798,1000
OFAT,LOAD_THRESHOLD,DEFAULT,baseSeed=626|nTx=32|nValidators=10|nShards=4|committee=3|quorum=2|loadThreshold=55|maxTime=180|crossShardPct=0|requestOfflinePct=0|receiptDropPct=0|ownerCap=3000|mobileThreshold=35,7,10,626,50,COMPLETE,32,32,32,16,32,10,4,0,32,32,32,0,160,0,0,7,532,784,32,1314,32,5129,1992,2,3461,1000
OFAT,LOAD_THRESHOLD,DEFAULT,baseSeed=626|nTx=32|nValidators=10|nShards=4|committee=3|quorum=2|loadThreshold=55|maxTime=180|crossShardPct=0|requestOfflinePct=0|receiptDropPct=0|ownerCap=3000|mobileThreshold=35,7,11,626,50,COMPLETE,32,32,32,16,32,10,4,0,32,32,32,0,160,0,0,7,532,784,32,1314,32,5918,2335,2,3798,1000
OFAT,LOAD_THRESHOLD,DEFAULT,baseSeed=626|nTx=32|nValidators=10|nShards=4|committee=3|quorum=2|loadThreshold=55|maxTime=180|crossShardPct=0|requestOfflinePct=0|receiptDropPct=0|ownerCap=3000|mobileThreshold=35,7,12,626,50,COMPLETE,32,32,32,15,32,10,4,0,32,32,32,0,160,0,0,10,535,772,32,1296,32,4576,1951,2,3677,600
OFAT,LOAD_THRESHOLD,DEFAULT,baseSeed=626|nTx=32|nValidators=10|nShards=4|committee=3|quorum=2|loadThreshold=55|maxTime=180|crossShardPct=0|requestOfflinePct=0|receiptDropPct=0|ownerCap=3000|mobileThreshold=35,7,13,626,50,COMPLETE,32,32,32,15,32,10,4,0,32,32,32,0,160,0,0,8,533,772,32,1296,32,5942,2773,2,4759,1000
OFAT,LOAD_THRESHOLD,DEFAULT,baseSeed=626|nTx=32|nValidators=10|nShards=4|committee=3|quorum=2|loadThreshold=55|maxTime=180|crossShardPct=0|requestOfflinePct=0|receiptDropPct=0|ownerCap=3000|mobileThreshold=35,7,14,626,50,COMPLETE,32,32,32,15,32,10,4,0,32,32,32,0,160,0,0,8,533,772,32,1296,32,5668,2344,2,4014,1000
OFAT,LOAD_THRESHOLD,DEFAULT,baseSeed=626|nTx=32|nValidators=10|nShards=4|committee=3|quorum=2|loadThreshold=55|maxTime=180|crossShardPct=0|requestOfflinePct=0|receiptDropPct=0|ownerCap=3000|mobileThreshold=35,7,15,626,50,COMPLETE,32,32,32,16,32,10,4,0,32,32,32,0,160,0,0,7,532,785,32,1315,32,5168,2008,2,3461,1000
OFAT,LOAD_THRESHOLD,DEFAULT,baseSeed=626|nTx=32|nValidators=10|nShards=4|committee=3|quorum=2|loadThreshold=55|maxTime=180|crossShardPct=0|requestOfflinePct=0|receiptDropPct=0|ownerCap=3000|mobileThreshold=35,7,16,626,50,COMPLETE,32,32,32,16,32,10,4,0,32,32,32,0,160,0,0,7,532,781,32,1311,32,5889,2328,2,3798,1000
OFAT,LOAD_THRESHOLD,DEFAULT,baseSeed=626|nTx=32|nValidators=10|nShards=4|committee=3|quorum=2|loadThreshold=55|maxTime=180|crossShardPct=0|requestOfflinePct=0|receiptDropPct=0|ownerCap=3000|mobileThreshold=35,7,17,626,50,COMPLETE,32,32,32,16,32,10,4,0,32,32,32,0,160,0,0,7,532,785,32,1315,32,5754,2269,2,3798,1000
OFAT,LOAD_THRESHOLD,DEFAULT,baseSeed=626|nTx=32|nValidators=10|nShards=4|committee=3|quorum=2|loadThreshold=55|maxTime=180|crossShardPct=0|requestOfflinePct=0|receiptDropPct=0|ownerCap=3000|mobileThreshold=35,7,18,626,50,COMPLETE,32,32,32,16,32,10,4,0,32,32,32,0,160,0,0,7,532,782,32,1312,32,6278,2765,2,4543,1000
OFAT,LOAD_THRESHOLD,DEFAULT,baseSeed=626|nTx=32|nValidators=10|nShards=4|committee=3|quorum=2|loadThreshold=55|maxTime=180|crossShardPct=0|requestOfflinePct=0|receiptDropPct=0|ownerCap=3000|mobileThreshold=35,7,19,626,50,COMPLETE,32,32,32,16,32,10,4,0,32,32,32,0,160,0,0,7,532,780,32,1310,32,5543,2232,2,3798,1000
OFAT,LOAD_THRESHOLD,DEFAULT,baseSeed=626|nTx=32|nValidators=10|nShards=4|committee=3|quorum=2|loadThreshold=55|maxTime=180|crossShardPct=0|requestOfflinePct=0|receiptDropPct=0|ownerCap=3000|mobileThreshold=35,7,20,626,50,COMPLETE,32,32,32,15,32,10,4,0,32,32,32,0,160,0,0,8,533,772,32,1296,32,6072,2880,2,4879,1000
OFAT,LOAD_THRESHOLD,DEFAULT,baseSeed=626|nTx=32|nValidators=10|nShards=4|committee=3|quorum=2|loadThreshold=55|maxTime=180|crossShardPct=0|requestOfflinePct=0|receiptDropPct=0|ownerCap=3000|mobileThreshold=35,7,21,626,50,COMPLETE,32,32,32,15,32,10,4,0,32,32,32,0,160,0,0,8,533,773,32,1297,32,5615,2317,2,4014,1000
OFAT,LOAD_THRESHOLD,DEFAULT,baseSeed=626|nTx=32|nValidators=10|nShards=4|committee=3|quorum=2|loadThreshold=55|maxTime=180|crossShardPct=0|requestOfflinePct=0|receiptDropPct=0|ownerCap=3000|mobileThreshold=35,7,22,626,50,COMPLETE,32,32,32,15,32,10,4,0,32,32,32,0,160,0,0,8,533,770,32,1294,32,5716,2251,2,3677,1000
OFAT,LOAD_THRESHOLD,DEFAULT,baseSeed=626|nTx=32|nValidators=10|nShards=4|committee=3|quorum=2|loadThreshold=55|maxTime=180|crossShardPct=0|requestOfflinePct=0|receiptDropPct=0|ownerCap=3000|mobileThreshold=35,7,23,626,50,COMPLETE,32,32,32,15,32,10,4,0,32,32,32,0,160,0,0,10,535,772,32,1296,32,5764,2308,2,3870,600
OFAT,LOAD_THRESHOLD,DEFAULT,baseSeed=626|nTx=32|nValidators=10|nShards=4|committee=3|quorum=2|loadThreshold=55|maxTime=180|crossShardPct=0|requestOfflinePct=0|receiptDropPct=0|ownerCap=3000|mobileThreshold=35,7,24,626,50,COMPLETE,32,32,32,16,32,10,4,0,32,32,32,0,160,0,0,7,532,784,32,1314,32,5168,2111,2,3798,1000
OFAT,LOAD_THRESHOLD,DEFAULT,baseSeed=626|nTx=32|nValidators=10|nShards=4|committee=3|quorum=2|loadThreshold=55|maxTime=180|crossShardPct=0|requestOfflinePct=0|receiptDropPct=0|ownerCap=3000|mobileThreshold=35,7,25,626,50,COMPLETE,32,32,32,14,32,10,4,0,32,32,32,0,160,0,0,9,534,763,32,1281,32,4677,2073,2,3894,500
OFAT,LOAD_THRESHOLD,DEFAULT,baseSeed=626|nTx=32|nValidators=10|nShards=4|committee=3|quorum=2|loadThreshold=55|maxTime=180|crossShardPct=0|requestOfflinePct=0|receiptDropPct=0|ownerCap=3000|mobileThreshold=35,7,26,626,50,COMPLETE,32,32,32,16,32,10,4,0,32,32,32,0,160,0,0,7,532,782,32,1312,32,5177,1992,2,3461,1000
OFAT,LOAD_THRESHOLD,DEFAULT,baseSeed=626|nTx=32|nValidators=10|nShards=4|committee=3|quorum=2|loadThreshold=55|maxTime=180|crossShardPct=0|requestOfflinePct=0|receiptDropPct=0|ownerCap=3000|mobileThreshold=35,7,27,626,50,COMPLETE,32,32,32,16,32,10,4,0,32,32,32,0,160,0,0,7,532,784,32,1314,32,5014,2047,2,3461,1000
OFAT,LOAD_THRESHOLD,DEFAULT,baseSeed=626|nTx=32|nValidators=10|nShards=4|committee=3|quorum=2|loadThreshold=55|maxTime=180|crossShardPct=0|requestOfflinePct=0|receiptDropPct=0|ownerCap=3000|mobileThreshold=35,7,28,626,50,COMPLETE,32,32,32,15,32,10,4,0,32,32,32,0,160,0,0,8,533,770,32,1294,32,6399,2922,2,4783,1000
OFAT,LOAD_THRESHOLD,DEFAULT,baseSeed=626|nTx=32|nValidators=10|nShards=4|committee=3|quorum=2|loadThreshold=55|maxTime=180|crossShardPct=0|requestOfflinePct=0|receiptDropPct=0|ownerCap=3000|mobileThreshold=35,7,29,626,50,COMPLETE,32,32,32,16,32,10,4,0,32,32,32,0,160,0,0,7,532,785,32,1315,32,5596,2873,2,4975,1000
OFAT,LOAD_THRESHOLD,DEFAULT,baseSeed=626|nTx=32|nValidators=10|nShards=4|committee=3|quorum=2|loadThreshold=55|maxTime=180|crossShardPct=0|requestOfflinePct=0|receiptDropPct=0|ownerCap=3000|mobileThreshold=35,7,30,626,50,COMPLETE,32,32,32,15,32,10,4,0,32,32,32,0,160,0,0,8,533,769,32,1293,32,5437,2169,2,3677,1100
OFAT,LOAD_THRESHOLD,DEFAULT,baseSeed=626|nTx=32|nValidators=10|nShards=4|committee=3|quorum=2|loadThreshold=55|maxTime=180|crossShardPct=0|requestOfflinePct=0|receiptDropPct=0|ownerCap=3000|mobileThreshold=35,7,31,626,50,COMPLETE,32,32,32,16,32,10,4,0,32,32,32,0,160,0,0,7,532,785,32,1315,32,5908,2645,2,4543,1000
OFAT,LOAD_THRESHOLD,DEFAULT,baseSeed=626|nTx=32|nValidators=10|nShards=4|committee=3|quorum=2|loadThreshold=55|maxTime=180|crossShardPct=0|requestOfflinePct=0|receiptDropPct=0|ownerCap=3000|mobileThreshold=35,7,32,626,50,COMPLETE,32,32,32,14,32,10,4,0,32,32,32,0,160,0,0,8,533,757,32,1275,32,5105,2139,2,3894,1000
OFAT,LOAD_THRESHOLD,DEFAULT,baseSeed=626|nTx=32|nValidators=10|nShards=4|committee=3|quorum=2|loadThreshold=55|maxTime=180|crossShardPct=0|requestOfflinePct=0|receiptDropPct=0|ownerCap=3000|mobileThreshold=35,7,33,626,50,COMPLETE,32,32,32,15,32,10,4,0,32,32,32,0,160,0,0,9,534,770,32,1294,32,5798,2337,2,3870,500
OFAT,LOAD_THRESHOLD,DEFAULT,baseSeed=626|nTx=32|nValidators=10|nShards=4|committee=3|quorum=2|loadThreshold=55|maxTime=180|crossShardPct=0|requestOfflinePct=0|receiptDropPct=0|ownerCap=3000|mobileThreshold=35,7,34,626,50,COMPLETE,32,32,32,15,32,10,4,0,32,32,32,0,160,0,0,8,533,770,32,1294,32,5889,2925,2,4975,1000
OFAT,LOAD_THRESHOLD,DEFAULT,baseSeed=626|nTx=32|nValidators=10|nShards=4|committee=3|quorum=2|loadThreshold=55|maxTime=180|crossShardPct=0|requestOfflinePct=0|receiptDropPct=0|ownerCap=3000|mobileThreshold=35,7,35,626,50,COMPLETE,32,32,32,16,32,10,4,0,32,32,32,0,160,0,0,7,532,785,32,1315,32,6312,2785,2,4567,1000
OFAT,LOAD_THRESHOLD,DEFAULT,baseSeed=626|nTx=32|nValidators=10|nShards=4|committee=3|quorum=2|loadThreshold=55|maxTime=180|crossShardPct=0|requestOfflinePct=0|receiptDropPct=0|ownerCap=3000|mobileThreshold=35,7,36,626,50,COMPLETE,32,32,32,15,32,10,4,0,32,32,32,0,160,0,0,8,533,773,32,1297,32,5947,2655,2,4543,1000
OFAT,LOAD_THRESHOLD,DEFAULT,baseSeed=626|nTx=32|nValidators=10|nShards=4|committee=3|quorum=2|loadThreshold=55|maxTime=180|crossShardPct=0|requestOfflinePct=0|receiptDropPct=0|ownerCap=3000|mobileThreshold=35,7,37,626,50,COMPLETE,32,32,32,16,32,10,4,0,32,32,32,0,160,0,0,7,532,781,32,1311,32,5399,2067,2,3461,1000
OFAT,LOAD_THRESHOLD,DEFAULT,baseSeed=626|nTx=32|nValidators=10|nShards=4|committee=3|quorum=2|loadThreshold=55|maxTime=180|crossShardPct=0|requestOfflinePct=0|receiptDropPct=0|ownerCap=3000|mobileThreshold=35,7,38,626,50,COMPLETE,32,32,32,15,32,10,4,0,32,32,32,0,160,0,0,9,534,771,32,1295,32,5610,2281,2,3966,500
OFAT,LOAD_THRESHOLD,DEFAULT,baseSeed=626|nTx=32|nValidators=10|nShards=4|committee=3|quorum=2|loadThreshold=55|maxTime=180|crossShardPct=0|requestOfflinePct=0|receiptDropPct=0|ownerCap=3000|mobileThreshold=35,7,39,626,50,COMPLETE,32,32,32,16,32,10,4,0,32,32,32,0,160,0,0,7,532,781,32,1311,32,5543,2232,2,3798,1000
OFAT,LOAD_THRESHOLD,DEFAULT,baseSeed=626|nTx=32|nValidators=10|nShards=4|committee=3|quorum=2|loadThreshold=55|maxTime=180|crossShardPct=0|requestOfflinePct=0|receiptDropPct=0|ownerCap=3000|mobileThreshold=35,7,40,626,50,COMPLETE,32,32,32,16,32,10,4,0,32,32,32,0,160,0,0,7,532,782,32,1312,32,5735,2221,2,4471,1000
OFAT,LOAD_THRESHOLD,DEFAULT,baseSeed=626|nTx=32|nValidators=10|nShards=4|committee=3|quorum=2|loadThreshold=55|maxTime=180|crossShardPct=0|requestOfflinePct=0|receiptDropPct=0|ownerCap=3000|mobileThreshold=35,7,41,626,50,COMPLETE,32,32,32,16,32,10,4,0,32,32,32,0,160,0,0,7,532,784,32,1314,32,5754,2269,2,4134,1000
OFAT,LOAD_THRESHOLD,DEFAULT,baseSeed=626|nTx=32|nValidators=10|nShards=4|committee=3|quorum=2|loadThreshold=55|maxTime=180|crossShardPct=0|requestOfflinePct=0|receiptDropPct=0|ownerCap=3000|mobileThreshold=35,7,42,626,50,COMPLETE,32,32,32,15,32,10,4,0,32,32,32,0,160,0,0,8,533,769,32,1293,32,4774,1996,2,3677,1000
OFAT,LOAD_THRESHOLD,DEFAULT,baseSeed=626|nTx=32|nValidators=10|nShards=4|committee=3|quorum=2|loadThreshold=55|maxTime=180|crossShardPct=0|requestOfflinePct=0|receiptDropPct=0|ownerCap=3000|mobileThreshold=35,7,43,626,50,COMPLETE,32,32,32,16,32,10,4,0,32,32,32,0,160,0,0,7,532,784,32,1314,32,5543,2216,2,3798,1000
OFAT,LOAD_THRESHOLD,DEFAULT,baseSeed=626|nTx=32|nValidators=10|nShards=4|committee=3|quorum=2|loadThreshold=55|maxTime=180|crossShardPct=0|requestOfflinePct=0|receiptDropPct=0|ownerCap=3000|mobileThreshold=35,7,44,626,50,COMPLETE,32,32,32,17,32,10,4,0,32,32,32,0,160,0,0,11,536,796,32,1332,32,5956,2508,2,3870,600
OFAT,LOAD_THRESHOLD,DEFAULT,baseSeed=626|nTx=32|nValidators=10|nShards=4|committee=3|quorum=2|loadThreshold=55|maxTime=180|crossShardPct=0|requestOfflinePct=0|receiptDropPct=0|ownerCap=3000|mobileThreshold=35,7,45,626,50,COMPLETE,32,32,32,15,32,10,4,0,32,32,32,0,160,0,0,9,534,769,32,1293,32,5447,2132,2,3677,500
OFAT,LOAD_THRESHOLD,DEFAULT,baseSeed=626|nTx=32|nValidators=10|nShards=4|committee=3|quorum=2|loadThreshold=55|maxTime=180|crossShardPct=0|requestOfflinePct=0|receiptDropPct=0|ownerCap=3000|mobileThreshold=35,7,46,626,50,COMPLETE,32,32,32,15,32,10,4,0,32,32,32,0,160,0,0,8,533,769,32,1293,32,6769,3320,1,5192,1000
OFAT,LOAD_THRESHOLD,DEFAULT,baseSeed=626|nTx=32|nValidators=10|nShards=4|committee=3|quorum=2|loadThreshold=55|maxTime=180|crossShardPct=0|requestOfflinePct=0|receiptDropPct=0|ownerCap=3000|mobileThreshold=35,7,47,626,50,COMPLETE,32,32,32,15,32,10,4,0,32,32,32,0,160,0,0,10,535,771,32,1295,32,5490,2250,2,3966,600
OFAT,LOAD_THRESHOLD,DEFAULT,baseSeed=626|nTx=32|nValidators=10|nShards=4|committee=3|quorum=2|loadThreshold=55|maxTime=180|crossShardPct=0|requestOfflinePct=0|receiptDropPct=0|ownerCap=3000|mobileThreshold=35,7,48,626,50,COMPLETE,32,32,32,15,32,10,4,0,32,32,32,0,160,0,0,8,533,771,32,1295,32,6442,2934,2,4759,1000
OFAT,LOAD_THRESHOLD,DEFAULT,baseSeed=626|nTx=32|nValidators=10|nShards=4|committee=3|quorum=2|loadThreshold=55|maxTime=180|crossShardPct=0|requestOfflinePct=0|receiptDropPct=0|ownerCap=3000|mobileThreshold=35,7,49,626,50,COMPLETE,32,32,32,16,32,10,4,0,32,32,32,0,160,0,0,7,532,778,32,1308,32,5831,2282,2,3798,1000
OFAT,LOAD_THRESHOLD,DEFAULT,baseSeed=626|nTx=32|nValidators=10|nShards=4|committee=3|quorum=2|loadThreshold=55|maxTime=180|crossShardPct=0|requestOfflinePct=0|receiptDropPct=0|ownerCap=3000|mobileThreshold=35,7,50,626,50,COMPLETE,32,32,32,15,32,10,4,0,32,32,32,0,160,0,0,10,535,774,32,1298,32,5447,2132,2,3677,600
OFAT,LOAD_THRESHOLD,DEFAULT,baseSeed=626|nTx=32|nValidators=10|nShards=4|committee=3|quorum=2|loadThreshold=55|maxTime=180|crossShardPct=0|requestOfflinePct=0|receiptDropPct=0|ownerCap=3000|mobileThreshold=35,7,51,626,50,COMPLETE,32,32,32,15,32,10,4,0,32,32,32,0,160,0,0,8,533,770,32,1294,32,7000,3362,1,5192,1000
OFAT,LOAD_THRESHOLD,DEFAULT,baseSeed=626|nTx=32|nValidators=10|nShards=4|committee=3|quorum=2|loadThreshold=55|maxTime=180|crossShardPct=0|requestOfflinePct=0|receiptDropPct=0|ownerCap=3000|mobileThreshold=35,7,52,626,50,COMPLETE,32,32,32,16,32,10,4,0,32,32,32,0,160,0,0,7,532,785,32,1315,32,5211,2121,2,3798,1000
OFAT,LOAD_THRESHOLD,DEFAULT,baseSeed=626|nTx=32|nValidators=10|nShards=4|committee=3|quorum=2|loadThreshold=55|maxTime=180|crossShardPct=0|requestOfflinePct=0|receiptDropPct=0|ownerCap=3000|mobileThreshold=35,7,53,626,50,COMPLETE,32,32,32,16,32,10,4,0,32,32,32,0,160,0,0,7,532,784,32,1314,32,6307,2772,2,4543,1000
OFAT,LOAD_THRESHOLD,DEFAULT,baseSeed=626|nTx=32|nValidators=10|nShards=4|committee=3|quorum=2|loadThreshold=55|maxTime=180|crossShardPct=0|requestOfflinePct=0|receiptDropPct=0|ownerCap=3000|mobileThreshold=35,7,54,626,50,COMPLETE,32,32,32,16,32,10,4,0,32,32,32,0,160,0,0,7,532,779,32,1309,32,5793,2284,2,3798,1000
OFAT,LOAD_THRESHOLD,DEFAULT,baseSeed=626|nTx=32|nValidators=10|nShards=4|committee=3|quorum=2|loadThreshold=55|maxTime=180|crossShardPct=0|requestOfflinePct=0|receiptDropPct=0|ownerCap=3000|mobileThreshold=35,7,55,626,50,COMPLETE,32,32,32,15,32,10,4,0,32,32,32,0,160,0,0,10,535,772,32,1296,32,5591,2196,2,3677,600
OFAT,LOAD_THRESHOLD,DEFAULT,baseSeed=626|nTx=32|nValidators=10|nShards=4|committee=3|quorum=2|loadThreshold=55|maxTime=180|crossShardPct=0|requestOfflinePct=0|receiptDropPct=0|ownerCap=3000|mobileThreshold=35,7,56,626,50,COMPLETE,32,32,32,16,32,10,4,0,32,32,32,0,160,0,0,7,532,783,32,1313,32,6062,2378,2,3798,1000
OFAT,LOAD_THRESHOLD,DEFAULT,baseSeed=626|nTx=32|nValidators=10|nShards=4|committee=3|quorum=2|loadThreshold=55|maxTime=180|crossShardPct=0|requestOfflinePct=0|receiptDropPct=0|ownerCap=3000|mobileThreshold=35,7,57,626,50,COMPLETE,32,32,32,16,32,10,4,0,32,32,32,0,160,0,0,7,532,785,32,1315,32,5860,2428,2,3990,1000
OFAT,LOAD_THRESHOLD,DEFAULT,baseSeed=626|nTx=32|nValidators=10|nShards=4|committee=3|quorum=2|loadThreshold=55|maxTime=180|crossShardPct=0|requestOfflinePct=0|receiptDropPct=0|ownerCap=3000|mobileThreshold=35,7,58,626,50,COMPLETE,32,32,32,15,32,10,4,0,32,32,32,0,160,0,0,8,533,770,32,1294,32,5610,2175,2,3677,1000
OFAT,LOAD_THRESHOLD,DEFAULT,baseSeed=626|nTx=32|nValidators=10|nShards=4|committee=3|quorum=2|loadThreshold=55|maxTime=180|crossShardPct=0|requestOfflinePct=0|receiptDropPct=0|ownerCap=3000|mobileThreshold=35,7,59,626,50,COMPLETE,32,32,32,15,32,10,4,0,32,32,32,0,160,0,0,8,533,765,32,1289,32,5975,2414,2,4158,1000
OFAT,LOAD_THRESHOLD,DEFAULT,baseSeed=626|nTx=32|nValidators=10|nShards=4|committee=3|quorum=2|loadThreshold=55|maxTime=180|crossShardPct=0|requestOfflinePct=0|receiptDropPct=0|ownerCap=3000|mobileThreshold=35,7,60,626,50,COMPLETE,32,32,32,16,32,10,4,0,32,32,32,0,160,0,0,7,532,779,32,1309,32,5399,2170,2,3798,1000
OFAT,LOAD_THRESHOLD,DEFAULT,baseSeed=626|nTx=32|nValidators=10|nShards=4|committee=3|quorum=2|loadThreshold=55|maxTime=180|crossShardPct=0|requestOfflinePct=0|receiptDropPct=0|ownerCap=3000|mobileThreshold=35,7,61,626,50,COMPLETE,32,32,32,15,32,10,4,0,32,32,32,0,160,0,0,8,533,770,32,1294,32,6158,2902,2,4879,1000
OFAT,LOAD_THRESHOLD,DEFAULT,baseSeed=626|nTx=32|nValidators=10|nShards=4|committee=3|quorum=2|loadThreshold=55|maxTime=180|crossShardPct=0|requestOfflinePct=0|receiptDropPct=0|ownerCap=3000|mobileThreshold=35,7,62,626,50,COMPLETE,32,32,32,15,32,10,4,0,32,32,32,0,160,0,0,8,533,771,32,1295,32,6629,2747,2,4206,1000
OFAT,LOAD_THRESHOLD,DEFAULT,baseSeed=626|nTx=32|nValidators=10|nShards=4|committee=3|quorum=2|loadThreshold=55|maxTime=180|crossShardPct=0|requestOfflinePct=0|receiptDropPct=0|ownerCap=3000|mobileThreshold=35,7,63,626,50,COMPLETE,32,32,32,15,32,10,4,0,32,32,32,0,160,0,0,8,533,773,32,1297,32,5884,2312,2,3677,1000
OFAT,LOAD_THRESHOLD,DEFAULT,baseSeed=626|nTx=32|nValidators=10|nShards=4|committee=3|quorum=2|loadThreshold=55|maxTime=180|crossShardPct=0|requestOfflinePct=0|receiptDropPct=0|ownerCap=3000|mobileThreshold=35,7,64,626,50,COMPLETE,32,32,32,15,32,10,4,0,32,32,32,0,160,0,0,8,533,767,32,1291,32,6769,3320,1,5192,1000
OFAT,LOAD_THRESHOLD,DEFAULT,baseSeed=626|nTx=32|nValidators=10|nShards=4|committee=3|quorum=2|loadThreshold=55|maxTime=180|crossShardPct=0|requestOfflinePct=0|receiptDropPct=0|ownerCap=3000|mobileThreshold=35,7,65,626,50,COMPLETE,32,32,32,16,32,10,4,0,32,32,32,0,160,0,0,7,532,784,32,1314,32,5211,2121,2,3798,1000
OFAT,LOAD_THRESHOLD,DEFAULT,baseSeed=626|nTx=32|nValidators=10|nShards=4|committee=3|quorum=2|loadThreshold=55|maxTime=180|crossShardPct=0|requestOfflinePct=0|receiptDropPct=0|ownerCap=3000|mobileThreshold=35,7,66,626,50,COMPLETE,32,32,32,14,32,10,4,0,32,32,32,0,160,0,0,8,533,760,32,1278,32,6173,2867,2,4759,1000
OFAT,LOAD_THRESHOLD,DEFAULT,baseSeed=626|nTx=32|nValidators=10|nShards=4|committee=3|quorum=2|loadThreshold=55|maxTime=180|crossShardPct=0|requestOfflinePct=0|receiptDropPct=0|ownerCap=3000|mobileThreshold=35,7,67,626,50,COMPLETE,32,32,32,17,32,10,4,0,32,32,32,0,160,0,0,10,535,796,32,1332,32,6283,2487,2,3629,600
OFAT,LOAD_THRESHOLD,DEFAULT,baseSeed=626|nTx=32|nValidators=10|nShards=4|committee=3|quorum=2|loadThreshold=55|maxTime=180|crossShardPct=0|requestOfflinePct=0|receiptDropPct=0|ownerCap=3000|mobileThreshold=35,7,68,626,50,COMPLETE,32,32,32,16,32,10,4,0,32,32,32,0,160,0,0,7,532,785,32,1315,32,5360,2048,2,3894,1000
OFAT,LOAD_THRESHOLD,DEFAULT,baseSeed=626|nTx=32|nValidators=10|nShards=4|committee=3|quorum=2|loadThreshold=55|maxTime=180|crossShardPct=0|requestOfflinePct=0|receiptDropPct=0|ownerCap=3000|mobileThreshold=35,7,69,626,50,COMPLETE,32,32,32,15,32,10,4,0,32,32,32,0,160,0,0,8,533,771,32,1295,32,6692,3248,1,5192,1000
OFAT,LOAD_THRESHOLD,DEFAULT,baseSeed=626|nTx=32|nValidators=10|nShards=4|committee=3|quorum=2|loadThreshold=55|maxTime=180|crossShardPct=0|requestOfflinePct=0|receiptDropPct=0|ownerCap=3000|mobileThreshold=35,7,70,626,50,COMPLETE,32,32,32,16,32,10,4,0,32,32,32,0,160,0,0,7,532,779,32,1309,32,5158,2011,2,3461,1000
OFAT,LOAD_THRESHOLD,DEFAULT,baseSeed=626|nTx=32|nValidators=10|nShards=4|committee=3|quorum=2|loadThreshold=55|maxTime=180|crossShardPct=0|requestOfflinePct=0|receiptDropPct=0|ownerCap=3000|mobileThreshold=35,7,71,626,50,COMPLETE,32,32,32,16,32,10,4,0,32,32,32,0,160,0,0,7,532,784,32,1314,32,5052,2048,2,3701,1000
OFAT,LOAD_THRESHOLD,DEFAULT,baseSeed=626|nTx=32|nValidators=10|nShards=4|committee=3|quorum=2|loadThreshold=55|maxTime=180|crossShardPct=0|requestOfflinePct=0|receiptDropPct=0|ownerCap=3000|mobileThreshold=35,7,72,626,50,COMPLETE,32,32,32,15,32,10,4,0,32,32,32,0,160,0,0,8,533,772,32,1296,32,5908,2399,2,4014,1000
OFAT,LOAD_THRESHOLD,DEFAULT,baseSeed=626|nTx=32|nValidators=10|nShards=4|committee=3|quorum=2|loadThreshold=55|maxTime=180|crossShardPct=0|requestOfflinePct=0|receiptDropPct=0|ownerCap=3000|mobileThreshold=35,7,73,626,50,COMPLETE,32,32,32,15,32,10,4,0,32,32,32,0,160,0,0,8,533,768,32,1292,32,5908,2401,2,3677,1000
OFAT,LOAD_THRESHOLD,DEFAULT,baseSeed=626|nTx=32|nValidators=10|nShards=4|committee=3|quorum=2|loadThreshold=55|maxTime=180|crossShardPct=0|requestOfflinePct=0|receiptDropPct=0|ownerCap=3000|mobileThreshold=35,7,74,626,50,COMPLETE,32,32,32,15,32,10,4,0,32,32,32,0,160,0,0,8,533,771,32,1295,32,5615,2317,2,4014,1000
OFAT,LOAD_THRESHOLD,DEFAULT,baseSeed=626|nTx=32|nValidators=10|nShards=4|committee=3|quorum=2|loadThreshold=55|maxTime=180|crossShardPct=0|requestOfflinePct=0|receiptDropPct=0|ownerCap=3000|mobileThreshold=35,7,75,626,50,COMPLETE,32,32,32,15,32,10,4,0,32,32,32,0,160,0,0,8,533,771,32,1295,32,5427,2258,2,3677,1100
OFAT,LOAD_THRESHOLD,DEFAULT,baseSeed=626|nTx=32|nValidators=10|nShards=4|committee=3|quorum=2|loadThreshold=55|maxTime=180|crossShardPct=0|requestOfflinePct=0|receiptDropPct=0|ownerCap=3000|mobileThreshold=35,7,76,626,50,COMPLETE,32,32,32,16,32,10,4,0,32,32,32,0,160,0,0,7,532,784,32,1314,32,6201,2745,2,4543,1000
OFAT,LOAD_THRESHOLD,DEFAULT,baseSeed=626|nTx=32|nValidators=10|nShards=4|committee=3|quorum=2|loadThreshold=55|maxTime=180|crossShardPct=0|requestOfflinePct=0|receiptDropPct=0|ownerCap=3000|mobileThreshold=35,7,77,626,50,COMPLETE,32,32,32,15,32,10,4,0,32,32,32,0,160,0,0,8,533,771,32,1295,32,5052,2198,2,4014,1000
OFAT,LOAD_THRESHOLD,DEFAULT,baseSeed=626|nTx=32|nValidators=10|nShards=4|committee=3|quorum=2|loadThreshold=55|maxTime=180|crossShardPct=0|requestOfflinePct=0|receiptDropPct=0|ownerCap=3000|mobileThreshold=35,7,78,626,50,COMPLETE,32,32,32,16,32,10,4,0,32,32,32,0,160,0,0,7,532,784,32,1314,32,5735,2257,2,3798,1000
OFAT,LOAD_THRESHOLD,DEFAULT,baseSeed=626|nTx=32|nValidators=10|nShards=4|committee=3|quorum=2|loadThreshold=55|maxTime=180|crossShardPct=0|requestOfflinePct=0|receiptDropPct=0|ownerCap=3000|mobileThreshold=35,7,79,626,50,COMPLETE,32,32,32,16,32,10,4,0,32,32,32,0,160,0,0,7,532,785,32,1315,32,5197,2117,2,3798,1000
OFAT,LOAD_THRESHOLD,DEFAULT,baseSeed=626|nTx=32|nValidators=10|nShards=4|committee=3|quorum=2|loadThreshold=55|maxTime=180|crossShardPct=0|requestOfflinePct=0|receiptDropPct=0|ownerCap=3000|mobileThreshold=35,7,80,626,50,COMPLETE,32,32,32,15,32,10,4,0,32,32,32,0,160,0,0,8,533,771,32,1295,32,5985,2344,2,3677,1000
OFAT,LOAD_THRESHOLD,DEFAULT,baseSeed=626|nTx=32|nValidators=10|nShards=4|committee=3|quorum=2|loadThreshold=55|maxTime=180|crossShardPct=0|requestOfflinePct=0|receiptDropPct=0|ownerCap=3000|mobileThreshold=35,7,81,626,50,COMPLETE,32,32,32,15,32,10,4,0,32,32,32,0,160,0,0,10,535,774,32,1298,32,5985,2410,2,3870,600
OFAT,LOAD_THRESHOLD,DEFAULT,baseSeed=626|nTx=32|nValidators=10|nShards=4|committee=3|quorum=2|loadThreshold=55|maxTime=180|crossShardPct=0|requestOfflinePct=0|receiptDropPct=0|ownerCap=3000|mobileThreshold=35,7,82,626,50,COMPLETE,32,32,32,15,32,10,4,0,32,32,32,0,160,0,0,9,534,772,32,1296,32,5817,2897,2,4975,500
OFAT,LOAD_THRESHOLD,DEFAULT,baseSeed=626|nTx=32|nValidators=10|nShards=4|committee=3|quorum=2|loadThreshold=55|maxTime=180|crossShardPct=0|requestOfflinePct=0|receiptDropPct=0|ownerCap=3000|mobileThreshold=35,7,83,626,50,COMPLETE,32,32,32,15,32,10,4,0,32,32,32,0,160,0,0,10,535,774,32,1298,32,5855,2627,2,4543,600
OFAT,LOAD_THRESHOLD,DEFAULT,baseSeed=626|nTx=32|nValidators=10|nShards=4|committee=3|quorum=2|loadThreshold=55|maxTime=180|crossShardPct=0|requestOfflinePct=0|receiptDropPct=0|ownerCap=3000|mobileThreshold=35,7,84,626,50,COMPLETE,32,32,32,15,32,10,4,0,32,32,32,0,160,0,0,8,533,769,32,1293,32,5947,2655,2,4543,1000
OFAT,LOAD_THRESHOLD,DEFAULT,baseSeed=626|nTx=32|nValidators=10|nShards=4|committee=3|quorum=2|loadThreshold=55|maxTime=180|crossShardPct=0|requestOfflinePct=0|receiptDropPct=0|ownerCap=3000|mobileThreshold=35,7,85,626,50,COMPLETE,32,32,32,15,32,10,4,0,32,32,32,0,160,0,0,8,533,767,32,1291,32,5158,2069,2,3677,1100
OFAT,LOAD_THRESHOLD,DEFAULT,baseSeed=626|nTx=32|nValidators=10|nShards=4|committee=3|quorum=2|loadThreshold=55|maxTime=180|crossShardPct=0|requestOfflinePct=0|receiptDropPct=0|ownerCap=3000|mobileThreshold=35,7,86,626,50,COMPLETE,32,32,32,14,32,10,4,0,32,32,32,0,160,0,0,8,533,762,32,1280,32,4860,2226,2,4134,1100
OFAT,LOAD_THRESHOLD,DEFAULT,baseSeed=626|nTx=32|nValidators=10|nShards=4|committee=3|quorum=2|loadThreshold=55|maxTime=180|crossShardPct=0|requestOfflinePct=0|receiptDropPct=0|ownerCap=3000|mobileThreshold=35,7,87,626,50,COMPLETE,32,32,32,15,32,10,4,0,32,32,32,0,160,0,0,8,533,769,32,1293,32,5639,2312,2,3966,1000
OFAT,LOAD_THRESHOLD,DEFAULT,baseSeed=626|nTx=32|nValidators=10|nShards=4|committee=3|quorum=2|loadThreshold=55|maxTime=180|crossShardPct=0|requestOfflinePct=0|receiptDropPct=0|ownerCap=3000|mobileThreshold=35,7,88,626,50,COMPLETE,32,32,32,15,32,10,4,0,32,32,32,0,160,0,0,8,533,773,32,1297,32,4514,1936,3,3677,1100
OFAT,LOAD_THRESHOLD,DEFAULT,baseSeed=626|nTx=32|nValidators=10|nShards=4|committee=3|quorum=2|loadThreshold=55|maxTime=180|crossShardPct=0|requestOfflinePct=0|receiptDropPct=0|ownerCap=3000|mobileThreshold=35,7,89,626,50,COMPLETE,32,32,32,16,32,10,4,0,32,32,32,0,160,0,0,7,532,781,32,1311,32,5177,1992,2,3461,1000
OFAT,LOAD_THRESHOLD,DEFAULT,baseSeed=626|nTx=32|nValidators=10|nShards=4|committee=3|quorum=2|loadThreshold=55|maxTime=180|crossShardPct=0|requestOfflinePct=0|receiptDropPct=0|ownerCap=3000|mobileThreshold=35,7,90,626,50,COMPLETE,32,32,32,16,32,10,4,0,32,32,32,0,160,0,0,7,532,782,32,1312,32,5399,2054,2,3461,1000
OFAT,LOAD_THRESHOLD,DEFAULT,baseSeed=626|nTx=32|nValidators=10|nShards=4|committee=3|quorum=2|loadThreshold=55|maxTime=180|crossShardPct=0|requestOfflinePct=0|receiptDropPct=0|ownerCap=3000|mobileThreshold=35,7,91,626,50,COMPLETE,32,32,32,16,32,10,4,0,32,32,32,0,160,0,0,7,532,786,32,1316,32,6067,2454,2,4038,1000
OFAT,LOAD_THRESHOLD,DEFAULT,baseSeed=626|nTx=32|nValidators=10|nShards=4|committee=3|quorum=2|loadThreshold=55|maxTime=180|crossShardPct=0|requestOfflinePct=0|receiptDropPct=0|ownerCap=3000|mobileThreshold=35,7,92,626,50,COMPLETE,32,32,32,15,32,10,4,0,32,32,32,0,160,0,0,10,535,774,32,1298,32,6254,3165,1,5216,600
OFAT,LOAD_THRESHOLD,DEFAULT,baseSeed=626|nTx=32|nValidators=10|nShards=4|committee=3|quorum=2|loadThreshold=55|maxTime=180|crossShardPct=0|requestOfflinePct=0|receiptDropPct=0|ownerCap=3000|mobileThreshold=35,7,93,626,50,COMPLETE,32,32,32,15,32,10,4,0,32,32,32,0,160,0,0,8,533,773,32,1297,32,5533,2162,2,3677,1000
OFAT,LOAD_THRESHOLD,DEFAULT,baseSeed=626|nTx=32|nValidators=10|nShards=4|committee=3|quorum=2|loadThreshold=55|maxTime=180|crossShardPct=0|requestOfflinePct=0|receiptDropPct=0|ownerCap=3000|mobileThreshold=35,7,94,626,50,COMPLETE,32,32,32,16,32,10,4,0,32,32,32,0,160,0,0,7,532,783,32,1313,32,5956,2865,2,4879,1000
OFAT,LOAD_THRESHOLD,DEFAULT,baseSeed=626|nTx=32|nValidators=10|nShards=4|committee=3|quorum=2|loadThreshold=55|maxTime=180|crossShardPct=0|requestOfflinePct=0|receiptDropPct=0|ownerCap=3000|mobileThreshold=35,7,95,626,50,COMPLETE,32,32,32,16,32,10,4,0,32,32,32,0,160,0,0,7,532,784,32,1314,32,5158,2030,2,3461,1000
OFAT,LOAD_THRESHOLD,DEFAULT,baseSeed=626|nTx=32|nValidators=10|nShards=4|committee=3|quorum=2|loadThreshold=55|maxTime=180|crossShardPct=0|requestOfflinePct=0|receiptDropPct=0|ownerCap=3000|mobileThreshold=35,7,96,626,50,COMPLETE,32,32,32,16,32,10,4,0,32,32,32,0,160,0,0,7,532,781,32,1311,32,5447,2069,2,3461,1000
OFAT,LOAD_THRESHOLD,DEFAULT,baseSeed=626|nTx=32|nValidators=10|nShards=4|committee=3|quorum=2|loadThreshold=55|maxTime=180|crossShardPct=0|requestOfflinePct=0|receiptDropPct=0|ownerCap=3000|mobileThreshold=35,7,97,626,50,COMPLETE,32,32,32,15,32,10,4,0,32,32,32,0,160,0,0,8,533,769,32,1293,32,5028,2135,2,3918,1100
OFAT,LOAD_THRESHOLD,DEFAULT,baseSeed=626|nTx=32|nValidators=10|nShards=4|committee=3|quorum=2|loadThreshold=55|maxTime=180|crossShardPct=0|requestOfflinePct=0|receiptDropPct=0|ownerCap=3000|mobileThreshold=35,7,98,626,50,COMPLETE,32,32,32,16,32,10,4,0,32,32,32,0,160,0,0,7,532,782,32,1312,32,5947,2576,2,4326,1000
OFAT,LOAD_THRESHOLD,DEFAULT,baseSeed=626|nTx=32|nValidators=10|nShards=4|committee=3|quorum=2|loadThreshold=55|maxTime=180|crossShardPct=0|requestOfflinePct=0|receiptDropPct=0|ownerCap=3000|mobileThreshold=35,7,99,626,50,COMPLETE,32,32,32,15,32,10,4,0,32,32,32,0,160,0,0,8,533,770,32,1294,32,5615,2317,2,4206,1000
OFAT,LOAD_THRESHOLD,DEFAULT,baseSeed=626|nTx=32|nValidators=10|nShards=4|committee=3|quorum=2|loadThreshold=55|maxTime=180|crossShardPct=0|requestOfflinePct=0|receiptDropPct=0|ownerCap=3000|mobileThreshold=35,7,100,626,50,COMPLETE,32,32,32,16,32,10,4,0,32,32,32,0,160,0,0,7,532,785,32,1315,32,4966,1981,2,3461,1000
OFAT,LOAD_THRESHOLD,HIGH,baseSeed=626|nTx=32|nValidators=10|nShards=4|committee=3|quorum=2|loadThreshold=75|maxTime=180|crossShardPct=0|requestOfflinePct=0|receiptDropPct=0|ownerCap=3000|mobileThreshold=35,7,1,626,51,COMPLETE,32,32,32,17,32,10,4,0,32,32,32,0,160,0,0,4,529,816,32,1352,32,6312,2795,2,4543,1400
OFAT,LOAD_THRESHOLD,HIGH,baseSeed=626|nTx=32|nValidators=10|nShards=4|committee=3|quorum=2|loadThreshold=75|maxTime=180|crossShardPct=0|requestOfflinePct=0|receiptDropPct=0|ownerCap=3000|mobileThreshold=35,7,2,626,64,COMPLETE,32,32,32,18,32,10,4,0,32,32,32,0,160,0,0,4,529,831,32,1373,32,5259,1981,2,3365,1400
OFAT,LOAD_THRESHOLD,HIGH,baseSeed=626|nTx=32|nValidators=10|nShards=4|committee=3|quorum=2|loadThreshold=75|maxTime=180|crossShardPct=0|requestOfflinePct=0|receiptDropPct=0|ownerCap=3000|mobileThreshold=35,7,3,626,51,COMPLETE,32,32,32,18,32,10,4,0,32,32,32,0,160,0,0,4,529,825,32,1367,32,6355,2726,2,4447,1400
OFAT,LOAD_THRESHOLD,HIGH,baseSeed=626|nTx=32|nValidators=10|nShards=4|committee=3|quorum=2|loadThreshold=75|maxTime=180|crossShardPct=0|requestOfflinePct=0|receiptDropPct=0|ownerCap=3000|mobileThreshold=35,7,4,626,64,COMPLETE,32,32,32,17,32,10,4,0,32,32,32,0,160,0,0,4,529,819,32,1355,32,5591,2121,2,3533,1400
OFAT,LOAD_THRESHOLD,HIGH,baseSeed=626|nTx=32|nValidators=10|nShards=4|committee=3|quorum=2|loadThreshold=75|maxTime=180|crossShardPct=0|requestOfflinePct=0|receiptDropPct=0|ownerCap=3000|mobileThreshold=35,7,5,626,64,COMPLETE,32,32,32,17,32,10,4,0,32,32,32,0,160,0,0,4,529,819,32,1355,32,5586,2106,2,3245,1400
OFAT,LOAD_THRESHOLD,HIGH,baseSeed=626|nTx=32|nValidators=10|nShards=4|committee=3|quorum=2|loadThreshold=75|maxTime=180|crossShardPct=0|requestOfflinePct=0|receiptDropPct=0|ownerCap=3000|mobileThreshold=35,7,6,626,51,COMPLETE,32,32,32,18,32,10,4,0,32,32,32,0,160,0,0,4,529,826,32,1368,32,6649,2872,2,4543,1400
OFAT,LOAD_THRESHOLD,HIGH,baseSeed=626|nTx=32|nValidators=10|nShards=4|committee=3|quorum=2|loadThreshold=75|maxTime=180|crossShardPct=0|requestOfflinePct=0|receiptDropPct=0|ownerCap=3000|mobileThreshold=35,7,7,626,51,COMPLETE,32,32,32,18,32,10,4,0,32,32,32,0,160,0,0,4,529,829,32,1371,32,4557,1737,3,3028,1400
OFAT,LOAD_THRESHOLD,HIGH,baseSeed=626|nTx=32|nValidators=10|nShards=4|committee=3|quorum=2|loadThreshold=75|maxTime=180|crossShardPct=0|requestOfflinePct=0|receiptDropPct=0|ownerCap=3000|mobileThreshold=35,7,8,626,51,COMPLETE,32,32,32,17,32,10,4,0,32,32,32,0,160,0,0,5,530,819,32,1355,32,5269,2056,2,3485,1400
OFAT,LOAD_THRESHOLD,HIGH,baseSeed=626|nTx=32|nValidators=10|nShards=4|committee=3|quorum=2|loadThreshold=75|maxTime=180|crossShardPct=0|requestOfflinePct=0|receiptDropPct=0|ownerCap=3000|mobileThreshold=35,7,9,626,51,COMPLETE,32,32,32,17,32,10,4,0,32,32,32,0,160,0,0,5,530,819,32,1355,32,5293,2068,2,3533,1400
OFAT,LOAD_THRESHOLD,HIGH,baseSeed=626|nTx=32|nValidators=10|nShards=4|committee=3|quorum=2|loadThreshold=75|maxTime=180|crossShardPct=0|requestOfflinePct=0|receiptDropPct=0|ownerCap=3000|mobileThreshold=35,7,10,626,64,COMPLETE,32,32,32,17,32,10,4,0,32,32,32,0,160,0,0,4,529,818,32,1354,32,4927,1883,3,3245,1400
OFAT,LOAD_THRESHOLD,HIGH,baseSeed=626|nTx=32|nValidators=10|nShards=4|committee=3|quorum=2|loadThreshold=75|maxTime=180|crossShardPct=0|requestOfflinePct=0|receiptDropPct=0|ownerCap=3000|mobileThreshold=35,7,11,626,51,COMPLETE,32,32,32,18,32,10,4,0,32,32,32,0,160,0,0,4,529,830,32,1372,32,5495,2070,2,3365,1400
OFAT,LOAD_THRESHOLD,HIGH,baseSeed=626|nTx=32|nValidators=10|nShards=4|committee=3|quorum=2|loadThreshold=75|maxTime=180|crossShardPct=0|requestOfflinePct=0|receiptDropPct=0|ownerCap=3000|mobileThreshold=35,7,12,626,64,COMPLETE,32,32,32,18,32,10,4,0,32,32,32,0,160,0,0,4,529,831,32,1373,32,4221,1674,3,3028,1400
OFAT,LOAD_THRESHOLD,HIGH,baseSeed=626|nTx=32|nValidators=10|nShards=4|committee=3|quorum=2|loadThreshold=75|maxTime=180|crossShardPct=0|requestOfflinePct=0|receiptDropPct=0|ownerCap=3000|mobileThreshold=35,7,13,626,64,COMPLETE,32,32,32,17,32,10,4,0,32,32,32,0,160,0,0,5,530,819,32,1355,32,5750,2479,2,4326,1400
OFAT,LOAD_THRESHOLD,HIGH,baseSeed=626|nTx=32|nValidators=10|nShards=4|committee=3|quorum=2|loadThreshold=75|maxTime=180|crossShardPct=0|requestOfflinePct=0|receiptDropPct=0|ownerCap=3000|mobileThreshold=35,7,14,626,51,COMPLETE,32,32,32,17,32,10,4,0,32,32,32,0,160,0,0,4,529,818,32,1354,32,5293,2068,2,3533,1400
OFAT,LOAD_THRESHOLD,HIGH,baseSeed=626|nTx=32|nValidators=10|nShards=4|committee=3|quorum=2|loadThreshold=75|maxTime=180|crossShardPct=0|requestOfflinePct=0|receiptDropPct=0|ownerCap=3000|mobileThreshold=35,7,15,626,64,COMPLETE,32,32,32,18,32,10,4,0,32,32,32,0,160,0,0,4,529,831,32,1373,32,4966,1895,2,3028,1400
OFAT,LOAD_THRESHOLD,HIGH,baseSeed=626|nTx=32|nValidators=10|nShards=4|committee=3|quorum=2|loadThreshold=75|maxTime=180|crossShardPct=0|requestOfflinePct=0|receiptDropPct=0|ownerCap=3000|mobileThreshold=35,7,16,626,51,COMPLETE,32,32,32,16,32,10,4,0,32,32,32,0,160,0,0,4,529,803,32,1333,32,5730,2263,2,3750,1400
OFAT,LOAD_THRESHOLD,HIGH,baseSeed=626|nTx=32|nValidators=10|nShards=4|committee=3|quorum=2|loadThreshold=75|maxTime=180|crossShardPct=0|requestOfflinePct=0|receiptDropPct=0|ownerCap=3000|mobileThreshold=35,7,17,626,51,COMPLETE,32,32,32,16,32,10,4,0,32,32,32,0,160,0,0,4,529,806,32,1336,32,5644,2219,2,3750,1400
OFAT,LOAD_THRESHOLD,HIGH,baseSeed=626|nTx=32|nValidators=10|nShards=4|committee=3|quorum=2|loadThreshold=75|maxTime=180|crossShardPct=0|requestOfflinePct=0|receiptDropPct=0|ownerCap=3000|mobileThreshold=35,7,18,626,51,COMPLETE,32,32,32,18,32,10,4,0,32,32,32,0,160,0,0,4,529,829,32,1371,32,6086,2533,2,4110,1400
OFAT,LOAD_THRESHOLD,HIGH,baseSeed=626|nTx=32|nValidators=10|nShards=4|committee=3|quorum=2|loadThreshold=75|maxTime=180|crossShardPct=0|requestOfflinePct=0|receiptDropPct=0|ownerCap=3000|mobileThreshold=35,7,19,626,64,COMPLETE,32,32,32,17,32,10,4,0,32,32,32,0,160,0,0,4,529,819,32,1355,32,5293,2068,2,3533,1400
OFAT,LOAD_THRESHOLD,HIGH,baseSeed=626|nTx=32|nValidators=10|nShards=4|committee=3|quorum=2|loadThreshold=75|maxTime=180|crossShardPct=0|requestOfflinePct=0|receiptDropPct=0|ownerCap=3000|mobileThreshold=35,7,20,626,64,COMPLETE,32,32,32,17,32,10,4,0,32,32,32,0,160,0,0,4,529,818,32,1354,32,5884,2678,2,4615,1400
OFAT,LOAD_THRESHOLD,HIGH,baseSeed=626|nTx=32|nValidators=10|nShards=4|committee=3|quorum=2|loadThreshold=75|maxTime=180|crossShardPct=0|requestOfflinePct=0|receiptDropPct=0|ownerCap=3000|mobileThreshold=35,7,21,626,51,COMPLETE,32,32,32,16,32,10,4,0,32,32,32,0,160,0,0,4,529,805,32,1335,32,5355,2156,2,3750,1400
OFAT,LOAD_THRESHOLD,HIGH,baseSeed=626|nTx=32|nValidators=10|nShards=4|committee=3|quorum=2|loadThreshold=75|maxTime=180|crossShardPct=0|requestOfflinePct=0|receiptDropPct=0|ownerCap=3000|mobileThreshold=35,7,22,626,51,COMPLETE,32,32,32,18,32,10,4,0,32,32,32,0,160,0,0,4,529,829,32,1371,32,5370,1995,3,3028,1400
OFAT,LOAD_THRESHOLD,HIGH,baseSeed=626|nTx=32|nValidators=10|nShards=4|committee=3|quorum=2|loadThreshold=75|maxTime=180|crossShardPct=0|requestOfflinePct=0|receiptDropPct=0|ownerCap=3000|mobileThreshold=35,7,23,626,64,COMPLETE,32,32,32,17,32,10,4,0,32,32,32,0,160,0,0,4,529,818,32,1354,32,5533,2133,2,3485,1400
OFAT,LOAD_THRESHOLD,HIGH,baseSeed=626|nTx=32|nValidators=10|nShards=4|committee=3|quorum=2|loadThreshold=75|maxTime=180|crossShardPct=0|requestOfflinePct=0|receiptDropPct=0|ownerCap=3000|mobileThreshold=35,7,24,626,51,COMPLETE,32,32,32,16,32,10,4,0,32,32,32,0,160,0,0,4,529,804,32,1334,32,5038,2062,3,3750,1400
OFAT,LOAD_THRESHOLD,HIGH,baseSeed=626|nTx=32|nValidators=10|nShards=4|committee=3|quorum=2|loadThreshold=75|maxTime=180|crossShardPct=0|requestOfflinePct=0|receiptDropPct=0|ownerCap=3000|mobileThreshold=35,7,25,626,64,COMPLETE,32,32,32,18,32,10,4,0,32,32,32,0,160,0,0,4,529,831,32,1373,32,4177,1663,3,3028,1400
OFAT,LOAD_THRESHOLD,HIGH,baseSeed=626|nTx=32|nValidators=10|nShards=4|committee=3|quorum=2|loadThreshold=75|maxTime=180|crossShardPct=0|requestOfflinePct=0|receiptDropPct=0|ownerCap=3000|mobileThreshold=35,7,26,626,64,COMPLETE,32,32,32,17,32,10,4,0,32,32,32,0,160,0,0,4,529,818,32,1354,32,4932,1876,3,3245,1400
OFAT,LOAD_THRESHOLD,HIGH,baseSeed=626|nTx=32|nValidators=10|nShards=4|committee=3|quorum=2|loadThreshold=75|maxTime=180|crossShardPct=0|requestOfflinePct=0|receiptDropPct=0|ownerCap=3000|mobileThreshold=35,7,27,626,51,COMPLETE,32,32,32,18,32,10,4,0,32,32,32,0,160,0,0,5,530,827,32,1369,32,4812,1980,2,3028,1400
OFAT,LOAD_THRESHOLD,HIGH,baseSeed=626|nTx=32|nValidators=10|nShards=4|committee=3|quorum=2|loadThreshold=75|maxTime=180|crossShardPct=0|requestOfflinePct=0|receiptDropPct=0|ownerCap=3000|mobileThreshold=35,7,28,626,64,COMPLETE,32,32,32,17,32,10,4,0,32,32,32,0,160,0,0,4,529,819,32,1355,32,6225,2881,2,4783,1400
OFAT,LOAD_THRESHOLD,HIGH,baseSeed=626|nTx=32|nValidators=10|nShards=4|committee=3|quorum=2|loadThreshold=75|maxTime=180|crossShardPct=0|requestOfflinePct=0|receiptDropPct=0|ownerCap=3000|mobileThreshold=35,7,29,626,51,COMPLETE,32,32,32,17,32,10,4,0,32,32,32,0,160,0,0,4,529,816,32,1352,32,5269,2533,2,4543,1400
OFAT,LOAD_THRESHOLD,HIGH,baseSeed=626|nTx=32|nValidators=10|nShards=4|committee=3|quorum=2|loadThreshold=75|maxTime=180|crossShardPct=0|requestOfflinePct=0|receiptDropPct=0|ownerCap=3000|mobileThreshold=35,7,30,626,64,COMPLETE,32,32,32,17,32,10,4,0,32,32,32,0,160,0,0,4,529,818,32,1354,32,5014,1911,3,3245,1400
OFAT,LOAD_THRESHOLD,HIGH,baseSeed=626|nTx=32|nValidators=10|nShards=4|committee=3|quorum=2|loadThreshold=75|maxTime=180|crossShardPct=0|requestOfflinePct=0|receiptDropPct=0|ownerCap=3000|mobileThreshold=35,7,31,626,51,COMPLETE,32,32,32,16,32,10,4,0,32,32,32,0,160,0,0,4,529,805,32,1335,32,5826,2615,2,4543,1400
OFAT,LOAD_THRESHOLD,HIGH,baseSeed=626|nTx=32|nValidators=10|nShards=4|committee=3|quorum=2|loadThreshold=75|maxTime=180|crossShardPct=0|requestOfflinePct=0|receiptDropPct=0|ownerCap=3000|mobileThreshold=35,7,32,626,51,COMPLETE,32,32,32,17,32,10,4,0,32,32,32,0,160,0,0,4,529,817,32,1353,32,4831,1840,3,3245,1400
OFAT,LOAD_THRESHOLD,HIGH,baseSeed=626|nTx=32|nValidators=10|nShards=4|committee=3|quorum=2|loadThreshold=75|maxTime=180|crossShardPct=0|requestOfflinePct=0|receiptDropPct=0|ownerCap=3000|mobileThreshold=35,7,33,626,64,COMPLETE,32,32,32,18,32,10,4,0,32,32,32,0,160,0,0,4,529,831,32,1373,32,5576,2132,2,3269,1400
OFAT,LOAD_THRESHOLD,HIGH,baseSeed=626|nTx=32|nValidators=10|nShards=4|committee=3|quorum=2|loadThreshold=75|maxTime=180|crossShardPct=0|requestOfflinePct=0|receiptDropPct=0|ownerCap=3000|mobileThreshold=35,7,34,626,51,COMPLETE,32,32,32,16,32,10,4,0,32,32,32,0,160,0,0,4,529,803,32,1333,32,5620,2738,2,4759,1400
OFAT,LOAD_THRESHOLD,HIGH,baseSeed=626|nTx=32|nValidators=10|nShards=4|committee=3|quorum=2|loadThreshold=75|maxTime=180|crossShardPct=0|requestOfflinePct=0|receiptDropPct=0|ownerCap=3000|mobileThreshold=35,7,35,626,51,COMPLETE,32,32,32,16,32,10,4,0,32,32,32,0,160,0,0,4,529,806,32,1336,32,6360,2924,2,4783,1400
OFAT,LOAD_THRESHOLD,HIGH,baseSeed=626|nTx=32|nValidators=10|nShards=4|committee=3|quorum=2|loadThreshold=75|maxTime=180|crossShardPct=0|requestOfflinePct=0|receiptDropPct=0|ownerCap=3000|mobileThreshold=35,7,36,626,51,COMPLETE,32,32,32,16,32,10,4,0,32,32,32,0,160,0,0,4,529,803,32,1333,32,5875,2638,2,4543,1400
OFAT,LOAD_THRESHOLD,HIGH,baseSeed=626|nTx=32|nValidators=10|nShards=4|committee=3|quorum=2|loadThreshold=75|maxTime=180|crossShardPct=0|requestOfflinePct=0|receiptDropPct=0|ownerCap=3000|mobileThreshold=35,7,37,626,51,COMPLETE,32,32,32,18,32,10,4,0,32,32,32,0,160,0,0,4,529,825,32,1367,32,5312,1982,2,3028,1400
OFAT,LOAD_THRESHOLD,HIGH,baseSeed=626|nTx=32|nValidators=10|nShards=4|committee=3|quorum=2|loadThreshold=75|maxTime=180|crossShardPct=0|requestOfflinePct=0|receiptDropPct=0|ownerCap=3000|mobileThreshold=35,7,38,626,51,COMPLETE,32,32,32,18,32,10,4,0,32,32,32,0,160,0,0,4,529,830,32,1372,32,5250,1995,2,3365,1400
OFAT,LOAD_THRESHOLD,HIGH,baseSeed=626|nTx=32|nValidators=10|nShards=4|committee=3|quorum=2|loadThreshold=75|maxTime=180|crossShardPct=0|requestOfflinePct=0|receiptDropPct=0|ownerCap=3000|mobileThreshold=35,7,39,626,64,COMPLETE,32,32,32,17,32,10,4,0,32,32,32,0,160,0,0,4,529,819,32,1355,32,5293,2068,2,3533,1400
OFAT,LOAD_THRESHOLD,HIGH,baseSeed=626|nTx=32|nValidators=10|nShards=4|committee=3|quorum=2|loadThreshold=75|maxTime=180|crossShardPct=0|requestOfflinePct=0|receiptDropPct=0|ownerCap=3000|mobileThreshold=35,7,40,626,51,COMPLETE,32,32,32,18,32,10,4,0,32,32,32,0,160,0,0,4,529,827,32,1369,32,5447,2030,3,3942,1400
OFAT,LOAD_THRESHOLD,HIGH,baseSeed=626|nTx=32|nValidators=10|nShards=4|committee=3|quorum=2|loadThreshold=75|maxTime=180|crossShardPct=0|requestOfflinePct=0|receiptDropPct=0|ownerCap=3000|mobileThreshold=35,7,41,626,51,COMPLETE,32,32,32,18,32,10,4,0,32,32,32,0,160,0,0,4,529,827,32,1369,32,5408,2038,2,3701,1400
OFAT,LOAD_THRESHOLD,HIGH,baseSeed=626|nTx=32|nValidators=10|nShards=4|committee=3|quorum=2|loadThreshold=75|maxTime=180|crossShardPct=0|requestOfflinePct=0|receiptDropPct=0|ownerCap=3000|mobileThreshold=35,7,42,626,51,COMPLETE,32,32,32,16,32,10,4,0,32,32,32,0,160,0,0,4,529,804,32,1334,32,4687,1880,3,3461,1400
OFAT,LOAD_THRESHOLD,HIGH,baseSeed=626|nTx=32|nValidators=10|nShards=4|committee=3|quorum=2|loadThreshold=75|maxTime=180|crossShardPct=0|requestOfflinePct=0|receiptDropPct=0|ownerCap=3000|mobileThreshold=35,7,43,626,51,COMPLETE,32,32,32,17,32,10,4,0,32,32,32,0,160,0,0,4,529,816,32,1352,32,5245,2056,2,3533,1400
OFAT,LOAD_THRESHOLD,HIGH,baseSeed=626|nTx=32|nValidators=10|nShards=4|committee=3|quorum=2|loadThreshold=75|maxTime=180|crossShardPct=0|requestOfflinePct=0|receiptDropPct=0|ownerCap=3000|mobileThreshold=35,7,44,626,51,COMPLETE,32,32,32,16,32,10,4,0,32,32,32,0,160,0,0,4,529,803,32,1333,32,5860,2428,2,3990,1400
OFAT,LOAD_THRESHOLD,HIGH,baseSeed=626|nTx=32|nValidators=10|nShards=4|committee=3|quorum=2|loadThreshold=75|maxTime=180|crossShardPct=0|requestOfflinePct=0|receiptDropPct=0|ownerCap=3000|mobileThreshold=35,7,45,626,51,COMPLETE,32,32,32,17,32,10,4,0,32,32,32,0,160,0,0,4,529,817,32,1353,32,5225,1958,3,3245,1400
OFAT,LOAD_THRESHOLD,HIGH,baseSeed=626|nTx=32|nValidators=10|nShards=4|committee=3|quorum=2|loadThreshold=75|maxTime=180|crossShardPct=0|requestOfflinePct=0|receiptDropPct=0|ownerCap=3000|mobileThreshold=35,7,46,626,64,COMPLETE,32,32,32,18,32,10,4,0,32,32,32,0,160,0,0,4,529,831,32,1373,32,6312,2795,2,4543,1400
OFAT,LOAD_THRESHOLD,HIGH,baseSeed=626|nTx=32|nValidators=10|nShards=4|committee=3|quorum=2|loadThreshold=75|maxTime=180|crossShardPct=0|requestOfflinePct=0|receiptDropPct=0|ownerCap=3000|mobileThreshold=35,7,47,626,64,COMPLETE,32,32,32,17,32,10,4,0,32,32,32,0,160,0,0,5,530,819,32,1355,32,5254,2030,2,3533,1400
OFAT,LOAD_THRESHOLD,HIGH,baseSeed=626|nTx=32|nValidators=10|nShards=4|committee=3|quorum=2|loadThreshold=75|maxTime=180|crossShardPct=0|requestOfflinePct=0|receiptDropPct=0|ownerCap=3000|mobileThreshold=35,7,48,626,51,COMPLETE,32,32,32,16,32,10,4,0,32,32,32,0,160,0,0,4,529,805,32,1335,32,6312,2795,2,4543,1400
OFAT,LOAD_THRESHOLD,HIGH,baseSeed=626|nTx=32|nValidators=10|nShards=4|committee=3|quorum=2|loadThreshold=75|maxTime=180|crossShardPct=0|requestOfflinePct=0|receiptDropPct=0|ownerCap=3000|mobileThreshold=35,7,49,626,51,COMPLETE,32,32,32,16,32,10,4,0,32,32,32,0,160,0,0,4,529,807,32,1337,32,5740,2233,2,3750,1400
OFAT,LOAD_THRESHOLD,HIGH,baseSeed=626|nTx=32|nValidators=10|nShards=4|committee=3|quorum=2|loadThreshold=75|maxTime=180|crossShardPct=0|requestOfflinePct=0|receiptDropPct=0|ownerCap=3000|mobileThreshold=35,7,50,626,64,COMPLETE,32,32,32,17,32,10,4,0,32,32,32,0,160,0,0,4,529,817,32,1353,32,5225,1958,3,3245,1400
OFAT,LOAD_THRESHOLD,HIGH,baseSeed=626|nTx=32|nValidators=10|nShards=4|committee=3|quorum=2|loadThreshold=75|maxTime=180|crossShardPct=0|requestOfflinePct=0|receiptDropPct=0|ownerCap=3000|mobileThreshold=35,7,51,626,64,COMPLETE,32,32,32,17,32,10,4,0,32,32,32,0,160,0,0,4,529,817,32,1353,32,6649,2872,2,4543,1400
OFAT,LOAD_THRESHOLD,HIGH,baseSeed=626|nTx=32|nValidators=10|nShards=4|committee=3|quorum=2|loadThreshold=75|maxTime=180|crossShardPct=0|requestOfflinePct=0|receiptDropPct=0|ownerCap=3000|mobileThreshold=35,7,52,626,64,COMPLETE,32,32,32,17,32,10,4,0,32,32,32,0,160,0,0,5,530,819,32,1355,32,5091,1991,2,3533,1400
OFAT,LOAD_THRESHOLD,HIGH,baseSeed=626|nTx=32|nValidators=10|nShards=4|committee=3|quorum=2|loadThreshold=75|maxTime=180|crossShardPct=0|requestOfflinePct=0|receiptDropPct=0|ownerCap=3000|mobileThreshold=35,7,53,626,64,COMPLETE,32,32,32,17,32,10,4,0,32,32,32,0,160,0,0,5,530,819,32,1355,32,6182,2673,2,4326,1400
OFAT,LOAD_THRESHOLD,HIGH,baseSeed=626|nTx=32|nValidators=10|nShards=4|committee=3|quorum=2|loadThreshold=75|maxTime=180|crossShardPct=0|requestOfflinePct=0|receiptDropPct=0|ownerCap=3000|mobileThreshold=35,7,54,626,51,COMPLETE,32,32,32,16,32,10,4,0,32,32,32,0,160,0,0,4,529,801,32,1331,32,5653,2226,2,3750,1400
OFAT,LOAD_THRESHOLD,HIGH,baseSeed=626|nTx=32|nValidators=10|nShards=4|committee=3|quorum=2|loadThreshold=75|maxTime=180|crossShardPct=0|requestOfflinePct=0|receiptDropPct=0|ownerCap=3000|mobileThreshold=35,7,55,626,51,COMPLETE,32,32,32,16,32,10,4,0,32,32,32,0,160,0,0,4,529,804,32,1334,32,5548,2137,2,3461,1400
OFAT,LOAD_THRESHOLD,HIGH,baseSeed=626|nTx=32|nValidators=10|nShards=4|committee=3|quorum=2|loadThreshold=75|maxTime=180|crossShardPct=0|requestOfflinePct=0|receiptDropPct=0|ownerCap=3000|mobileThreshold=35,7,56,626,51,COMPLETE,32,32,32,16,32,10,4,0,32,32,32,0,160,0,0,4,529,807,32,1337,32,5927,2316,2,3750,1400
OFAT,LOAD_THRESHOLD,HIGH,baseSeed=626|nTx=32|nValidators=10|nShards=4|committee=3|quorum=2|loadThreshold=75|maxTime=180|crossShardPct=0|requestOfflinePct=0|receiptDropPct=0|ownerCap=3000|mobileThreshold=35,7,57,626,51,COMPLETE,32,32,32,16,32,10,4,0,32,32,32,0,160,0,0,4,529,805,32,1335,32,5860,2428,2,3990,1400
OFAT,LOAD_THRESHOLD,HIGH,baseSeed=626|nTx=32|nValidators=10|nShards=4|committee=3|quorum=2|loadThreshold=75|maxTime=180|crossShardPct=0|requestOfflinePct=0|receiptDropPct=0|ownerCap=3000|mobileThreshold=35,7,58,626,51,COMPLETE,32,32,32,18,32,10,4,0,32,32,32,0,160,0,0,4,529,829,32,1371,32,5254,1916,3,3028,1400
OFAT,LOAD_THRESHOLD,HIGH,baseSeed=626|nTx=32|nValidators=10|nShards=4|committee=3|quorum=2|loadThreshold=75|maxTime=180|crossShardPct=0|requestOfflinePct=0|receiptDropPct=0|ownerCap=3000|mobileThreshold=35,7,59,626,51,COMPLETE,32,32,32,17,32,10,4,0,32,32,32,0,160,0,0,4,529,817,32,1353,32,5543,2134,2,3822,1400
OFAT,LOAD_THRESHOLD,HIGH,baseSeed=626|nTx=32|nValidators=10|nShards=4|committee=3|quorum=2|loadThreshold=75|maxTime=180|crossShardPct=0|requestOfflinePct=0|receiptDropPct=0|ownerCap=3000|mobileThreshold=35,7,60,626,64,COMPLETE,32,32,32,17,32,10,4,0,32,32,32,0,160,0,0,5,530,819,32,1355,32,5254,2030,2,3533,1400
OFAT,LOAD_THRESHOLD,HIGH,baseSeed=626|nTx=32|nValidators=10|nShards=4|committee=3|quorum=2|loadThreshold=75|maxTime=180|crossShardPct=0|requestOfflinePct=0|receiptDropPct=0|ownerCap=3000|mobileThreshold=35,7,61,626,51,COMPLETE,32,32,32,18,32,10,4,0,32,32,32,0,160,0,0,5,530,828,32,1370,32,5812,2567,2,4447,1400
OFAT,LOAD_THRESHOLD,HIGH,baseSeed=626|nTx=32|nValidators=10|nShards=4|committee=3|quorum=2|loadThreshold=75|maxTime=180|crossShardPct=0|requestOfflinePct=0|receiptDropPct=0|ownerCap=3000|mobileThreshold=35,7,62,626,51,COMPLETE,32,32,32,16,32,10,4,0,32,32,32,0,160,0,0,4,529,805,32,1335,32,6514,2632,2,3990,1400
OFAT,LOAD_THRESHOLD,HIGH,baseSeed=626|nTx=32|nValidators=10|nShards=4|committee=3|quorum=2|loadThreshold=75|maxTime=180|crossShardPct=0|requestOfflinePct=0|receiptDropPct=0|ownerCap=3000|mobileThreshold=35,7,63,626,51,COMPLETE,32,32,32,16,32,10,4,0,32,32,32,0,160,0,0,4,529,805,32,1335,32,5899,2251,2,3461,1400
OFAT,LOAD_THRESHOLD,HIGH,baseSeed=626|nTx=32|nValidators=10|nShards=4|committee=3|quorum=2|loadThreshold=75|maxTime=180|crossShardPct=0|requestOfflinePct=0|receiptDropPct=0|ownerCap=3000|mobileThreshold=35,7,64,626,51,COMPLETE,32,32,32,18,32,10,4,0,32,32,32,0,160,0,0,5,530,824,32,1366,32,6312,2795,2,4543,1400
OFAT,LOAD_THRESHOLD,HIGH,baseSeed=626|nTx=32|nValidators=10|nShards=4|committee=3|quorum=2|loadThreshold=75|maxTime=180|crossShardPct=0|requestOfflinePct=0|receiptDropPct=0|ownerCap=3000|mobileThreshold=35,7,65,626,51,COMPLETE,32,32,32,19,32,10,4,0,32,32,32,0,160,0,0,4,529,840,32,1388,32,4947,1859,3,3149,1500
OFAT,LOAD_THRESHOLD,HIGH,baseSeed=626|nTx=32|nValidators=10|nShards=4|committee=3|quorum=2|loadThreshold=75|maxTime=180|crossShardPct=0|requestOfflinePct=0|receiptDropPct=0|ownerCap=3000|mobileThreshold=35,7,66,626,51,COMPLETE,32,32,32,16,32,10,4,0,32,32,32,0,160,0,0,4,529,805,32,1335,32,5975,2705,2,4543,1400
OFAT,LOAD_THRESHOLD,HIGH,baseSeed=626|nTx=32|nValidators=10|nShards=4|committee=3|quorum=2|loadThreshold=75|maxTime=180|crossShardPct=0|requestOfflinePct=0|receiptDropPct=0|ownerCap=3000|mobileThreshold=35,7,67,626,64,COMPLETE,32,32,32,17,32,10,4,0,32,32,32,0,160,0,0,4,529,818,32,1354,32,6144,2383,2,3533,1400
OFAT,LOAD_THRESHOLD,HIGH,baseSeed=626|nTx=32|nValidators=10|nShards=4|committee=3|quorum=2|loadThreshold=75|maxTime=180|crossShardPct=0|requestOfflinePct=0|receiptDropPct=0|ownerCap=3000|mobileThreshold=35,7,68,626,51,COMPLETE,32,32,32,16,32,10,4,0,32,32,32,0,160,0,0,4,529,803,32,1333,32,5451,2086,2,3942,1400
OFAT,LOAD_THRESHOLD,HIGH,baseSeed=626|nTx=32|nValidators=10|nShards=4|committee=3|quorum=2|loadThreshold=75|maxTime=180|crossShardPct=0|requestOfflinePct=0|receiptDropPct=0|ownerCap=3000|mobileThreshold=35,7,69,626,50,COMPLETE,32,32,32,15,32,10,4,0,32,32,32,0,160,0,0,6,531,786,32,1310,32,6567,3072,2,4975,1300
OFAT,LOAD_THRESHOLD,HIGH,baseSeed=626|nTx=32|nValidators=10|nShards=4|committee=3|quorum=2|loadThreshold=75|maxTime=180|crossShardPct=0|requestOfflinePct=0|receiptDropPct=0|ownerCap=3000|mobileThreshold=35,7,70,626,64,COMPLETE,32,32,32,18,32,10,4,0,32,32,32,0,160,0,0,4,529,831,32,1373,32,4870,1820,3,3028,1400
OFAT,LOAD_THRESHOLD,HIGH,baseSeed=626|nTx=32|nValidators=10|nShards=4|committee=3|quorum=2|loadThreshold=75|maxTime=180|crossShardPct=0|requestOfflinePct=0|receiptDropPct=0|ownerCap=3000|mobileThreshold=35,7,71,626,64,COMPLETE,32,32,32,18,32,10,4,0,32,32,32,0,160,0,0,4,529,831,32,1373,32,4846,1854,3,3269,1400
OFAT,LOAD_THRESHOLD,HIGH,baseSeed=626|nTx=32|nValidators=10|nShards=4|committee=3|quorum=2|loadThreshold=75|maxTime=180|crossShardPct=0|requestOfflinePct=0|receiptDropPct=0|ownerCap=3000|mobileThreshold=35,7,72,626,51,COMPLETE,32,32,32,16,32,10,4,0,32,32,32,0,160,0,0,4,529,806,32,1336,32,5653,2226,2,3750,1400
OFAT,LOAD_THRESHOLD,HIGH,baseSeed=626|nTx=32|nValidators=10|nShards=4|committee=3|quorum=2|loadThreshold=75|maxTime=180|crossShardPct=0|requestOfflinePct=0|receiptDropPct=0|ownerCap=3000|mobileThreshold=35,7,73,626,51,COMPLETE,32,32,32,16,32,10,4,0,32,32,32,0,160,0,0,4,529,805,32,1335,32,5817,2345,2,3461,1400
OFAT,LOAD_THRESHOLD,HIGH,baseSeed=626|nTx=32|nValidators=10|nShards=4|committee=3|quorum=2|loadThreshold=75|maxTime=180|crossShardPct=0|requestOfflinePct=0|receiptDropPct=0|ownerCap=3000|mobileThreshold=35,7,74,626,51,COMPLETE,32,32,32,16,32,10,4,0,32,32,32,0,160,0,0,4,529,805,32,1335,32,5355,2156,2,3750,1400
OFAT,LOAD_THRESHOLD,HIGH,baseSeed=626|nTx=32|nValidators=10|nShards=4|committee=3|quorum=2|loadThreshold=75|maxTime=180|crossShardPct=0|requestOfflinePct=0|receiptDropPct=0|ownerCap=3000|mobileThreshold=35,7,75,626,51,COMPLETE,32,32,32,19,32,10,4,0,32,32,32,0,160,0,0,4,529,840,32,1388,32,5149,2063,2,3100,1500
OFAT,LOAD_THRESHOLD,HIGH,baseSeed=626|nTx=32|nValidators=10|nShards=4|committee=3|quorum=2|loadThreshold=75|maxTime=180|crossShardPct=0|requestOfflinePct=0|receiptDropPct=0|ownerCap=3000|mobileThreshold=35,7,76,626,51,COMPLETE,32,32,32,19,32,10,4,0,32,32,32,0,160,0,0,4,529,839,32,1387,32,5971,2508,2,4110,1500
OFAT,LOAD_THRESHOLD,HIGH,baseSeed=626|nTx=32|nValidators=10|nShards=4|committee=3|quorum=2|loadThreshold=75|maxTime=180|crossShardPct=0|requestOfflinePct=0|receiptDropPct=0|ownerCap=3000|mobileThreshold=35,7,77,626,51,COMPLETE,32,32,32,16,32,10,4,0,32,32,32,0,160,0,0,4,529,805,32,1335,32,4600,1996,3,3750,1400
OFAT,LOAD_THRESHOLD,HIGH,baseSeed=626|nTx=32|nValidators=10|nShards=4|committee=3|quorum=2|loadThreshold=75|maxTime=180|crossShardPct=0|requestOfflinePct=0|receiptDropPct=0|ownerCap=3000|mobileThreshold=35,7,78,626,51,COMPLETE,32,32,32,16,32,10,4,0,32,32,32,0,160,0,0,4,529,806,32,1336,32,5692,2244,2,3750,1400
OFAT,LOAD_THRESHOLD,HIGH,baseSeed=626|nTx=32|nValidators=10|nShards=4|committee=3|quorum=2|loadThreshold=75|maxTime=180|crossShardPct=0|requestOfflinePct=0|receiptDropPct=0|ownerCap=3000|mobileThreshold=35,7,79,626,64,COMPLETE,32,32,32,18,32,10,4,0,32,32,32,0,160,0,0,4,529,831,32,1373,32,4812,1879,3,3365,1400
OFAT,LOAD_THRESHOLD,HIGH,baseSeed=626|nTx=32|nValidators=10|nShards=4|committee=3|quorum=2|loadThreshold=75|maxTime=180|crossShardPct=0|requestOfflinePct=0|receiptDropPct=0|ownerCap=3000|mobileThreshold=35,7,80,626,64,COMPLETE,32,32,32,17,32,10,4,0,32,32,32,0,160,0,0,4,529,818,32,1354,32,5750,2196,2,3245,1400
OFAT,LOAD_THRESHOLD,HIGH,baseSeed=626|nTx=32|nValidators=10|nShards=4|committee=3|quorum=2|loadThreshold=75|maxTime=180|crossShardPct=0|requestOfflinePct=0|receiptDropPct=0|ownerCap=3000|mobileThreshold=35,7,81,626,51,COMPLETE,32,32,32,18,32,10,4,0,32,32,32,0,160,0,0,4,529,830,32,1372,32,5591,2130,2,3269,1400
OFAT,LOAD_THRESHOLD,HIGH,baseSeed=626|nTx=32|nValidators=10|nShards=4|committee=3|quorum=2|loadThreshold=75|maxTime=180|crossShardPct=0|requestOfflinePct=0|receiptDropPct=0|ownerCap=3000|mobileThreshold=35,7,82,626,51,COMPLETE,32,32,32,18,32,10,4,0,32,32,32,0,160,0,0,5,530,828,32,1370,32,5528,2558,2,4543,1400
OFAT,LOAD_THRESHOLD,HIGH,baseSeed=626|nTx=32|nValidators=10|nShards=4|committee=3|quorum=2|loadThreshold=75|maxTime=180|crossShardPct=0|requestOfflinePct=0|receiptDropPct=0|ownerCap=3000|mobileThreshold=35,7,83,626,51,COMPLETE,32,32,32,16,32,10,4,0,32,32,32,0,160,0,0,4,529,805,32,1335,32,5855,2630,2,4543,1400
OFAT,LOAD_THRESHOLD,HIGH,baseSeed=626|nTx=32|nValidators=10|nShards=4|committee=3|quorum=2|loadThreshold=75|maxTime=180|crossShardPct=0|requestOfflinePct=0|receiptDropPct=0|ownerCap=3000|mobileThreshold=35,7,84,626,51,COMPLETE,32,32,32,16,32,10,4,0,32,32,32,0,160,0,0,4,529,804,32,1334,32,5875,2638,2,4543,1400
OFAT,LOAD_THRESHOLD,HIGH,baseSeed=626|nTx=32|nValidators=10|nShards=4|committee=3|quorum=2|loadThreshold=75|maxTime=180|crossShardPct=0|requestOfflinePct=0|receiptDropPct=0|ownerCap=3000|mobileThreshold=35,7,85,626,51,COMPLETE,32,32,32,16,32,10,4,0,32,32,32,0,160,0,0,4,529,807,32,1337,32,5153,1995,2,3461,1400
OFAT,LOAD_THRESHOLD,HIGH,baseSeed=626|nTx=32|nValidators=10|nShards=4|committee=3|quorum=2|loadThreshold=75|maxTime=180|crossShardPct=0|requestOfflinePct=0|receiptDropPct=0|ownerCap=3000|mobileThreshold=35,7,86,626,51,COMPLETE,32,32,32,16,32,10,4,0,32,32,32,0,160,0,0,4,529,804,32,1334,32,4514,1955,3,3701,1400
OFAT,LOAD_THRESHOLD,HIGH,baseSeed=626|nTx=32|nValidators=10|nShards=4|committee=3|quorum=2|loadThreshold=75|maxTime=180|crossShardPct=0|requestOfflinePct=0|receiptDropPct=0|ownerCap=3000|mobileThreshold=35,7,87,626,64,COMPLETE,32,32,32,18,32,10,4,0,32,32,32,0,160,0,0,4,529,831,32,1373,32,5100,1963,2,3365,1400
OFAT,LOAD_THRESHOLD,HIGH,baseSeed=626|nTx=32|nValidators=10|nShards=4|committee=3|quorum=2|loadThreshold=75|maxTime=180|crossShardPct=0|requestOfflinePct=0|receiptDropPct=0|ownerCap=3000|mobileThreshold=35,7,88,626,51,COMPLETE,32,32,32,16,32,10,4,0,32,32,32,0,160,0,0,4,529,803,32,1333,32,4307,1817,3,3461,1400
OFAT,LOAD_THRESHOLD,HIGH,baseSeed=626|nTx=32|nValidators=10|nShards=4|committee=3|quorum=2|loadThreshold=75|maxTime=180|crossShardPct=0|requestOfflinePct=0|receiptDropPct=0|ownerCap=3000|mobileThreshold=35,7,89,626,64,COMPLETE,32,32,32,17,32,10,4,0,32,32,32,0,160,0,0,5,530,819,32,1355,32,4932,1876,3,3245,1400
OFAT,LOAD_THRESHOLD,HIGH,baseSeed=626|nTx=32|nValidators=10|nShards=4|committee=3|quorum=2|loadThreshold=75|maxTime=180|crossShardPct=0|requestOfflinePct=0|receiptDropPct=0|ownerCap=3000|mobileThreshold=35,7,90,626,51,COMPLETE,32,32,32,16,32,10,4,0,32,32,32,0,160,0,0,4,529,803,32,1333,32,5394,2048,2,3461,1400
OFAT,LOAD_THRESHOLD,HIGH,baseSeed=626|nTx=32|nValidators=10|nShards=4|committee=3|quorum=2|loadThreshold=75|maxTime=180|crossShardPct=0|requestOfflinePct=0|receiptDropPct=0|ownerCap=3000|mobileThreshold=35,7,91,626,51,COMPLETE,32,32,32,16,32,10,4,0,32,32,32,0,160,0,0,4,529,803,32,1333,32,6038,2434,2,3990,1400
OFAT,LOAD_THRESHOLD,HIGH,baseSeed=626|nTx=32|nValidators=10|nShards=4|committee=3|quorum=2|loadThreshold=75|maxTime=180|crossShardPct=0|requestOfflinePct=0|receiptDropPct=0|ownerCap=3000|mobileThreshold=35,7,92,626,51,COMPLETE,32,32,32,18,32,10,4,0,32,32,32,0,160,0,0,4,529,831,32,1373,32,5980,2837,2,4831,1400
OFAT,LOAD_THRESHOLD,HIGH,baseSeed=626|nTx=32|nValidators=10|nShards=4|committee=3|quorum=2|loadThreshold=75|maxTime=180|crossShardPct=0|requestOfflinePct=0|receiptDropPct=0|ownerCap=3000|mobileThreshold=35,7,93,626,64,COMPLETE,32,32,32,18,32,10,4,0,32,32,32,0,160,0,0,4,529,831,32,1373,32,5168,1902,3,3028,1400
OFAT,LOAD_THRESHOLD,HIGH,baseSeed=626|nTx=32|nValidators=10|nShards=4|committee=3|quorum=2|loadThreshold=75|maxTime=180|crossShardPct=0|requestOfflinePct=0|receiptDropPct=0|ownerCap=3000|mobileThreshold=35,7,94,626,51,COMPLETE,32,32,32,18,32,10,4,0,32,32,32,0,160,0,0,5,530,828,32,1370,32,5620,2534,2,4447,1400
OFAT,LOAD_THRESHOLD,HIGH,baseSeed=626|nTx=32|nValidators=10|nShards=4|committee=3|quorum=2|loadThreshold=75|maxTime=180|crossShardPct=0|requestOfflinePct=0|receiptDropPct=0|ownerCap=3000|mobileThreshold=35,7,95,626,51,COMPLETE,32,32,32,16,32,10,4,0,32,32,32,0,160,0,0,4,529,805,32,1335,32,5259,2062,2,3461,1400
OFAT,LOAD_THRESHOLD,HIGH,baseSeed=626|nTx=32|nValidators=10|nShards=4|committee=3|quorum=2|loadThreshold=75|maxTime=180|crossShardPct=0|requestOfflinePct=0|receiptDropPct=0|ownerCap=3000|mobileThreshold=35,7,96,626,51,COMPLETE,32,32,32,18,32,10,4,0,32,32,32,0,160,0,0,4,529,830,32,1372,32,5225,1925,2,3028,1400
OFAT,LOAD_THRESHOLD,HIGH,baseSeed=626|nTx=32|nValidators=10|nShards=4|committee=3|quorum=2|loadThreshold=75|maxTime=180|crossShardPct=0|requestOfflinePct=0|receiptDropPct=0|ownerCap=3000|mobileThreshold=35,7,97,626,51,COMPLETE,32,32,32,18,32,10,4,0,32,32,32,0,160,0,0,4,529,829,32,1371,32,4923,1904,2,3365,1400
OFAT,LOAD_THRESHOLD,HIGH,baseSeed=626|nTx=32|nValidators=10|nShards=4|committee=3|quorum=2|loadThreshold=75|maxTime=180|crossShardPct=0|requestOfflinePct=0|receiptDropPct=0|ownerCap=3000|mobileThreshold=35,7,98,626,51,COMPLETE,32,32,32,16,32,10,4,0,32,32,32,0,160,0,0,4,529,803,32,1333,32,5975,2705,2,4543,1400
OFAT,LOAD_THRESHOLD,HIGH,baseSeed=626|nTx=32|nValidators=10|nShards=4|committee=3|quorum=2|loadThreshold=75|maxTime=180|crossShardPct=0|requestOfflinePct=0|receiptDropPct=0|ownerCap=3000|mobileThreshold=35,7,99,626,64,COMPLETE,32,32,32,17,32,10,4,0,32,32,32,0,160,0,0,4,529,819,32,1355,32,5149,2029,2,3822,1400
OFAT,LOAD_THRESHOLD,HIGH,baseSeed=626|nTx=32|nValidators=10|nShards=4|committee=3|quorum=2|loadThreshold=75|maxTime=180|crossShardPct=0|requestOfflinePct=0|receiptDropPct=0|ownerCap=3000|mobileThreshold=35,7,100,626,64,COMPLETE,32,32,32,18,32,10,4,0,32,32,32,0,160,0,0,4,529,831,32,1373,32,4802,1876,2,3028,1400
