experiment_id,factor_id,level_id,configuration,scenario_id,run_id,base_seed,model_time,stop_code,submitted_tx,prepared_tx,routed_tx,cross_shard_tx,shard_blocks,eligible_validators,active_committees,committee_recoveries,finality_certificates,root_commitments,receipts,terminal_failures,reward_events,quarantine_events,slashing_events,reconfiguration_events,evidence_count,finality_latency_sum,finality_latency_n,receipt_latency_sum,receipt_latency_n,reward_gini_bp,reward_hhi_bp,nakamoto_coefficient,owner_concentration_bp,shard_load_std_bp
DEFAULT_EQ,Q1,DEFAULT,baseSeed=626|nTx=24|nValidators=10|nShards=4|committee=3|quorum=2|loadThreshold=75|maxTime=180|crossShardPct=0|requestOfflinePct=0|receiptDropPct=0|ownerCap=3000|mobileThreshold=35,1,1,626,62,COMPLETE,24,24,24,5,24,10,4,0,24,24,24,0,120,0,0,0,397,493,24,847,24,5884,2387,2,3750,300
DEFAULT_EQ,Q1,DEFAULT,baseSeed=626|nTx=24|nValidators=10|nShards=4|committee=3|quorum=2|loadThreshold=75|maxTime=180|crossShardPct=0|requestOfflinePct=0|receiptDropPct=0|ownerCap=3000|mobileThreshold=35,1,2,626,50,COMPLETE,24,24,24,3,24,10,4,0,24,24,24,0,120,0,0,0,397,467,24,809,24,4980,1789,3,2403,300
DEFAULT_EQ,Q1,DEFAULT,baseSeed=626|nTx=24|nValidators=10|nShards=4|committee=3|quorum=2|loadThreshold=75|maxTime=180|crossShardPct=0|requestOfflinePct=0|receiptDropPct=0|ownerCap=3000|mobileThreshold=35,1,3,626,62,COMPLETE,24,24,24,2,24,10,4,0,24,24,24,0,120,0,0,0,397,454,24,790,24,6000,2388,2,3846,300
DEFAULT_EQ,Q1,DEFAULT,baseSeed=626|nTx=24|nValidators=10|nShards=4|committee=3|quorum=2|loadThreshold=75|maxTime=180|crossShardPct=0|requestOfflinePct=0|receiptDropPct=0|ownerCap=3000|mobileThreshold=35,1,4,626,48,COMPLETE,24,24,24,2,24,10,4,0,24,24,24,0,120,0,0,1,398,453,24,789,24,5115,1838,3,2403,600
DEFAULT_EQ,Q1,DEFAULT,baseSeed=626|nTx=24|nValidators=10|nShards=4|committee=3|quorum=2|loadThreshold=75|maxTime=180|crossShardPct=0|requestOfflinePct=0|receiptDropPct=0|ownerCap=3000|mobileThreshold=35,1,5,626,49,COMPLETE,24,24,24,3,24,10,4,0,24,24,24,0,120,0,0,0,397,466,24,808,24,4705,1750,3,2211,200
DEFAULT_EQ,Q1,DEFAULT,baseSeed=626|nTx=24|nValidators=10|nShards=4|committee=3|quorum=2|loadThreshold=75|maxTime=180|crossShardPct=0|requestOfflinePct=0|receiptDropPct=0|ownerCap=3000|mobileThreshold=35,1,6,626,62,COMPLETE,24,24,24,4,24,10,4,0,24,24,24,0,120,0,0,0,397,479,24,827,24,6358,2579,2,4038,200
DEFAULT_EQ,Q1,DEFAULT,baseSeed=626|nTx=24|nValidators=10|nShards=4|committee=3|quorum=2|loadThreshold=75|maxTime=180|crossShardPct=0|requestOfflinePct=0|receiptDropPct=0|ownerCap=3000|mobileThreshold=35,1,7,626,48,COMPLETE,24,24,24,1,24,10,4,0,24,24,24,0,120,0,0,0,397,441,24,771,24,4262,1604,3,2115,300
DEFAULT_EQ,Q1,DEFAULT,baseSeed=626|nTx=24|nValidators=10|nShards=4|committee=3|quorum=2|loadThreshold=75|maxTime=180|crossShardPct=0|requestOfflinePct=0|receiptDropPct=0|ownerCap=3000|mobileThreshold=35,1,8,626,49,COMPLETE,24,24,24,2,24,10,4,0,24,24,24,0,120,0,0,0,397,455,24,791,24,4391,1703,3,2115,300
DEFAULT_EQ,Q1,DEFAULT,baseSeed=626|nTx=24|nValidators=10|nShards=4|committee=3|quorum=2|loadThreshold=75|maxTime=180|crossShardPct=0|requestOfflinePct=0|receiptDropPct=0|ownerCap=3000|mobileThreshold=35,1,9,626,49,COMPLETE,24,24,24,2,24,10,4,0,24,24,24,0,120,0,0,0,397,453,24,789,24,4621,1750,3,2403,300
DEFAULT_EQ,Q1,DEFAULT,baseSeed=626|nTx=24|nValidators=10|nShards=4|committee=3|quorum=2|loadThreshold=75|maxTime=180|crossShardPct=0|requestOfflinePct=0|receiptDropPct=0|ownerCap=3000|mobileThreshold=35,1,10,626,63,COMPLETE,24,24,24,3,24,10,4,0,24,24,24,0,120,0,0,0,397,466,24,808,24,4141,1592,3,2019,200
DEFAULT_EQ,Q1,DEFAULT,baseSeed=626|nTx=24|nValidators=10|nShards=4|committee=3|quorum=2|loadThreshold=75|maxTime=180|crossShardPct=0|requestOfflinePct=0|receiptDropPct=0|ownerCap=3000|mobileThreshold=35,1,11,626,50,COMPLETE,24,24,24,1,24,10,4,0,24,24,24,0,120,0,0,0,397,440,24,770,24,4903,1789,3,2403,300
DEFAULT_EQ,Q1,DEFAULT,baseSeed=626|nTx=24|nValidators=10|nShards=4|committee=3|quorum=2|loadThreshold=75|maxTime=180|crossShardPct=0|requestOfflinePct=0|receiptDropPct=0|ownerCap=3000|mobileThreshold=35,1,12,626,62,COMPLETE,24,24,24,5,24,10,4,0,24,24,24,0,120,0,0,0,397,491,24,845,24,3807,1493,3,2115,300
DEFAULT_EQ,Q1,DEFAULT,baseSeed=626|nTx=24|nValidators=10|nShards=4|committee=3|quorum=2|loadThreshold=75|maxTime=180|crossShardPct=0|requestOfflinePct=0|receiptDropPct=0|ownerCap=3000|mobileThreshold=35,1,13,626,62,COMPLETE,24,24,24,3,24,10,4,0,24,24,24,0,120,0,0,0,397,465,24,807,24,5448,2105,2,3461,300
DEFAULT_EQ,Q1,DEFAULT,baseSeed=626|nTx=24|nValidators=10|nShards=4|committee=3|quorum=2|loadThreshold=75|maxTime=180|crossShardPct=0|requestOfflinePct=0|receiptDropPct=0|ownerCap=3000|mobileThreshold=35,1,14,626,47,COMPLETE,24,24,24,1,24,10,4,0,24,24,24,0,120,0,0,0,397,440,24,770,24,4621,1750,3,2403,300
DEFAULT_EQ,Q1,DEFAULT,baseSeed=626|nTx=24|nValidators=10|nShards=4|committee=3|quorum=2|loadThreshold=75|maxTime=180|crossShardPct=0|requestOfflinePct=0|receiptDropPct=0|ownerCap=3000|mobileThreshold=35,1,15,626,49,COMPLETE,24,24,24,1,24,10,4,0,24,24,24,0,120,0,0,0,397,440,24,770,24,4878,1888,2,3173,300
DEFAULT_EQ,Q1,DEFAULT,baseSeed=626|nTx=24|nValidators=10|nShards=4|committee=3|quorum=2|loadThreshold=75|maxTime=180|crossShardPct=0|requestOfflinePct=0|receiptDropPct=0|ownerCap=3000|mobileThreshold=35,1,16,626,62,COMPLETE,24,24,24,3,24,10,4,0,24,24,24,0,120,0,0,0,397,465,24,807,24,5089,1858,3,2467,200
DEFAULT_EQ,Q1,DEFAULT,baseSeed=626|nTx=24|nValidators=10|nShards=4|committee=3|quorum=2|loadThreshold=75|maxTime=180|crossShardPct=0|requestOfflinePct=0|receiptDropPct=0|ownerCap=3000|mobileThreshold=35,1,17,626,62,COMPLETE,24,24,24,3,24,10,4,0,24,24,24,0,120,0,0,0,397,465,24,807,24,5032,1829,3,2467,200
DEFAULT_EQ,Q1,DEFAULT,baseSeed=626|nTx=24|nValidators=10|nShards=4|committee=3|quorum=2|loadThreshold=75|maxTime=180|crossShardPct=0|requestOfflinePct=0|receiptDropPct=0|ownerCap=3000|mobileThreshold=35,1,18,626,49,COMPLETE,24,24,24,2,24,10,4,0,24,24,24,0,120,0,0,0,397,454,24,790,24,5647,2211,2,3461,200
DEFAULT_EQ,Q1,DEFAULT,baseSeed=626|nTx=24|nValidators=10|nShards=4|committee=3|quorum=2|loadThreshold=75|maxTime=180|crossShardPct=0|requestOfflinePct=0|receiptDropPct=0|ownerCap=3000|mobileThreshold=35,1,19,626,48,COMPLETE,24,24,24,2,24,10,4,0,24,24,24,0,120,0,0,0,397,453,24,789,24,4756,1789,3,2467,200
DEFAULT_EQ,Q1,DEFAULT,baseSeed=626|nTx=24|nValidators=10|nShards=4|committee=3|quorum=2|loadThreshold=75|maxTime=180|crossShardPct=0|requestOfflinePct=0|receiptDropPct=0|ownerCap=3000|mobileThreshold=35,1,20,626,49,COMPLETE,24,24,24,3,24,10,4,0,24,24,24,0,120,0,0,0,397,466,24,808,24,5532,2227,2,3621,200
DEFAULT_EQ,Q1,DEFAULT,baseSeed=626|nTx=24|nValidators=10|nShards=4|committee=3|quorum=2|loadThreshold=75|maxTime=180|crossShardPct=0|requestOfflinePct=0|receiptDropPct=0|ownerCap=3000|mobileThreshold=35,1,21,626,62,COMPLETE,24,24,24,4,24,10,4,0,24,24,24,0,120,0,0,0,397,479,24,827,24,4564,1688,3,2467,200
DEFAULT_EQ,Q1,DEFAULT,baseSeed=626|nTx=24|nValidators=10|nShards=4|committee=3|quorum=2|loadThreshold=75|maxTime=180|crossShardPct=0|requestOfflinePct=0|receiptDropPct=0|ownerCap=3000|mobileThreshold=35,1,22,626,49,COMPLETE,24,24,24,1,24,10,4,0,24,24,24,0,120,0,0,0,397,441,24,771,24,4801,1778,3,2179,300
DEFAULT_EQ,Q1,DEFAULT,baseSeed=626|nTx=24|nValidators=10|nShards=4|committee=3|quorum=2|loadThreshold=75|maxTime=180|crossShardPct=0|requestOfflinePct=0|receiptDropPct=0|ownerCap=3000|mobileThreshold=35,1,23,626,50,COMPLETE,24,24,24,1,24,10,4,0,24,24,24,0,120,0,0,0,397,440,24,770,24,4923,1789,3,2500,300
DEFAULT_EQ,Q1,DEFAULT,baseSeed=626|nTx=24|nValidators=10|nShards=4|committee=3|quorum=2|loadThreshold=75|maxTime=180|crossShardPct=0|requestOfflinePct=0|receiptDropPct=0|ownerCap=3000|mobileThreshold=35,1,24,626,47,COMPLETE,24,24,24,1,24,10,4,0,24,24,24,0,120,0,0,0,397,440,24,770,24,4583,1655,3,2403,300
DEFAULT_EQ,Q1,DEFAULT,baseSeed=626|nTx=24|nValidators=10|nShards=4|committee=3|quorum=2|loadThreshold=75|maxTime=180|crossShardPct=0|requestOfflinePct=0|receiptDropPct=0|ownerCap=3000|mobileThreshold=35,1,25,626,47,COMPLETE,24,24,24,1,24,10,4,0,24,24,24,0,120,0,0,0,397,439,24,769,24,3666,1468,3,2051,300
DEFAULT_EQ,Q1,DEFAULT,baseSeed=626|nTx=24|nValidators=10|nShards=4|committee=3|quorum=2|loadThreshold=75|maxTime=180|crossShardPct=0|requestOfflinePct=0|receiptDropPct=0|ownerCap=3000|mobileThreshold=35,1,26,626,49,COMPLETE,24,24,24,2,24,10,4,0,24,24,24,0,120,0,0,0,397,453,24,789,24,4653,1691,3,2307,200
DEFAULT_EQ,Q1,DEFAULT,baseSeed=626|nTx=24|nValidators=10|nShards=4|committee=3|quorum=2|loadThreshold=75|maxTime=180|crossShardPct=0|requestOfflinePct=0|receiptDropPct=0|ownerCap=3000|mobileThreshold=35,1,27,626,62,COMPLETE,24,24,24,6,24,10,4,0,24,24,24,0,120,0,0,0,397,506,24,866,24,4878,2100,2,3750,200
DEFAULT_EQ,Q1,DEFAULT,baseSeed=626|nTx=24|nValidators=10|nShards=4|committee=3|quorum=2|loadThreshold=75|maxTime=180|crossShardPct=0|requestOfflinePct=0|receiptDropPct=0|ownerCap=3000|mobileThreshold=35,1,28,626,62,COMPLETE,24,24,24,4,24,10,4,0,24,24,24,0,120,0,0,0,397,479,24,827,24,5724,2384,2,4006,200
DEFAULT_EQ,Q1,DEFAULT,baseSeed=626|nTx=24|nValidators=10|nShards=4|committee=3|quorum=2|loadThreshold=75|maxTime=180|crossShardPct=0|requestOfflinePct=0|receiptDropPct=0|ownerCap=3000|mobileThreshold=35,1,29,626,50,COMPLETE,24,24,24,2,24,10,4,0,24,24,24,0,120,0,0,0,397,453,24,789,24,4743,2063,2,3750,300
DEFAULT_EQ,Q1,DEFAULT,baseSeed=626|nTx=24|nValidators=10|nShards=4|committee=3|quorum=2|loadThreshold=75|maxTime=180|crossShardPct=0|requestOfflinePct=0|receiptDropPct=0|ownerCap=3000|mobileThreshold=35,1,30,626,63,COMPLETE,24,24,24,3,24,10,4,0,24,24,24,0,120,0,0,0,397,466,24,808,24,4217,1600,3,2019,200
DEFAULT_EQ,Q1,DEFAULT,baseSeed=626|nTx=24|nValidators=10|nShards=4|committee=3|quorum=2|loadThreshold=75|maxTime=180|crossShardPct=0|requestOfflinePct=0|receiptDropPct=0|ownerCap=3000|mobileThreshold=35,1,31,626,49,COMPLETE,24,24,24,3,24,10,4,0,24,24,24,0,120,0,0,0,397,467,24,809,24,5326,2018,2,3173,300
DEFAULT_EQ,Q1,DEFAULT,baseSeed=626|nTx=24|nValidators=10|nShards=4|committee=3|quorum=2|loadThreshold=75|maxTime=180|crossShardPct=0|requestOfflinePct=0|receiptDropPct=0|ownerCap=3000|mobileThreshold=35,1,32,626,50,COMPLETE,24,24,24,1,24,10,4,0,24,24,24,0,120,0,0,0,397,440,24,770,24,4455,1633,3,2500,300
DEFAULT_EQ,Q1,DEFAULT,baseSeed=626|nTx=24|nValidators=10|nShards=4|committee=3|quorum=2|loadThreshold=75|maxTime=180|crossShardPct=0|requestOfflinePct=0|receiptDropPct=0|ownerCap=3000|mobileThreshold=35,1,33,626,49,COMPLETE,24,24,24,1,24,10,4,0,24,24,24,0,120,0,0,0,397,440,24,770,24,5378,2028,2,3173,300
DEFAULT_EQ,Q1,DEFAULT,baseSeed=626|nTx=24|nValidators=10|nShards=4|committee=3|quorum=2|loadThreshold=75|maxTime=180|crossShardPct=0|requestOfflinePct=0|receiptDropPct=0|ownerCap=3000|mobileThreshold=35,1,34,626,50,COMPLETE,24,24,24,1,24,10,4,0,24,24,24,0,120,0,0,0,397,440,24,770,24,5102,2098,2,3750,300
DEFAULT_EQ,Q1,DEFAULT,baseSeed=626|nTx=24|nValidators=10|nShards=4|committee=3|quorum=2|loadThreshold=75|maxTime=180|crossShardPct=0|requestOfflinePct=0|receiptDropPct=0|ownerCap=3000|mobileThreshold=35,1,35,626,50,COMPLETE,24,24,24,3,24,10,4,0,24,24,24,0,120,0,0,0,397,466,24,808,24,5775,2427,2,4070,300
DEFAULT_EQ,Q1,DEFAULT,baseSeed=626|nTx=24|nValidators=10|nShards=4|committee=3|quorum=2|loadThreshold=75|maxTime=180|crossShardPct=0|requestOfflinePct=0|receiptDropPct=0|ownerCap=3000|mobileThreshold=35,1,36,626,50,COMPLETE,24,24,24,1,24,10,4,0,24,24,24,0,120,0,0,0,397,440,24,770,24,5423,2103,2,3461,300
DEFAULT_EQ,Q1,DEFAULT,baseSeed=626|nTx=24|nValidators=10|nShards=4|committee=3|quorum=2|loadThreshold=75|maxTime=180|crossShardPct=0|requestOfflinePct=0|receiptDropPct=0|ownerCap=3000|mobileThreshold=35,1,37,626,62,COMPLETE,24,24,24,3,24,10,4,0,24,24,24,0,120,0,0,0,397,465,24,807,24,5134,1945,2,2884,200
DEFAULT_EQ,Q1,DEFAULT,baseSeed=626|nTx=24|nValidators=10|nShards=4|committee=3|quorum=2|loadThreshold=75|maxTime=180|crossShardPct=0|requestOfflinePct=0|receiptDropPct=0|ownerCap=3000|mobileThreshold=35,1,38,626,47,COMPLETE,24,24,24,1,24,10,4,0,24,24,24,0,120,0,0,0,397,439,24,769,24,4782,1750,3,2403,300
DEFAULT_EQ,Q1,DEFAULT,baseSeed=626|nTx=24|nValidators=10|nShards=4|committee=3|quorum=2|loadThreshold=75|maxTime=180|crossShardPct=0|requestOfflinePct=0|receiptDropPct=0|ownerCap=3000|mobileThreshold=35,1,39,626,62,COMPLETE,24,24,24,3,24,10,4,0,24,24,24,0,120,0,0,0,397,467,24,809,24,4826,1806,3,2788,200
DEFAULT_EQ,Q1,DEFAULT,baseSeed=626|nTx=24|nValidators=10|nShards=4|committee=3|quorum=2|loadThreshold=75|maxTime=180|crossShardPct=0|requestOfflinePct=0|receiptDropPct=0|ownerCap=3000|mobileThreshold=35,1,40,626,48,COMPLETE,24,24,24,2,24,10,4,0,24,24,24,0,120,0,0,0,397,454,24,790,24,5096,1853,3,2435,300
DEFAULT_EQ,Q1,DEFAULT,baseSeed=626|nTx=24|nValidators=10|nShards=4|committee=3|quorum=2|loadThreshold=75|maxTime=180|crossShardPct=0|requestOfflinePct=0|receiptDropPct=0|ownerCap=3000|mobileThreshold=35,1,41,626,62,COMPLETE,24,24,24,5,24,10,4,0,24,24,24,0,120,0,0,0,397,491,24,845,24,4871,1777,3,2788,300
DEFAULT_EQ,Q1,DEFAULT,baseSeed=626|nTx=24|nValidators=10|nShards=4|committee=3|quorum=2|loadThreshold=75|maxTime=180|crossShardPct=0|requestOfflinePct=0|receiptDropPct=0|ownerCap=3000|mobileThreshold=35,1,42,626,63,COMPLETE,24,24,24,4,24,10,4,0,24,24,24,0,120,0,0,0,397,481,24,829,24,4262,1631,3,2403,200
DEFAULT_EQ,Q1,DEFAULT,baseSeed=626|nTx=24|nValidators=10|nShards=4|committee=3|quorum=2|loadThreshold=75|maxTime=180|crossShardPct=0|requestOfflinePct=0|receiptDropPct=0|ownerCap=3000|mobileThreshold=35,1,43,626,47,COMPLETE,24,24,24,1,24,10,4,0,24,24,24,0,120,0,0,0,397,440,24,770,24,4538,1725,3,2403,300
DEFAULT_EQ,Q1,DEFAULT,baseSeed=626|nTx=24|nValidators=10|nShards=4|committee=3|quorum=2|loadThreshold=75|maxTime=180|crossShardPct=0|requestOfflinePct=0|receiptDropPct=0|ownerCap=3000|mobileThreshold=35,1,44,626,62,COMPLETE,24,24,24,4,24,10,4,0,24,24,24,0,120,0,0,0,397,479,24,827,24,5993,2472,2,3750,200
DEFAULT_EQ,Q1,DEFAULT,baseSeed=626|nTx=24|nValidators=10|nShards=4|committee=3|quorum=2|loadThreshold=75|maxTime=180|crossShardPct=0|requestOfflinePct=0|receiptDropPct=0|ownerCap=3000|mobileThreshold=35,1,45,626,62,COMPLETE,24,24,24,3,24,10,4,0,24,24,24,0,120,0,0,0,397,466,24,808,24,4653,1722,3,2339,200
DEFAULT_EQ,Q1,DEFAULT,baseSeed=626|nTx=24|nValidators=10|nShards=4|committee=3|quorum=2|loadThreshold=75|maxTime=180|crossShardPct=0|requestOfflinePct=0|receiptDropPct=0|ownerCap=3000|mobileThreshold=35,1,46,626,48,COMPLETE,24,24,24,1,24,10,4,0,24,24,24,0,120,0,0,0,397,441,24,771,24,5826,2339,2,3750,300
DEFAULT_EQ,Q1,DEFAULT,baseSeed=626|nTx=24|nValidators=10|nShards=4|committee=3|quorum=2|loadThreshold=75|maxTime=180|crossShardPct=0|requestOfflinePct=0|receiptDropPct=0|ownerCap=3000|mobileThreshold=35,1,47,626,48,COMPLETE,24,24,24,3,24,10,4,0,24,24,24,0,120,0,0,0,397,467,24,809,24,5134,1852,3,2467,200
DEFAULT_EQ,Q1,DEFAULT,baseSeed=626|nTx=24|nValidators=10|nShards=4|committee=3|quorum=2|loadThreshold=75|maxTime=180|crossShardPct=0|requestOfflinePct=0|receiptDropPct=0|ownerCap=3000|mobileThreshold=35,1,48,626,50,COMPLETE,24,24,24,3,24,10,4,0,24,24,24,0,120,0,0,0,397,466,24,808,24,5653,2236,2,3461,300
DEFAULT_EQ,Q1,DEFAULT,baseSeed=626|nTx=24|nValidators=10|nShards=4|committee=3|quorum=2|loadThreshold=75|maxTime=180|crossShardPct=0|requestOfflinePct=0|receiptDropPct=0|ownerCap=3000|mobileThreshold=35,1,49,626,49,COMPLETE,24,24,24,2,24,10,4,0,24,24,24,0,120,0,0,0,397,455,24,791,24,5185,1864,3,2467,200
DEFAULT_EQ,Q1,DEFAULT,baseSeed=626|nTx=24|nValidators=10|nShards=4|committee=3|quorum=2|loadThreshold=75|maxTime=180|crossShardPct=0|requestOfflinePct=0|receiptDropPct=0|ownerCap=3000|mobileThreshold=35,1,50,626,50,COMPLETE,24,24,24,2,24,10,4,0,24,24,24,0,120,0,0,0,397,454,24,790,24,4653,1722,3,2339,200
DEFAULT_EQ,Q1,DEFAULT,baseSeed=626|nTx=24|nValidators=10|nShards=4|committee=3|quorum=2|loadThreshold=75|maxTime=180|crossShardPct=0|requestOfflinePct=0|receiptDropPct=0|ownerCap=3000|mobileThreshold=35,1,51,626,50,COMPLETE,24,24,24,3,24,10,4,0,24,24,24,0,120,0,0,1,398,466,24,808,24,6237,2455,2,3750,600
DEFAULT_EQ,Q1,DEFAULT,baseSeed=626|nTx=24|nValidators=10|nShards=4|committee=3|quorum=2|loadThreshold=75|maxTime=180|crossShardPct=0|requestOfflinePct=0|receiptDropPct=0|ownerCap=3000|mobileThreshold=35,1,52,626,49,COMPLETE,24,24,24,2,24,10,4,0,24,24,24,0,120,0,0,0,397,454,24,790,24,4910,1781,3,2467,200
DEFAULT_EQ,Q1,DEFAULT,baseSeed=626|nTx=24|nValidators=10|nShards=4|committee=3|quorum=2|loadThreshold=75|maxTime=180|crossShardPct=0|requestOfflinePct=0|receiptDropPct=0|ownerCap=3000|mobileThreshold=35,1,53,626,47,COMPLETE,24,24,24,1,24,10,4,0,24,24,24,0,120,0,0,0,397,439,24,769,24,5653,2236,2,3461,300
DEFAULT_EQ,Q1,DEFAULT,baseSeed=626|nTx=24|nValidators=10|nShards=4|committee=3|quorum=2|loadThreshold=75|maxTime=180|crossShardPct=0|requestOfflinePct=0|receiptDropPct=0|ownerCap=3000|mobileThreshold=35,1,54,626,62,COMPLETE,24,24,24,3,24,10,4,0,24,24,24,0,120,0,0,0,397,466,24,808,24,5096,1846,3,2467,200
DEFAULT_EQ,Q1,DEFAULT,baseSeed=626|nTx=24|nValidators=10|nShards=4|committee=3|quorum=2|loadThreshold=75|maxTime=180|crossShardPct=0|requestOfflinePct=0|receiptDropPct=0|ownerCap=3000|mobileThreshold=35,1,55,626,62,COMPLETE,24,24,24,3,24,10,4,0,24,24,24,0,120,0,0,0,397,465,24,807,24,5301,2066,2,2884,200
DEFAULT_EQ,Q1,DEFAULT,baseSeed=626|nTx=24|nValidators=10|nShards=4|committee=3|quorum=2|loadThreshold=75|maxTime=180|crossShardPct=0|requestOfflinePct=0|receiptDropPct=0|ownerCap=3000|mobileThreshold=35,1,56,626,49,COMPLETE,24,24,24,2,24,10,4,0,24,24,24,0,120,0,0,0,397,455,24,791,24,5121,1895,3,2275,300
DEFAULT_EQ,Q1,DEFAULT,baseSeed=626|nTx=24|nValidators=10|nShards=4|committee=3|quorum=2|loadThreshold=75|maxTime=180|crossShardPct=0|requestOfflinePct=0|receiptDropPct=0|ownerCap=3000|mobileThreshold=35,1,57,626,63,COMPLETE,24,24,24,7,24,10,4,0,24,24,24,0,120,0,0,0,397,519,24,885,24,5762,2300,2,3461,200
DEFAULT_EQ,Q1,DEFAULT,baseSeed=626|nTx=24|nValidators=10|nShards=4|committee=3|quorum=2|loadThreshold=75|maxTime=180|crossShardPct=0|requestOfflinePct=0|receiptDropPct=0|ownerCap=3000|mobileThreshold=35,1,58,626,63,COMPLETE,24,24,24,6,24,10,4,0,24,24,24,0,120,0,0,0,397,506,24,866,24,4929,1772,3,2403,200
DEFAULT_EQ,Q1,DEFAULT,baseSeed=626|nTx=24|nValidators=10|nShards=4|committee=3|quorum=2|loadThreshold=75|maxTime=180|crossShardPct=0|requestOfflinePct=0|receiptDropPct=0|ownerCap=3000|mobileThreshold=35,1,59,626,62,COMPLETE,24,24,24,4,24,10,4,0,24,24,24,0,120,0,0,0,397,481,24,829,24,4974,1817,3,2852,200
DEFAULT_EQ,Q1,DEFAULT,baseSeed=626|nTx=24|nValidators=10|nShards=4|committee=3|quorum=2|loadThreshold=75|maxTime=180|crossShardPct=0|requestOfflinePct=0|receiptDropPct=0|ownerCap=3000|mobileThreshold=35,1,60,626,62,COMPLETE,24,24,24,2,24,10,4,0,24,24,24,0,120,0,0,0,397,454,24,790,24,4980,1789,3,2403,300
DEFAULT_EQ,Q1,DEFAULT,baseSeed=626|nTx=24|nValidators=10|nShards=4|committee=3|quorum=2|loadThreshold=75|maxTime=180|crossShardPct=0|requestOfflinePct=0|receiptDropPct=0|ownerCap=3000|mobileThreshold=35,1,61,626,48,COMPLETE,24,24,24,2,24,10,4,0,24,24,24,0,120,0,0,0,397,454,24,790,24,5467,2163,2,3621,200
DEFAULT_EQ,Q1,DEFAULT,baseSeed=626|nTx=24|nValidators=10|nShards=4|committee=3|quorum=2|loadThreshold=75|maxTime=180|crossShardPct=0|requestOfflinePct=0|receiptDropPct=0|ownerCap=3000|mobileThreshold=35,1,62,626,62,COMPLETE,24,24,24,3,24,10,4,0,24,24,24,0,120,0,0,0,397,467,24,809,24,6288,2459,2,3461,200
DEFAULT_EQ,Q1,DEFAULT,baseSeed=626|nTx=24|nValidators=10|nShards=4|committee=3|quorum=2|loadThreshold=75|maxTime=180|crossShardPct=0|requestOfflinePct=0|receiptDropPct=0|ownerCap=3000|mobileThreshold=35,1,63,626,48,COMPLETE,24,24,24,2,24,10,4,0,24,24,24,0,120,0,0,0,397,453,24,789,24,5250,1913,3,2435,200
DEFAULT_EQ,Q1,DEFAULT,baseSeed=626|nTx=24|nValidators=10|nShards=4|committee=3|quorum=2|loadThreshold=75|maxTime=180|crossShardPct=0|requestOfflinePct=0|receiptDropPct=0|ownerCap=3000|mobileThreshold=35,1,64,626,50,COMPLETE,24,24,24,1,24,10,4,0,24,24,24,0,120,0,0,0,397,440,24,770,24,5826,2339,2,3750,300
DEFAULT_EQ,Q1,DEFAULT,baseSeed=626|nTx=24|nValidators=10|nShards=4|committee=3|quorum=2|loadThreshold=75|maxTime=180|crossShardPct=0|requestOfflinePct=0|receiptDropPct=0|ownerCap=3000|mobileThreshold=35,1,65,626,62,COMPLETE,24,24,24,4,24,10,4,0,24,24,24,0,120,0,0,0,397,479,24,827,24,5019,1826,3,2467,200
DEFAULT_EQ,Q1,DEFAULT,baseSeed=626|nTx=24|nValidators=10|nShards=4|committee=3|quorum=2|loadThreshold=75|maxTime=180|crossShardPct=0|requestOfflinePct=0|receiptDropPct=0|ownerCap=3000|mobileThreshold=35,1,66,626,50,COMPLETE,24,24,24,1,24,10,4,0,24,24,24,0,120,0,0,0,397,440,24,770,24,5205,2095,2,3461,300
DEFAULT_EQ,Q1,DEFAULT,baseSeed=626|nTx=24|nValidators=10|nShards=4|committee=3|quorum=2|loadThreshold=75|maxTime=180|crossShardPct=0|requestOfflinePct=0|receiptDropPct=0|ownerCap=3000|mobileThreshold=35,1,67,626,62,COMPLETE,24,24,24,4,24,10,4,0,24,24,24,0,120,0,0,0,397,479,24,827,24,5967,2300,2,3461,200
DEFAULT_EQ,Q1,DEFAULT,baseSeed=626|nTx=24|nValidators=10|nShards=4|committee=3|quorum=2|loadThreshold=75|maxTime=180|crossShardPct=0|requestOfflinePct=0|receiptDropPct=0|ownerCap=3000|mobileThreshold=35,1,68,626,62,COMPLETE,24,24,24,4,24,10,4,0,24,24,24,0,120,0,0,0,397,479,24,827,24,5160,1933,2,3173,300
DEFAULT_EQ,Q1,DEFAULT,baseSeed=626|nTx=24|nValidators=10|nShards=4|committee=3|quorum=2|loadThreshold=75|maxTime=180|crossShardPct=0|requestOfflinePct=0|receiptDropPct=0|ownerCap=3000|mobileThreshold=35,1,69,626,50,COMPLETE,24,24,24,3,24,10,4,0,24,24,24,0,120,0,0,0,397,465,24,807,24,5923,2329,2,3750,300
DEFAULT_EQ,Q1,DEFAULT,baseSeed=626|nTx=24|nValidators=10|nShards=4|committee=3|quorum=2|loadThreshold=75|maxTime=180|crossShardPct=0|requestOfflinePct=0|receiptDropPct=0|ownerCap=3000|mobileThreshold=35,1,70,626,62,COMPLETE,24,24,24,3,24,10,4,0,24,24,24,0,120,0,0,0,397,465,24,807,24,4314,1623,3,2115,300
DEFAULT_EQ,Q1,DEFAULT,baseSeed=626|nTx=24|nValidators=10|nShards=4|committee=3|quorum=2|loadThreshold=75|maxTime=180|crossShardPct=0|requestOfflinePct=0|receiptDropPct=0|ownerCap=3000|mobileThreshold=35,1,71,626,49,COMPLETE,24,24,24,4,24,10,4,0,24,24,24,0,120,0,0,0,397,480,24,828,24,4621,1683,3,2403,200
DEFAULT_EQ,Q1,DEFAULT,baseSeed=626|nTx=24|nValidators=10|nShards=4|committee=3|quorum=2|loadThreshold=75|maxTime=180|crossShardPct=0|requestOfflinePct=0|receiptDropPct=0|ownerCap=3000|mobileThreshold=35,1,72,626,62,COMPLETE,24,24,24,5,24,10,4,0,24,24,24,0,120,0,0,0,397,492,24,846,24,5038,1829,3,2467,200
DEFAULT_EQ,Q1,DEFAULT,baseSeed=626|nTx=24|nValidators=10|nShards=4|committee=3|quorum=2|loadThreshold=75|maxTime=180|crossShardPct=0|requestOfflinePct=0|receiptDropPct=0|ownerCap=3000|mobileThreshold=35,1,73,626,50,COMPLETE,24,24,24,5,24,10,4,0,24,24,24,0,120,0,0,0,397,493,24,847,24,5275,2066,2,3333,200
DEFAULT_EQ,Q1,DEFAULT,baseSeed=626|nTx=24|nValidators=10|nShards=4|committee=3|quorum=2|loadThreshold=75|maxTime=180|crossShardPct=0|requestOfflinePct=0|receiptDropPct=0|ownerCap=3000|mobileThreshold=35,1,74,626,63,COMPLETE,24,24,24,6,24,10,4,0,24,24,24,0,120,0,0,0,397,506,24,866,24,4519,1673,3,2467,200
DEFAULT_EQ,Q1,DEFAULT,baseSeed=626|nTx=24|nValidators=10|nShards=4|committee=3|quorum=2|loadThreshold=75|maxTime=180|crossShardPct=0|requestOfflinePct=0|receiptDropPct=0|ownerCap=3000|mobileThreshold=35,1,75,626,62,COMPLETE,24,24,24,3,24,10,4,0,24,24,24,0,120,0,0,0,397,467,24,809,24,5192,2094,2,3493,200
DEFAULT_EQ,Q1,DEFAULT,baseSeed=626|nTx=24|nValidators=10|nShards=4|committee=3|quorum=2|loadThreshold=75|maxTime=180|crossShardPct=0|requestOfflinePct=0|receiptDropPct=0|ownerCap=3000|mobileThreshold=35,1,76,626,63,COMPLETE,24,24,24,4,24,10,4,0,24,24,24,0,120,0,0,0,397,481,24,829,24,5435,2120,2,3173,200
DEFAULT_EQ,Q1,DEFAULT,baseSeed=626|nTx=24|nValidators=10|nShards=4|committee=3|quorum=2|loadThreshold=75|maxTime=180|crossShardPct=0|requestOfflinePct=0|receiptDropPct=0|ownerCap=3000|mobileThreshold=35,1,77,626,50,COMPLETE,24,24,24,1,24,10,4,0,24,24,24,0,120,0,0,0,397,440,24,770,24,3891,1519,3,2403,300
DEFAULT_EQ,Q1,DEFAULT,baseSeed=626|nTx=24|nValidators=10|nShards=4|committee=3|quorum=2|loadThreshold=75|maxTime=180|crossShardPct=0|requestOfflinePct=0|receiptDropPct=0|ownerCap=3000|mobileThreshold=35,1,78,626,63,COMPLETE,24,24,24,4,24,10,4,0,24,24,24,0,120,0,0,0,397,480,24,828,24,5378,2006,2,2756,100
DEFAULT_EQ,Q1,DEFAULT,baseSeed=626|nTx=24|nValidators=10|nShards=4|committee=3|quorum=2|loadThreshold=75|maxTime=180|crossShardPct=0|requestOfflinePct=0|receiptDropPct=0|ownerCap=3000|mobileThreshold=35,1,79,626,62,COMPLETE,24,24,24,5,24,10,4,0,24,24,24,0,120,0,0,0,397,492,24,846,24,4564,1688,3,2467,200
DEFAULT_EQ,Q1,DEFAULT,baseSeed=626|nTx=24|nValidators=10|nShards=4|committee=3|quorum=2|loadThreshold=75|maxTime=180|crossShardPct=0|requestOfflinePct=0|receiptDropPct=0|ownerCap=3000|mobileThreshold=35,1,80,626,50,COMPLETE,24,24,24,4,24,10,4,0,24,24,24,0,120,0,0,1,398,479,24,827,24,5621,2227,2,3750,600
DEFAULT_EQ,Q1,DEFAULT,baseSeed=626|nTx=24|nValidators=10|nShards=4|committee=3|quorum=2|loadThreshold=75|maxTime=180|crossShardPct=0|requestOfflinePct=0|receiptDropPct=0|ownerCap=3000|mobileThreshold=35,1,81,626,50,COMPLETE,24,24,24,2,24,10,4,0,24,24,24,0,120,0,0,0,397,455,24,791,24,4974,1859,3,2339,200
DEFAULT_EQ,Q1,DEFAULT,baseSeed=626|nTx=24|nValidators=10|nShards=4|committee=3|quorum=2|loadThreshold=75|maxTime=180|crossShardPct=0|requestOfflinePct=0|receiptDropPct=0|ownerCap=3000|mobileThreshold=35,1,82,626,47,COMPLETE,24,24,24,1,24,10,4,0,24,24,24,0,120,0,0,0,397,440,24,770,24,5230,2113,2,3750,300
DEFAULT_EQ,Q1,DEFAULT,baseSeed=626|nTx=24|nValidators=10|nShards=4|committee=3|quorum=2|loadThreshold=75|maxTime=180|crossShardPct=0|requestOfflinePct=0|receiptDropPct=0|ownerCap=3000|mobileThreshold=35,1,83,626,47,COMPLETE,24,24,24,1,24,10,4,0,24,24,24,0,120,0,0,0,397,440,24,770,24,5525,2181,2,3461,300
DEFAULT_EQ,Q1,DEFAULT,baseSeed=626|nTx=24|nValidators=10|nShards=4|committee=3|quorum=2|loadThreshold=75|maxTime=180|crossShardPct=0|requestOfflinePct=0|receiptDropPct=0|ownerCap=3000|mobileThreshold=35,1,84,626,62,COMPLETE,24,24,24,4,24,10,4,0,24,24,24,0,120,0,0,0,397,479,24,827,24,5442,2119,2,3461,200
DEFAULT_EQ,Q1,DEFAULT,baseSeed=626|nTx=24|nValidators=10|nShards=4|committee=3|quorum=2|loadThreshold=75|maxTime=180|crossShardPct=0|requestOfflinePct=0|receiptDropPct=0|ownerCap=3000|mobileThreshold=35,1,85,626,62,COMPLETE,24,24,24,3,24,10,4,0,24,24,24,0,120,0,0,0,397,465,24,807,24,4410,1637,3,2339,200
DEFAULT_EQ,Q1,DEFAULT,baseSeed=626|nTx=24|nValidators=10|nShards=4|committee=3|quorum=2|loadThreshold=75|maxTime=180|crossShardPct=0|requestOfflinePct=0|receiptDropPct=0|ownerCap=3000|mobileThreshold=35,1,86,626,62,COMPLETE,24,24,24,3,24,10,4,0,24,24,24,0,120,0,0,0,397,467,24,809,24,3724,1492,3,2275,200
DEFAULT_EQ,Q1,DEFAULT,baseSeed=626|nTx=24|nValidators=10|nShards=4|committee=3|quorum=2|loadThreshold=75|maxTime=180|crossShardPct=0|requestOfflinePct=0|receiptDropPct=0|ownerCap=3000|mobileThreshold=35,1,87,626,48,COMPLETE,24,24,24,1,24,10,4,0,24,24,24,0,120,0,0,0,397,440,24,770,24,4416,1649,3,2403,300
DEFAULT_EQ,Q1,DEFAULT,baseSeed=626|nTx=24|nValidators=10|nShards=4|committee=3|quorum=2|loadThreshold=75|maxTime=180|crossShardPct=0|requestOfflinePct=0|receiptDropPct=0|ownerCap=3000|mobileThreshold=35,1,88,626,63,COMPLETE,24,24,24,4,24,10,4,0,24,24,24,0,120,0,0,0,397,481,24,829,24,3570,1475,3,2019,200
DEFAULT_EQ,Q1,DEFAULT,baseSeed=626|nTx=24|nValidators=10|nShards=4|committee=3|quorum=2|loadThreshold=75|maxTime=180|crossShardPct=0|requestOfflinePct=0|receiptDropPct=0|ownerCap=3000|mobileThreshold=35,1,89,626,50,COMPLETE,24,24,24,2,24,10,4,0,24,24,24,0,120,0,0,0,397,454,24,790,24,4647,1679,3,2307,200
DEFAULT_EQ,Q1,DEFAULT,baseSeed=626|nTx=24|nValidators=10|nShards=4|committee=3|quorum=2|loadThreshold=75|maxTime=180|crossShardPct=0|requestOfflinePct=0|receiptDropPct=0|ownerCap=3000|mobileThreshold=35,1,90,626,62,COMPLETE,24,24,24,4,24,10,4,0,24,24,24,0,120,0,0,1,398,479,24,827,24,4833,1755,3,2339,900
DEFAULT_EQ,Q1,DEFAULT,baseSeed=626|nTx=24|nValidators=10|nShards=4|committee=3|quorum=2|loadThreshold=75|maxTime=180|crossShardPct=0|requestOfflinePct=0|receiptDropPct=0|ownerCap=3000|mobileThreshold=35,1,91,626,62,COMPLETE,24,24,24,5,24,10,4,0,24,24,24,0,120,0,0,0,397,491,24,845,24,5429,1970,2,2724,300
DEFAULT_EQ,Q1,DEFAULT,baseSeed=626|nTx=24|nValidators=10|nShards=4|committee=3|quorum=2|loadThreshold=75|maxTime=180|crossShardPct=0|requestOfflinePct=0|receiptDropPct=0|ownerCap=3000|mobileThreshold=35,1,92,626,50,COMPLETE,24,24,24,2,24,10,4,0,24,24,24,0,120,0,0,0,397,455,24,791,24,5724,2503,2,4358,200
DEFAULT_EQ,Q1,DEFAULT,baseSeed=626|nTx=24|nValidators=10|nShards=4|committee=3|quorum=2|loadThreshold=75|maxTime=180|crossShardPct=0|requestOfflinePct=0|receiptDropPct=0|ownerCap=3000|mobileThreshold=35,1,93,626,62,COMPLETE,24,24,24,7,24,10,4,0,24,24,24,0,120,0,0,0,397,518,24,884,24,4826,1749,3,2403,200
DEFAULT_EQ,Q1,DEFAULT,baseSeed=626|nTx=24|nValidators=10|nShards=4|committee=3|quorum=2|loadThreshold=75|maxTime=180|crossShardPct=0|requestOfflinePct=0|receiptDropPct=0|ownerCap=3000|mobileThreshold=35,1,94,626,49,COMPLETE,24,24,24,2,24,10,4,0,24,24,24,0,120,0,0,0,397,455,24,791,24,5262,2140,2,3621,200
DEFAULT_EQ,Q1,DEFAULT,baseSeed=626|nTx=24|nValidators=10|nShards=4|committee=3|quorum=2|loadThreshold=75|maxTime=180|crossShardPct=0|requestOfflinePct=0|receiptDropPct=0|ownerCap=3000|mobileThreshold=35,1,95,626,62,COMPLETE,24,24,24,3,24,10,4,0,24,24,24,0,120,0,0,0,397,467,24,809,24,4852,1916,2,2884,200
DEFAULT_EQ,Q1,DEFAULT,baseSeed=626|nTx=24|nValidators=10|nShards=4|committee=3|quorum=2|loadThreshold=75|maxTime=180|crossShardPct=0|requestOfflinePct=0|receiptDropPct=0|ownerCap=3000|mobileThreshold=35,1,96,626,50,COMPLETE,24,24,24,1,24,10,4,0,24,24,24,0,120,0,0,0,397,440,24,770,24,4814,1761,3,2500,300
DEFAULT_EQ,Q1,DEFAULT,baseSeed=626|nTx=24|nValidators=10|nShards=4|committee=3|quorum=2|loadThreshold=75|maxTime=180|crossShardPct=0|requestOfflinePct=0|receiptDropPct=0|ownerCap=3000|mobileThreshold=35,1,97,626,62,COMPLETE,24,24,24,4,24,10,4,0,24,24,24,0,120,0,0,1,398,479,24,827,24,4826,1785,3,2756,900
DEFAULT_EQ,Q1,DEFAULT,baseSeed=626|nTx=24|nValidators=10|nShards=4|committee=3|quorum=2|loadThreshold=75|maxTime=180|crossShardPct=0|requestOfflinePct=0|receiptDropPct=0|ownerCap=3000|mobileThreshold=35,1,98,626,49,COMPLETE,24,24,24,2,24,10,4,0,24,24,24,0,120,0,0,0,397,455,24,791,24,5262,2187,2,3750,300
DEFAULT_EQ,Q1,DEFAULT,baseSeed=626|nTx=24|nValidators=10|nShards=4|committee=3|quorum=2|loadThreshold=75|maxTime=180|crossShardPct=0|requestOfflinePct=0|receiptDropPct=0|ownerCap=3000|mobileThreshold=35,1,99,626,50,COMPLETE,24,24,24,2,24,10,4,0,24,24,24,0,120,0,0,0,397,453,24,789,24,4653,1725,3,3012,200
DEFAULT_EQ,Q1,DEFAULT,baseSeed=626|nTx=24|nValidators=10|nShards=4|committee=3|quorum=2|loadThreshold=75|maxTime=180|crossShardPct=0|requestOfflinePct=0|receiptDropPct=0|ownerCap=3000|mobileThreshold=35,1,100,626,50,COMPLETE,24,24,24,2,24,10,4,0,24,24,24,0,120,0,0,0,397,454,24,790,24,4557,1807,3,2884,200
DEFAULT_EQ,Q2,DEFAULT,baseSeed=626|nTx=40|nValidators=10|nShards=4|committee=3|quorum=2|loadThreshold=75|maxTime=180|crossShardPct=0|requestOfflinePct=0|receiptDropPct=0|ownerCap=3000|mobileThreshold=35,2,1,626,64,COMPLETE,40,40,40,9,39,10,4,0,39,39,39,1,195,0,0,6,646,920,39,1505,39,5919,2399,2,3905,700
DEFAULT_EQ,Q2,DEFAULT,baseSeed=626|nTx=40|nValidators=10|nShards=4|committee=3|quorum=2|loadThreshold=75|maxTime=180|crossShardPct=0|requestOfflinePct=0|receiptDropPct=0|ownerCap=3000|mobileThreshold=35,2,2,626,65,COMPLETE,40,40,40,5,38,10,4,0,38,38,38,2,190,0,0,5,632,844,38,1386,38,5000,1791,3,2408,900
DEFAULT_EQ,Q2,DEFAULT,baseSeed=626|nTx=40|nValidators=10|nShards=4|committee=3|quorum=2|loadThreshold=75|maxTime=180|crossShardPct=0|requestOfflinePct=0|receiptDropPct=0|ownerCap=3000|mobileThreshold=35,2,3,626,65,COMPLETE,40,40,40,10,39,10,4,0,39,39,39,1,195,0,0,6,646,932,39,1517,39,6143,2567,2,4260,700
DEFAULT_EQ,Q2,DEFAULT,baseSeed=626|nTx=40|nValidators=10|nShards=4|committee=3|quorum=2|loadThreshold=75|maxTime=180|crossShardPct=0|requestOfflinePct=0|receiptDropPct=0|ownerCap=3000|mobileThreshold=35,2,4,626,53,COMPLETE,40,40,40,5,38,10,4,0,38,38,38,2,190,0,0,5,632,856,38,1404,38,5044,1813,3,2408,900
DEFAULT_EQ,Q2,DEFAULT,baseSeed=626|nTx=40|nValidators=10|nShards=4|committee=3|quorum=2|loadThreshold=75|maxTime=180|crossShardPct=0|requestOfflinePct=0|receiptDropPct=0|ownerCap=3000|mobileThreshold=35,2,5,626,64,COMPLETE,40,40,40,3,38,10,4,0,38,38,38,2,190,0,0,6,633,826,38,1362,38,4805,1764,3,2267,700
DEFAULT_EQ,Q2,DEFAULT,baseSeed=626|nTx=40|nValidators=10|nShards=4|committee=3|quorum=2|loadThreshold=75|maxTime=180|crossShardPct=0|requestOfflinePct=0|receiptDropPct=0|ownerCap=3000|mobileThreshold=35,2,6,626,65,COMPLETE,40,40,40,3,38,10,4,0,38,38,38,2,190,0,0,5,632,818,38,1348,38,6327,2512,2,3825,800
DEFAULT_EQ,Q2,DEFAULT,baseSeed=626|nTx=40|nValidators=10|nShards=4|committee=3|quorum=2|loadThreshold=75|maxTime=180|crossShardPct=0|requestOfflinePct=0|receiptDropPct=0|ownerCap=3000|mobileThreshold=35,2,7,626,52,COMPLETE,40,40,40,5,38,10,4,0,38,38,38,2,190,0,0,6,633,839,38,1381,38,4449,1646,3,2408,600
DEFAULT_EQ,Q2,DEFAULT,baseSeed=626|nTx=40|nValidators=10|nShards=4|committee=3|quorum=2|loadThreshold=75|maxTime=180|crossShardPct=0|requestOfflinePct=0|receiptDropPct=0|ownerCap=3000|mobileThreshold=35,2,8,626,53,COMPLETE,40,40,40,5,38,10,4,0,38,38,38,2,190,0,0,5,632,835,38,1371,38,4469,1715,3,2226,700
DEFAULT_EQ,Q2,DEFAULT,baseSeed=626|nTx=40|nValidators=10|nShards=4|committee=3|quorum=2|loadThreshold=75|maxTime=180|crossShardPct=0|requestOfflinePct=0|receiptDropPct=0|ownerCap=3000|mobileThreshold=35,2,9,626,65,COMPLETE,40,40,40,4,38,10,4,0,38,38,38,2,190,0,0,5,632,839,38,1381,38,4765,1789,3,2449,900
DEFAULT_EQ,Q2,DEFAULT,baseSeed=626|nTx=40|nValidators=10|nShards=4|committee=3|quorum=2|loadThreshold=75|maxTime=180|crossShardPct=0|requestOfflinePct=0|receiptDropPct=0|ownerCap=3000|mobileThreshold=35,2,10,626,65,COMPLETE,40,40,40,10,38,10,4,0,38,38,38,2,190,0,0,6,633,893,38,1459,38,4421,1649,3,2186,1300
DEFAULT_EQ,Q2,DEFAULT,baseSeed=626|nTx=40|nValidators=10|nShards=4|committee=3|quorum=2|loadThreshold=75|maxTime=180|crossShardPct=0|requestOfflinePct=0|receiptDropPct=0|ownerCap=3000|mobileThreshold=35,2,11,626,53,COMPLETE,40,40,40,8,38,10,4,0,38,38,38,2,190,0,0,6,633,896,38,1462,38,4785,1755,3,2408,900
DEFAULT_EQ,Q2,DEFAULT,baseSeed=626|nTx=40|nValidators=10|nShards=4|committee=3|quorum=2|loadThreshold=75|maxTime=180|crossShardPct=0|requestOfflinePct=0|receiptDropPct=0|ownerCap=3000|mobileThreshold=35,2,12,626,65,COMPLETE,40,40,40,3,38,10,4,0,38,38,38,2,190,0,0,5,632,825,38,1361,38,3684,1477,3,2186,900
DEFAULT_EQ,Q2,DEFAULT,baseSeed=626|nTx=40|nValidators=10|nShards=4|committee=3|quorum=2|loadThreshold=75|maxTime=180|crossShardPct=0|requestOfflinePct=0|receiptDropPct=0|ownerCap=3000|mobileThreshold=35,2,13,626,64,COMPLETE,40,40,40,7,38,10,4,0,38,38,38,2,190,0,0,6,633,859,38,1407,38,5449,2105,2,3461,900
DEFAULT_EQ,Q2,DEFAULT,baseSeed=626|nTx=40|nValidators=10|nShards=4|committee=3|quorum=2|loadThreshold=75|maxTime=180|crossShardPct=0|requestOfflinePct=0|receiptDropPct=0|ownerCap=3000|mobileThreshold=35,2,14,626,65,COMPLETE,40,40,40,4,38,10,4,0,38,38,38,2,190,0,0,5,632,839,38,1381,38,4611,1744,3,2368,500
DEFAULT_EQ,Q2,DEFAULT,baseSeed=626|nTx=40|nValidators=10|nShards=4|committee=3|quorum=2|loadThreshold=75|maxTime=180|crossShardPct=0|requestOfflinePct=0|receiptDropPct=0|ownerCap=3000|mobileThreshold=35,2,15,626,65,COMPLETE,40,40,40,4,38,10,4,0,38,38,38,2,190,0,0,5,632,838,38,1380,38,4777,1861,2,3097,800
DEFAULT_EQ,Q2,DEFAULT,baseSeed=626|nTx=40|nValidators=10|nShards=4|committee=3|quorum=2|loadThreshold=75|maxTime=180|crossShardPct=0|requestOfflinePct=0|receiptDropPct=0|ownerCap=3000|mobileThreshold=35,2,16,626,64,COMPLETE,40,40,40,6,39,10,4,0,39,39,39,1,195,0,0,5,645,884,39,1451,39,5035,1828,3,2524,900
DEFAULT_EQ,Q2,DEFAULT,baseSeed=626|nTx=40|nValidators=10|nShards=4|committee=3|quorum=2|loadThreshold=75|maxTime=180|crossShardPct=0|requestOfflinePct=0|receiptDropPct=0|ownerCap=3000|mobileThreshold=35,2,17,626,53,COMPLETE,40,40,40,7,38,10,4,0,38,38,38,2,190,0,0,4,631,880,38,1440,38,4866,1781,3,2267,1300
DEFAULT_EQ,Q2,DEFAULT,baseSeed=626|nTx=40|nValidators=10|nShards=4|committee=3|quorum=2|loadThreshold=75|maxTime=180|crossShardPct=0|requestOfflinePct=0|receiptDropPct=0|ownerCap=3000|mobileThreshold=35,2,18,626,64,COMPLETE,40,40,40,6,39,10,4,0,39,39,39,1,195,0,0,6,646,886,39,1453,39,5662,2211,2,3372,900
DEFAULT_EQ,Q2,DEFAULT,baseSeed=626|nTx=40|nValidators=10|nShards=4|committee=3|quorum=2|loadThreshold=75|maxTime=180|crossShardPct=0|requestOfflinePct=0|receiptDropPct=0|ownerCap=3000|mobileThreshold=35,2,19,626,65,COMPLETE,40,40,40,7,38,10,4,0,38,38,38,2,190,0,0,6,633,864,38,1418,38,4801,1800,3,2550,900
DEFAULT_EQ,Q2,DEFAULT,baseSeed=626|nTx=40|nValidators=10|nShards=4|committee=3|quorum=2|loadThreshold=75|maxTime=180|crossShardPct=0|requestOfflinePct=0|receiptDropPct=0|ownerCap=3000|mobileThreshold=35,2,20,626,65,COMPLETE,40,40,40,4,39,10,4,0,39,39,39,1,195,0,0,5,645,865,39,1420,39,5769,2420,2,4082,900
DEFAULT_EQ,Q2,DEFAULT,baseSeed=626|nTx=40|nValidators=10|nShards=4|committee=3|quorum=2|loadThreshold=75|maxTime=180|crossShardPct=0|requestOfflinePct=0|receiptDropPct=0|ownerCap=3000|mobileThreshold=35,2,21,626,51,COMPLETE,40,40,40,4,38,10,4,0,38,38,38,2,190,0,0,5,632,821,38,1351,38,4493,1677,3,2550,900
DEFAULT_EQ,Q2,DEFAULT,baseSeed=626|nTx=40|nValidators=10|nShards=4|committee=3|quorum=2|loadThreshold=75|maxTime=180|crossShardPct=0|requestOfflinePct=0|receiptDropPct=0|ownerCap=3000|mobileThreshold=35,2,22,626,65,COMPLETE,40,40,40,5,39,10,4,0,39,39,39,1,195,0,0,6,646,872,39,1433,39,4830,1766,3,2445,700
DEFAULT_EQ,Q2,DEFAULT,baseSeed=626|nTx=40|nValidators=10|nShards=4|committee=3|quorum=2|loadThreshold=75|maxTime=180|crossShardPct=0|requestOfflinePct=0|receiptDropPct=0|ownerCap=3000|mobileThreshold=35,2,23,626,64,COMPLETE,40,40,40,7,38,10,4,0,38,38,38,2,190,0,0,6,633,877,38,1437,38,4987,1820,3,2510,900
DEFAULT_EQ,Q2,DEFAULT,baseSeed=626|nTx=40|nValidators=10|nShards=4|committee=3|quorum=2|loadThreshold=75|maxTime=180|crossShardPct=0|requestOfflinePct=0|receiptDropPct=0|ownerCap=3000|mobileThreshold=35,2,24,626,65,COMPLETE,40,40,40,9,39,10,4,0,39,39,39,1,195,0,0,6,646,923,39,1508,39,4621,1670,3,2248,700
DEFAULT_EQ,Q2,DEFAULT,baseSeed=626|nTx=40|nValidators=10|nShards=4|committee=3|quorum=2|loadThreshold=75|maxTime=180|crossShardPct=0|requestOfflinePct=0|receiptDropPct=0|ownerCap=3000|mobileThreshold=35,2,25,626,65,COMPLETE,40,40,40,10,38,10,4,0,38,38,38,2,190,0,0,5,632,917,38,1495,38,3708,1474,3,2186,700
DEFAULT_EQ,Q2,DEFAULT,baseSeed=626|nTx=40|nValidators=10|nShards=4|committee=3|quorum=2|loadThreshold=75|maxTime=180|crossShardPct=0|requestOfflinePct=0|receiptDropPct=0|ownerCap=3000|mobileThreshold=35,2,26,626,65,COMPLETE,40,40,40,10,39,10,4,0,39,39,39,1,195,0,0,5,645,931,39,1516,39,4570,1670,3,2130,800
DEFAULT_EQ,Q2,DEFAULT,baseSeed=626|nTx=40|nValidators=10|nShards=4|committee=3|quorum=2|loadThreshold=75|maxTime=180|crossShardPct=0|requestOfflinePct=0|receiptDropPct=0|ownerCap=3000|mobileThreshold=35,2,27,626,52,COMPLETE,40,40,40,5,38,10,4,0,38,38,38,2,190,0,0,9,636,856,38,1404,38,4542,1886,2,3279,100
DEFAULT_EQ,Q2,DEFAULT,baseSeed=626|nTx=40|nValidators=10|nShards=4|committee=3|quorum=2|loadThreshold=75|maxTime=180|crossShardPct=0|requestOfflinePct=0|receiptDropPct=0|ownerCap=3000|mobileThreshold=35,2,28,626,65,COMPLETE,40,40,40,8,38,10,4,0,38,38,38,2,190,0,0,5,632,891,38,1457,38,5716,2408,2,4068,1400
DEFAULT_EQ,Q2,DEFAULT,baseSeed=626|nTx=40|nValidators=10|nShards=4|committee=3|quorum=2|loadThreshold=75|maxTime=180|crossShardPct=0|requestOfflinePct=0|receiptDropPct=0|ownerCap=3000|mobileThreshold=35,2,29,626,65,COMPLETE,40,40,40,8,38,10,4,0,38,38,38,2,190,0,0,5,632,894,38,1460,38,4708,2019,2,3643,600
DEFAULT_EQ,Q2,DEFAULT,baseSeed=626|nTx=40|nValidators=10|nShards=4|committee=3|quorum=2|loadThreshold=75|maxTime=180|crossShardPct=0|requestOfflinePct=0|receiptDropPct=0|ownerCap=3000|mobileThreshold=35,2,30,626,65,COMPLETE,40,40,40,7,38,10,4,0,38,38,38,2,190,0,0,5,632,869,38,1423,38,4307,1597,3,2186,1500
DEFAULT_EQ,Q2,DEFAULT,baseSeed=626|nTx=40|nValidators=10|nShards=4|committee=3|quorum=2|loadThreshold=75|maxTime=180|crossShardPct=0|requestOfflinePct=0|receiptDropPct=0|ownerCap=3000|mobileThreshold=35,2,31,626,65,COMPLETE,40,40,40,9,38,10,4,0,38,38,38,2,190,0,0,5,632,870,38,1424,38,5327,2067,2,3461,900
DEFAULT_EQ,Q2,DEFAULT,baseSeed=626|nTx=40|nValidators=10|nShards=4|committee=3|quorum=2|loadThreshold=75|maxTime=180|crossShardPct=0|requestOfflinePct=0|receiptDropPct=0|ownerCap=3000|mobileThreshold=35,2,32,626,65,COMPLETE,40,40,40,7,38,10,4,0,38,38,38,2,190,0,0,5,632,868,38,1422,38,4522,1646,3,2510,900
DEFAULT_EQ,Q2,DEFAULT,baseSeed=626|nTx=40|nValidators=10|nShards=4|committee=3|quorum=2|loadThreshold=75|maxTime=180|crossShardPct=0|requestOfflinePct=0|receiptDropPct=0|ownerCap=3000|mobileThreshold=35,2,33,626,65,COMPLETE,40,40,40,8,38,10,4,0,38,38,38,2,190,0,0,6,633,880,38,1440,38,5461,2111,2,3461,600
DEFAULT_EQ,Q2,DEFAULT,baseSeed=626|nTx=40|nValidators=10|nShards=4|committee=3|quorum=2|loadThreshold=75|maxTime=180|crossShardPct=0|requestOfflinePct=0|receiptDropPct=0|ownerCap=3000|mobileThreshold=35,2,34,626,53,COMPLETE,40,40,40,10,38,10,4,0,38,38,38,2,190,0,0,5,632,911,38,1483,38,5125,2133,2,3825,900
DEFAULT_EQ,Q2,DEFAULT,baseSeed=626|nTx=40|nValidators=10|nShards=4|committee=3|quorum=2|loadThreshold=75|maxTime=180|crossShardPct=0|requestOfflinePct=0|receiptDropPct=0|ownerCap=3000|mobileThreshold=35,2,35,626,64,COMPLETE,40,40,40,6,38,10,4,0,38,38,38,2,190,0,0,6,633,863,38,1417,38,5825,2467,2,4149,900
DEFAULT_EQ,Q2,DEFAULT,baseSeed=626|nTx=40|nValidators=10|nShards=4|committee=3|quorum=2|loadThreshold=75|maxTime=180|crossShardPct=0|requestOfflinePct=0|receiptDropPct=0|ownerCap=3000|mobileThreshold=35,2,36,626,53,COMPLETE,40,40,40,7,38,10,4,0,38,38,38,2,190,0,0,6,633,863,38,1411,38,5518,2170,2,3643,900
DEFAULT_EQ,Q2,DEFAULT,baseSeed=626|nTx=40|nValidators=10|nShards=4|committee=3|quorum=2|loadThreshold=75|maxTime=180|crossShardPct=0|requestOfflinePct=0|receiptDropPct=0|ownerCap=3000|mobileThreshold=35,2,37,626,65,COMPLETE,40,40,40,6,38,10,4,0,38,38,38,2,190,0,0,5,632,867,38,1421,38,5315,2031,2,3279,500
DEFAULT_EQ,Q2,DEFAULT,baseSeed=626|nTx=40|nValidators=10|nShards=4|committee=3|quorum=2|loadThreshold=75|maxTime=180|crossShardPct=0|requestOfflinePct=0|receiptDropPct=0|ownerCap=3000|mobileThreshold=35,2,38,626,64,COMPLETE,40,40,40,8,38,10,4,0,38,38,38,2,190,0,0,7,634,893,38,1459,38,4761,1751,3,2408,700
DEFAULT_EQ,Q2,DEFAULT,baseSeed=626|nTx=40|nValidators=10|nShards=4|committee=3|quorum=2|loadThreshold=75|maxTime=180|crossShardPct=0|requestOfflinePct=0|receiptDropPct=0|ownerCap=3000|mobileThreshold=35,2,39,626,64,COMPLETE,40,40,40,5,39,10,4,0,39,39,39,1,195,0,0,5,645,873,39,1434,39,4684,1765,3,2662,900
DEFAULT_EQ,Q2,DEFAULT,baseSeed=626|nTx=40|nValidators=10|nShards=4|committee=3|quorum=2|loadThreshold=75|maxTime=180|crossShardPct=0|requestOfflinePct=0|receiptDropPct=0|ownerCap=3000|mobileThreshold=35,2,40,626,53,COMPLETE,40,40,40,4,38,10,4,0,38,38,38,2,190,0,0,5,632,839,38,1381,38,5113,1850,3,2732,900
DEFAULT_EQ,Q2,DEFAULT,baseSeed=626|nTx=40|nValidators=10|nShards=4|committee=3|quorum=2|loadThreshold=75|maxTime=180|crossShardPct=0|requestOfflinePct=0|receiptDropPct=0|ownerCap=3000|mobileThreshold=35,2,41,626,65,COMPLETE,40,40,40,7,39,10,4,0,39,39,39,1,195,0,0,6,646,887,39,1454,39,4952,1804,3,2820,800
DEFAULT_EQ,Q2,DEFAULT,baseSeed=626|nTx=40|nValidators=10|nShards=4|committee=3|quorum=2|loadThreshold=75|maxTime=180|crossShardPct=0|requestOfflinePct=0|receiptDropPct=0|ownerCap=3000|mobileThreshold=35,2,42,626,53,COMPLETE,40,40,40,6,38,10,4,0,38,38,38,2,190,0,0,5,632,868,38,1422,38,4210,1597,3,2044,500
DEFAULT_EQ,Q2,DEFAULT,baseSeed=626|nTx=40|nValidators=10|nShards=4|committee=3|quorum=2|loadThreshold=75|maxTime=180|crossShardPct=0|requestOfflinePct=0|receiptDropPct=0|ownerCap=3000|mobileThreshold=35,2,43,626,64,COMPLETE,40,40,40,4,39,10,4,0,39,39,39,1,195,0,0,5,645,857,39,1412,39,4696,1772,3,2662,800
DEFAULT_EQ,Q2,DEFAULT,baseSeed=626|nTx=40|nValidators=10|nShards=4|committee=3|quorum=2|loadThreshold=75|maxTime=180|crossShardPct=0|requestOfflinePct=0|receiptDropPct=0|ownerCap=3000|mobileThreshold=35,2,44,626,65,COMPLETE,40,40,40,6,38,10,4,0,38,38,38,2,190,0,0,5,632,858,38,1406,38,5757,2294,2,3461,900
DEFAULT_EQ,Q2,DEFAULT,baseSeed=626|nTx=40|nValidators=10|nShards=4|committee=3|quorum=2|loadThreshold=75|maxTime=180|crossShardPct=0|requestOfflinePct=0|receiptDropPct=0|ownerCap=3000|mobileThreshold=35,2,45,626,65,COMPLETE,40,40,40,8,39,10,4,0,39,39,39,1,195,0,0,5,645,912,39,1491,39,4715,1731,3,2485,700
DEFAULT_EQ,Q2,DEFAULT,baseSeed=626|nTx=40|nValidators=10|nShards=4|committee=3|quorum=2|loadThreshold=75|maxTime=180|crossShardPct=0|requestOfflinePct=0|receiptDropPct=0|ownerCap=3000|mobileThreshold=35,2,46,626,65,COMPLETE,40,40,40,3,38,10,4,0,38,38,38,2,190,0,0,5,632,815,38,1345,38,5987,2488,2,4008,700
DEFAULT_EQ,Q2,DEFAULT,baseSeed=626|nTx=40|nValidators=10|nShards=4|committee=3|quorum=2|loadThreshold=75|maxTime=180|crossShardPct=0|requestOfflinePct=0|receiptDropPct=0|ownerCap=3000|mobileThreshold=35,2,47,626,65,COMPLETE,40,40,40,7,39,10,4,0,39,39,39,1,195,0,0,5,645,890,39,1457,39,5023,1797,3,2524,800
DEFAULT_EQ,Q2,DEFAULT,baseSeed=626|nTx=40|nValidators=10|nShards=4|committee=3|quorum=2|loadThreshold=75|maxTime=180|crossShardPct=0|requestOfflinePct=0|receiptDropPct=0|ownerCap=3000|mobileThreshold=35,2,48,626,65,COMPLETE,40,40,40,10,38,10,4,0,38,38,38,2,190,0,0,5,632,905,38,1477,38,5688,2253,2,3461,900
DEFAULT_EQ,Q2,DEFAULT,baseSeed=626|nTx=40|nValidators=10|nShards=4|committee=3|quorum=2|loadThreshold=75|maxTime=180|crossShardPct=0|requestOfflinePct=0|receiptDropPct=0|ownerCap=3000|mobileThreshold=35,2,49,626,64,COMPLETE,40,40,40,10,39,10,4,0,39,39,39,1,195,0,0,6,646,931,39,1516,39,5098,1830,3,2524,800
DEFAULT_EQ,Q2,DEFAULT,baseSeed=626|nTx=40|nValidators=10|nShards=4|committee=3|quorum=2|loadThreshold=75|maxTime=180|crossShardPct=0|requestOfflinePct=0|receiptDropPct=0|ownerCap=3000|mobileThreshold=35,2,50,626,65,COMPLETE,40,40,40,8,38,10,4,0,38,38,38,2,190,0,0,6,633,890,38,1456,38,4838,1767,3,2307,700
DEFAULT_EQ,Q2,DEFAULT,baseSeed=626|nTx=40|nValidators=10|nShards=4|committee=3|quorum=2|loadThreshold=75|maxTime=180|crossShardPct=0|requestOfflinePct=0|receiptDropPct=0|ownerCap=3000|mobileThreshold=35,2,51,626,65,COMPLETE,40,40,40,8,38,10,4,0,38,38,38,2,190,0,0,5,632,896,38,1462,38,6441,2604,2,4008,700
DEFAULT_EQ,Q2,DEFAULT,baseSeed=626|nTx=40|nValidators=10|nShards=4|committee=3|quorum=2|loadThreshold=75|maxTime=180|crossShardPct=0|requestOfflinePct=0|receiptDropPct=0|ownerCap=3000|mobileThreshold=35,2,52,626,65,COMPLETE,40,40,40,5,38,10,4,0,38,38,38,2,190,0,0,5,632,854,38,1402,38,4655,1726,3,2186,500
DEFAULT_EQ,Q2,DEFAULT,baseSeed=626|nTx=40|nValidators=10|nShards=4|committee=3|quorum=2|loadThreshold=75|maxTime=180|crossShardPct=0|requestOfflinePct=0|receiptDropPct=0|ownerCap=3000|mobileThreshold=35,2,53,626,64,COMPLETE,40,40,40,6,38,10,4,0,38,38,38,2,190,0,0,6,633,865,38,1419,38,5765,2311,2,3643,700
DEFAULT_EQ,Q2,DEFAULT,baseSeed=626|nTx=40|nValidators=10|nShards=4|committee=3|quorum=2|loadThreshold=75|maxTime=180|crossShardPct=0|requestOfflinePct=0|receiptDropPct=0|ownerCap=3000|mobileThreshold=35,2,54,626,53,COMPLETE,40,40,40,6,38,10,4,0,38,38,38,2,190,0,0,5,632,846,38,1388,38,4931,1792,3,2368,900
DEFAULT_EQ,Q2,DEFAULT,baseSeed=626|nTx=40|nValidators=10|nShards=4|committee=3|quorum=2|loadThreshold=75|maxTime=180|crossShardPct=0|requestOfflinePct=0|receiptDropPct=0|ownerCap=3000|mobileThreshold=35,2,55,626,65,COMPLETE,40,40,40,9,38,10,4,0,38,38,38,2,190,0,0,6,633,893,38,1459,38,5388,2102,2,2914,900
DEFAULT_EQ,Q2,DEFAULT,baseSeed=626|nTx=40|nValidators=10|nShards=4|committee=3|quorum=2|loadThreshold=75|maxTime=180|crossShardPct=0|requestOfflinePct=0|receiptDropPct=0|ownerCap=3000|mobileThreshold=35,2,56,626,64,COMPLETE,40,40,40,6,38,10,4,0,38,38,38,2,190,0,0,9,636,863,38,1417,38,5198,1889,3,2368,600
DEFAULT_EQ,Q2,DEFAULT,baseSeed=626|nTx=40|nValidators=10|nShards=4|committee=3|quorum=2|loadThreshold=75|maxTime=180|crossShardPct=0|requestOfflinePct=0|receiptDropPct=0|ownerCap=3000|mobileThreshold=35,2,57,626,65,COMPLETE,40,40,40,5,38,10,4,0,38,38,38,2,190,0,0,6,633,853,38,1401,38,5765,2311,2,3643,900
DEFAULT_EQ,Q2,DEFAULT,baseSeed=626|nTx=40|nValidators=10|nShards=4|committee=3|quorum=2|loadThreshold=75|maxTime=180|crossShardPct=0|requestOfflinePct=0|receiptDropPct=0|ownerCap=3000|mobileThreshold=35,2,58,626,65,COMPLETE,40,40,40,6,38,10,4,0,38,38,38,2,190,0,0,5,632,855,38,1403,38,5032,1805,3,2368,700
DEFAULT_EQ,Q2,DEFAULT,baseSeed=626|nTx=40|nValidators=10|nShards=4|committee=3|quorum=2|loadThreshold=75|maxTime=180|crossShardPct=0|requestOfflinePct=0|receiptDropPct=0|ownerCap=3000|mobileThreshold=35,2,59,626,53,COMPLETE,40,40,40,8,38,10,4,0,38,38,38,2,190,0,0,5,632,875,38,1429,38,4834,1759,3,2591,800
DEFAULT_EQ,Q2,DEFAULT,baseSeed=626|nTx=40|nValidators=10|nShards=4|committee=3|quorum=2|loadThreshold=75|maxTime=180|crossShardPct=0|requestOfflinePct=0|receiptDropPct=0|ownerCap=3000|mobileThreshold=35,2,60,626,65,COMPLETE,40,40,40,7,38,10,4,0,38,38,38,2,190,0,0,5,632,867,38,1421,38,5072,1825,3,2732,1600
DEFAULT_EQ,Q2,DEFAULT,baseSeed=626|nTx=40|nValidators=10|nShards=4|committee=3|quorum=2|loadThreshold=75|maxTime=180|crossShardPct=0|requestOfflinePct=0|receiptDropPct=0|ownerCap=3000|mobileThreshold=35,2,61,626,65,COMPLETE,40,40,40,7,38,10,4,0,38,38,38,2,190,0,0,5,632,877,38,1437,38,5429,2171,2,3684,600
DEFAULT_EQ,Q2,DEFAULT,baseSeed=626|nTx=40|nValidators=10|nShards=4|committee=3|quorum=2|loadThreshold=75|maxTime=180|crossShardPct=0|requestOfflinePct=0|receiptDropPct=0|ownerCap=3000|mobileThreshold=35,2,62,626,65,COMPLETE,40,40,40,7,39,10,4,0,39,39,39,1,195,0,0,5,645,897,39,1470,39,6218,2409,2,3372,500
DEFAULT_EQ,Q2,DEFAULT,baseSeed=626|nTx=40|nValidators=10|nShards=4|committee=3|quorum=2|loadThreshold=75|maxTime=180|crossShardPct=0|requestOfflinePct=0|receiptDropPct=0|ownerCap=3000|mobileThreshold=35,2,63,626,52,COMPLETE,40,40,40,3,38,10,4,0,38,38,38,2,190,0,0,9,636,831,38,1367,38,5178,1879,3,2368,200
DEFAULT_EQ,Q2,DEFAULT,baseSeed=626|nTx=40|nValidators=10|nShards=4|committee=3|quorum=2|loadThreshold=75|maxTime=180|crossShardPct=0|requestOfflinePct=0|receiptDropPct=0|ownerCap=3000|mobileThreshold=35,2,64,626,65,COMPLETE,40,40,40,8,39,10,4,0,39,39,39,1,195,0,0,6,646,914,39,1493,39,5812,2325,2,3727,800
DEFAULT_EQ,Q2,DEFAULT,baseSeed=626|nTx=40|nValidators=10|nShards=4|committee=3|quorum=2|loadThreshold=75|maxTime=180|crossShardPct=0|requestOfflinePct=0|receiptDropPct=0|ownerCap=3000|mobileThreshold=35,2,65,626,53,COMPLETE,40,40,40,4,38,10,4,0,38,38,38,2,190,0,0,5,632,842,38,1384,38,4829,1756,3,2368,700
DEFAULT_EQ,Q2,DEFAULT,baseSeed=626|nTx=40|nValidators=10|nShards=4|committee=3|quorum=2|loadThreshold=75|maxTime=180|crossShardPct=0|requestOfflinePct=0|receiptDropPct=0|ownerCap=3000|mobileThreshold=35,2,66,626,65,COMPLETE,40,40,40,4,39,10,4,0,39,39,39,1,195,0,0,5,645,862,39,1417,39,5098,2042,2,3372,800
DEFAULT_EQ,Q2,DEFAULT,baseSeed=626|nTx=40|nValidators=10|nShards=4|committee=3|quorum=2|loadThreshold=75|maxTime=180|crossShardPct=0|requestOfflinePct=0|receiptDropPct=0|ownerCap=3000|mobileThreshold=35,2,67,626,65,COMPLETE,40,40,40,8,38,10,4,0,38,38,38,2,190,0,0,6,633,888,38,1448,38,5890,2242,2,3279,900
DEFAULT_EQ,Q2,DEFAULT,baseSeed=626|nTx=40|nValidators=10|nShards=4|committee=3|quorum=2|loadThreshold=75|maxTime=180|crossShardPct=0|requestOfflinePct=0|receiptDropPct=0|ownerCap=3000|mobileThreshold=35,2,68,626,65,COMPLETE,40,40,40,5,39,10,4,0,39,39,39,1,195,0,0,5,645,874,39,1435,39,5142,1904,2,3017,900
DEFAULT_EQ,Q2,DEFAULT,baseSeed=626|nTx=40|nValidators=10|nShards=4|committee=3|quorum=2|loadThreshold=75|maxTime=180|crossShardPct=0|requestOfflinePct=0|receiptDropPct=0|ownerCap=3000|mobileThreshold=35,2,69,626,53,COMPLETE,40,40,40,3,38,10,4,0,38,38,38,2,190,0,0,6,633,823,38,1359,38,6153,2483,2,4008,700
DEFAULT_EQ,Q2,DEFAULT,baseSeed=626|nTx=40|nValidators=10|nShards=4|committee=3|quorum=2|loadThreshold=75|maxTime=180|crossShardPct=0|requestOfflinePct=0|receiptDropPct=0|ownerCap=3000|mobileThreshold=35,2,70,626,53,COMPLETE,40,40,40,6,39,10,4,0,39,39,39,1,195,0,0,6,646,875,39,1436,39,4364,1630,3,2130,900
DEFAULT_EQ,Q2,DEFAULT,baseSeed=626|nTx=40|nValidators=10|nShards=4|committee=3|quorum=2|loadThreshold=75|maxTime=180|crossShardPct=0|requestOfflinePct=0|receiptDropPct=0|ownerCap=3000|mobileThreshold=35,2,71,626,64,COMPLETE,40,40,40,9,38,10,4,0,38,38,38,2,190,0,0,7,634,907,38,1479,38,4607,1673,3,2469,1000
DEFAULT_EQ,Q2,DEFAULT,baseSeed=626|nTx=40|nValidators=10|nShards=4|committee=3|quorum=2|loadThreshold=75|maxTime=180|crossShardPct=0|requestOfflinePct=0|receiptDropPct=0|ownerCap=3000|mobileThreshold=35,2,72,626,52,COMPLETE,40,40,40,2,39,10,4,0,39,39,39,1,195,0,0,6,646,828,39,1365,39,4897,1781,3,2347,700
DEFAULT_EQ,Q2,DEFAULT,baseSeed=626|nTx=40|nValidators=10|nShards=4|committee=3|quorum=2|loadThreshold=75|maxTime=180|crossShardPct=0|requestOfflinePct=0|receiptDropPct=0|ownerCap=3000|mobileThreshold=35,2,73,626,53,COMPLETE,40,40,40,5,38,10,4,0,38,38,38,2,190,0,0,4,631,854,38,1402,38,5530,2204,2,3724,200
DEFAULT_EQ,Q2,DEFAULT,baseSeed=626|nTx=40|nValidators=10|nShards=4|committee=3|quorum=2|loadThreshold=75|maxTime=180|crossShardPct=0|requestOfflinePct=0|receiptDropPct=0|ownerCap=3000|mobileThreshold=35,2,74,626,65,COMPLETE,40,40,40,3,38,10,4,0,38,38,38,2,190,0,0,4,631,829,38,1365,38,4421,1650,3,2408,200
DEFAULT_EQ,Q2,DEFAULT,baseSeed=626|nTx=40|nValidators=10|nShards=4|committee=3|quorum=2|loadThreshold=75|maxTime=180|crossShardPct=0|requestOfflinePct=0|receiptDropPct=0|ownerCap=3000|mobileThreshold=35,2,75,626,65,COMPLETE,40,40,40,5,38,10,4,0,38,38,38,2,190,0,0,5,632,853,38,1401,38,5234,2152,2,3684,700
DEFAULT_EQ,Q2,DEFAULT,baseSeed=626|nTx=40|nValidators=10|nShards=4|committee=3|quorum=2|loadThreshold=75|maxTime=180|crossShardPct=0|requestOfflinePct=0|receiptDropPct=0|ownerCap=3000|mobileThreshold=35,2,76,626,53,COMPLETE,40,40,40,6,38,10,4,0,38,38,38,2,190,0,0,6,633,866,38,1420,38,5489,2147,2,3279,1100
DEFAULT_EQ,Q2,DEFAULT,baseSeed=626|nTx=40|nValidators=10|nShards=4|committee=3|quorum=2|loadThreshold=75|maxTime=180|crossShardPct=0|requestOfflinePct=0|receiptDropPct=0|ownerCap=3000|mobileThreshold=35,2,77,626,65,COMPLETE,40,40,40,11,38,10,4,0,38,38,38,2,190,0,0,6,633,911,38,1483,38,4044,1568,3,2307,800
DEFAULT_EQ,Q2,DEFAULT,baseSeed=626|nTx=40|nValidators=10|nShards=4|committee=3|quorum=2|loadThreshold=75|maxTime=180|crossShardPct=0|requestOfflinePct=0|receiptDropPct=0|ownerCap=3000|mobileThreshold=35,2,78,626,53,COMPLETE,40,40,40,5,38,10,4,0,38,38,38,2,190,0,0,5,632,838,38,1380,38,5412,2060,2,3279,900
DEFAULT_EQ,Q2,DEFAULT,baseSeed=626|nTx=40|nValidators=10|nShards=4|committee=3|quorum=2|loadThreshold=75|maxTime=180|crossShardPct=0|requestOfflinePct=0|receiptDropPct=0|ownerCap=3000|mobileThreshold=35,2,79,626,65,COMPLETE,40,40,40,7,38,10,4,0,38,38,38,2,190,0,0,5,632,877,38,1437,38,4497,1669,3,2591,1600
DEFAULT_EQ,Q2,DEFAULT,baseSeed=626|nTx=40|nValidators=10|nShards=4|committee=3|quorum=2|loadThreshold=75|maxTime=180|crossShardPct=0|requestOfflinePct=0|receiptDropPct=0|ownerCap=3000|mobileThreshold=35,2,80,626,65,COMPLETE,40,40,40,5,38,10,4,0,38,38,38,2,190,0,0,5,632,852,38,1400,38,5408,2065,2,3279,400
DEFAULT_EQ,Q2,DEFAULT,baseSeed=626|nTx=40|nValidators=10|nShards=4|committee=3|quorum=2|loadThreshold=75|maxTime=180|crossShardPct=0|requestOfflinePct=0|receiptDropPct=0|ownerCap=3000|mobileThreshold=35,2,81,626,65,COMPLETE,40,40,40,6,38,10,4,0,38,38,38,2,190,0,0,5,632,865,38,1419,38,4967,1856,3,2327,900
DEFAULT_EQ,Q2,DEFAULT,baseSeed=626|nTx=40|nValidators=10|nShards=4|committee=3|quorum=2|loadThreshold=75|maxTime=180|crossShardPct=0|requestOfflinePct=0|receiptDropPct=0|ownerCap=3000|mobileThreshold=35,2,82,626,53,COMPLETE,40,40,40,6,38,10,4,0,38,38,38,2,190,0,0,6,633,833,38,1369,38,5267,2229,2,4008,1000
DEFAULT_EQ,Q2,DEFAULT,baseSeed=626|nTx=40|nValidators=10|nShards=4|committee=3|quorum=2|loadThreshold=75|maxTime=180|crossShardPct=0|requestOfflinePct=0|receiptDropPct=0|ownerCap=3000|mobileThreshold=35,2,83,626,65,COMPLETE,40,40,40,7,38,10,4,0,38,38,38,2,190,0,0,6,633,881,38,1441,38,5404,2172,2,3461,800
DEFAULT_EQ,Q2,DEFAULT,baseSeed=626|nTx=40|nValidators=10|nShards=4|committee=3|quorum=2|loadThreshold=75|maxTime=180|crossShardPct=0|requestOfflinePct=0|receiptDropPct=0|ownerCap=3000|mobileThreshold=35,2,84,626,65,COMPLETE,40,40,40,7,38,10,4,0,38,38,38,2,190,0,0,5,632,867,38,1421,38,5291,2030,2,3097,1600
DEFAULT_EQ,Q2,DEFAULT,baseSeed=626|nTx=40|nValidators=10|nShards=4|committee=3|quorum=2|loadThreshold=75|maxTime=180|crossShardPct=0|requestOfflinePct=0|receiptDropPct=0|ownerCap=3000|mobileThreshold=35,2,85,626,64,COMPLETE,40,40,40,3,39,10,4,0,39,39,39,1,195,0,0,6,646,846,39,1395,39,4424,1640,3,2268,1000
DEFAULT_EQ,Q2,DEFAULT,baseSeed=626|nTx=40|nValidators=10|nShards=4|committee=3|quorum=2|loadThreshold=75|maxTime=180|crossShardPct=0|requestOfflinePct=0|receiptDropPct=0|ownerCap=3000|mobileThreshold=35,2,86,626,64,COMPLETE,40,40,40,9,38,10,4,0,38,38,38,2,190,0,0,6,633,897,38,1469,38,3631,1470,3,2105,900
DEFAULT_EQ,Q2,DEFAULT,baseSeed=626|nTx=40|nValidators=10|nShards=4|committee=3|quorum=2|loadThreshold=75|maxTime=180|crossShardPct=0|requestOfflinePct=0|receiptDropPct=0|ownerCap=3000|mobileThreshold=35,2,87,626,65,COMPLETE,40,40,40,8,39,10,4,0,39,39,39,1,195,0,0,6,646,913,39,1492,39,4613,1703,3,2426,900
DEFAULT_EQ,Q2,DEFAULT,baseSeed=626|nTx=40|nValidators=10|nShards=4|committee=3|quorum=2|loadThreshold=75|maxTime=180|crossShardPct=0|requestOfflinePct=0|receiptDropPct=0|ownerCap=3000|mobileThreshold=35,2,88,626,65,COMPLETE,40,40,40,9,38,10,4,0,38,38,38,2,190,0,0,5,632,907,38,1479,38,3668,1477,3,2226,500
DEFAULT_EQ,Q2,DEFAULT,baseSeed=626|nTx=40|nValidators=10|nShards=4|committee=3|quorum=2|loadThreshold=75|maxTime=180|crossShardPct=0|requestOfflinePct=0|receiptDropPct=0|ownerCap=3000|mobileThreshold=35,2,89,626,65,COMPLETE,40,40,40,4,39,10,4,0,39,39,39,1,195,0,0,5,645,861,39,1416,39,4570,1670,3,2130,900
DEFAULT_EQ,Q2,DEFAULT,baseSeed=626|nTx=40|nValidators=10|nShards=4|committee=3|quorum=2|loadThreshold=75|maxTime=180|crossShardPct=0|requestOfflinePct=0|receiptDropPct=0|ownerCap=3000|mobileThreshold=35,2,90,626,53,COMPLETE,40,40,40,6,38,10,4,0,38,38,38,2,190,0,0,5,632,859,38,1407,38,4672,1728,3,2408,900
DEFAULT_EQ,Q2,DEFAULT,baseSeed=626|nTx=40|nValidators=10|nShards=4|committee=3|quorum=2|loadThreshold=75|maxTime=180|crossShardPct=0|requestOfflinePct=0|receiptDropPct=0|ownerCap=3000|mobileThreshold=35,2,91,626,50,COMPLETE,40,40,40,4,39,10,4,0,39,39,39,1,195,0,0,5,645,848,39,1397,39,5497,1997,2,2840,900
DEFAULT_EQ,Q2,DEFAULT,baseSeed=626|nTx=40|nValidators=10|nShards=4|committee=3|quorum=2|loadThreshold=75|maxTime=180|crossShardPct=0|requestOfflinePct=0|receiptDropPct=0|ownerCap=3000|mobileThreshold=35,2,92,626,64,COMPLETE,40,40,40,2,38,10,4,0,38,38,38,2,190,0,0,5,632,810,38,1340,38,5643,2381,2,4149,500
DEFAULT_EQ,Q2,DEFAULT,baseSeed=626|nTx=40|nValidators=10|nShards=4|committee=3|quorum=2|loadThreshold=75|maxTime=180|crossShardPct=0|requestOfflinePct=0|receiptDropPct=0|ownerCap=3000|mobileThreshold=35,2,93,626,64,COMPLETE,40,40,40,3,39,10,4,0,39,39,39,1,195,0,0,7,647,844,39,1393,39,4893,1768,3,2445,900
DEFAULT_EQ,Q2,DEFAULT,baseSeed=626|nTx=40|nValidators=10|nShards=4|committee=3|quorum=2|loadThreshold=75|maxTime=180|crossShardPct=0|requestOfflinePct=0|receiptDropPct=0|ownerCap=3000|mobileThreshold=35,2,94,626,65,COMPLETE,40,40,40,4,38,10,4,0,38,38,38,2,190,0,0,4,631,839,38,1381,38,5303,2179,2,3724,100
DEFAULT_EQ,Q2,DEFAULT,baseSeed=626|nTx=40|nValidators=10|nShards=4|committee=3|quorum=2|loadThreshold=75|maxTime=180|crossShardPct=0|requestOfflinePct=0|receiptDropPct=0|ownerCap=3000|mobileThreshold=35,2,95,626,65,COMPLETE,40,40,40,5,39,10,4,0,39,39,39,1,195,0,0,5,645,866,39,1421,39,4940,1948,2,3017,900
DEFAULT_EQ,Q2,DEFAULT,baseSeed=626|nTx=40|nValidators=10|nShards=4|committee=3|quorum=2|loadThreshold=75|maxTime=180|crossShardPct=0|requestOfflinePct=0|receiptDropPct=0|ownerCap=3000|mobileThreshold=35,2,96,626,53,COMPLETE,40,40,40,5,38,10,4,0,38,38,38,2,190,0,0,5,632,858,38,1406,38,4838,1766,3,2449,600
DEFAULT_EQ,Q2,DEFAULT,baseSeed=626|nTx=40|nValidators=10|nShards=4|committee=3|quorum=2|loadThreshold=75|maxTime=180|crossShardPct=0|requestOfflinePct=0|receiptDropPct=0|ownerCap=3000|mobileThreshold=35,2,97,626,64,COMPLETE,40,40,40,5,38,10,4,0,38,38,38,2,190,0,0,6,633,853,38,1401,38,4562,1684,3,2651,1000
DEFAULT_EQ,Q2,DEFAULT,baseSeed=626|nTx=40|nValidators=10|nShards=4|committee=3|quorum=2|loadThreshold=75|maxTime=180|crossShardPct=0|requestOfflinePct=0|receiptDropPct=0|ownerCap=3000|mobileThreshold=35,2,98,626,53,COMPLETE,40,40,40,5,38,10,4,0,38,38,38,2,190,0,0,5,632,842,38,1384,38,5283,2112,2,3461,1300
DEFAULT_EQ,Q2,DEFAULT,baseSeed=626|nTx=40|nValidators=10|nShards=4|committee=3|quorum=2|loadThreshold=75|maxTime=180|crossShardPct=0|requestOfflinePct=0|receiptDropPct=0|ownerCap=3000|mobileThreshold=35,2,99,626,65,COMPLETE,40,40,40,7,38,10,4,0,38,38,38,2,190,0,0,5,632,884,38,1444,38,4696,1727,3,2773,800
DEFAULT_EQ,Q2,DEFAULT,baseSeed=626|nTx=40|nValidators=10|nShards=4|committee=3|quorum=2|loadThreshold=75|maxTime=180|crossShardPct=0|requestOfflinePct=0|receiptDropPct=0|ownerCap=3000|mobileThreshold=35,2,100,626,65,COMPLETE,40,40,40,7,38,10,4,0,38,38,38,2,190,0,0,5,632,861,38,1409,38,4574,1809,3,2914,700
DEFAULT_EQ,Q3,DEFAULT,baseSeed=626|nTx=28|nValidators=10|nShards=4|committee=3|quorum=2|loadThreshold=75|maxTime=180|crossShardPct=60|requestOfflinePct=0|receiptDropPct=0|ownerCap=3000|mobileThreshold=35,3,1,626,51,COMPLETE,28,28,28,18,28,10,4,0,28,28,28,0,140,0,0,1,462,746,28,1236,28,5956,2457,2,3956,900
DEFAULT_EQ,Q3,DEFAULT,baseSeed=626|nTx=28|nValidators=10|nShards=4|committee=3|quorum=2|loadThreshold=75|maxTime=180|crossShardPct=60|requestOfflinePct=0|receiptDropPct=0|ownerCap=3000|mobileThreshold=35,3,2,626,51,COMPLETE,28,28,28,18,28,10,4,0,28,28,28,0,140,0,0,1,462,747,28,1237,28,5032,1802,3,2417,900
DEFAULT_EQ,Q3,DEFAULT,baseSeed=626|nTx=28|nValidators=10|nShards=4|committee=3|quorum=2|loadThreshold=75|maxTime=180|crossShardPct=60|requestOfflinePct=0|receiptDropPct=0|ownerCap=3000|mobileThreshold=35,3,3,626,51,COMPLETE,28,28,28,18,28,10,4,0,28,28,28,0,140,0,0,1,462,746,28,1236,28,6120,2502,2,4093,1000
DEFAULT_EQ,Q3,DEFAULT,baseSeed=626|nTx=28|nValidators=10|nShards=4|committee=3|quorum=2|loadThreshold=75|maxTime=180|crossShardPct=60|requestOfflinePct=0|receiptDropPct=0|ownerCap=3000|mobileThreshold=35,3,4,626,51,COMPLETE,28,28,28,17,28,10,4,0,28,28,28,0,140,0,0,1,462,735,28,1219,28,5098,1832,3,2417,900
DEFAULT_EQ,Q3,DEFAULT,baseSeed=626|nTx=28|nValidators=10|nShards=4|committee=3|quorum=2|loadThreshold=75|maxTime=180|crossShardPct=60|requestOfflinePct=0|receiptDropPct=0|ownerCap=3000|mobileThreshold=35,3,5,626,51,COMPLETE,28,28,28,18,28,10,4,0,28,28,28,0,140,0,0,1,462,747,28,1237,28,4703,1749,3,2252,900
DEFAULT_EQ,Q3,DEFAULT,baseSeed=626|nTx=28|nValidators=10|nShards=4|committee=3|quorum=2|loadThreshold=75|maxTime=180|crossShardPct=60|requestOfflinePct=0|receiptDropPct=0|ownerCap=3000|mobileThreshold=35,3,6,626,64,COMPLETE,28,28,28,19,28,10,4,0,28,28,28,0,140,0,0,0,461,759,28,1255,28,6263,2461,2,3708,300
DEFAULT_EQ,Q3,DEFAULT,baseSeed=626|nTx=28|nValidators=10|nShards=4|committee=3|quorum=2|loadThreshold=75|maxTime=180|crossShardPct=60|requestOfflinePct=0|receiptDropPct=0|ownerCap=3000|mobileThreshold=35,3,7,626,64,COMPLETE,28,28,28,18,28,10,4,0,28,28,28,0,140,0,0,1,462,744,28,1234,28,4258,1602,3,2115,800
DEFAULT_EQ,Q3,DEFAULT,baseSeed=626|nTx=28|nValidators=10|nShards=4|committee=3|quorum=2|loadThreshold=75|maxTime=180|crossShardPct=60|requestOfflinePct=0|receiptDropPct=0|ownerCap=3000|mobileThreshold=35,3,8,626,63,COMPLETE,28,28,28,18,28,10,4,0,28,28,28,0,140,0,0,0,461,744,28,1234,28,4516,1720,3,2307,300
DEFAULT_EQ,Q3,DEFAULT,baseSeed=626|nTx=28|nValidators=10|nShards=4|committee=3|quorum=2|loadThreshold=75|maxTime=180|crossShardPct=60|requestOfflinePct=0|receiptDropPct=0|ownerCap=3000|mobileThreshold=35,3,9,626,64,COMPLETE,28,28,28,18,28,10,4,0,28,28,28,0,140,0,0,0,461,746,28,1236,28,4582,1739,3,2362,300
DEFAULT_EQ,Q3,DEFAULT,baseSeed=626|nTx=28|nValidators=10|nShards=4|committee=3|quorum=2|loadThreshold=75|maxTime=180|crossShardPct=60|requestOfflinePct=0|receiptDropPct=0|ownerCap=3000|mobileThreshold=35,3,10,626,63,COMPLETE,28,28,28,18,28,10,4,0,28,28,28,0,140,0,0,0,461,744,28,1234,28,4170,1594,3,2060,300
DEFAULT_EQ,Q3,DEFAULT,baseSeed=626|nTx=28|nValidators=10|nShards=4|committee=3|quorum=2|loadThreshold=75|maxTime=180|crossShardPct=60|requestOfflinePct=0|receiptDropPct=0|ownerCap=3000|mobileThreshold=35,3,11,626,51,COMPLETE,28,28,28,17,28,10,4,0,28,28,28,0,140,0,0,1,462,733,28,1217,28,5043,1828,3,2554,500
DEFAULT_EQ,Q3,DEFAULT,baseSeed=626|nTx=28|nValidators=10|nShards=4|committee=3|quorum=2|loadThreshold=75|maxTime=180|crossShardPct=60|requestOfflinePct=0|receiptDropPct=0|ownerCap=3000|mobileThreshold=35,3,12,626,63,COMPLETE,28,28,28,19,28,10,4,0,28,28,28,0,140,0,0,0,461,758,28,1254,28,3780,1487,3,2115,300
DEFAULT_EQ,Q3,DEFAULT,baseSeed=626|nTx=28|nValidators=10|nShards=4|committee=3|quorum=2|loadThreshold=75|maxTime=180|crossShardPct=60|requestOfflinePct=0|receiptDropPct=0|ownerCap=3000|mobileThreshold=35,3,13,626,51,COMPLETE,28,28,28,17,28,10,4,0,28,28,28,0,140,0,0,1,462,733,28,1217,28,5489,2181,2,3708,500
DEFAULT_EQ,Q3,DEFAULT,baseSeed=626|nTx=28|nValidators=10|nShards=4|committee=3|quorum=2|loadThreshold=75|maxTime=180|crossShardPct=60|requestOfflinePct=0|receiptDropPct=0|ownerCap=3000|mobileThreshold=35,3,14,626,51,COMPLETE,28,28,28,17,28,10,4,0,28,28,28,0,140,0,0,1,462,734,28,1218,28,4703,1772,3,2417,900
DEFAULT_EQ,Q3,DEFAULT,baseSeed=626|nTx=28|nValidators=10|nShards=4|committee=3|quorum=2|loadThreshold=75|maxTime=180|crossShardPct=60|requestOfflinePct=0|receiptDropPct=0|ownerCap=3000|mobileThreshold=35,3,15,626,64,COMPLETE,28,28,28,18,28,10,4,0,28,28,28,0,140,0,0,0,461,745,28,1235,28,4824,1892,2,3214,300
DEFAULT_EQ,Q3,DEFAULT,baseSeed=626|nTx=28|nValidators=10|nShards=4|committee=3|quorum=2|loadThreshold=75|maxTime=180|crossShardPct=60|requestOfflinePct=0|receiptDropPct=0|ownerCap=3000|mobileThreshold=35,3,16,626,51,COMPLETE,28,28,28,17,28,10,4,0,28,28,28,0,140,0,0,1,462,734,28,1218,28,5043,1840,3,2417,900
DEFAULT_EQ,Q3,DEFAULT,baseSeed=626|nTx=28|nValidators=10|nShards=4|committee=3|quorum=2|loadThreshold=75|maxTime=180|crossShardPct=60|requestOfflinePct=0|receiptDropPct=0|ownerCap=3000|mobileThreshold=35,3,17,626,63,COMPLETE,28,28,28,18,28,10,4,0,28,28,28,0,140,0,0,0,461,745,28,1235,28,4846,1769,3,2362,300
DEFAULT_EQ,Q3,DEFAULT,baseSeed=626|nTx=28|nValidators=10|nShards=4|committee=3|quorum=2|loadThreshold=75|maxTime=180|crossShardPct=60|requestOfflinePct=0|receiptDropPct=0|ownerCap=3000|mobileThreshold=35,3,18,626,64,COMPLETE,28,28,28,18,28,10,4,0,28,28,28,0,140,0,0,0,461,745,28,1235,28,5769,2316,2,3708,300
DEFAULT_EQ,Q3,DEFAULT,baseSeed=626|nTx=28|nValidators=10|nShards=4|committee=3|quorum=2|loadThreshold=75|maxTime=180|crossShardPct=60|requestOfflinePct=0|receiptDropPct=0|ownerCap=3000|mobileThreshold=35,3,19,626,51,COMPLETE,28,28,28,17,28,10,4,0,28,28,28,0,140,0,0,1,462,733,28,1217,28,4703,1772,3,2417,900
DEFAULT_EQ,Q3,DEFAULT,baseSeed=626|nTx=28|nValidators=10|nShards=4|committee=3|quorum=2|loadThreshold=75|maxTime=180|crossShardPct=60|requestOfflinePct=0|receiptDropPct=0|ownerCap=3000|mobileThreshold=35,3,20,626,64,COMPLETE,28,28,28,18,28,10,4,0,28,28,28,0,140,0,0,0,461,745,28,1235,28,5791,2434,2,4093,300
DEFAULT_EQ,Q3,DEFAULT,baseSeed=626|nTx=28|nValidators=10|nShards=4|committee=3|quorum=2|loadThreshold=75|maxTime=180|crossShardPct=60|requestOfflinePct=0|receiptDropPct=0|ownerCap=3000|mobileThreshold=35,3,21,626,51,COMPLETE,28,28,28,17,28,10,4,0,28,28,28,0,140,0,0,1,462,733,28,1217,28,4505,1671,3,2417,900
DEFAULT_EQ,Q3,DEFAULT,baseSeed=626|nTx=28|nValidators=10|nShards=4|committee=3|quorum=2|loadThreshold=75|maxTime=180|crossShardPct=60|requestOfflinePct=0|receiptDropPct=0|ownerCap=3000|mobileThreshold=35,3,22,626,64,COMPLETE,28,28,28,18,28,10,4,0,28,28,28,0,140,0,0,0,461,746,28,1236,28,4686,1746,3,2170,300
DEFAULT_EQ,Q3,DEFAULT,baseSeed=626|nTx=28|nValidators=10|nShards=4|committee=3|quorum=2|loadThreshold=75|maxTime=180|crossShardPct=60|requestOfflinePct=0|receiptDropPct=0|ownerCap=3000|mobileThreshold=35,3,23,626,64,COMPLETE,28,28,28,18,28,10,4,0,28,28,28,0,140,0,0,1,462,746,28,1236,28,4747,1742,3,2252,900
DEFAULT_EQ,Q3,DEFAULT,baseSeed=626|nTx=28|nValidators=10|nShards=4|committee=3|quorum=2|loadThreshold=75|maxTime=180|crossShardPct=60|requestOfflinePct=0|receiptDropPct=0|ownerCap=3000|mobileThreshold=35,3,24,626,50,COMPLETE,28,28,28,17,28,10,4,0,28,28,28,0,140,0,0,1,462,733,28,1217,28,4565,1649,3,2362,800
DEFAULT_EQ,Q3,DEFAULT,baseSeed=626|nTx=28|nValidators=10|nShards=4|committee=3|quorum=2|loadThreshold=75|maxTime=180|crossShardPct=60|requestOfflinePct=0|receiptDropPct=0|ownerCap=3000|mobileThreshold=35,3,25,626,63,COMPLETE,28,28,28,18,28,10,4,0,28,28,28,0,140,0,0,1,462,746,28,1236,28,3609,1471,3,2005,900
DEFAULT_EQ,Q3,DEFAULT,baseSeed=626|nTx=28|nValidators=10|nShards=4|committee=3|quorum=2|loadThreshold=75|maxTime=180|crossShardPct=60|requestOfflinePct=0|receiptDropPct=0|ownerCap=3000|mobileThreshold=35,3,26,626,51,COMPLETE,28,28,28,17,28,10,4,0,28,28,28,0,140,0,0,1,462,735,28,1219,28,4637,1688,3,2307,900
DEFAULT_EQ,Q3,DEFAULT,baseSeed=626|nTx=28|nValidators=10|nShards=4|committee=3|quorum=2|loadThreshold=75|maxTime=180|crossShardPct=60|requestOfflinePct=0|receiptDropPct=0|ownerCap=3000|mobileThreshold=35,3,27,626,63,COMPLETE,28,28,28,18,28,10,4,0,28,28,28,0,140,0,0,0,461,744,28,1234,28,4637,1952,2,3461,300
DEFAULT_EQ,Q3,DEFAULT,baseSeed=626|nTx=28|nValidators=10|nShards=4|committee=3|quorum=2|loadThreshold=75|maxTime=180|crossShardPct=60|requestOfflinePct=0|receiptDropPct=0|ownerCap=3000|mobileThreshold=35,3,28,626,51,COMPLETE,28,28,28,17,28,10,4,0,28,28,28,0,140,0,0,1,462,733,28,1217,28,5818,2360,2,3846,500
DEFAULT_EQ,Q3,DEFAULT,baseSeed=626|nTx=28|nValidators=10|nShards=4|committee=3|quorum=2|loadThreshold=75|maxTime=180|crossShardPct=60|requestOfflinePct=0|receiptDropPct=0|ownerCap=3000|mobileThreshold=35,3,29,626,51,COMPLETE,28,28,28,18,28,10,4,0,28,28,28,0,140,0,0,1,462,746,28,1236,28,4813,2157,2,3956,900
DEFAULT_EQ,Q3,DEFAULT,baseSeed=626|nTx=28|nValidators=10|nShards=4|committee=3|quorum=2|loadThreshold=75|maxTime=180|crossShardPct=60|requestOfflinePct=0|receiptDropPct=0|ownerCap=3000|mobileThreshold=35,3,30,626,64,COMPLETE,28,28,28,18,28,10,4,0,28,28,28,0,140,0,0,1,462,746,28,1236,28,4269,1602,3,2307,700
DEFAULT_EQ,Q3,DEFAULT,baseSeed=626|nTx=28|nValidators=10|nShards=4|committee=3|quorum=2|loadThreshold=75|maxTime=180|crossShardPct=60|requestOfflinePct=0|receiptDropPct=0|ownerCap=3000|mobileThreshold=35,3,31,626,51,COMPLETE,28,28,28,17,28,10,4,0,28,28,28,0,140,0,0,1,462,733,28,1217,28,5439,2114,2,3461,900
DEFAULT_EQ,Q3,DEFAULT,baseSeed=626|nTx=28|nValidators=10|nShards=4|committee=3|quorum=2|loadThreshold=75|maxTime=180|crossShardPct=60|requestOfflinePct=0|receiptDropPct=0|ownerCap=3000|mobileThreshold=35,3,32,626,64,COMPLETE,28,28,28,18,28,10,4,0,28,28,28,0,140,0,0,0,461,746,28,1236,28,4379,1612,3,2307,300
DEFAULT_EQ,Q3,DEFAULT,baseSeed=626|nTx=28|nValidators=10|nShards=4|committee=3|quorum=2|loadThreshold=75|maxTime=180|crossShardPct=60|requestOfflinePct=0|receiptDropPct=0|ownerCap=3000|mobileThreshold=35,3,33,626,64,COMPLETE,28,28,28,18,28,10,4,0,28,28,28,0,140,0,0,1,462,746,28,1236,28,5291,2013,2,3214,700
DEFAULT_EQ,Q3,DEFAULT,baseSeed=626|nTx=28|nValidators=10|nShards=4|committee=3|quorum=2|loadThreshold=75|maxTime=180|crossShardPct=60|requestOfflinePct=0|receiptDropPct=0|ownerCap=3000|mobileThreshold=35,3,34,626,51,COMPLETE,28,28,28,17,28,10,4,0,28,28,28,0,140,0,0,1,462,734,28,1218,28,5164,2196,2,3956,900
DEFAULT_EQ,Q3,DEFAULT,baseSeed=626|nTx=28|nValidators=10|nShards=4|committee=3|quorum=2|loadThreshold=75|maxTime=180|crossShardPct=60|requestOfflinePct=0|receiptDropPct=0|ownerCap=3000|mobileThreshold=35,3,35,626,64,COMPLETE,28,28,28,18,28,10,4,0,28,28,28,0,140,0,0,0,461,747,28,1237,28,5868,2435,2,4038,200
DEFAULT_EQ,Q3,DEFAULT,baseSeed=626|nTx=28|nValidators=10|nShards=4|committee=3|quorum=2|loadThreshold=75|maxTime=180|crossShardPct=60|requestOfflinePct=0|receiptDropPct=0|ownerCap=3000|mobileThreshold=35,3,36,626,64,COMPLETE,28,28,28,19,28,10,4,0,28,28,28,0,140,0,0,0,461,758,28,1254,28,5423,2103,2,3461,300
DEFAULT_EQ,Q3,DEFAULT,baseSeed=626|nTx=28|nValidators=10|nShards=4|committee=3|quorum=2|loadThreshold=75|maxTime=180|crossShardPct=60|requestOfflinePct=0|receiptDropPct=0|ownerCap=3000|mobileThreshold=35,3,37,626,51,COMPLETE,28,28,28,17,28,10,4,0,28,28,28,0,140,0,0,1,462,735,28,1219,28,5291,2011,2,3214,500
DEFAULT_EQ,Q3,DEFAULT,baseSeed=626|nTx=28|nValidators=10|nShards=4|committee=3|quorum=2|loadThreshold=75|maxTime=180|crossShardPct=60|requestOfflinePct=0|receiptDropPct=0|ownerCap=3000|mobileThreshold=35,3,38,626,63,COMPLETE,28,28,28,19,28,10,4,0,28,28,28,0,140,0,0,0,461,757,28,1253,28,4769,1746,3,2362,300
DEFAULT_EQ,Q3,DEFAULT,baseSeed=626|nTx=28|nValidators=10|nShards=4|committee=3|quorum=2|loadThreshold=75|maxTime=180|crossShardPct=60|requestOfflinePct=0|receiptDropPct=0|ownerCap=3000|mobileThreshold=35,3,39,626,64,COMPLETE,28,28,28,18,28,10,4,0,28,28,28,0,140,0,0,0,461,746,28,1236,28,4587,1741,3,2390,300
DEFAULT_EQ,Q3,DEFAULT,baseSeed=626|nTx=28|nValidators=10|nShards=4|committee=3|quorum=2|loadThreshold=75|maxTime=180|crossShardPct=60|requestOfflinePct=0|receiptDropPct=0|ownerCap=3000|mobileThreshold=35,3,40,626,51,COMPLETE,28,28,28,17,28,10,4,0,28,28,28,0,140,0,0,1,462,734,28,1218,28,5098,1858,3,2747,900
DEFAULT_EQ,Q3,DEFAULT,baseSeed=626|nTx=28|nValidators=10|nShards=4|committee=3|quorum=2|loadThreshold=75|maxTime=180|crossShardPct=60|requestOfflinePct=0|receiptDropPct=0|ownerCap=3000|mobileThreshold=35,3,41,626,64,COMPLETE,28,28,28,18,28,10,4,0,28,28,28,0,140,0,0,0,461,745,28,1235,28,4884,1775,3,2747,300
DEFAULT_EQ,Q3,DEFAULT,baseSeed=626|nTx=28|nValidators=10|nShards=4|committee=3|quorum=2|loadThreshold=75|maxTime=180|crossShardPct=60|requestOfflinePct=0|receiptDropPct=0|ownerCap=3000|mobileThreshold=35,3,42,626,64,COMPLETE,28,28,28,19,28,10,4,0,28,28,28,0,140,0,0,0,461,759,28,1255,28,4214,1597,3,2115,300
DEFAULT_EQ,Q3,DEFAULT,baseSeed=626|nTx=28|nValidators=10|nShards=4|committee=3|quorum=2|loadThreshold=75|maxTime=180|crossShardPct=60|requestOfflinePct=0|receiptDropPct=0|ownerCap=3000|mobileThreshold=35,3,43,626,51,COMPLETE,28,28,28,17,28,10,4,0,28,28,28,0,140,0,0,1,462,733,28,1217,28,4675,1766,3,2609,1000
DEFAULT_EQ,Q3,DEFAULT,baseSeed=626|nTx=28|nValidators=10|nShards=4|committee=3|quorum=2|loadThreshold=75|maxTime=180|crossShardPct=60|requestOfflinePct=0|receiptDropPct=0|ownerCap=3000|mobileThreshold=35,3,44,626,64,COMPLETE,28,28,28,18,28,10,4,0,28,28,28,0,140,0,0,1,462,744,28,1234,28,5747,2287,2,3461,800
DEFAULT_EQ,Q3,DEFAULT,baseSeed=626|nTx=28|nValidators=10|nShards=4|committee=3|quorum=2|loadThreshold=75|maxTime=180|crossShardPct=60|requestOfflinePct=0|receiptDropPct=0|ownerCap=3000|mobileThreshold=35,3,45,626,64,COMPLETE,28,28,28,18,28,10,4,0,28,28,28,0,140,0,0,0,461,745,28,1235,28,4664,1730,3,2307,300
DEFAULT_EQ,Q3,DEFAULT,baseSeed=626|nTx=28|nValidators=10|nShards=4|committee=3|quorum=2|loadThreshold=75|maxTime=180|crossShardPct=60|requestOfflinePct=0|receiptDropPct=0|ownerCap=3000|mobileThreshold=35,3,46,626,64,COMPLETE,28,28,28,18,28,10,4,0,28,28,28,0,140,0,0,0,461,748,28,1238,28,5956,2457,2,3956,200
DEFAULT_EQ,Q3,DEFAULT,baseSeed=626|nTx=28|nValidators=10|nShards=4|committee=3|quorum=2|loadThreshold=75|maxTime=180|crossShardPct=60|requestOfflinePct=0|receiptDropPct=0|ownerCap=3000|mobileThreshold=35,3,47,626,64,COMPLETE,28,28,28,18,28,10,4,0,28,28,28,0,140,0,0,0,461,745,28,1235,28,4901,1764,3,2362,300
DEFAULT_EQ,Q3,DEFAULT,baseSeed=626|nTx=28|nValidators=10|nShards=4|committee=3|quorum=2|loadThreshold=75|maxTime=180|crossShardPct=60|requestOfflinePct=0|receiptDropPct=0|ownerCap=3000|mobileThreshold=35,3,48,626,51,COMPLETE,28,28,28,17,28,10,4,0,28,28,28,0,140,0,0,1,462,734,28,1218,28,5648,2212,2,3461,900
DEFAULT_EQ,Q3,DEFAULT,baseSeed=626|nTx=28|nValidators=10|nShards=4|committee=3|quorum=2|loadThreshold=75|maxTime=180|crossShardPct=60|requestOfflinePct=0|receiptDropPct=0|ownerCap=3000|mobileThreshold=35,3,49,626,63,COMPLETE,28,28,28,18,28,10,4,0,28,28,28,0,140,0,0,0,461,746,28,1236,28,4989,1800,3,2362,300
DEFAULT_EQ,Q3,DEFAULT,baseSeed=626|nTx=28|nValidators=10|nShards=4|committee=3|quorum=2|loadThreshold=75|maxTime=180|crossShardPct=60|requestOfflinePct=0|receiptDropPct=0|ownerCap=3000|mobileThreshold=35,3,50,626,51,COMPLETE,28,28,28,17,28,10,4,0,28,28,28,0,140,0,0,1,462,733,28,1217,28,4664,1730,3,2170,500
DEFAULT_EQ,Q3,DEFAULT,baseSeed=626|nTx=28|nValidators=10|nShards=4|committee=3|quorum=2|loadThreshold=75|maxTime=180|crossShardPct=60|requestOfflinePct=0|receiptDropPct=0|ownerCap=3000|mobileThreshold=35,3,51,626,63,COMPLETE,28,28,28,18,28,10,4,0,28,28,28,0,140,0,0,0,461,747,28,1237,28,6263,2461,2,3708,300
DEFAULT_EQ,Q3,DEFAULT,baseSeed=626|nTx=28|nValidators=10|nShards=4|committee=3|quorum=2|loadThreshold=75|maxTime=180|crossShardPct=60|requestOfflinePct=0|receiptDropPct=0|ownerCap=3000|mobileThreshold=35,3,52,626,51,COMPLETE,28,28,28,17,28,10,4,0,28,28,28,0,140,0,0,1,462,733,28,1217,28,4879,1770,3,2417,900
DEFAULT_EQ,Q3,DEFAULT,baseSeed=626|nTx=28|nValidators=10|nShards=4|committee=3|quorum=2|loadThreshold=75|maxTime=180|crossShardPct=60|requestOfflinePct=0|receiptDropPct=0|ownerCap=3000|mobileThreshold=35,3,53,626,51,COMPLETE,28,28,28,17,28,10,4,0,28,28,28,0,140,0,0,1,462,733,28,1217,28,5648,2212,2,3461,900
DEFAULT_EQ,Q3,DEFAULT,baseSeed=626|nTx=28|nValidators=10|nShards=4|committee=3|quorum=2|loadThreshold=75|maxTime=180|crossShardPct=60|requestOfflinePct=0|receiptDropPct=0|ownerCap=3000|mobileThreshold=35,3,54,626,51,COMPLETE,28,28,28,17,28,10,4,0,28,28,28,0,140,0,0,1,462,734,28,1218,28,4989,1811,3,2417,900
DEFAULT_EQ,Q3,DEFAULT,baseSeed=626|nTx=28|nValidators=10|nShards=4|committee=3|quorum=2|loadThreshold=75|maxTime=180|crossShardPct=60|requestOfflinePct=0|receiptDropPct=0|ownerCap=3000|mobileThreshold=35,3,55,626,64,COMPLETE,28,28,28,18,28,10,4,0,28,28,28,0,140,0,0,0,461,746,28,1236,28,5500,2136,2,3214,300
DEFAULT_EQ,Q3,DEFAULT,baseSeed=626|nTx=28|nValidators=10|nShards=4|committee=3|quorum=2|loadThreshold=75|maxTime=180|crossShardPct=60|requestOfflinePct=0|receiptDropPct=0|ownerCap=3000|mobileThreshold=35,3,56,626,63,COMPLETE,28,28,28,19,28,10,4,0,28,28,28,0,140,0,0,0,461,757,28,1253,28,5214,1899,3,2362,300
DEFAULT_EQ,Q3,DEFAULT,baseSeed=626|nTx=28|nValidators=10|nShards=4|committee=3|quorum=2|loadThreshold=75|maxTime=180|crossShardPct=60|requestOfflinePct=0|receiptDropPct=0|ownerCap=3000|mobileThreshold=35,3,57,626,51,COMPLETE,28,28,28,17,28,10,4,0,28,28,28,0,140,0,0,1,462,734,28,1218,28,5549,2171,2,3214,500
DEFAULT_EQ,Q3,DEFAULT,baseSeed=626|nTx=28|nValidators=10|nShards=4|committee=3|quorum=2|loadThreshold=75|maxTime=180|crossShardPct=60|requestOfflinePct=0|receiptDropPct=0|ownerCap=3000|mobileThreshold=35,3,58,626,64,COMPLETE,28,28,28,18,28,10,4,0,28,28,28,0,140,0,0,0,461,745,28,1235,28,4840,1764,3,2170,300
DEFAULT_EQ,Q3,DEFAULT,baseSeed=626|nTx=28|nValidators=10|nShards=4|committee=3|quorum=2|loadThreshold=75|maxTime=180|crossShardPct=60|requestOfflinePct=0|receiptDropPct=0|ownerCap=3000|mobileThreshold=35,3,59,626,51,COMPLETE,28,28,28,17,28,10,4,0,28,28,28,0,140,0,0,1,462,734,28,1218,28,5043,1840,3,2747,900
DEFAULT_EQ,Q3,DEFAULT,baseSeed=626|nTx=28|nValidators=10|nShards=4|committee=3|quorum=2|loadThreshold=75|maxTime=180|crossShardPct=60|requestOfflinePct=0|receiptDropPct=0|ownerCap=3000|mobileThreshold=35,3,60,626,64,COMPLETE,28,28,28,18,28,10,4,0,28,28,28,0,140,0,0,0,461,745,28,1235,28,4901,1764,3,2362,300
DEFAULT_EQ,Q3,DEFAULT,baseSeed=626|nTx=28|nValidators=10|nShards=4|committee=3|quorum=2|loadThreshold=75|maxTime=180|crossShardPct=60|requestOfflinePct=0|receiptDropPct=0|ownerCap=3000|mobileThreshold=35,3,61,626,63,COMPLETE,28,28,28,18,28,10,4,0,28,28,28,0,140,0,0,0,461,744,28,1234,28,5500,2237,2,3846,300
DEFAULT_EQ,Q3,DEFAULT,baseSeed=626|nTx=28|nValidators=10|nShards=4|committee=3|quorum=2|loadThreshold=75|maxTime=180|crossShardPct=60|requestOfflinePct=0|receiptDropPct=0|ownerCap=3000|mobileThreshold=35,3,62,626,51,COMPLETE,28,28,28,17,28,10,4,0,28,28,28,0,140,0,0,2,463,734,28,1218,28,6274,2448,2,3461,1100
DEFAULT_EQ,Q3,DEFAULT,baseSeed=626|nTx=28|nValidators=10|nShards=4|committee=3|quorum=2|loadThreshold=75|maxTime=180|crossShardPct=60|requestOfflinePct=0|receiptDropPct=0|ownerCap=3000|mobileThreshold=35,3,63,626,64,COMPLETE,28,28,28,18,28,10,4,0,28,28,28,0,140,0,0,0,461,745,28,1235,28,5137,1895,3,2307,300
DEFAULT_EQ,Q3,DEFAULT,baseSeed=626|nTx=28|nValidators=10|nShards=4|committee=3|quorum=2|loadThreshold=75|maxTime=180|crossShardPct=60|requestOfflinePct=0|receiptDropPct=0|ownerCap=3000|mobileThreshold=35,3,64,626,64,COMPLETE,28,28,28,18,28,10,4,0,28,28,28,0,140,0,0,1,462,746,28,1236,28,5648,2212,2,3461,700
DEFAULT_EQ,Q3,DEFAULT,baseSeed=626|nTx=28|nValidators=10|nShards=4|committee=3|quorum=2|loadThreshold=75|maxTime=180|crossShardPct=60|requestOfflinePct=0|receiptDropPct=0|ownerCap=3000|mobileThreshold=35,3,65,626,51,COMPLETE,28,28,28,17,28,10,4,0,28,28,28,0,140,0,0,1,462,733,28,1217,28,4879,1770,3,2417,900
DEFAULT_EQ,Q3,DEFAULT,baseSeed=626|nTx=28|nValidators=10|nShards=4|committee=3|quorum=2|loadThreshold=75|maxTime=180|crossShardPct=60|requestOfflinePct=0|receiptDropPct=0|ownerCap=3000|mobileThreshold=35,3,66,626,51,COMPLETE,28,28,28,17,28,10,4,0,28,28,28,0,140,0,0,1,462,733,28,1217,28,5197,2084,2,3461,900
DEFAULT_EQ,Q3,DEFAULT,baseSeed=626|nTx=28|nValidators=10|nShards=4|committee=3|quorum=2|loadThreshold=75|maxTime=180|crossShardPct=60|requestOfflinePct=0|receiptDropPct=0|ownerCap=3000|mobileThreshold=35,3,67,626,63,COMPLETE,28,28,28,19,28,10,4,0,28,28,28,0,140,0,0,0,461,757,28,1253,28,5901,2265,2,3461,300
DEFAULT_EQ,Q3,DEFAULT,baseSeed=626|nTx=28|nValidators=10|nShards=4|committee=3|quorum=2|loadThreshold=75|maxTime=180|crossShardPct=60|requestOfflinePct=0|receiptDropPct=0|ownerCap=3000|mobileThreshold=35,3,68,626,63,COMPLETE,28,28,28,18,28,10,4,0,28,28,28,0,140,0,0,0,461,744,28,1234,28,5208,1951,2,3214,300
DEFAULT_EQ,Q3,DEFAULT,baseSeed=626|nTx=28|nValidators=10|nShards=4|committee=3|quorum=2|loadThreshold=75|maxTime=180|crossShardPct=60|requestOfflinePct=0|receiptDropPct=0|ownerCap=3000|mobileThreshold=35,3,69,626,64,COMPLETE,28,28,28,18,28,10,4,0,28,28,28,0,140,0,0,0,461,746,28,1236,28,5972,2333,2,3708,300
DEFAULT_EQ,Q3,DEFAULT,baseSeed=626|nTx=28|nValidators=10|nShards=4|committee=3|quorum=2|loadThreshold=75|maxTime=180|crossShardPct=60|requestOfflinePct=0|receiptDropPct=0|ownerCap=3000|mobileThreshold=35,3,70,626,63,COMPLETE,28,28,28,18,28,10,4,0,28,28,28,0,140,0,0,1,462,744,28,1234,28,4324,1623,3,2170,700
DEFAULT_EQ,Q3,DEFAULT,baseSeed=626|nTx=28|nValidators=10|nShards=4|committee=3|quorum=2|loadThreshold=75|maxTime=180|crossShardPct=60|requestOfflinePct=0|receiptDropPct=0|ownerCap=3000|mobileThreshold=35,3,71,626,63,COMPLETE,28,28,28,18,28,10,4,0,28,28,28,0,140,0,0,0,461,745,28,1235,28,4543,1648,3,2307,300
DEFAULT_EQ,Q3,DEFAULT,baseSeed=626|nTx=28|nValidators=10|nShards=4|committee=3|quorum=2|loadThreshold=75|maxTime=180|crossShardPct=60|requestOfflinePct=0|receiptDropPct=0|ownerCap=3000|mobileThreshold=35,3,72,626,51,COMPLETE,28,28,28,17,28,10,4,0,28,28,28,0,140,0,0,2,463,734,28,1218,28,4989,1811,3,2417,1200
DEFAULT_EQ,Q3,DEFAULT,baseSeed=626|nTx=28|nValidators=10|nShards=4|committee=3|quorum=2|loadThreshold=75|maxTime=180|crossShardPct=60|requestOfflinePct=0|receiptDropPct=0|ownerCap=3000|mobileThreshold=35,3,73,626,51,COMPLETE,28,28,28,17,28,10,4,0,28,28,28,0,140,0,0,2,463,734,28,1218,28,5307,2085,2,3406,1200
DEFAULT_EQ,Q3,DEFAULT,baseSeed=626|nTx=28|nValidators=10|nShards=4|committee=3|quorum=2|loadThreshold=75|maxTime=180|crossShardPct=60|requestOfflinePct=0|receiptDropPct=0|ownerCap=3000|mobileThreshold=35,3,74,626,64,COMPLETE,28,28,28,18,28,10,4,0,28,28,28,0,140,0,0,0,461,745,28,1235,28,4489,1660,3,2362,300
DEFAULT_EQ,Q3,DEFAULT,baseSeed=626|nTx=28|nValidators=10|nShards=4|committee=3|quorum=2|loadThreshold=75|maxTime=180|crossShardPct=60|requestOfflinePct=0|receiptDropPct=0|ownerCap=3000|mobileThreshold=35,3,75,626,64,COMPLETE,28,28,28,19,28,10,4,0,28,28,28,0,140,0,0,0,461,759,28,1255,28,5208,2115,2,3598,300
DEFAULT_EQ,Q3,DEFAULT,baseSeed=626|nTx=28|nValidators=10|nShards=4|committee=3|quorum=2|loadThreshold=75|maxTime=180|crossShardPct=60|requestOfflinePct=0|receiptDropPct=0|ownerCap=3000|mobileThreshold=35,3,76,626,64,COMPLETE,28,28,28,19,28,10,4,0,28,28,28,0,140,0,0,0,461,759,28,1255,28,5642,2232,2,3461,300
DEFAULT_EQ,Q3,DEFAULT,baseSeed=626|nTx=28|nValidators=10|nShards=4|committee=3|quorum=2|loadThreshold=75|maxTime=180|crossShardPct=60|requestOfflinePct=0|receiptDropPct=0|ownerCap=3000|mobileThreshold=35,3,77,626,63,COMPLETE,28,28,28,18,28,10,4,0,28,28,28,0,140,0,0,0,461,744,28,1234,28,3851,1508,3,2362,300
DEFAULT_EQ,Q3,DEFAULT,baseSeed=626|nTx=28|nValidators=10|nShards=4|committee=3|quorum=2|loadThreshold=75|maxTime=180|crossShardPct=60|requestOfflinePct=0|receiptDropPct=0|ownerCap=3000|mobileThreshold=35,3,78,626,51,COMPLETE,28,28,28,17,28,10,4,0,28,28,28,0,140,0,0,1,462,733,28,1217,28,5373,2014,2,2967,900
DEFAULT_EQ,Q3,DEFAULT,baseSeed=626|nTx=28|nValidators=10|nShards=4|committee=3|quorum=2|loadThreshold=75|maxTime=180|crossShardPct=60|requestOfflinePct=0|receiptDropPct=0|ownerCap=3000|mobileThreshold=35,3,79,626,63,COMPLETE,28,28,28,18,28,10,4,0,28,28,28,0,140,0,0,0,461,744,28,1234,28,4313,1619,3,2362,300
DEFAULT_EQ,Q3,DEFAULT,baseSeed=626|nTx=28|nValidators=10|nShards=4|committee=3|quorum=2|loadThreshold=75|maxTime=180|crossShardPct=60|requestOfflinePct=0|receiptDropPct=0|ownerCap=3000|mobileThreshold=35,3,80,626,63,COMPLETE,28,28,28,18,28,10,4,0,28,28,28,0,140,0,0,0,461,745,28,1235,28,5450,2113,2,3461,300
DEFAULT_EQ,Q3,DEFAULT,baseSeed=626|nTx=28|nValidators=10|nShards=4|committee=3|quorum=2|loadThreshold=75|maxTime=180|crossShardPct=60|requestOfflinePct=0|receiptDropPct=0|ownerCap=3000|mobileThreshold=35,3,81,626,51,COMPLETE,28,28,28,17,28,10,4,0,28,28,28,0,140,0,0,1,462,734,28,1218,28,4956,1857,3,2307,900
DEFAULT_EQ,Q3,DEFAULT,baseSeed=626|nTx=28|nValidators=10|nShards=4|committee=3|quorum=2|loadThreshold=75|maxTime=180|crossShardPct=60|requestOfflinePct=0|receiptDropPct=0|ownerCap=3000|mobileThreshold=35,3,82,626,51,COMPLETE,28,28,28,17,28,10,4,0,28,28,28,0,140,0,0,1,462,734,28,1218,28,5263,2203,2,3956,1000
DEFAULT_EQ,Q3,DEFAULT,baseSeed=626|nTx=28|nValidators=10|nShards=4|committee=3|quorum=2|loadThreshold=75|maxTime=180|crossShardPct=60|requestOfflinePct=0|receiptDropPct=0|ownerCap=3000|mobileThreshold=35,3,83,626,51,COMPLETE,28,28,28,17,28,10,4,0,28,28,28,0,140,0,0,2,463,734,28,1218,28,5620,2262,2,3708,900
DEFAULT_EQ,Q3,DEFAULT,baseSeed=626|nTx=28|nValidators=10|nShards=4|committee=3|quorum=2|loadThreshold=75|maxTime=180|crossShardPct=60|requestOfflinePct=0|receiptDropPct=0|ownerCap=3000|mobileThreshold=35,3,84,626,51,COMPLETE,28,28,28,17,28,10,4,0,28,28,28,0,140,0,0,1,462,734,28,1218,28,5532,2189,2,3708,500
DEFAULT_EQ,Q3,DEFAULT,baseSeed=626|nTx=28|nValidators=10|nShards=4|committee=3|quorum=2|loadThreshold=75|maxTime=180|crossShardPct=60|requestOfflinePct=0|receiptDropPct=0|ownerCap=3000|mobileThreshold=35,3,85,626,64,COMPLETE,28,28,28,18,28,10,4,0,28,28,28,0,140,0,0,0,461,747,28,1237,28,4390,1637,3,2225,200
DEFAULT_EQ,Q3,DEFAULT,baseSeed=626|nTx=28|nValidators=10|nShards=4|committee=3|quorum=2|loadThreshold=75|maxTime=180|crossShardPct=60|requestOfflinePct=0|receiptDropPct=0|ownerCap=3000|mobileThreshold=35,3,86,626,51,COMPLETE,28,28,28,17,28,10,4,0,28,28,28,0,140,0,0,1,462,733,28,1217,28,3802,1497,3,2307,900
DEFAULT_EQ,Q3,DEFAULT,baseSeed=626|nTx=28|nValidators=10|nShards=4|committee=3|quorum=2|loadThreshold=75|maxTime=180|crossShardPct=60|requestOfflinePct=0|receiptDropPct=0|ownerCap=3000|mobileThreshold=35,3,87,626,63,COMPLETE,28,28,28,18,28,10,4,0,28,28,28,0,140,0,0,0,461,745,28,1235,28,4390,1639,3,2362,300
DEFAULT_EQ,Q3,DEFAULT,baseSeed=626|nTx=28|nValidators=10|nShards=4|committee=3|quorum=2|loadThreshold=75|maxTime=180|crossShardPct=60|requestOfflinePct=0|receiptDropPct=0|ownerCap=3000|mobileThreshold=35,3,88,626,63,COMPLETE,28,28,28,18,28,10,4,0,28,28,28,0,140,0,0,0,461,744,28,1234,28,3637,1463,3,2060,300
DEFAULT_EQ,Q3,DEFAULT,baseSeed=626|nTx=28|nValidators=10|nShards=4|committee=3|quorum=2|loadThreshold=75|maxTime=180|crossShardPct=60|requestOfflinePct=0|receiptDropPct=0|ownerCap=3000|mobileThreshold=35,3,89,626,51,COMPLETE,28,28,28,17,28,10,4,0,28,28,28,0,140,0,0,1,462,733,28,1217,28,4637,1688,3,2307,900
DEFAULT_EQ,Q3,DEFAULT,baseSeed=626|nTx=28|nValidators=10|nShards=4|committee=3|quorum=2|loadThreshold=75|maxTime=180|crossShardPct=60|requestOfflinePct=0|receiptDropPct=0|ownerCap=3000|mobileThreshold=35,3,90,626,51,COMPLETE,28,28,28,18,28,10,4,0,28,28,28,0,140,0,0,1,462,746,28,1236,28,4703,1727,3,2307,900
DEFAULT_EQ,Q3,DEFAULT,baseSeed=626|nTx=28|nValidators=10|nShards=4|committee=3|quorum=2|loadThreshold=75|maxTime=180|crossShardPct=60|requestOfflinePct=0|receiptDropPct=0|ownerCap=3000|mobileThreshold=35,3,91,626,51,COMPLETE,28,28,28,17,28,10,4,0,28,28,28,0,140,0,0,1,462,733,28,1217,28,5527,2010,2,2939,1000
DEFAULT_EQ,Q3,DEFAULT,baseSeed=626|nTx=28|nValidators=10|nShards=4|committee=3|quorum=2|loadThreshold=75|maxTime=180|crossShardPct=60|requestOfflinePct=0|receiptDropPct=0|ownerCap=3000|mobileThreshold=35,3,92,626,51,COMPLETE,28,28,28,17,28,10,4,0,28,28,28,0,140,0,0,1,462,733,28,1217,28,5692,2458,2,4285,900
DEFAULT_EQ,Q3,DEFAULT,baseSeed=626|nTx=28|nValidators=10|nShards=4|committee=3|quorum=2|loadThreshold=75|maxTime=180|crossShardPct=60|requestOfflinePct=0|receiptDropPct=0|ownerCap=3000|mobileThreshold=35,3,93,626,51,COMPLETE,28,28,28,18,28,10,4,0,28,28,28,0,140,0,0,1,462,747,28,1237,28,4703,1727,3,2307,900
DEFAULT_EQ,Q3,DEFAULT,baseSeed=626|nTx=28|nValidators=10|nShards=4|committee=3|quorum=2|loadThreshold=75|maxTime=180|crossShardPct=60|requestOfflinePct=0|receiptDropPct=0|ownerCap=3000|mobileThreshold=35,3,94,626,64,COMPLETE,28,28,28,18,28,10,4,0,28,28,28,0,140,0,0,0,461,747,28,1237,28,5236,2207,2,3846,300
DEFAULT_EQ,Q3,DEFAULT,baseSeed=626|nTx=28|nValidators=10|nShards=4|committee=3|quorum=2|loadThreshold=75|maxTime=180|crossShardPct=60|requestOfflinePct=0|receiptDropPct=0|ownerCap=3000|mobileThreshold=35,3,95,626,64,COMPLETE,28,28,28,18,28,10,4,0,28,28,28,0,140,0,0,0,461,745,28,1235,28,5038,1996,2,3214,300
DEFAULT_EQ,Q3,DEFAULT,baseSeed=626|nTx=28|nValidators=10|nShards=4|committee=3|quorum=2|loadThreshold=75|maxTime=180|crossShardPct=60|requestOfflinePct=0|receiptDropPct=0|ownerCap=3000|mobileThreshold=35,3,96,626,63,COMPLETE,28,28,28,18,28,10,4,0,28,28,28,0,140,0,0,0,461,744,28,1234,28,4807,1760,3,2500,300
DEFAULT_EQ,Q3,DEFAULT,baseSeed=626|nTx=28|nValidators=10|nShards=4|committee=3|quorum=2|loadThreshold=75|maxTime=180|crossShardPct=60|requestOfflinePct=0|receiptDropPct=0|ownerCap=3000|mobileThreshold=35,3,97,626,63,COMPLETE,28,28,28,18,28,10,4,0,28,28,28,0,140,0,0,1,462,745,28,1235,28,4445,1642,3,2445,1100
DEFAULT_EQ,Q3,DEFAULT,baseSeed=626|nTx=28|nValidators=10|nShards=4|committee=3|quorum=2|loadThreshold=75|maxTime=180|crossShardPct=60|requestOfflinePct=0|receiptDropPct=0|ownerCap=3000|mobileThreshold=35,3,98,626,63,COMPLETE,28,28,28,18,28,10,4,0,28,28,28,0,140,0,0,0,461,745,28,1235,28,5241,2167,2,3708,300
DEFAULT_EQ,Q3,DEFAULT,baseSeed=626|nTx=28|nValidators=10|nShards=4|committee=3|quorum=2|loadThreshold=75|maxTime=180|crossShardPct=60|requestOfflinePct=0|receiptDropPct=0|ownerCap=3000|mobileThreshold=35,3,99,626,64,COMPLETE,28,28,28,18,28,10,4,0,28,28,28,0,140,0,0,1,462,745,28,1235,28,4214,1597,3,2554,700
DEFAULT_EQ,Q3,DEFAULT,baseSeed=626|nTx=28|nValidators=10|nShards=4|committee=3|quorum=2|loadThreshold=75|maxTime=180|crossShardPct=60|requestOfflinePct=0|receiptDropPct=0|ownerCap=3000|mobileThreshold=35,3,100,626,51,COMPLETE,28,28,28,17,28,10,4,0,28,28,28,0,140,0,0,1,462,733,28,1217,28,4791,1888,2,3214,500
DEFAULT_EQ,Q4,DEFAULT,baseSeed=626|nTx=24|nValidators=10|nShards=4|committee=3|quorum=2|loadThreshold=75|maxTime=240|crossShardPct=0|requestOfflinePct=20|receiptDropPct=29|ownerCap=3000|mobileThreshold=35,4,1,626,63,COMPLETE,24,17,17,2,17,10,4,0,17,17,10,14,78,0,0,0,285,450,17,458,10,5917,2415,2,3961,300
DEFAULT_EQ,Q4,DEFAULT,baseSeed=626|nTx=24|nValidators=10|nShards=4|committee=3|quorum=2|loadThreshold=75|maxTime=240|crossShardPct=0|requestOfflinePct=20|receiptDropPct=29|ownerCap=3000|mobileThreshold=35,4,2,626,61,COMPLETE,24,17,17,1,17,10,4,0,17,17,12,12,80,0,0,0,287,435,17,526,12,4971,1786,3,2654,200
DEFAULT_EQ,Q4,DEFAULT,baseSeed=626|nTx=24|nValidators=10|nShards=4|committee=3|quorum=2|loadThreshold=75|maxTime=240|crossShardPct=0|requestOfflinePct=20|receiptDropPct=29|ownerCap=3000|mobileThreshold=35,4,3,626,63,COMPLETE,24,17,17,4,17,10,4,0,17,17,12,12,80,0,0,0,287,474,17,601,12,5862,2299,2,3601,300
DEFAULT_EQ,Q4,DEFAULT,baseSeed=626|nTx=24|nValidators=10|nShards=4|committee=3|quorum=2|loadThreshold=75|maxTime=240|crossShardPct=0|requestOfflinePct=20|receiptDropPct=29|ownerCap=3000|mobileThreshold=35,4,4,626,63,COMPLETE,24,17,17,3,17,10,4,0,17,17,11,13,79,0,0,0,286,461,17,502,11,4904,1765,3,2344,300
DEFAULT_EQ,Q4,DEFAULT,baseSeed=626|nTx=24|nValidators=10|nShards=4|committee=3|quorum=2|loadThreshold=75|maxTime=240|crossShardPct=0|requestOfflinePct=20|receiptDropPct=29|ownerCap=3000|mobileThreshold=35,4,5,626,61,COMPLETE,24,18,18,1,18,10,4,0,18,18,11,13,83,0,0,0,300,461,18,500,11,4927,1788,3,2681,400
DEFAULT_EQ,Q4,DEFAULT,baseSeed=626|nTx=24|nValidators=10|nShards=4|committee=3|quorum=2|loadThreshold=75|maxTime=240|crossShardPct=0|requestOfflinePct=20|receiptDropPct=29|ownerCap=3000|mobileThreshold=35,4,6,626,63,COMPLETE,24,17,17,1,17,10,4,0,17,17,11,13,79,0,0,0,286,436,17,482,11,6224,2417,2,3588,300
DEFAULT_EQ,Q4,DEFAULT,baseSeed=626|nTx=24|nValidators=10|nShards=4|committee=3|quorum=2|loadThreshold=75|maxTime=240|crossShardPct=0|requestOfflinePct=20|receiptDropPct=29|ownerCap=3000|mobileThreshold=35,4,7,626,62,COMPLETE,24,17,17,2,17,10,4,0,17,17,12,12,80,0,0,0,287,448,17,561,12,4516,1686,3,2417,300
DEFAULT_EQ,Q4,DEFAULT,baseSeed=626|nTx=24|nValidators=10|nShards=4|committee=3|quorum=2|loadThreshold=75|maxTime=240|crossShardPct=0|requestOfflinePct=20|receiptDropPct=29|ownerCap=3000|mobileThreshold=35,4,8,626,63,COMPLETE,24,17,17,2,17,10,4,0,17,17,11,13,79,0,0,0,286,448,17,504,11,4607,1729,3,2440,300
DEFAULT_EQ,Q4,DEFAULT,baseSeed=626|nTx=24|nValidators=10|nShards=4|committee=3|quorum=2|loadThreshold=75|maxTime=240|crossShardPct=0|requestOfflinePct=20|receiptDropPct=29|ownerCap=3000|mobileThreshold=35,4,9,626,63,COMPLETE,24,16,16,3,16,10,4,0,16,16,11,13,75,0,0,0,272,435,16,519,11,4949,1872,3,3030,200
DEFAULT_EQ,Q4,DEFAULT,baseSeed=626|nTx=24|nValidators=10|nShards=4|committee=3|quorum=2|loadThreshold=75|maxTime=240|crossShardPct=0|requestOfflinePct=20|receiptDropPct=29|ownerCap=3000|mobileThreshold=35,4,10,626,45,COMPLETE,24,17,17,0,17,10,4,0,17,17,12,12,80,0,0,0,287,423,17,527,12,4213,1591,3,2180,300
DEFAULT_EQ,Q4,DEFAULT,baseSeed=626|nTx=24|nValidators=10|nShards=4|committee=3|quorum=2|loadThreshold=75|maxTime=240|crossShardPct=0|requestOfflinePct=20|receiptDropPct=29|ownerCap=3000|mobileThreshold=35,4,11,626,63,COMPLETE,24,17,17,3,17,10,4,0,17,17,11,13,79,0,0,0,286,461,17,521,11,4971,1809,3,2440,300
DEFAULT_EQ,Q4,DEFAULT,baseSeed=626|nTx=24|nValidators=10|nShards=4|committee=3|quorum=2|loadThreshold=75|maxTime=240|crossShardPct=0|requestOfflinePct=20|receiptDropPct=29|ownerCap=3000|mobileThreshold=35,4,12,626,62,COMPLETE,24,17,17,3,17,10,4,0,17,17,11,13,79,0,0,0,286,461,17,503,11,3622,1451,3,2248,400
DEFAULT_EQ,Q4,DEFAULT,baseSeed=626|nTx=24|nValidators=10|nShards=4|committee=3|quorum=2|loadThreshold=75|maxTime=240|crossShardPct=0|requestOfflinePct=20|receiptDropPct=29|ownerCap=3000|mobileThreshold=35,4,13,626,63,COMPLETE,24,17,17,3,17,10,4,0,17,17,12,12,80,0,0,0,287,461,17,563,12,5350,2047,2,3317,400
DEFAULT_EQ,Q4,DEFAULT,baseSeed=626|nTx=24|nValidators=10|nShards=4|committee=3|quorum=2|loadThreshold=75|maxTime=240|crossShardPct=0|requestOfflinePct=20|receiptDropPct=29|ownerCap=3000|mobileThreshold=35,4,14,626,63,COMPLETE,24,17,17,2,17,10,4,0,17,17,12,12,80,0,0,0,287,449,17,546,12,4668,1750,3,2511,300
DEFAULT_EQ,Q4,DEFAULT,baseSeed=626|nTx=24|nValidators=10|nShards=4|committee=3|quorum=2|loadThreshold=75|maxTime=240|crossShardPct=0|requestOfflinePct=20|receiptDropPct=29|ownerCap=3000|mobileThreshold=35,4,15,626,63,COMPLETE,24,18,18,2,18,10,4,0,18,18,11,13,83,0,0,0,300,474,18,501,11,4509,1728,3,2681,200
DEFAULT_EQ,Q4,DEFAULT,baseSeed=626|nTx=24|nValidators=10|nShards=4|committee=3|quorum=2|loadThreshold=75|maxTime=240|crossShardPct=0|requestOfflinePct=20|receiptDropPct=29|ownerCap=3000|mobileThreshold=35,4,16,626,63,COMPLETE,24,17,17,4,17,10,4,0,17,17,10,14,78,0,0,0,285,473,17,511,10,5222,1918,2,2801,300
DEFAULT_EQ,Q4,DEFAULT,baseSeed=626|nTx=24|nValidators=10|nShards=4|committee=3|quorum=2|loadThreshold=75|maxTime=240|crossShardPct=0|requestOfflinePct=20|receiptDropPct=29|ownerCap=3000|mobileThreshold=35,4,17,626,62,COMPLETE,24,17,17,1,17,10,4,0,17,17,12,12,80,0,0,0,287,436,17,546,12,4943,1792,3,2417,300
DEFAULT_EQ,Q4,DEFAULT,baseSeed=626|nTx=24|nValidators=10|nShards=4|committee=3|quorum=2|loadThreshold=75|maxTime=240|crossShardPct=0|requestOfflinePct=20|receiptDropPct=29|ownerCap=3000|mobileThreshold=35,4,18,626,63,COMPLETE,24,17,17,2,17,10,4,0,17,17,12,12,80,0,0,0,287,448,17,547,12,5815,2330,2,3744,200
DEFAULT_EQ,Q4,DEFAULT,baseSeed=626|nTx=24|nValidators=10|nShards=4|committee=3|quorum=2|loadThreshold=75|maxTime=240|crossShardPct=0|requestOfflinePct=20|receiptDropPct=29|ownerCap=3000|mobileThreshold=35,4,19,626,63,COMPLETE,24,17,17,2,17,10,4,0,17,17,11,13,79,0,0,0,286,449,17,521,11,4732,1777,3,2440,300
DEFAULT_EQ,Q4,DEFAULT,baseSeed=626|nTx=24|nValidators=10|nShards=4|committee=3|quorum=2|loadThreshold=75|maxTime=240|crossShardPct=0|requestOfflinePct=20|receiptDropPct=29|ownerCap=3000|mobileThreshold=35,4,20,626,64,COMPLETE,24,17,17,2,17,10,4,0,17,17,11,13,79,0,0,0,286,448,17,521,11,5803,2605,2,4497,300
DEFAULT_EQ,Q4,DEFAULT,baseSeed=626|nTx=24|nValidators=10|nShards=4|committee=3|quorum=2|loadThreshold=75|maxTime=240|crossShardPct=0|requestOfflinePct=20|receiptDropPct=29|ownerCap=3000|mobileThreshold=35,4,21,626,45,COMPLETE,24,16,16,0,16,10,4,0,16,16,11,13,75,0,0,0,272,397,16,481,11,4606,1701,3,2474,300
DEFAULT_EQ,Q4,DEFAULT,baseSeed=626|nTx=24|nValidators=10|nShards=4|committee=3|quorum=2|loadThreshold=75|maxTime=240|crossShardPct=0|requestOfflinePct=20|receiptDropPct=29|ownerCap=3000|mobileThreshold=35,4,22,626,62,COMPLETE,24,17,17,1,17,10,4,0,17,17,12,12,80,0,0,0,287,436,17,547,12,5236,1896,3,2511,300
DEFAULT_EQ,Q4,DEFAULT,baseSeed=626|nTx=24|nValidators=10|nShards=4|committee=3|quorum=2|loadThreshold=75|maxTime=240|crossShardPct=0|requestOfflinePct=20|receiptDropPct=29|ownerCap=3000|mobileThreshold=35,4,23,626,64,COMPLETE,24,17,17,2,17,10,4,0,17,17,11,13,79,0,0,0,286,448,17,520,11,4923,1798,3,2535,300
DEFAULT_EQ,Q4,DEFAULT,baseSeed=626|nTx=24|nValidators=10|nShards=4|committee=3|quorum=2|loadThreshold=75|maxTime=240|crossShardPct=0|requestOfflinePct=20|receiptDropPct=29|ownerCap=3000|mobileThreshold=35,4,24,626,62,COMPLETE,24,17,17,2,17,10,4,0,17,17,12,12,80,0,0,0,287,449,17,547,12,4630,1691,3,2748,200
DEFAULT_EQ,Q4,DEFAULT,baseSeed=626|nTx=24|nValidators=10|nShards=4|committee=3|quorum=2|loadThreshold=75|maxTime=240|crossShardPct=0|requestOfflinePct=20|receiptDropPct=29|ownerCap=3000|mobileThreshold=35,4,25,626,61,COMPLETE,24,18,18,1,18,10,4,0,18,18,12,12,84,0,0,0,301,461,18,544,12,3720,1463,3,2252,300
DEFAULT_EQ,Q4,DEFAULT,baseSeed=626|nTx=24|nValidators=10|nShards=4|committee=3|quorum=2|loadThreshold=75|maxTime=240|crossShardPct=0|requestOfflinePct=20|receiptDropPct=29|ownerCap=3000|mobileThreshold=35,4,26,626,63,COMPLETE,24,17,17,1,17,10,4,0,17,17,10,14,78,0,0,0,285,436,17,441,10,4623,1676,3,2463,300
DEFAULT_EQ,Q4,DEFAULT,baseSeed=626|nTx=24|nValidators=10|nShards=4|committee=3|quorum=2|loadThreshold=75|maxTime=240|crossShardPct=0|requestOfflinePct=20|receiptDropPct=29|ownerCap=3000|mobileThreshold=35,4,27,626,62,COMPLETE,24,17,17,1,17,10,4,0,17,17,11,13,79,0,0,0,286,436,17,502,11,4665,1984,2,3588,300
DEFAULT_EQ,Q4,DEFAULT,baseSeed=626|nTx=24|nValidators=10|nShards=4|committee=3|quorum=2|loadThreshold=75|maxTime=240|crossShardPct=0|requestOfflinePct=20|receiptDropPct=29|ownerCap=3000|mobileThreshold=35,4,28,626,62,COMPLETE,24,17,17,1,17,10,4,0,17,17,12,12,80,0,0,0,287,436,17,547,12,5796,2445,2,4123,300
DEFAULT_EQ,Q4,DEFAULT,baseSeed=626|nTx=24|nValidators=10|nShards=4|committee=3|quorum=2|loadThreshold=75|maxTime=240|crossShardPct=0|requestOfflinePct=20|receiptDropPct=29|ownerCap=3000|mobileThreshold=35,4,29,626,63,COMPLETE,24,17,17,2,17,10,4,0,17,17,12,12,80,0,0,0,287,448,17,563,12,4488,1945,2,3554,300
DEFAULT_EQ,Q4,DEFAULT,baseSeed=626|nTx=24|nValidators=10|nShards=4|committee=3|quorum=2|loadThreshold=75|maxTime=240|crossShardPct=0|requestOfflinePct=20|receiptDropPct=29|ownerCap=3000|mobileThreshold=35,4,30,626,62,COMPLETE,24,18,18,2,18,10,4,0,18,18,11,13,83,0,0,0,300,474,18,522,11,4363,1627,3,2272,300
DEFAULT_EQ,Q4,DEFAULT,baseSeed=626|nTx=24|nValidators=10|nShards=4|committee=3|quorum=2|loadThreshold=75|maxTime=240|crossShardPct=0|requestOfflinePct=20|receiptDropPct=29|ownerCap=3000|mobileThreshold=35,4,31,626,63,COMPLETE,24,17,17,1,17,10,4,0,17,17,11,13,79,0,0,0,286,436,17,500,11,5382,2106,2,3588,300
DEFAULT_EQ,Q4,DEFAULT,baseSeed=626|nTx=24|nValidators=10|nShards=4|committee=3|quorum=2|loadThreshold=75|maxTime=240|crossShardPct=0|requestOfflinePct=20|receiptDropPct=29|ownerCap=3000|mobileThreshold=35,4,32,626,61,COMPLETE,24,17,17,1,17,10,4,0,17,17,12,12,80,0,0,0,287,435,17,543,12,4478,1631,3,2464,200
DEFAULT_EQ,Q4,DEFAULT,baseSeed=626|nTx=24|nValidators=10|nShards=4|committee=3|quorum=2|loadThreshold=75|maxTime=240|crossShardPct=0|requestOfflinePct=20|receiptDropPct=29|ownerCap=3000|mobileThreshold=35,4,33,626,45,COMPLETE,24,18,18,0,18,10,4,0,18,18,12,12,84,0,0,0,301,449,18,526,12,5234,1995,2,3288,400
DEFAULT_EQ,Q4,DEFAULT,baseSeed=626|nTx=24|nValidators=10|nShards=4|committee=3|quorum=2|loadThreshold=75|maxTime=240|crossShardPct=0|requestOfflinePct=20|receiptDropPct=29|ownerCap=3000|mobileThreshold=35,4,34,626,61,COMPLETE,24,18,18,1,18,10,4,0,18,18,12,12,84,0,0,0,301,461,18,545,12,4828,1916,2,3378,400
DEFAULT_EQ,Q4,DEFAULT,baseSeed=626|nTx=24|nValidators=10|nShards=4|committee=3|quorum=2|loadThreshold=75|maxTime=240|crossShardPct=0|requestOfflinePct=20|receiptDropPct=29|ownerCap=3000|mobileThreshold=35,4,35,626,63,COMPLETE,24,19,19,2,19,10,4,0,19,19,13,11,89,0,0,0,316,500,19,608,13,5714,2312,2,3829,300
DEFAULT_EQ,Q4,DEFAULT,baseSeed=626|nTx=24|nValidators=10|nShards=4|committee=3|quorum=2|loadThreshold=75|maxTime=240|crossShardPct=0|requestOfflinePct=20|receiptDropPct=29|ownerCap=3000|mobileThreshold=35,4,36,626,64,COMPLETE,24,18,18,3,18,10,4,0,18,18,12,12,84,0,0,0,301,487,18,567,12,5297,2024,2,3288,200
DEFAULT_EQ,Q4,DEFAULT,baseSeed=626|nTx=24|nValidators=10|nShards=4|committee=3|quorum=2|loadThreshold=75|maxTime=240|crossShardPct=0|requestOfflinePct=20|receiptDropPct=29|ownerCap=3000|mobileThreshold=35,4,37,626,45,COMPLETE,24,18,18,0,18,10,4,0,18,18,12,12,84,0,0,0,301,449,18,531,12,5171,1967,2,3063,300
DEFAULT_EQ,Q4,DEFAULT,baseSeed=626|nTx=24|nValidators=10|nShards=4|committee=3|quorum=2|loadThreshold=75|maxTime=240|crossShardPct=0|requestOfflinePct=20|receiptDropPct=29|ownerCap=3000|mobileThreshold=35,4,38,626,62,COMPLETE,24,18,18,2,18,10,4,0,18,18,12,12,84,0,0,0,301,474,18,546,12,4684,1726,3,2387,300
DEFAULT_EQ,Q4,DEFAULT,baseSeed=626|nTx=24|nValidators=10|nShards=4|committee=3|quorum=2|loadThreshold=75|maxTime=240|crossShardPct=0|requestOfflinePct=20|receiptDropPct=29|ownerCap=3000|mobileThreshold=35,4,39,626,62,COMPLETE,24,18,18,1,18,10,4,0,18,18,12,12,84,0,0,0,301,463,18,528,12,4612,1722,3,2432,400
DEFAULT_EQ,Q4,DEFAULT,baseSeed=626|nTx=24|nValidators=10|nShards=4|committee=3|quorum=2|loadThreshold=75|maxTime=240|crossShardPct=0|requestOfflinePct=20|receiptDropPct=29|ownerCap=3000|mobileThreshold=35,4,40,626,63,COMPLETE,24,19,19,2,19,10,4,0,19,19,12,12,88,0,0,0,315,502,19,568,12,5094,1837,3,2918,200
DEFAULT_EQ,Q4,DEFAULT,baseSeed=626|nTx=24|nValidators=10|nShards=4|committee=3|quorum=2|loadThreshold=75|maxTime=240|crossShardPct=0|requestOfflinePct=20|receiptDropPct=29|ownerCap=3000|mobileThreshold=35,4,41,626,63,COMPLETE,24,18,18,4,18,10,4,0,18,18,11,13,83,0,0,0,300,500,18,520,11,4981,1813,3,3090,300
DEFAULT_EQ,Q4,DEFAULT,baseSeed=626|nTx=24|nValidators=10|nShards=4|committee=3|quorum=2|loadThreshold=75|maxTime=240|crossShardPct=0|requestOfflinePct=20|receiptDropPct=29|ownerCap=3000|mobileThreshold=35,4,42,626,62,COMPLETE,24,17,17,1,17,10,4,0,17,17,12,12,80,0,0,0,287,437,17,545,12,4345,1648,3,2748,300
DEFAULT_EQ,Q4,DEFAULT,baseSeed=626|nTx=24|nValidators=10|nShards=4|committee=3|quorum=2|loadThreshold=75|maxTime=240|crossShardPct=0|requestOfflinePct=20|receiptDropPct=29|ownerCap=3000|mobileThreshold=35,4,43,626,64,COMPLETE,24,17,17,2,17,10,4,0,17,17,13,11,81,0,0,0,288,449,17,591,13,4530,1726,3,2488,300
DEFAULT_EQ,Q4,DEFAULT,baseSeed=626|nTx=24|nValidators=10|nShards=4|committee=3|quorum=2|loadThreshold=75|maxTime=240|crossShardPct=0|requestOfflinePct=20|receiptDropPct=29|ownerCap=3000|mobileThreshold=35,4,44,626,62,COMPLETE,24,18,18,2,18,10,4,0,18,18,13,11,85,0,0,0,302,474,18,605,13,5669,2251,2,3437,300
DEFAULT_EQ,Q4,DEFAULT,baseSeed=626|nTx=24|nValidators=10|nShards=4|committee=3|quorum=2|loadThreshold=75|maxTime=240|crossShardPct=0|requestOfflinePct=20|receiptDropPct=29|ownerCap=3000|mobileThreshold=35,4,45,626,64,COMPLETE,24,19,19,2,19,10,4,0,19,19,12,12,88,0,0,0,315,502,19,549,12,4759,1734,3,2403,400
DEFAULT_EQ,Q4,DEFAULT,baseSeed=626|nTx=24|nValidators=10|nShards=4|committee=3|quorum=2|loadThreshold=75|maxTime=240|crossShardPct=0|requestOfflinePct=20|receiptDropPct=29|ownerCap=3000|mobileThreshold=35,4,46,626,64,COMPLETE,24,18,18,3,18,10,4,0,18,18,11,13,83,0,0,0,300,487,18,502,11,5818,2378,2,3818,300
DEFAULT_EQ,Q4,DEFAULT,baseSeed=626|nTx=24|nValidators=10|nShards=4|committee=3|quorum=2|loadThreshold=75|maxTime=240|crossShardPct=0|requestOfflinePct=20|receiptDropPct=29|ownerCap=3000|mobileThreshold=35,4,47,626,63,COMPLETE,24,18,18,3,18,10,4,0,18,18,12,12,84,0,0,0,301,489,18,582,12,5054,1816,3,2522,300
DEFAULT_EQ,Q4,DEFAULT,baseSeed=626|nTx=24|nValidators=10|nShards=4|committee=3|quorum=2|loadThreshold=75|maxTime=240|crossShardPct=0|requestOfflinePct=20|receiptDropPct=29|ownerCap=3000|mobileThreshold=35,4,48,626,63,COMPLETE,24,18,18,2,18,10,4,0,18,18,12,12,84,0,0,0,301,474,18,564,12,5333,2067,2,3063,300
DEFAULT_EQ,Q4,DEFAULT,baseSeed=626|nTx=24|nValidators=10|nShards=4|committee=3|quorum=2|loadThreshold=75|maxTime=240|crossShardPct=0|requestOfflinePct=20|receiptDropPct=29|ownerCap=3000|mobileThreshold=35,4,49,626,62,COMPLETE,24,18,18,2,18,10,4,0,18,18,12,12,84,0,0,0,301,476,18,547,12,5054,1814,3,2342,400
DEFAULT_EQ,Q4,DEFAULT,baseSeed=626|nTx=24|nValidators=10|nShards=4|committee=3|quorum=2|loadThreshold=75|maxTime=240|crossShardPct=0|requestOfflinePct=20|receiptDropPct=29|ownerCap=3000|mobileThreshold=35,4,50,626,63,COMPLETE,24,19,19,3,19,10,4,0,19,19,13,11,89,0,0,0,316,514,19,593,13,4787,1735,3,2468,400
DEFAULT_EQ,Q4,DEFAULT,baseSeed=626|nTx=24|nValidators=10|nShards=4|committee=3|quorum=2|loadThreshold=75|maxTime=240|crossShardPct=0|requestOfflinePct=20|receiptDropPct=29|ownerCap=3000|mobileThreshold=35,4,51,626,45,COMPLETE,24,18,18,0,18,10,4,0,18,18,12,12,84,0,0,0,301,449,18,526,12,6315,2490,2,3783,300
DEFAULT_EQ,Q4,DEFAULT,baseSeed=626|nTx=24|nValidators=10|nShards=4|committee=3|quorum=2|loadThreshold=75|maxTime=240|crossShardPct=0|requestOfflinePct=20|receiptDropPct=29|ownerCap=3000|mobileThreshold=35,4,52,626,64,COMPLETE,24,18,18,5,18,10,4,0,18,18,12,12,84,0,0,0,301,514,18,586,12,4828,1759,3,2432,300
DEFAULT_EQ,Q4,DEFAULT,baseSeed=626|nTx=24|nValidators=10|nShards=4|committee=3|quorum=2|loadThreshold=75|maxTime=240|crossShardPct=0|requestOfflinePct=20|receiptDropPct=29|ownerCap=3000|mobileThreshold=35,4,53,626,62,COMPLETE,24,17,17,2,17,10,4,0,17,17,11,13,79,0,0,0,286,448,17,503,11,5966,2484,2,4114,300
DEFAULT_EQ,Q4,DEFAULT,baseSeed=626|nTx=24|nValidators=10|nShards=4|committee=3|quorum=2|loadThreshold=75|maxTime=240|crossShardPct=0|requestOfflinePct=20|receiptDropPct=29|ownerCap=3000|mobileThreshold=35,4,54,626,63,COMPLETE,24,17,17,1,17,10,4,0,17,17,12,12,80,0,0,0,287,436,17,527,12,4990,1808,3,2417,300
DEFAULT_EQ,Q4,DEFAULT,baseSeed=626|nTx=24|nValidators=10|nShards=4|committee=3|quorum=2|loadThreshold=75|maxTime=240|crossShardPct=0|requestOfflinePct=20|receiptDropPct=29|ownerCap=3000|mobileThreshold=35,4,55,626,62,COMPLETE,24,18,18,1,18,10,4,0,18,18,12,12,84,0,0,0,301,462,18,546,12,5297,2046,2,2972,300
DEFAULT_EQ,Q4,DEFAULT,baseSeed=626|nTx=24|nValidators=10|nShards=4|committee=3|quorum=2|loadThreshold=75|maxTime=240|crossShardPct=0|requestOfflinePct=20|receiptDropPct=29|ownerCap=3000|mobileThreshold=35,4,56,626,63,COMPLETE,24,17,17,2,17,10,4,0,17,17,10,14,78,0,0,0,285,448,17,475,10,5318,1923,3,2801,200
DEFAULT_EQ,Q4,DEFAULT,baseSeed=626|nTx=24|nValidators=10|nShards=4|committee=3|quorum=2|loadThreshold=75|maxTime=240|crossShardPct=0|requestOfflinePct=20|receiptDropPct=29|ownerCap=3000|mobileThreshold=35,4,57,626,61,COMPLETE,24,17,17,1,17,10,4,0,17,17,12,12,80,0,0,0,287,435,17,544,12,5682,2292,2,3222,200
DEFAULT_EQ,Q4,DEFAULT,baseSeed=626|nTx=24|nValidators=10|nShards=4|committee=3|quorum=2|loadThreshold=75|maxTime=240|crossShardPct=0|requestOfflinePct=20|receiptDropPct=29|ownerCap=3000|mobileThreshold=35,4,58,626,63,COMPLETE,24,17,17,2,17,10,4,0,17,17,12,12,80,0,0,0,287,448,17,548,12,4763,1746,3,2085,300
DEFAULT_EQ,Q4,DEFAULT,baseSeed=626|nTx=24|nValidators=10|nShards=4|committee=3|quorum=2|loadThreshold=75|maxTime=240|crossShardPct=0|requestOfflinePct=20|receiptDropPct=29|ownerCap=3000|mobileThreshold=35,4,59,626,62,COMPLETE,24,17,17,2,17,10,4,0,17,17,11,13,79,0,0,0,286,449,17,501,11,5133,1868,3,2727,300
DEFAULT_EQ,Q4,DEFAULT,baseSeed=626|nTx=24|nValidators=10|nShards=4|committee=3|quorum=2|loadThreshold=75|maxTime=240|crossShardPct=0|requestOfflinePct=20|receiptDropPct=29|ownerCap=3000|mobileThreshold=35,4,60,626,62,COMPLETE,24,18,18,2,18,10,4,0,18,18,11,13,83,0,0,0,300,474,18,519,11,4900,1754,3,2318,300
DEFAULT_EQ,Q4,DEFAULT,baseSeed=626|nTx=24|nValidators=10|nShards=4|committee=3|quorum=2|loadThreshold=75|maxTime=240|crossShardPct=0|requestOfflinePct=20|receiptDropPct=29|ownerCap=3000|mobileThreshold=35,4,61,626,63,COMPLETE,24,17,17,3,17,10,4,0,17,17,11,13,79,0,0,0,286,462,17,499,11,5478,2264,2,3971,200
DEFAULT_EQ,Q4,DEFAULT,baseSeed=626|nTx=24|nValidators=10|nShards=4|committee=3|quorum=2|loadThreshold=75|maxTime=240|crossShardPct=0|requestOfflinePct=20|receiptDropPct=29|ownerCap=3000|mobileThreshold=35,4,62,626,45,COMPLETE,24,17,17,0,17,10,4,0,17,17,12,12,80,0,0,0,287,423,17,526,12,6336,2488,2,3554,300
DEFAULT_EQ,Q4,DEFAULT,baseSeed=626|nTx=24|nValidators=10|nShards=4|committee=3|quorum=2|loadThreshold=75|maxTime=240|crossShardPct=0|requestOfflinePct=20|receiptDropPct=29|ownerCap=3000|mobileThreshold=35,4,63,626,63,COMPLETE,24,17,17,2,17,10,4,0,17,17,11,13,79,0,0,0,286,449,17,503,11,5105,1849,3,2392,400
DEFAULT_EQ,Q4,DEFAULT,baseSeed=626|nTx=24|nValidators=10|nShards=4|committee=3|quorum=2|loadThreshold=75|maxTime=240|crossShardPct=0|requestOfflinePct=20|receiptDropPct=29|ownerCap=3000|mobileThreshold=35,4,64,626,62,COMPLETE,24,16,16,2,16,10,4,0,16,16,11,13,75,0,0,0,272,422,16,501,11,5818,2331,2,3787,300
DEFAULT_EQ,Q4,DEFAULT,baseSeed=626|nTx=24|nValidators=10|nShards=4|committee=3|quorum=2|loadThreshold=75|maxTime=240|crossShardPct=0|requestOfflinePct=20|receiptDropPct=29|ownerCap=3000|mobileThreshold=35,4,65,626,63,COMPLETE,24,17,17,3,17,10,4,0,17,17,12,12,80,0,0,0,287,460,17,580,12,4857,1767,3,2748,200
DEFAULT_EQ,Q4,DEFAULT,baseSeed=626|nTx=24|nValidators=10|nShards=4|committee=3|quorum=2|loadThreshold=75|maxTime=240|crossShardPct=0|requestOfflinePct=20|receiptDropPct=29|ownerCap=3000|mobileThreshold=35,4,66,626,62,COMPLETE,24,17,17,1,17,10,4,0,17,17,11,13,79,0,0,0,286,437,17,502,11,4846,1871,2,2727,300
DEFAULT_EQ,Q4,DEFAULT,baseSeed=626|nTx=24|nValidators=10|nShards=4|committee=3|quorum=2|loadThreshold=75|maxTime=240|crossShardPct=0|requestOfflinePct=20|receiptDropPct=29|ownerCap=3000|mobileThreshold=35,4,67,626,63,COMPLETE,24,17,17,3,17,10,4,0,17,17,11,13,79,0,0,0,286,461,17,538,11,5717,2148,2,3157,300
DEFAULT_EQ,Q4,DEFAULT,baseSeed=626|nTx=24|nValidators=10|nShards=4|committee=3|quorum=2|loadThreshold=75|maxTime=240|crossShardPct=0|requestOfflinePct=20|receiptDropPct=29|ownerCap=3000|mobileThreshold=35,4,68,626,62,COMPLETE,24,17,17,3,17,10,4,0,17,17,12,12,80,0,0,0,287,462,17,581,12,5047,1868,3,3033,400
DEFAULT_EQ,Q4,DEFAULT,baseSeed=626|nTx=24|nValidators=10|nShards=4|committee=3|quorum=2|loadThreshold=75|maxTime=240|crossShardPct=0|requestOfflinePct=20|receiptDropPct=29|ownerCap=3000|mobileThreshold=35,4,69,626,45,COMPLETE,24,17,17,0,17,10,4,0,17,17,12,12,80,0,0,0,287,423,17,525,12,5834,2250,2,3554,300
DEFAULT_EQ,Q4,DEFAULT,baseSeed=626|nTx=24|nValidators=10|nShards=4|committee=3|quorum=2|loadThreshold=75|maxTime=240|crossShardPct=0|requestOfflinePct=20|receiptDropPct=29|ownerCap=3000|mobileThreshold=35,4,70,626,62,COMPLETE,24,18,18,1,18,10,4,0,18,18,11,13,83,0,0,0,300,462,18,500,11,4381,1619,3,2318,300
DEFAULT_EQ,Q4,DEFAULT,baseSeed=626|nTx=24|nValidators=10|nShards=4|committee=3|quorum=2|loadThreshold=75|maxTime=240|crossShardPct=0|requestOfflinePct=20|receiptDropPct=29|ownerCap=3000|mobileThreshold=35,4,71,626,63,COMPLETE,24,17,17,2,17,10,4,0,17,17,10,14,78,0,0,0,285,448,17,457,10,4497,1641,3,2463,300
DEFAULT_EQ,Q4,DEFAULT,baseSeed=626|nTx=24|nValidators=10|nShards=4|committee=3|quorum=2|loadThreshold=75|maxTime=240|crossShardPct=0|requestOfflinePct=20|receiptDropPct=29|ownerCap=3000|mobileThreshold=35,4,72,626,64,COMPLETE,24,17,17,4,17,10,4,0,17,17,12,12,80,0,0,0,287,474,17,601,12,5085,1842,3,2748,300
DEFAULT_EQ,Q4,DEFAULT,baseSeed=626|nTx=24|nValidators=10|nShards=4|committee=3|quorum=2|loadThreshold=75|maxTime=240|crossShardPct=0|requestOfflinePct=20|receiptDropPct=29|ownerCap=3000|mobileThreshold=35,4,73,626,63,COMPLETE,24,17,17,3,17,10,4,0,17,17,12,12,80,0,0,0,287,461,17,583,12,5445,2143,2,3601,300
DEFAULT_EQ,Q4,DEFAULT,baseSeed=626|nTx=24|nValidators=10|nShards=4|committee=3|quorum=2|loadThreshold=75|maxTime=240|crossShardPct=0|requestOfflinePct=20|receiptDropPct=29|ownerCap=3000|mobileThreshold=35,4,74,626,62,COMPLETE,24,17,17,2,17,10,4,0,17,17,11,13,79,0,0,0,286,449,17,518,11,4598,1697,3,2679,300
DEFAULT_EQ,Q4,DEFAULT,baseSeed=626|nTx=24|nValidators=10|nShards=4|committee=3|quorum=2|loadThreshold=75|maxTime=240|crossShardPct=0|requestOfflinePct=20|receiptDropPct=29|ownerCap=3000|mobileThreshold=35,4,75,626,62,COMPLETE,24,17,17,2,17,10,4,0,17,17,11,13,79,0,0,0,286,448,17,502,11,5143,2008,2,3301,300
DEFAULT_EQ,Q4,DEFAULT,baseSeed=626|nTx=24|nValidators=10|nShards=4|committee=3|quorum=2|loadThreshold=75|maxTime=240|crossShardPct=0|requestOfflinePct=20|receiptDropPct=29|ownerCap=3000|mobileThreshold=35,4,76,626,63,COMPLETE,24,16,16,1,16,10,4,0,16,16,11,13,75,0,0,0,272,410,16,500,11,5696,2305,2,3787,200
DEFAULT_EQ,Q4,DEFAULT,baseSeed=626|nTx=24|nValidators=10|nShards=4|committee=3|quorum=2|loadThreshold=75|maxTime=240|crossShardPct=0|requestOfflinePct=20|receiptDropPct=29|ownerCap=3000|mobileThreshold=35,4,77,626,62,COMPLETE,24,17,17,3,17,10,4,0,17,17,12,12,80,0,0,0,287,461,17,548,12,4004,1552,3,2654,200
DEFAULT_EQ,Q4,DEFAULT,baseSeed=626|nTx=24|nValidators=10|nShards=4|committee=3|quorum=2|loadThreshold=75|maxTime=240|crossShardPct=0|requestOfflinePct=20|receiptDropPct=29|ownerCap=3000|mobileThreshold=35,4,78,626,63,COMPLETE,24,17,17,2,17,10,4,0,17,17,11,13,79,0,0,0,286,449,17,502,11,5296,2007,2,3157,300
DEFAULT_EQ,Q4,DEFAULT,baseSeed=626|nTx=24|nValidators=10|nShards=4|committee=3|quorum=2|loadThreshold=75|maxTime=240|crossShardPct=0|requestOfflinePct=20|receiptDropPct=29|ownerCap=3000|mobileThreshold=35,4,79,626,62,COMPLETE,24,17,17,2,17,10,4,0,17,17,12,12,80,0,0,0,287,448,17,546,12,4383,1638,3,2654,200
DEFAULT_EQ,Q4,DEFAULT,baseSeed=626|nTx=24|nValidators=10|nShards=4|committee=3|quorum=2|loadThreshold=75|maxTime=240|crossShardPct=0|requestOfflinePct=20|receiptDropPct=29|ownerCap=3000|mobileThreshold=35,4,80,626,63,COMPLETE,24,18,18,2,18,10,4,0,18,18,12,12,84,0,0,0,301,474,18,545,12,5342,2005,2,3063,300
DEFAULT_EQ,Q4,DEFAULT,baseSeed=626|nTx=24|nValidators=10|nShards=4|committee=3|quorum=2|loadThreshold=75|maxTime=240|crossShardPct=0|requestOfflinePct=20|receiptDropPct=29|ownerCap=3000|mobileThreshold=35,4,81,626,61,COMPLETE,24,17,17,1,17,10,4,0,17,17,10,14,78,0,0,0,285,435,17,441,10,4913,1850,3,2270,300
DEFAULT_EQ,Q4,DEFAULT,baseSeed=626|nTx=24|nValidators=10|nShards=4|committee=3|quorum=2|loadThreshold=75|maxTime=240|crossShardPct=0|requestOfflinePct=20|receiptDropPct=29|ownerCap=3000|mobileThreshold=35,4,82,626,63,COMPLETE,24,17,17,2,17,10,4,0,17,17,11,13,79,0,0,0,286,448,17,519,11,5019,1973,2,3492,300
DEFAULT_EQ,Q4,DEFAULT,baseSeed=626|nTx=24|nValidators=10|nShards=4|committee=3|quorum=2|loadThreshold=75|maxTime=240|crossShardPct=0|requestOfflinePct=20|receiptDropPct=29|ownerCap=3000|mobileThreshold=35,4,83,626,61,COMPLETE,24,17,17,1,17,10,4,0,17,17,12,12,80,0,0,0,287,435,17,526,12,5549,2215,2,3649,300
DEFAULT_EQ,Q4,DEFAULT,baseSeed=626|nTx=24|nValidators=10|nShards=4|committee=3|quorum=2|loadThreshold=75|maxTime=240|crossShardPct=0|requestOfflinePct=20|receiptDropPct=29|ownerCap=3000|mobileThreshold=35,4,84,626,61,COMPLETE,24,17,17,1,17,10,4,0,17,17,12,12,80,0,0,0,287,435,17,546,12,5398,2104,2,3554,200
DEFAULT_EQ,Q4,DEFAULT,baseSeed=626|nTx=24|nValidators=10|nShards=4|committee=3|quorum=2|loadThreshold=75|maxTime=240|crossShardPct=0|requestOfflinePct=20|receiptDropPct=29|ownerCap=3000|mobileThreshold=35,4,85,626,62,COMPLETE,24,18,18,2,18,10,4,0,18,18,11,13,83,0,0,0,300,476,18,520,11,4554,1679,3,2636,300
DEFAULT_EQ,Q4,DEFAULT,baseSeed=626|nTx=24|nValidators=10|nShards=4|committee=3|quorum=2|loadThreshold=75|maxTime=240|crossShardPct=0|requestOfflinePct=20|receiptDropPct=29|ownerCap=3000|mobileThreshold=35,4,86,626,63,COMPLETE,24,17,17,2,17,10,4,0,17,17,11,13,79,0,0,0,286,448,17,516,11,3842,1551,3,2775,200
DEFAULT_EQ,Q4,DEFAULT,baseSeed=626|nTx=24|nValidators=10|nShards=4|committee=3|quorum=2|loadThreshold=75|maxTime=240|crossShardPct=0|requestOfflinePct=20|receiptDropPct=29|ownerCap=3000|mobileThreshold=35,4,87,626,63,COMPLETE,24,17,17,3,17,10,4,0,17,17,12,12,80,0,0,0,287,461,17,562,12,4545,1674,3,2417,300
DEFAULT_EQ,Q4,DEFAULT,baseSeed=626|nTx=24|nValidators=10|nShards=4|committee=3|quorum=2|loadThreshold=75|maxTime=240|crossShardPct=0|requestOfflinePct=20|receiptDropPct=29|ownerCap=3000|mobileThreshold=35,4,88,626,61,COMPLETE,24,18,18,1,18,10,4,0,18,18,12,12,84,0,0,0,301,461,18,525,12,3468,1439,3,2117,300
DEFAULT_EQ,Q4,DEFAULT,baseSeed=626|nTx=24|nValidators=10|nShards=4|committee=3|quorum=2|loadThreshold=75|maxTime=240|crossShardPct=0|requestOfflinePct=20|receiptDropPct=29|ownerCap=3000|mobileThreshold=35,4,89,626,63,COMPLETE,24,18,18,2,18,10,4,0,18,18,12,12,84,0,0,0,301,475,18,545,12,4459,1628,3,2162,300
DEFAULT_EQ,Q4,DEFAULT,baseSeed=626|nTx=24|nValidators=10|nShards=4|committee=3|quorum=2|loadThreshold=75|maxTime=240|crossShardPct=0|requestOfflinePct=20|receiptDropPct=29|ownerCap=3000|mobileThreshold=35,4,90,626,63,COMPLETE,24,19,19,4,19,10,4,0,19,19,13,11,89,0,0,0,316,525,19,645,13,4659,1706,3,2212,300
DEFAULT_EQ,Q4,DEFAULT,baseSeed=626|nTx=24|nValidators=10|nShards=4|committee=3|quorum=2|loadThreshold=75|maxTime=240|crossShardPct=0|requestOfflinePct=20|receiptDropPct=29|ownerCap=3000|mobileThreshold=35,4,91,626,63,COMPLETE,24,18,18,2,18,10,4,0,18,18,12,12,84,0,0,0,301,475,18,564,12,5378,1939,3,2657,300
DEFAULT_EQ,Q4,DEFAULT,baseSeed=626|nTx=24|nValidators=10|nShards=4|committee=3|quorum=2|loadThreshold=75|maxTime=240|crossShardPct=0|requestOfflinePct=20|receiptDropPct=29|ownerCap=3000|mobileThreshold=35,4,92,626,62,COMPLETE,24,18,18,2,18,10,4,0,18,18,12,12,84,0,0,0,301,476,18,564,12,5522,2309,2,4054,400
DEFAULT_EQ,Q4,DEFAULT,baseSeed=626|nTx=24|nValidators=10|nShards=4|committee=3|quorum=2|loadThreshold=75|maxTime=240|crossShardPct=0|requestOfflinePct=20|receiptDropPct=29|ownerCap=3000|mobileThreshold=35,4,93,626,64,COMPLETE,24,18,18,4,18,10,4,0,18,18,12,12,84,0,0,0,301,501,18,568,12,4612,1695,3,2207,300
DEFAULT_EQ,Q4,DEFAULT,baseSeed=626|nTx=24|nValidators=10|nShards=4|committee=3|quorum=2|loadThreshold=75|maxTime=240|crossShardPct=0|requestOfflinePct=20|receiptDropPct=29|ownerCap=3000|mobileThreshold=35,4,94,626,63,COMPLETE,24,18,18,3,18,10,4,0,18,18,12,12,84,0,0,0,301,488,18,566,12,5279,2184,2,3828,200
DEFAULT_EQ,Q4,DEFAULT,baseSeed=626|nTx=24|nValidators=10|nShards=4|committee=3|quorum=2|loadThreshold=75|maxTime=240|crossShardPct=0|requestOfflinePct=20|receiptDropPct=29|ownerCap=3000|mobileThreshold=35,4,95,626,62,COMPLETE,24,19,19,1,19,10,4,0,19,19,12,12,88,0,0,0,315,488,19,545,12,4725,1850,3,2832,300
DEFAULT_EQ,Q4,DEFAULT,baseSeed=626|nTx=24|nValidators=10|nShards=4|committee=3|quorum=2|loadThreshold=75|maxTime=240|crossShardPct=0|requestOfflinePct=20|receiptDropPct=29|ownerCap=3000|mobileThreshold=35,4,96,626,62,COMPLETE,24,18,18,2,18,10,4,0,18,18,11,13,83,0,0,0,300,475,18,506,11,4718,1726,3,2272,300
DEFAULT_EQ,Q4,DEFAULT,baseSeed=626|nTx=24|nValidators=10|nShards=4|committee=3|quorum=2|loadThreshold=75|maxTime=240|crossShardPct=0|requestOfflinePct=20|receiptDropPct=29|ownerCap=3000|mobileThreshold=35,4,97,626,63,COMPLETE,24,17,17,1,17,10,4,0,17,17,12,12,80,0,0,0,287,436,17,527,12,4582,1686,3,2606,300
DEFAULT_EQ,Q4,DEFAULT,baseSeed=626|nTx=24|nValidators=10|nShards=4|committee=3|quorum=2|loadThreshold=75|maxTime=240|crossShardPct=0|requestOfflinePct=20|receiptDropPct=29|ownerCap=3000|mobileThreshold=35,4,98,626,62,COMPLETE,24,17,17,1,17,10,4,0,17,17,13,11,81,0,0,0,288,436,17,587,13,4934,1953,2,3192,400
DEFAULT_EQ,Q4,DEFAULT,baseSeed=626|nTx=24|nValidators=10|nShards=4|committee=3|quorum=2|loadThreshold=75|maxTime=240|crossShardPct=0|requestOfflinePct=20|receiptDropPct=29|ownerCap=3000|mobileThreshold=35,4,99,626,63,COMPLETE,24,18,18,2,18,10,4,0,18,18,13,11,85,0,0,0,302,474,18,608,13,4366,1627,3,2723,300
DEFAULT_EQ,Q4,DEFAULT,baseSeed=626|nTx=24|nValidators=10|nShards=4|committee=3|quorum=2|loadThreshold=75|maxTime=240|crossShardPct=0|requestOfflinePct=20|receiptDropPct=29|ownerCap=3000|mobileThreshold=35,4,100,626,62,COMPLETE,24,19,19,1,19,10,4,0,19,19,12,12,88,0,0,0,315,488,19,546,12,4776,1875,2,3218,300
DEFAULT_EQ,Q5,DEFAULT,baseSeed=626|nTx=24|nValidators=10|nShards=4|committee=3|quorum=2|loadThreshold=75|maxTime=180|crossShardPct=0|requestOfflinePct=0|receiptDropPct=0|ownerCap=3000|mobileThreshold=35,5,1,626,50,COMPLETE,24,24,24,1,24,10,4,0,24,24,24,0,120,0,0,0,397,440,24,770,24,4897,1783,3,4679,300
DEFAULT_EQ,Q5,DEFAULT,baseSeed=626|nTx=24|nValidators=10|nShards=4|committee=3|quorum=2|loadThreshold=75|maxTime=180|crossShardPct=0|requestOfflinePct=0|receiptDropPct=0|ownerCap=3000|mobileThreshold=35,5,2,626,49,COMPLETE,24,24,24,1,24,10,4,0,24,24,24,0,120,0,0,0,397,441,24,771,24,4647,1732,3,6057,300
DEFAULT_EQ,Q5,DEFAULT,baseSeed=626|nTx=24|nValidators=10|nShards=4|committee=3|quorum=2|loadThreshold=75|maxTime=180|crossShardPct=0|requestOfflinePct=0|receiptDropPct=0|ownerCap=3000|mobileThreshold=35,5,3,626,62,COMPLETE,24,24,24,2,24,10,4,0,24,24,24,0,120,0,0,0,397,454,24,790,24,4057,1614,3,2596,300
DEFAULT_EQ,Q5,DEFAULT,baseSeed=626|nTx=24|nValidators=10|nShards=4|committee=3|quorum=2|loadThreshold=75|maxTime=180|crossShardPct=0|requestOfflinePct=0|receiptDropPct=0|ownerCap=3000|mobileThreshold=35,5,4,626,48,COMPLETE,24,24,24,2,24,10,4,0,24,24,24,0,120,0,0,0,397,454,24,790,24,5076,1882,3,6570,200
DEFAULT_EQ,Q5,DEFAULT,baseSeed=626|nTx=24|nValidators=10|nShards=4|committee=3|quorum=2|loadThreshold=75|maxTime=180|crossShardPct=0|requestOfflinePct=0|receiptDropPct=0|ownerCap=3000|mobileThreshold=35,5,5,626,48,COMPLETE,24,24,24,2,24,10,4,0,24,24,24,0,120,0,0,0,397,453,24,789,24,4852,1779,3,5224,300
DEFAULT_EQ,Q5,DEFAULT,baseSeed=626|nTx=24|nValidators=10|nShards=4|committee=3|quorum=2|loadThreshold=75|maxTime=180|crossShardPct=0|requestOfflinePct=0|receiptDropPct=0|ownerCap=3000|mobileThreshold=35,5,6,626,48,COMPLETE,24,24,24,2,24,10,4,0,24,24,24,0,120,0,0,0,397,453,24,789,24,5423,2030,2,4743,200
DEFAULT_EQ,Q5,DEFAULT,baseSeed=626|nTx=24|nValidators=10|nShards=4|committee=3|quorum=2|loadThreshold=75|maxTime=180|crossShardPct=0|requestOfflinePct=0|receiptDropPct=0|ownerCap=3000|mobileThreshold=35,5,7,626,48,COMPLETE,24,24,24,1,24,10,4,0,24,24,24,0,120,0,0,0,397,441,24,771,24,4480,1646,3,3269,300
DEFAULT_EQ,Q5,DEFAULT,baseSeed=626|nTx=24|nValidators=10|nShards=4|committee=3|quorum=2|loadThreshold=75|maxTime=180|crossShardPct=0|requestOfflinePct=0|receiptDropPct=0|ownerCap=3000|mobileThreshold=35,5,8,626,62,COMPLETE,24,24,24,5,24,10,4,0,24,24,24,0,120,0,0,0,397,493,24,847,24,4833,1773,3,4102,200
DEFAULT_EQ,Q5,DEFAULT,baseSeed=626|nTx=24|nValidators=10|nShards=4|committee=3|quorum=2|loadThreshold=75|maxTime=180|crossShardPct=0|requestOfflinePct=0|receiptDropPct=0|ownerCap=3000|mobileThreshold=35,5,9,626,49,COMPLETE,24,24,24,3,24,10,4,0,24,24,24,0,120,0,0,0,397,467,24,809,24,4429,1621,3,6217,200
DEFAULT_EQ,Q5,DEFAULT,baseSeed=626|nTx=24|nValidators=10|nShards=4|committee=3|quorum=2|loadThreshold=75|maxTime=180|crossShardPct=0|requestOfflinePct=0|receiptDropPct=0|ownerCap=3000|mobileThreshold=35,5,10,626,50,COMPLETE,24,24,24,3,24,10,4,0,24,24,24,0,120,0,0,0,397,467,24,809,24,4634,1716,3,4615,300
DEFAULT_EQ,Q5,DEFAULT,baseSeed=626|nTx=24|nValidators=10|nShards=4|committee=3|quorum=2|loadThreshold=75|maxTime=180|crossShardPct=0|requestOfflinePct=0|receiptDropPct=0|ownerCap=3000|mobileThreshold=35,5,11,626,47,COMPLETE,24,24,24,1,24,10,4,0,24,24,24,0,120,0,0,0,397,440,24,770,24,3967,1592,3,6025,300
DEFAULT_EQ,Q5,DEFAULT,baseSeed=626|nTx=24|nValidators=10|nShards=4|committee=3|quorum=2|loadThreshold=75|maxTime=180|crossShardPct=0|requestOfflinePct=0|receiptDropPct=0|ownerCap=3000|mobileThreshold=35,5,12,626,62,COMPLETE,24,24,24,4,24,10,4,0,24,24,24,0,120,0,0,0,397,479,24,827,24,4057,1556,3,3493,200
DEFAULT_EQ,Q5,DEFAULT,baseSeed=626|nTx=24|nValidators=10|nShards=4|committee=3|quorum=2|loadThreshold=75|maxTime=180|crossShardPct=0|requestOfflinePct=0|receiptDropPct=0|ownerCap=3000|mobileThreshold=35,5,13,626,62,COMPLETE,24,24,24,3,24,10,4,0,24,24,24,0,120,0,0,0,397,467,24,809,24,4173,1594,3,4326,300
DEFAULT_EQ,Q5,DEFAULT,baseSeed=626|nTx=24|nValidators=10|nShards=4|committee=3|quorum=2|loadThreshold=75|maxTime=180|crossShardPct=0|requestOfflinePct=0|receiptDropPct=0|ownerCap=3000|mobileThreshold=35,5,14,626,49,COMPLETE,24,24,24,1,24,10,4,0,24,24,24,0,120,0,0,0,397,440,24,770,24,4173,1554,3,3621,300
DEFAULT_EQ,Q5,DEFAULT,baseSeed=626|nTx=24|nValidators=10|nShards=4|committee=3|quorum=2|loadThreshold=75|maxTime=180|crossShardPct=0|requestOfflinePct=0|receiptDropPct=0|ownerCap=3000|mobileThreshold=35,5,15,626,50,COMPLETE,24,24,24,2,24,10,4,0,24,24,24,0,120,0,0,0,397,453,24,789,24,4525,1666,3,5512,200
DEFAULT_EQ,Q5,DEFAULT,baseSeed=626|nTx=24|nValidators=10|nShards=4|committee=3|quorum=2|loadThreshold=75|maxTime=180|crossShardPct=0|requestOfflinePct=0|receiptDropPct=0|ownerCap=3000|mobileThreshold=35,5,16,626,62,COMPLETE,24,24,24,4,24,10,4,0,24,24,24,0,120,0,0,0,397,479,24,827,24,3955,1513,3,4326,200
DEFAULT_EQ,Q5,DEFAULT,baseSeed=626|nTx=24|nValidators=10|nShards=4|committee=3|quorum=2|loadThreshold=75|maxTime=180|crossShardPct=0|requestOfflinePct=0|receiptDropPct=0|ownerCap=3000|mobileThreshold=35,5,17,626,62,COMPLETE,24,24,24,4,24,10,4,0,24,24,24,0,120,0,0,1,398,479,24,827,24,4660,1717,3,5032,900
DEFAULT_EQ,Q5,DEFAULT,baseSeed=626|nTx=24|nValidators=10|nShards=4|committee=3|quorum=2|loadThreshold=75|maxTime=180|crossShardPct=0|requestOfflinePct=0|receiptDropPct=0|ownerCap=3000|mobileThreshold=35,5,18,626,48,COMPLETE,24,24,24,1,24,10,4,0,24,24,24,0,120,0,0,0,397,441,24,771,24,4121,1576,3,4230,300
DEFAULT_EQ,Q5,DEFAULT,baseSeed=626|nTx=24|nValidators=10|nShards=4|committee=3|quorum=2|loadThreshold=75|maxTime=180|crossShardPct=0|requestOfflinePct=0|receiptDropPct=0|ownerCap=3000|mobileThreshold=35,5,19,626,62,COMPLETE,24,24,24,4,24,10,4,0,24,24,24,0,120,0,0,0,397,479,24,827,24,4884,1780,3,4391,300
DEFAULT_EQ,Q5,DEFAULT,baseSeed=626|nTx=24|nValidators=10|nShards=4|committee=3|quorum=2|loadThreshold=75|maxTime=180|crossShardPct=0|requestOfflinePct=0|receiptDropPct=0|ownerCap=3000|mobileThreshold=35,5,20,626,62,COMPLETE,24,24,24,4,24,10,4,0,24,24,24,0,120,0,0,0,397,479,24,827,24,5083,1841,3,5737,200
DEFAULT_EQ,Q5,DEFAULT,baseSeed=626|nTx=24|nValidators=10|nShards=4|committee=3|quorum=2|loadThreshold=75|maxTime=180|crossShardPct=0|requestOfflinePct=0|receiptDropPct=0|ownerCap=3000|mobileThreshold=35,5,21,626,50,COMPLETE,24,24,24,4,24,10,4,0,24,24,24,0,120,0,0,0,397,479,24,827,24,5647,2105,2,4615,200
DEFAULT_EQ,Q5,DEFAULT,baseSeed=626|nTx=24|nValidators=10|nShards=4|committee=3|quorum=2|loadThreshold=75|maxTime=180|crossShardPct=0|requestOfflinePct=0|receiptDropPct=0|ownerCap=3000|mobileThreshold=35,5,22,626,50,COMPLETE,24,24,24,4,24,10,4,0,24,24,24,0,120,0,0,0,397,481,24,829,24,4724,1741,3,6250,300
DEFAULT_EQ,Q5,DEFAULT,baseSeed=626|nTx=24|nValidators=10|nShards=4|committee=3|quorum=2|loadThreshold=75|maxTime=180|crossShardPct=0|requestOfflinePct=0|receiptDropPct=0|ownerCap=3000|mobileThreshold=35,5,23,626,63,COMPLETE,24,24,24,4,24,10,4,0,24,24,24,0,120,0,0,0,397,481,24,829,24,4262,1631,3,3076,200
DEFAULT_EQ,Q5,DEFAULT,baseSeed=626|nTx=24|nValidators=10|nShards=4|committee=3|quorum=2|loadThreshold=75|maxTime=180|crossShardPct=0|requestOfflinePct=0|receiptDropPct=0|ownerCap=3000|mobileThreshold=35,5,24,626,48,COMPLETE,24,24,24,2,24,10,4,0,24,24,24,0,120,0,0,0,397,453,24,789,24,4544,1714,3,6025,200
DEFAULT_EQ,Q5,DEFAULT,baseSeed=626|nTx=24|nValidators=10|nShards=4|committee=3|quorum=2|loadThreshold=75|maxTime=180|crossShardPct=0|requestOfflinePct=0|receiptDropPct=0|ownerCap=3000|mobileThreshold=35,5,25,626,49,COMPLETE,24,24,24,3,24,10,4,0,24,24,24,0,120,0,0,0,397,467,24,809,24,5615,2162,2,4487,100
DEFAULT_EQ,Q5,DEFAULT,baseSeed=626|nTx=24|nValidators=10|nShards=4|committee=3|quorum=2|loadThreshold=75|maxTime=180|crossShardPct=0|requestOfflinePct=0|receiptDropPct=0|ownerCap=3000|mobileThreshold=35,5,26,626,50,COMPLETE,24,24,24,2,24,10,4,0,24,24,24,0,120,0,0,0,397,454,24,790,24,4653,1722,3,4102,200
DEFAULT_EQ,Q5,DEFAULT,baseSeed=626|nTx=24|nValidators=10|nShards=4|committee=3|quorum=2|loadThreshold=75|maxTime=180|crossShardPct=0|requestOfflinePct=0|receiptDropPct=0|ownerCap=3000|mobileThreshold=35,5,27,626,50,COMPLETE,24,24,24,1,24,10,4,0,24,24,24,0,120,0,0,0,397,442,24,772,24,4544,1654,3,4903,300
DEFAULT_EQ,Q5,DEFAULT,baseSeed=626|nTx=24|nValidators=10|nShards=4|committee=3|quorum=2|loadThreshold=75|maxTime=180|crossShardPct=0|requestOfflinePct=0|receiptDropPct=0|ownerCap=3000|mobileThreshold=35,5,28,626,48,COMPLETE,24,24,24,2,24,10,4,0,24,24,24,0,120,0,0,0,397,453,24,789,24,4711,1737,3,4583,200
DEFAULT_EQ,Q5,DEFAULT,baseSeed=626|nTx=24|nValidators=10|nShards=4|committee=3|quorum=2|loadThreshold=75|maxTime=180|crossShardPct=0|requestOfflinePct=0|receiptDropPct=0|ownerCap=3000|mobileThreshold=35,5,29,626,63,COMPLETE,24,24,24,6,24,10,4,0,24,24,24,0,120,0,0,0,397,506,24,866,24,5442,2119,2,6570,100
DEFAULT_EQ,Q5,DEFAULT,baseSeed=626|nTx=24|nValidators=10|nShards=4|committee=3|quorum=2|loadThreshold=75|maxTime=180|crossShardPct=0|requestOfflinePct=0|receiptDropPct=0|ownerCap=3000|mobileThreshold=35,5,30,626,49,COMPLETE,24,24,24,2,24,10,4,0,24,24,24,0,120,0,0,0,397,454,24,790,24,4589,1699,3,4807,200
DEFAULT_EQ,Q5,DEFAULT,baseSeed=626|nTx=24|nValidators=10|nShards=4|committee=3|quorum=2|loadThreshold=75|maxTime=180|crossShardPct=0|requestOfflinePct=0|receiptDropPct=0|ownerCap=3000|mobileThreshold=35,5,31,626,62,COMPLETE,24,24,24,3,24,10,4,0,24,24,24,0,120,0,0,0,397,465,24,807,24,4942,1841,3,4775,300
DEFAULT_EQ,Q5,DEFAULT,baseSeed=626|nTx=24|nValidators=10|nShards=4|committee=3|quorum=2|loadThreshold=75|maxTime=180|crossShardPct=0|requestOfflinePct=0|receiptDropPct=0|ownerCap=3000|mobileThreshold=35,5,32,626,49,COMPLETE,24,24,24,1,24,10,4,0,24,24,24,0,120,0,0,0,397,441,24,771,24,4121,1576,3,2820,300
DEFAULT_EQ,Q5,DEFAULT,baseSeed=626|nTx=24|nValidators=10|nShards=4|committee=3|quorum=2|loadThreshold=75|maxTime=180|crossShardPct=0|requestOfflinePct=0|receiptDropPct=0|ownerCap=3000|mobileThreshold=35,5,33,626,48,COMPLETE,24,24,24,2,24,10,4,0,24,24,24,0,120,0,0,0,397,453,24,789,24,5628,2100,3,4423,200
DEFAULT_EQ,Q5,DEFAULT,baseSeed=626|nTx=24|nValidators=10|nShards=4|committee=3|quorum=2|loadThreshold=75|maxTime=180|crossShardPct=0|requestOfflinePct=0|receiptDropPct=0|ownerCap=3000|mobileThreshold=35,5,34,626,62,COMPLETE,24,24,24,5,24,10,4,0,24,24,24,0,120,0,0,0,397,493,24,847,24,4653,1722,3,4679,200
DEFAULT_EQ,Q5,DEFAULT,baseSeed=626|nTx=24|nValidators=10|nShards=4|committee=3|quorum=2|loadThreshold=75|maxTime=180|crossShardPct=0|requestOfflinePct=0|receiptDropPct=0|ownerCap=3000|mobileThreshold=35,5,35,626,62,COMPLETE,24,24,24,5,24,10,4,0,24,24,24,0,120,0,0,0,397,492,24,846,24,5480,2039,3,5384,300
DEFAULT_EQ,Q5,DEFAULT,baseSeed=626|nTx=24|nValidators=10|nShards=4|committee=3|quorum=2|loadThreshold=75|maxTime=180|crossShardPct=0|requestOfflinePct=0|receiptDropPct=0|ownerCap=3000|mobileThreshold=35,5,36,626,49,COMPLETE,24,24,24,1,24,10,4,0,24,24,24,0,120,0,0,0,397,441,24,771,24,4570,1729,3,4839,300
DEFAULT_EQ,Q5,DEFAULT,baseSeed=626|nTx=24|nValidators=10|nShards=4|committee=3|quorum=2|loadThreshold=75|maxTime=180|crossShardPct=0|requestOfflinePct=0|receiptDropPct=0|ownerCap=3000|mobileThreshold=35,5,37,626,50,COMPLETE,24,24,24,3,24,10,4,0,24,24,24,0,120,0,0,0,397,466,24,808,24,4051,1527,3,2051,300
DEFAULT_EQ,Q5,DEFAULT,baseSeed=626|nTx=24|nValidators=10|nShards=4|committee=3|quorum=2|loadThreshold=75|maxTime=180|crossShardPct=0|requestOfflinePct=0|receiptDropPct=0|ownerCap=3000|mobileThreshold=35,5,38,626,62,COMPLETE,24,24,24,4,24,10,4,0,24,24,24,0,120,0,0,1,398,479,24,827,24,5051,1836,3,3269,900
DEFAULT_EQ,Q5,DEFAULT,baseSeed=626|nTx=24|nValidators=10|nShards=4|committee=3|quorum=2|loadThreshold=75|maxTime=180|crossShardPct=0|requestOfflinePct=0|receiptDropPct=0|ownerCap=3000|mobileThreshold=35,5,39,626,62,COMPLETE,24,24,24,4,24,10,4,0,24,24,24,0,120,0,0,0,397,481,24,829,24,4673,1683,3,2403,200
DEFAULT_EQ,Q5,DEFAULT,baseSeed=626|nTx=24|nValidators=10|nShards=4|committee=3|quorum=2|loadThreshold=75|maxTime=180|crossShardPct=0|requestOfflinePct=0|receiptDropPct=0|ownerCap=3000|mobileThreshold=35,5,40,626,62,COMPLETE,24,24,24,3,24,10,4,0,24,24,24,0,120,0,0,0,397,467,24,809,24,4391,1615,3,4711,300
DEFAULT_EQ,Q5,DEFAULT,baseSeed=626|nTx=24|nValidators=10|nShards=4|committee=3|quorum=2|loadThreshold=75|maxTime=180|crossShardPct=0|requestOfflinePct=0|receiptDropPct=0|ownerCap=3000|mobileThreshold=35,5,41,626,49,COMPLETE,24,24,24,3,24,10,4,0,24,24,24,0,120,0,0,0,397,465,24,807,24,4320,1598,3,2467,200
DEFAULT_EQ,Q5,DEFAULT,baseSeed=626|nTx=24|nValidators=10|nShards=4|committee=3|quorum=2|loadThreshold=75|maxTime=180|crossShardPct=0|requestOfflinePct=0|receiptDropPct=0|ownerCap=3000|mobileThreshold=35,5,42,626,63,COMPLETE,24,24,24,4,24,10,4,0,24,24,24,0,120,0,0,0,397,480,24,828,24,4891,1809,3,5288,200
DEFAULT_EQ,Q5,DEFAULT,baseSeed=626|nTx=24|nValidators=10|nShards=4|committee=3|quorum=2|loadThreshold=75|maxTime=180|crossShardPct=0|requestOfflinePct=0|receiptDropPct=0|ownerCap=3000|mobileThreshold=35,5,43,626,47,COMPLETE,24,24,24,1,24,10,4,0,24,24,24,0,120,0,0,0,397,440,24,770,24,5019,1987,2,4326,300
DEFAULT_EQ,Q5,DEFAULT,baseSeed=626|nTx=24|nValidators=10|nShards=4|committee=3|quorum=2|loadThreshold=75|maxTime=180|crossShardPct=0|requestOfflinePct=0|receiptDropPct=0|ownerCap=3000|mobileThreshold=35,5,44,626,62,COMPLETE,24,24,24,3,24,10,4,0,24,24,24,0,120,0,0,0,397,466,24,808,24,5019,1826,3,5128,200
DEFAULT_EQ,Q5,DEFAULT,baseSeed=626|nTx=24|nValidators=10|nShards=4|committee=3|quorum=2|loadThreshold=75|maxTime=180|crossShardPct=0|requestOfflinePct=0|receiptDropPct=0|ownerCap=3000|mobileThreshold=35,5,45,626,48,COMPLETE,24,24,24,2,24,10,4,0,24,24,24,0,120,0,0,0,397,455,24,791,24,4820,1757,3,4903,200
DEFAULT_EQ,Q5,DEFAULT,baseSeed=626|nTx=24|nValidators=10|nShards=4|committee=3|quorum=2|loadThreshold=75|maxTime=180|crossShardPct=0|requestOfflinePct=0|receiptDropPct=0|ownerCap=3000|mobileThreshold=35,5,46,626,62,COMPLETE,24,24,24,4,24,10,4,0,24,24,24,0,120,0,0,0,397,480,24,828,24,5038,1829,3,4679,200
DEFAULT_EQ,Q5,DEFAULT,baseSeed=626|nTx=24|nValidators=10|nShards=4|committee=3|quorum=2|loadThreshold=75|maxTime=180|crossShardPct=0|requestOfflinePct=0|receiptDropPct=0|ownerCap=3000|mobileThreshold=35,5,47,626,49,COMPLETE,24,24,24,2,24,10,4,0,24,24,24,0,120,0,0,0,397,455,24,791,24,4820,1749,3,5993,300
DEFAULT_EQ,Q5,DEFAULT,baseSeed=626|nTx=24|nValidators=10|nShards=4|committee=3|quorum=2|loadThreshold=75|maxTime=180|crossShardPct=0|requestOfflinePct=0|receiptDropPct=0|ownerCap=3000|mobileThreshold=35,5,48,626,50,COMPLETE,24,24,24,6,24,10,4,0,24,24,24,0,120,0,0,0,397,505,24,865,24,4532,1674,3,2948,300
DEFAULT_EQ,Q5,DEFAULT,baseSeed=626|nTx=24|nValidators=10|nShards=4|committee=3|quorum=2|loadThreshold=75|maxTime=180|crossShardPct=0|requestOfflinePct=0|receiptDropPct=0|ownerCap=3000|mobileThreshold=35,5,49,626,49,COMPLETE,24,24,24,2,24,10,4,0,24,24,24,0,120,0,0,0,397,456,24,792,24,4801,1761,3,6282,300
DEFAULT_EQ,Q5,DEFAULT,baseSeed=626|nTx=24|nValidators=10|nShards=4|committee=3|quorum=2|loadThreshold=75|maxTime=180|crossShardPct=0|requestOfflinePct=0|receiptDropPct=0|ownerCap=3000|mobileThreshold=35,5,50,626,47,COMPLETE,24,24,24,1,24,10,4,0,24,24,24,0,120,0,0,0,397,440,24,770,24,4852,1779,3,4903,300
DEFAULT_EQ,Q5,DEFAULT,baseSeed=626|nTx=24|nValidators=10|nShards=4|committee=3|quorum=2|loadThreshold=75|maxTime=180|crossShardPct=0|requestOfflinePct=0|receiptDropPct=0|ownerCap=3000|mobileThreshold=35,5,51,626,62,COMPLETE,24,24,24,3,24,10,4,0,24,24,24,0,120,0,0,0,397,467,24,809,24,5038,1829,3,4679,200
DEFAULT_EQ,Q5,DEFAULT,baseSeed=626|nTx=24|nValidators=10|nShards=4|committee=3|quorum=2|loadThreshold=75|maxTime=180|crossShardPct=0|requestOfflinePct=0|receiptDropPct=0|ownerCap=3000|mobileThreshold=35,5,52,626,63,COMPLETE,24,24,24,3,24,10,4,0,24,24,24,0,120,0,0,0,397,466,24,808,24,4801,1763,3,3269,300
DEFAULT_EQ,Q5,DEFAULT,baseSeed=626|nTx=24|nValidators=10|nShards=4|committee=3|quorum=2|loadThreshold=75|maxTime=180|crossShardPct=0|requestOfflinePct=0|receiptDropPct=0|ownerCap=3000|mobileThreshold=35,5,53,626,47,COMPLETE,24,24,24,1,24,10,4,0,24,24,24,0,120,0,0,0,397,440,24,770,24,4794,1754,3,4326,300
DEFAULT_EQ,Q5,DEFAULT,baseSeed=626|nTx=24|nValidators=10|nShards=4|committee=3|quorum=2|loadThreshold=75|maxTime=180|crossShardPct=0|requestOfflinePct=0|receiptDropPct=0|ownerCap=3000|mobileThreshold=35,5,54,626,62,COMPLETE,24,24,24,2,24,10,4,0,24,24,24,0,120,0,0,0,397,453,24,789,24,3891,1519,3,4294,300
DEFAULT_EQ,Q5,DEFAULT,baseSeed=626|nTx=24|nValidators=10|nShards=4|committee=3|quorum=2|loadThreshold=75|maxTime=180|crossShardPct=0|requestOfflinePct=0|receiptDropPct=0|ownerCap=3000|mobileThreshold=35,5,55,626,48,COMPLETE,24,24,24,1,24,10,4,0,24,24,24,0,120,0,0,0,397,442,24,772,24,4730,1732,3,4839,300
DEFAULT_EQ,Q5,DEFAULT,baseSeed=626|nTx=24|nValidators=10|nShards=4|committee=3|quorum=2|loadThreshold=75|maxTime=180|crossShardPct=0|requestOfflinePct=0|receiptDropPct=0|ownerCap=3000|mobileThreshold=35,5,56,626,50,COMPLETE,24,24,24,2,24,10,4,0,24,24,24,0,120,0,0,0,397,454,24,790,24,4756,1789,3,6698,200
DEFAULT_EQ,Q5,DEFAULT,baseSeed=626|nTx=24|nValidators=10|nShards=4|committee=3|quorum=2|loadThreshold=75|maxTime=180|crossShardPct=0|requestOfflinePct=0|receiptDropPct=0|ownerCap=3000|mobileThreshold=35,5,57,626,49,COMPLETE,24,24,24,3,24,10,4,0,24,24,24,0,120,0,0,0,397,468,24,810,24,4416,1645,3,3108,200
DEFAULT_EQ,Q5,DEFAULT,baseSeed=626|nTx=24|nValidators=10|nShards=4|committee=3|quorum=2|loadThreshold=75|maxTime=180|crossShardPct=0|requestOfflinePct=0|receiptDropPct=0|ownerCap=3000|mobileThreshold=35,5,58,626,50,COMPLETE,24,24,24,2,24,10,4,0,24,24,24,0,120,0,0,0,397,454,24,790,24,4910,1792,3,6121,200
DEFAULT_EQ,Q5,DEFAULT,baseSeed=626|nTx=24|nValidators=10|nShards=4|committee=3|quorum=2|loadThreshold=75|maxTime=180|crossShardPct=0|requestOfflinePct=0|receiptDropPct=0|ownerCap=3000|mobileThreshold=35,5,59,626,48,COMPLETE,24,24,24,2,24,10,4,0,24,24,24,0,120,0,0,0,397,455,24,791,24,5038,1829,3,4679,200
DEFAULT_EQ,Q5,DEFAULT,baseSeed=626|nTx=24|nValidators=10|nShards=4|committee=3|quorum=2|loadThreshold=75|maxTime=180|crossShardPct=0|requestOfflinePct=0|receiptDropPct=0|ownerCap=3000|mobileThreshold=35,5,60,626,49,COMPLETE,24,24,24,3,24,10,4,0,24,24,24,0,120,0,0,0,397,466,24,808,24,4647,1732,3,6057,300
DEFAULT_EQ,Q5,DEFAULT,baseSeed=626|nTx=24|nValidators=10|nShards=4|committee=3|quorum=2|loadThreshold=75|maxTime=180|crossShardPct=0|requestOfflinePct=0|receiptDropPct=0|ownerCap=3000|mobileThreshold=35,5,61,626,48,COMPLETE,24,24,24,2,24,10,4,0,24,24,24,0,120,0,0,0,397,453,24,789,24,5012,1818,3,2660,200
DEFAULT_EQ,Q5,DEFAULT,baseSeed=626|nTx=24|nValidators=10|nShards=4|committee=3|quorum=2|loadThreshold=75|maxTime=180|crossShardPct=0|requestOfflinePct=0|receiptDropPct=0|ownerCap=3000|mobileThreshold=35,5,62,626,48,COMPLETE,24,24,24,2,24,10,4,0,24,24,24,0,120,0,0,0,397,455,24,791,24,5019,1826,3,5128,200
DEFAULT_EQ,Q5,DEFAULT,baseSeed=626|nTx=24|nValidators=10|nShards=4|committee=3|quorum=2|loadThreshold=75|maxTime=180|crossShardPct=0|requestOfflinePct=0|receiptDropPct=0|ownerCap=3000|mobileThreshold=35,5,63,626,50,COMPLETE,24,24,24,3,24,10,4,0,24,24,24,0,120,0,0,0,397,466,24,808,24,4852,1779,3,4903,300
DEFAULT_EQ,Q5,DEFAULT,baseSeed=626|nTx=24|nValidators=10|nShards=4|committee=3|quorum=2|loadThreshold=75|maxTime=180|crossShardPct=0|requestOfflinePct=0|receiptDropPct=0|ownerCap=3000|mobileThreshold=35,5,64,626,49,COMPLETE,24,24,24,1,24,10,4,0,24,24,24,0,120,0,0,0,397,441,24,771,24,4897,1783,3,4679,300
DEFAULT_EQ,Q5,DEFAULT,baseSeed=626|nTx=24|nValidators=10|nShards=4|committee=3|quorum=2|loadThreshold=75|maxTime=180|crossShardPct=0|requestOfflinePct=0|receiptDropPct=0|ownerCap=3000|mobileThreshold=35,5,65,626,49,COMPLETE,24,24,24,3,24,10,4,0,24,24,24,0,120,0,0,0,397,467,24,809,24,4858,1784,3,4615,300
DEFAULT_EQ,Q5,DEFAULT,baseSeed=626|nTx=24|nValidators=10|nShards=4|committee=3|quorum=2|loadThreshold=75|maxTime=180|crossShardPct=0|requestOfflinePct=0|receiptDropPct=0|ownerCap=3000|mobileThreshold=35,5,66,626,50,COMPLETE,24,24,24,2,24,10,4,0,24,24,24,0,120,0,0,0,397,454,24,790,24,4929,1806,3,4102,200
DEFAULT_EQ,Q5,DEFAULT,baseSeed=626|nTx=24|nValidators=10|nShards=4|committee=3|quorum=2|loadThreshold=75|maxTime=180|crossShardPct=0|requestOfflinePct=0|receiptDropPct=0|ownerCap=3000|mobileThreshold=35,5,67,626,50,COMPLETE,24,24,24,3,24,10,4,0,24,24,24,0,120,0,0,0,397,468,24,810,24,4634,1725,3,6602,200
DEFAULT_EQ,Q5,DEFAULT,baseSeed=626|nTx=24|nValidators=10|nShards=4|committee=3|quorum=2|loadThreshold=75|maxTime=180|crossShardPct=0|requestOfflinePct=0|receiptDropPct=0|ownerCap=3000|mobileThreshold=35,5,68,626,50,COMPLETE,24,24,24,4,24,10,4,0,24,24,24,0,120,0,0,0,397,480,24,828,24,4141,1592,3,2852,200
DEFAULT_EQ,Q5,DEFAULT,baseSeed=626|nTx=24|nValidators=10|nShards=4|committee=3|quorum=2|loadThreshold=75|maxTime=180|crossShardPct=0|requestOfflinePct=0|receiptDropPct=0|ownerCap=3000|mobileThreshold=35,5,69,626,62,COMPLETE,24,24,24,3,24,10,4,0,24,24,24,0,120,0,0,0,397,465,24,807,24,5128,1919,3,6698,200
DEFAULT_EQ,Q5,DEFAULT,baseSeed=626|nTx=24|nValidators=10|nShards=4|committee=3|quorum=2|loadThreshold=75|maxTime=180|crossShardPct=0|requestOfflinePct=0|receiptDropPct=0|ownerCap=3000|mobileThreshold=35,5,70,626,62,COMPLETE,24,24,24,6,24,10,4,0,24,24,24,0,120,0,0,0,397,506,24,866,24,3974,1499,3,3141,300
DEFAULT_EQ,Q5,DEFAULT,baseSeed=626|nTx=24|nValidators=10|nShards=4|committee=3|quorum=2|loadThreshold=75|maxTime=180|crossShardPct=0|requestOfflinePct=0|receiptDropPct=0|ownerCap=3000|mobileThreshold=35,5,71,626,48,COMPLETE,24,24,24,1,24,10,4,0,24,24,24,0,120,0,0,0,397,442,24,772,24,4737,1734,3,4711,300
DEFAULT_EQ,Q5,DEFAULT,baseSeed=626|nTx=24|nValidators=10|nShards=4|committee=3|quorum=2|loadThreshold=75|maxTime=180|crossShardPct=0|requestOfflinePct=0|receiptDropPct=0|ownerCap=3000|mobileThreshold=35,5,72,626,49,COMPLETE,24,24,24,2,24,10,4,0,24,24,24,0,120,0,0,0,397,454,24,790,24,4147,1581,3,3301,200
DEFAULT_EQ,Q5,DEFAULT,baseSeed=626|nTx=24|nValidators=10|nShards=4|committee=3|quorum=2|loadThreshold=75|maxTime=180|crossShardPct=0|requestOfflinePct=0|receiptDropPct=0|ownerCap=3000|mobileThreshold=35,5,73,626,50,COMPLETE,24,24,24,2,24,10,4,0,24,24,24,0,120,0,0,0,397,454,24,790,24,4730,1730,3,4551,200
DEFAULT_EQ,Q5,DEFAULT,baseSeed=626|nTx=24|nValidators=10|nShards=4|committee=3|quorum=2|loadThreshold=75|maxTime=180|crossShardPct=0|requestOfflinePct=0|receiptDropPct=0|ownerCap=3000|mobileThreshold=35,5,74,626,62,COMPLETE,24,24,24,3,24,10,4,0,24,24,24,0,120,0,0,0,397,466,24,808,24,4878,1944,2,5897,200
DEFAULT_EQ,Q5,DEFAULT,baseSeed=626|nTx=24|nValidators=10|nShards=4|committee=3|quorum=2|loadThreshold=75|maxTime=180|crossShardPct=0|requestOfflinePct=0|receiptDropPct=0|ownerCap=3000|mobileThreshold=35,5,75,626,62,COMPLETE,24,24,24,3,24,10,4,0,24,24,24,0,120,0,0,0,397,465,24,807,24,4967,1808,3,4839,300
DEFAULT_EQ,Q5,DEFAULT,baseSeed=626|nTx=24|nValidators=10|nShards=4|committee=3|quorum=2|loadThreshold=75|maxTime=180|crossShardPct=0|requestOfflinePct=0|receiptDropPct=0|ownerCap=3000|mobileThreshold=35,5,76,626,62,COMPLETE,24,24,24,5,24,10,4,0,24,24,24,0,120,0,0,0,397,491,24,845,24,4621,1739,3,4711,200
DEFAULT_EQ,Q5,DEFAULT,baseSeed=626|nTx=24|nValidators=10|nShards=4|committee=3|quorum=2|loadThreshold=75|maxTime=180|crossShardPct=0|requestOfflinePct=0|receiptDropPct=0|ownerCap=3000|mobileThreshold=35,5,77,626,63,COMPLETE,24,24,24,4,24,10,4,0,24,24,24,0,120,0,0,0,397,481,24,829,24,4833,1829,3,5128,200
DEFAULT_EQ,Q5,DEFAULT,baseSeed=626|nTx=24|nValidators=10|nShards=4|committee=3|quorum=2|loadThreshold=75|maxTime=180|crossShardPct=0|requestOfflinePct=0|receiptDropPct=0|ownerCap=3000|mobileThreshold=35,5,78,626,63,COMPLETE,24,24,24,4,24,10,4,0,24,24,24,0,120,0,0,0,397,480,24,828,24,4519,1660,3,5737,200
DEFAULT_EQ,Q5,DEFAULT,baseSeed=626|nTx=24|nValidators=10|nShards=4|committee=3|quorum=2|loadThreshold=75|maxTime=180|crossShardPct=0|requestOfflinePct=0|receiptDropPct=0|ownerCap=3000|mobileThreshold=35,5,79,626,48,COMPLETE,24,24,24,2,24,10,4,0,24,24,24,0,120,0,0,0,397,454,24,790,24,4038,1528,3,3108,200
DEFAULT_EQ,Q5,DEFAULT,baseSeed=626|nTx=24|nValidators=10|nShards=4|committee=3|quorum=2|loadThreshold=75|maxTime=180|crossShardPct=0|requestOfflinePct=0|receiptDropPct=0|ownerCap=3000|mobileThreshold=35,5,80,626,48,COMPLETE,24,24,24,2,24,10,4,0,24,24,24,0,120,0,0,0,397,454,24,790,24,4512,1662,3,6250,200
DEFAULT_EQ,Q5,DEFAULT,baseSeed=626|nTx=24|nValidators=10|nShards=4|committee=3|quorum=2|loadThreshold=75|maxTime=180|crossShardPct=0|requestOfflinePct=0|receiptDropPct=0|ownerCap=3000|mobileThreshold=35,5,81,626,50,COMPLETE,24,24,24,4,24,10,4,0,24,24,24,0,120,0,0,0,397,480,24,828,24,3884,1491,3,4423,200
DEFAULT_EQ,Q5,DEFAULT,baseSeed=626|nTx=24|nValidators=10|nShards=4|committee=3|quorum=2|loadThreshold=75|maxTime=180|crossShardPct=0|requestOfflinePct=0|receiptDropPct=0|ownerCap=3000|mobileThreshold=35,5,82,626,50,COMPLETE,24,24,24,5,24,10,4,0,24,24,24,0,120,0,0,0,397,493,24,847,24,3903,1509,3,4006,200
DEFAULT_EQ,Q5,DEFAULT,baseSeed=626|nTx=24|nValidators=10|nShards=4|committee=3|quorum=2|loadThreshold=75|maxTime=180|crossShardPct=0|requestOfflinePct=0|receiptDropPct=0|ownerCap=3000|mobileThreshold=35,5,83,626,49,COMPLETE,24,24,24,2,24,10,4,0,24,24,24,0,120,0,0,0,397,455,24,791,24,5083,1841,3,3493,200
DEFAULT_EQ,Q5,DEFAULT,baseSeed=626|nTx=24|nValidators=10|nShards=4|committee=3|quorum=2|loadThreshold=75|maxTime=180|crossShardPct=0|requestOfflinePct=0|receiptDropPct=0|ownerCap=3000|mobileThreshold=35,5,84,626,50,COMPLETE,24,24,24,5,24,10,4,0,24,24,24,0,120,0,0,0,397,493,24,847,24,4608,1672,3,3814,100
DEFAULT_EQ,Q5,DEFAULT,baseSeed=626|nTx=24|nValidators=10|nShards=4|committee=3|quorum=2|loadThreshold=75|maxTime=180|crossShardPct=0|requestOfflinePct=0|receiptDropPct=0|ownerCap=3000|mobileThreshold=35,5,85,626,48,COMPLETE,24,24,24,2,24,10,4,0,24,24,24,0,120,0,0,0,397,454,24,790,24,4564,1688,3,4358,200
DEFAULT_EQ,Q5,DEFAULT,baseSeed=626|nTx=24|nValidators=10|nShards=4|committee=3|quorum=2|loadThreshold=75|maxTime=180|crossShardPct=0|requestOfflinePct=0|receiptDropPct=0|ownerCap=3000|mobileThreshold=35,5,86,626,48,COMPLETE,24,24,24,2,24,10,4,0,24,24,24,0,120,0,0,0,397,453,24,789,24,4032,1526,3,4006,200
DEFAULT_EQ,Q5,DEFAULT,baseSeed=626|nTx=24|nValidators=10|nShards=4|committee=3|quorum=2|loadThreshold=75|maxTime=180|crossShardPct=0|requestOfflinePct=0|receiptDropPct=0|ownerCap=3000|mobileThreshold=35,5,87,626,62,COMPLETE,24,24,24,4,24,10,4,0,24,24,24,0,120,0,0,0,397,480,24,828,24,4243,1629,3,5929,200
DEFAULT_EQ,Q5,DEFAULT,baseSeed=626|nTx=24|nValidators=10|nShards=4|committee=3|quorum=2|loadThreshold=75|maxTime=180|crossShardPct=0|requestOfflinePct=0|receiptDropPct=0|ownerCap=3000|mobileThreshold=35,5,88,626,62,COMPLETE,24,24,24,4,24,10,4,0,24,24,24,0,120,0,0,0,397,479,24,827,24,5083,1841,3,3108,200
DEFAULT_EQ,Q5,DEFAULT,baseSeed=626|nTx=24|nValidators=10|nShards=4|committee=3|quorum=2|loadThreshold=75|maxTime=180|crossShardPct=0|requestOfflinePct=0|receiptDropPct=0|ownerCap=3000|mobileThreshold=35,5,89,626,63,COMPLETE,24,24,24,5,24,10,4,0,24,24,24,0,120,0,0,0,397,492,24,846,24,4833,1773,3,5673,200
DEFAULT_EQ,Q5,DEFAULT,baseSeed=626|nTx=24|nValidators=10|nShards=4|committee=3|quorum=2|loadThreshold=75|maxTime=180|crossShardPct=0|requestOfflinePct=0|receiptDropPct=0|ownerCap=3000|mobileThreshold=35,5,90,626,50,COMPLETE,24,24,24,4,24,10,4,0,24,24,24,0,120,0,0,0,397,480,24,828,24,5089,1858,3,5128,200
DEFAULT_EQ,Q5,DEFAULT,baseSeed=626|nTx=24|nValidators=10|nShards=4|committee=3|quorum=2|loadThreshold=75|maxTime=180|crossShardPct=0|requestOfflinePct=0|receiptDropPct=0|ownerCap=3000|mobileThreshold=35,5,91,626,49,COMPLETE,24,24,24,3,24,10,4,0,24,24,24,0,120,0,0,0,397,467,24,809,24,5205,1887,3,5448,100
DEFAULT_EQ,Q5,DEFAULT,baseSeed=626|nTx=24|nValidators=10|nShards=4|committee=3|quorum=2|loadThreshold=75|maxTime=180|crossShardPct=0|requestOfflinePct=0|receiptDropPct=0|ownerCap=3000|mobileThreshold=35,5,92,626,62,COMPLETE,24,24,24,3,24,10,4,0,24,24,24,0,120,0,0,0,397,467,24,809,24,5185,1948,2,4711,200
DEFAULT_EQ,Q5,DEFAULT,baseSeed=626|nTx=24|nValidators=10|nShards=4|committee=3|quorum=2|loadThreshold=75|maxTime=180|crossShardPct=0|requestOfflinePct=0|receiptDropPct=0|ownerCap=3000|mobileThreshold=35,5,93,626,49,COMPLETE,24,24,24,3,24,10,4,0,24,24,24,0,120,0,0,0,397,467,24,809,24,4833,1760,3,4455,300
DEFAULT_EQ,Q5,DEFAULT,baseSeed=626|nTx=24|nValidators=10|nShards=4|committee=3|quorum=2|loadThreshold=75|maxTime=180|crossShardPct=0|requestOfflinePct=0|receiptDropPct=0|ownerCap=3000|mobileThreshold=35,5,94,626,61,COMPLETE,24,24,24,3,24,10,4,0,24,24,24,0,120,0,0,0,397,466,24,808,24,4679,1683,3,4551,200
DEFAULT_EQ,Q5,DEFAULT,baseSeed=626|nTx=24|nValidators=10|nShards=4|committee=3|quorum=2|loadThreshold=75|maxTime=180|crossShardPct=0|requestOfflinePct=0|receiptDropPct=0|ownerCap=3000|mobileThreshold=35,5,95,626,50,COMPLETE,24,24,24,2,24,10,4,0,24,24,24,0,120,0,0,0,397,454,24,790,24,4269,1611,3,3461,200
DEFAULT_EQ,Q5,DEFAULT,baseSeed=626|nTx=24|nValidators=10|nShards=4|committee=3|quorum=2|loadThreshold=75|maxTime=180|crossShardPct=0|requestOfflinePct=0|receiptDropPct=0|ownerCap=3000|mobileThreshold=35,5,96,626,62,COMPLETE,24,24,24,3,24,10,4,0,24,24,24,0,120,0,0,0,397,466,24,808,24,5141,1847,3,4551,200
DEFAULT_EQ,Q5,DEFAULT,baseSeed=626|nTx=24|nValidators=10|nShards=4|committee=3|quorum=2|loadThreshold=75|maxTime=180|crossShardPct=0|requestOfflinePct=0|receiptDropPct=0|ownerCap=3000|mobileThreshold=35,5,97,626,62,COMPLETE,24,24,24,3,24,10,4,0,24,24,24,0,120,0,0,0,397,466,24,808,24,4730,1730,3,2339,200
DEFAULT_EQ,Q5,DEFAULT,baseSeed=626|nTx=24|nValidators=10|nShards=4|committee=3|quorum=2|loadThreshold=75|maxTime=180|crossShardPct=0|requestOfflinePct=0|receiptDropPct=0|ownerCap=3000|mobileThreshold=35,5,98,626,62,COMPLETE,24,24,24,4,24,10,4,0,24,24,24,0,120,0,0,0,397,479,24,827,24,5044,1810,3,4839,200
DEFAULT_EQ,Q5,DEFAULT,baseSeed=626|nTx=24|nValidators=10|nShards=4|committee=3|quorum=2|loadThreshold=75|maxTime=180|crossShardPct=0|requestOfflinePct=0|receiptDropPct=0|ownerCap=3000|mobileThreshold=35,5,99,626,62,COMPLETE,24,24,24,3,24,10,4,0,24,24,24,0,120,0,0,0,397,467,24,809,24,4711,1737,3,4198,200
DEFAULT_EQ,Q5,DEFAULT,baseSeed=626|nTx=24|nValidators=10|nShards=4|committee=3|quorum=2|loadThreshold=75|maxTime=180|crossShardPct=0|requestOfflinePct=0|receiptDropPct=0|ownerCap=3000|mobileThreshold=35,5,100,626,49,COMPLETE,24,24,24,4,24,10,4,0,24,24,24,0,120,0,0,0,397,480,24,828,24,4602,1678,3,3557,200
DEFAULT_EQ,Q6,DEFAULT,baseSeed=626|nTx=24|nValidators=10|nShards=4|committee=4|quorum=3|loadThreshold=75|maxTime=180|crossShardPct=0|requestOfflinePct=0|receiptDropPct=0|ownerCap=3000|mobileThreshold=35,6,1,626,49,COMPLETE,24,24,24,3,24,6,4,1,24,24,24,0,137,2,2,0,447,465,24,807,24,6109,2307,2,3959,300
DEFAULT_EQ,Q6,DEFAULT,baseSeed=626|nTx=24|nValidators=10|nShards=4|committee=4|quorum=3|loadThreshold=75|maxTime=180|crossShardPct=0|requestOfflinePct=0|receiptDropPct=0|ownerCap=3000|mobileThreshold=35,6,2,626,50,COMPLETE,24,24,24,3,24,6,4,1,24,24,24,0,136,2,2,0,447,466,24,808,24,5901,2437,2,4127,200
DEFAULT_EQ,Q6,DEFAULT,baseSeed=626|nTx=24|nValidators=10|nShards=4|committee=4|quorum=3|loadThreshold=75|maxTime=180|crossShardPct=0|requestOfflinePct=0|receiptDropPct=0|ownerCap=3000|mobileThreshold=35,6,3,626,48,COMPLETE,24,24,24,1,24,6,4,2,24,24,24,0,136,2,2,0,447,440,24,770,24,5906,2215,2,2819,300
DEFAULT_EQ,Q6,DEFAULT,baseSeed=626|nTx=24|nValidators=10|nShards=4|committee=4|quorum=3|loadThreshold=75|maxTime=180|crossShardPct=0|requestOfflinePct=0|receiptDropPct=0|ownerCap=3000|mobileThreshold=35,6,4,626,49,COMPLETE,24,24,24,2,24,6,4,1,24,24,24,0,136,2,2,0,447,454,24,790,24,5866,2279,2,3720,200
DEFAULT_EQ,Q6,DEFAULT,baseSeed=626|nTx=24|nValidators=10|nShards=4|committee=4|quorum=3|loadThreshold=75|maxTime=180|crossShardPct=0|requestOfflinePct=0|receiptDropPct=0|ownerCap=3000|mobileThreshold=35,6,5,626,50,COMPLETE,24,24,24,1,24,6,4,1,24,24,24,0,138,2,2,0,447,440,24,770,24,6816,3007,2,4597,300
DEFAULT_EQ,Q6,DEFAULT,baseSeed=626|nTx=24|nValidators=10|nShards=4|committee=4|quorum=3|loadThreshold=75|maxTime=180|crossShardPct=0|requestOfflinePct=0|receiptDropPct=0|ownerCap=3000|mobileThreshold=35,6,6,626,62,COMPLETE,24,24,24,3,24,6,4,1,24,24,24,0,137,2,2,0,447,466,24,808,24,6606,2723,2,4161,200
DEFAULT_EQ,Q6,DEFAULT,baseSeed=626|nTx=24|nValidators=10|nShards=4|committee=4|quorum=3|loadThreshold=75|maxTime=180|crossShardPct=0|requestOfflinePct=0|receiptDropPct=0|ownerCap=3000|mobileThreshold=35,6,7,626,49,COMPLETE,24,24,24,4,24,6,4,1,24,24,24,0,136,2,2,0,447,479,24,827,24,6029,2273,2,3168,300
DEFAULT_EQ,Q6,DEFAULT,baseSeed=626|nTx=24|nValidators=10|nShards=4|committee=4|quorum=3|loadThreshold=75|maxTime=180|crossShardPct=0|requestOfflinePct=0|receiptDropPct=0|ownerCap=3000|mobileThreshold=35,6,8,626,47,COMPLETE,24,24,24,1,24,6,4,1,24,24,24,0,137,2,2,0,447,439,24,769,24,5329,2002,3,2745,300
DEFAULT_EQ,Q6,DEFAULT,baseSeed=626|nTx=24|nValidators=10|nShards=4|committee=4|quorum=3|loadThreshold=75|maxTime=180|crossShardPct=0|requestOfflinePct=0|receiptDropPct=0|ownerCap=3000|mobileThreshold=35,6,9,626,47,COMPLETE,24,24,24,1,24,6,4,1,24,24,24,0,136,2,2,0,447,440,24,770,24,5529,2038,3,2761,300
DEFAULT_EQ,Q6,DEFAULT,baseSeed=626|nTx=24|nValidators=10|nShards=4|committee=4|quorum=3|loadThreshold=75|maxTime=180|crossShardPct=0|requestOfflinePct=0|receiptDropPct=0|ownerCap=3000|mobileThreshold=35,6,10,626,62,COMPLETE,24,24,24,5,24,6,4,1,24,24,24,0,137,2,2,0,447,493,24,847,24,5491,2016,3,2514,200
DEFAULT_EQ,Q6,DEFAULT,baseSeed=626|nTx=24|nValidators=10|nShards=4|committee=4|quorum=3|loadThreshold=75|maxTime=180|crossShardPct=0|requestOfflinePct=0|receiptDropPct=0|ownerCap=3000|mobileThreshold=35,6,11,626,49,COMPLETE,24,24,24,3,24,6,4,1,24,24,24,0,138,2,2,0,447,467,24,809,24,6063,2301,2,3390,200
DEFAULT_EQ,Q6,DEFAULT,baseSeed=626|nTx=24|nValidators=10|nShards=4|committee=4|quorum=3|loadThreshold=75|maxTime=180|crossShardPct=0|requestOfflinePct=0|receiptDropPct=0|ownerCap=3000|mobileThreshold=35,6,12,626,62,COMPLETE,24,24,24,3,24,6,4,1,24,24,24,0,134,2,2,0,447,465,24,807,24,5370,1986,3,2441,300
DEFAULT_EQ,Q6,DEFAULT,baseSeed=626|nTx=24|nValidators=10|nShards=4|committee=4|quorum=3|loadThreshold=75|maxTime=180|crossShardPct=0|requestOfflinePct=0|receiptDropPct=0|ownerCap=3000|mobileThreshold=35,6,13,626,62,COMPLETE,24,24,24,2,24,6,4,2,24,24,24,0,138,2,2,0,447,453,24,789,24,6436,2876,2,3678,300
DEFAULT_EQ,Q6,DEFAULT,baseSeed=626|nTx=24|nValidators=10|nShards=4|committee=4|quorum=3|loadThreshold=75|maxTime=180|crossShardPct=0|requestOfflinePct=0|receiptDropPct=0|ownerCap=3000|mobileThreshold=35,6,14,626,62,COMPLETE,24,24,24,3,24,6,4,0,24,24,24,0,136,2,2,0,447,466,24,808,24,5348,1934,3,2645,200
DEFAULT_EQ,Q6,DEFAULT,baseSeed=626|nTx=24|nValidators=10|nShards=4|committee=4|quorum=3|loadThreshold=75|maxTime=180|crossShardPct=0|requestOfflinePct=0|receiptDropPct=0|ownerCap=3000|mobileThreshold=35,6,15,626,50,COMPLETE,24,24,24,3,24,6,4,2,24,24,24,0,138,2,2,0,447,466,24,808,24,5965,2279,2,3477,300
DEFAULT_EQ,Q6,DEFAULT,baseSeed=626|nTx=24|nValidators=10|nShards=4|committee=4|quorum=3|loadThreshold=75|maxTime=180|crossShardPct=0|requestOfflinePct=0|receiptDropPct=0|ownerCap=3000|mobileThreshold=35,6,16,626,50,COMPLETE,24,24,24,1,24,6,4,1,24,24,24,0,137,2,2,0,447,442,24,772,24,6329,2477,2,3670,300
DEFAULT_EQ,Q6,DEFAULT,baseSeed=626|nTx=24|nValidators=10|nShards=4|committee=4|quorum=3|loadThreshold=75|maxTime=180|crossShardPct=0|requestOfflinePct=0|receiptDropPct=0|ownerCap=3000|mobileThreshold=35,6,17,626,47,COMPLETE,24,24,24,1,24,6,4,1,24,24,24,0,135,2,2,0,447,440,24,770,24,6099,2386,2,3742,300
DEFAULT_EQ,Q6,DEFAULT,baseSeed=626|nTx=24|nValidators=10|nShards=4|committee=4|quorum=3|loadThreshold=75|maxTime=180|crossShardPct=0|requestOfflinePct=0|receiptDropPct=0|ownerCap=3000|mobileThreshold=35,6,18,626,63,COMPLETE,24,24,24,3,24,6,4,1,24,24,24,0,138,2,2,0,447,466,24,808,24,6172,2357,2,3333,300
DEFAULT_EQ,Q6,DEFAULT,baseSeed=626|nTx=24|nValidators=10|nShards=4|committee=4|quorum=3|loadThreshold=75|maxTime=180|crossShardPct=0|requestOfflinePct=0|receiptDropPct=0|ownerCap=3000|mobileThreshold=35,6,19,626,50,COMPLETE,24,24,24,1,24,6,4,2,24,24,24,0,137,2,2,0,447,440,24,770,24,5895,2222,2,3150,300
DEFAULT_EQ,Q6,DEFAULT,baseSeed=626|nTx=24|nValidators=10|nShards=4|committee=4|quorum=3|loadThreshold=75|maxTime=180|crossShardPct=0|requestOfflinePct=0|receiptDropPct=0|ownerCap=3000|mobileThreshold=35,6,20,626,62,COMPLETE,24,24,24,7,24,6,4,0,24,24,24,0,135,2,2,0,447,518,24,884,24,6140,2387,2,3538,200
DEFAULT_EQ,Q6,DEFAULT,baseSeed=626|nTx=24|nValidators=10|nShards=4|committee=4|quorum=3|loadThreshold=75|maxTime=180|crossShardPct=0|requestOfflinePct=0|receiptDropPct=0|ownerCap=3000|mobileThreshold=35,6,21,626,50,COMPLETE,24,24,24,1,24,6,4,2,24,24,24,0,138,2,2,0,447,442,24,772,24,6057,2334,2,3591,300
DEFAULT_EQ,Q6,DEFAULT,baseSeed=626|nTx=24|nValidators=10|nShards=4|committee=4|quorum=3|loadThreshold=75|maxTime=180|crossShardPct=0|requestOfflinePct=0|receiptDropPct=0|ownerCap=3000|mobileThreshold=35,6,22,626,49,COMPLETE,24,24,24,4,24,6,4,1,24,24,24,0,135,2,2,0,447,481,24,829,24,6391,2674,2,4152,200
DEFAULT_EQ,Q6,DEFAULT,baseSeed=626|nTx=24|nValidators=10|nShards=4|committee=4|quorum=3|loadThreshold=75|maxTime=180|crossShardPct=0|requestOfflinePct=0|receiptDropPct=0|ownerCap=3000|mobileThreshold=35,6,23,626,63,COMPLETE,24,24,24,4,24,6,4,1,24,24,24,0,138,2,2,0,447,480,24,828,24,5195,1891,3,2327,300
DEFAULT_EQ,Q6,DEFAULT,baseSeed=626|nTx=24|nValidators=10|nShards=4|committee=4|quorum=3|loadThreshold=75|maxTime=180|crossShardPct=0|requestOfflinePct=0|receiptDropPct=0|ownerCap=3000|mobileThreshold=35,6,24,626,62,COMPLETE,24,24,24,6,24,6,4,1,24,24,24,0,136,2,2,0,447,505,24,865,24,5587,2041,2,2703,300
DEFAULT_EQ,Q6,DEFAULT,baseSeed=626|nTx=24|nValidators=10|nShards=4|committee=4|quorum=3|loadThreshold=75|maxTime=180|crossShardPct=0|requestOfflinePct=0|receiptDropPct=0|ownerCap=3000|mobileThreshold=35,6,25,626,49,COMPLETE,24,24,24,2,24,6,4,0,24,24,24,0,135,2,2,0,447,451,24,787,24,5327,1936,3,2807,300
DEFAULT_EQ,Q6,DEFAULT,baseSeed=626|nTx=24|nValidators=10|nShards=4|committee=4|quorum=3|loadThreshold=75|maxTime=180|crossShardPct=0|requestOfflinePct=0|receiptDropPct=0|ownerCap=3000|mobileThreshold=35,6,26,626,49,COMPLETE,24,24,24,2,24,6,4,1,24,24,24,0,137,2,2,0,447,455,24,791,24,5895,2192,2,3150,200
DEFAULT_EQ,Q6,DEFAULT,baseSeed=626|nTx=24|nValidators=10|nShards=4|committee=4|quorum=3|loadThreshold=75|maxTime=180|crossShardPct=0|requestOfflinePct=0|receiptDropPct=0|ownerCap=3000|mobileThreshold=35,6,27,626,50,COMPLETE,24,24,24,3,24,6,4,0,24,24,24,0,136,2,2,1,448,467,24,809,24,5947,2302,2,3575,600
DEFAULT_EQ,Q6,DEFAULT,baseSeed=626|nTx=24|nValidators=10|nShards=4|committee=4|quorum=3|loadThreshold=75|maxTime=180|crossShardPct=0|requestOfflinePct=0|receiptDropPct=0|ownerCap=3000|mobileThreshold=35,6,28,626,63,COMPLETE,24,24,24,4,24,6,4,1,24,24,24,0,135,2,2,0,447,481,24,829,24,6327,2523,2,3947,200
DEFAULT_EQ,Q6,DEFAULT,baseSeed=626|nTx=24|nValidators=10|nShards=4|committee=4|quorum=3|loadThreshold=75|maxTime=180|crossShardPct=0|requestOfflinePct=0|receiptDropPct=0|ownerCap=3000|mobileThreshold=35,6,29,626,50,COMPLETE,24,24,24,1,24,6,4,1,24,24,24,0,139,2,2,0,447,440,24,770,24,6034,2384,2,3857,300
DEFAULT_EQ,Q6,DEFAULT,baseSeed=626|nTx=24|nValidators=10|nShards=4|committee=4|quorum=3|loadThreshold=75|maxTime=180|crossShardPct=0|requestOfflinePct=0|receiptDropPct=0|ownerCap=3000|mobileThreshold=35,6,30,626,47,COMPLETE,24,24,24,1,24,6,4,2,24,24,24,0,134,2,2,0,447,439,24,769,24,6129,2340,2,3705,300
DEFAULT_EQ,Q6,DEFAULT,baseSeed=626|nTx=24|nValidators=10|nShards=4|committee=4|quorum=3|loadThreshold=75|maxTime=180|crossShardPct=0|requestOfflinePct=0|receiptDropPct=0|ownerCap=3000|mobileThreshold=35,6,31,626,50,COMPLETE,24,24,24,4,24,6,4,1,24,24,24,0,136,2,2,0,447,479,24,827,24,5848,2263,2,3720,300
DEFAULT_EQ,Q6,DEFAULT,baseSeed=626|nTx=24|nValidators=10|nShards=4|committee=4|quorum=3|loadThreshold=75|maxTime=180|crossShardPct=0|requestOfflinePct=0|receiptDropPct=0|ownerCap=3000|mobileThreshold=35,6,32,626,62,COMPLETE,24,24,24,4,24,6,4,2,24,24,24,0,137,2,2,0,447,480,24,828,24,5919,2219,2,3352,200
DEFAULT_EQ,Q6,DEFAULT,baseSeed=626|nTx=24|nValidators=10|nShards=4|committee=4|quorum=3|loadThreshold=75|maxTime=180|crossShardPct=0|requestOfflinePct=0|receiptDropPct=0|ownerCap=3000|mobileThreshold=35,6,33,626,62,COMPLETE,24,24,24,3,24,6,4,1,24,24,24,0,136,2,2,0,447,466,24,808,24,6220,2394,2,3895,200
DEFAULT_EQ,Q6,DEFAULT,baseSeed=626|nTx=24|nValidators=10|nShards=4|committee=4|quorum=3|loadThreshold=75|maxTime=180|crossShardPct=0|requestOfflinePct=0|receiptDropPct=0|ownerCap=3000|mobileThreshold=35,6,34,626,50,COMPLETE,24,24,24,3,24,6,4,1,24,24,24,0,138,2,2,0,447,465,24,807,24,6143,2432,2,3879,300
DEFAULT_EQ,Q6,DEFAULT,baseSeed=626|nTx=24|nValidators=10|nShards=4|committee=4|quorum=3|loadThreshold=75|maxTime=180|crossShardPct=0|requestOfflinePct=0|receiptDropPct=0|ownerCap=3000|mobileThreshold=35,6,35,626,62,COMPLETE,24,24,24,4,24,6,4,1,24,24,24,0,135,2,2,0,447,479,24,827,24,6058,2278,2,3450,200
DEFAULT_EQ,Q6,DEFAULT,baseSeed=626|nTx=24|nValidators=10|nShards=4|committee=4|quorum=3|loadThreshold=75|maxTime=180|crossShardPct=0|requestOfflinePct=0|receiptDropPct=0|ownerCap=3000|mobileThreshold=35,6,36,626,63,COMPLETE,24,24,24,3,24,6,4,1,24,24,24,0,136,2,2,0,447,466,24,808,24,6162,2399,2,3720,300
DEFAULT_EQ,Q6,DEFAULT,baseSeed=626|nTx=24|nValidators=10|nShards=4|committee=4|quorum=3|loadThreshold=75|maxTime=180|crossShardPct=0|requestOfflinePct=0|receiptDropPct=0|ownerCap=3000|mobileThreshold=35,6,37,626,50,COMPLETE,24,24,24,3,24,6,4,2,24,24,24,0,138,2,2,1,448,466,24,808,24,5908,2220,2,3821,600
DEFAULT_EQ,Q6,DEFAULT,baseSeed=626|nTx=24|nValidators=10|nShards=4|committee=4|quorum=3|loadThreshold=75|maxTime=180|crossShardPct=0|requestOfflinePct=0|receiptDropPct=0|ownerCap=3000|mobileThreshold=35,6,38,626,50,COMPLETE,24,24,24,3,24,6,4,1,24,24,24,0,134,2,2,0,447,467,24,809,24,6076,2316,2,3352,200
DEFAULT_EQ,Q6,DEFAULT,baseSeed=626|nTx=24|nValidators=10|nShards=4|committee=4|quorum=3|loadThreshold=75|maxTime=180|crossShardPct=0|requestOfflinePct=0|receiptDropPct=0|ownerCap=3000|mobileThreshold=35,6,39,626,50,COMPLETE,24,24,24,1,24,6,4,0,24,24,24,0,136,2,2,0,447,440,24,770,24,6180,2383,2,3720,300
DEFAULT_EQ,Q6,DEFAULT,baseSeed=626|nTx=24|nValidators=10|nShards=4|committee=4|quorum=3|loadThreshold=75|maxTime=180|crossShardPct=0|requestOfflinePct=0|receiptDropPct=0|ownerCap=3000|mobileThreshold=35,6,40,626,50,COMPLETE,24,24,24,3,24,6,4,1,24,24,24,0,137,2,2,0,447,466,24,808,24,6456,2639,2,3699,300
DEFAULT_EQ,Q6,DEFAULT,baseSeed=626|nTx=24|nValidators=10|nShards=4|committee=4|quorum=3|loadThreshold=75|maxTime=180|crossShardPct=0|requestOfflinePct=0|receiptDropPct=0|ownerCap=3000|mobileThreshold=35,6,41,626,47,COMPLETE,24,24,24,1,24,6,4,1,24,24,24,0,135,2,2,0,447,439,24,769,24,6274,2534,2,4532,300
DEFAULT_EQ,Q6,DEFAULT,baseSeed=626|nTx=24|nValidators=10|nShards=4|committee=4|quorum=3|loadThreshold=75|maxTime=180|crossShardPct=0|requestOfflinePct=0|receiptDropPct=0|ownerCap=3000|mobileThreshold=35,6,42,626,49,COMPLETE,24,24,24,2,24,6,4,2,24,24,24,0,137,2,2,0,447,454,24,790,24,5549,2020,3,2687,200
DEFAULT_EQ,Q6,DEFAULT,baseSeed=626|nTx=24|nValidators=10|nShards=4|committee=4|quorum=3|loadThreshold=75|maxTime=180|crossShardPct=0|requestOfflinePct=0|receiptDropPct=0|ownerCap=3000|mobileThreshold=35,6,43,626,63,COMPLETE,24,24,24,4,24,6,4,1,24,24,24,0,136,2,2,0,447,480,24,828,24,5441,1982,3,4273,200
DEFAULT_EQ,Q6,DEFAULT,baseSeed=626|nTx=24|nValidators=10|nShards=4|committee=4|quorum=3|loadThreshold=75|maxTime=180|crossShardPct=0|requestOfflinePct=0|receiptDropPct=0|ownerCap=3000|mobileThreshold=35,6,44,626,62,COMPLETE,24,24,24,4,24,6,4,1,24,24,24,0,137,2,2,1,448,480,24,828,24,6086,2290,2,3294,900
DEFAULT_EQ,Q6,DEFAULT,baseSeed=626|nTx=24|nValidators=10|nShards=4|committee=4|quorum=3|loadThreshold=75|maxTime=180|crossShardPct=0|requestOfflinePct=0|receiptDropPct=0|ownerCap=3000|mobileThreshold=35,6,45,626,50,COMPLETE,24,24,24,3,24,6,4,2,24,24,24,0,137,2,2,0,447,465,24,807,24,5867,2203,2,3901,300
DEFAULT_EQ,Q6,DEFAULT,baseSeed=626|nTx=24|nValidators=10|nShards=4|committee=4|quorum=3|loadThreshold=75|maxTime=180|crossShardPct=0|requestOfflinePct=0|receiptDropPct=0|ownerCap=3000|mobileThreshold=35,6,46,626,48,COMPLETE,24,24,24,2,24,6,4,1,24,24,24,0,137,2,2,0,447,454,24,790,24,6231,2403,2,4161,200
DEFAULT_EQ,Q6,DEFAULT,baseSeed=626|nTx=24|nValidators=10|nShards=4|committee=4|quorum=3|loadThreshold=75|maxTime=180|crossShardPct=0|requestOfflinePct=0|receiptDropPct=0|ownerCap=3000|mobileThreshold=35,6,47,626,50,COMPLETE,24,24,24,2,24,6,4,1,24,24,24,0,137,2,2,0,447,453,24,789,24,5878,2340,2,3901,300
DEFAULT_EQ,Q6,DEFAULT,baseSeed=626|nTx=24|nValidators=10|nShards=4|committee=4|quorum=3|loadThreshold=75|maxTime=180|crossShardPct=0|requestOfflinePct=0|receiptDropPct=0|ownerCap=3000|mobileThreshold=35,6,48,626,50,COMPLETE,24,24,24,3,24,6,4,2,24,24,24,0,135,2,2,0,447,466,24,808,24,6210,2421,2,5526,300
DEFAULT_EQ,Q6,DEFAULT,baseSeed=626|nTx=24|nValidators=10|nShards=4|committee=4|quorum=3|loadThreshold=75|maxTime=180|crossShardPct=0|requestOfflinePct=0|receiptDropPct=0|ownerCap=3000|mobileThreshold=35,6,49,626,49,COMPLETE,24,24,24,3,24,6,4,1,24,24,24,0,136,2,2,0,447,468,24,810,24,5924,2370,2,3924,200
DEFAULT_EQ,Q6,DEFAULT,baseSeed=626|nTx=24|nValidators=10|nShards=4|committee=4|quorum=3|loadThreshold=75|maxTime=180|crossShardPct=0|requestOfflinePct=0|receiptDropPct=0|ownerCap=3000|mobileThreshold=35,6,50,626,62,COMPLETE,24,24,24,3,24,6,4,2,24,24,24,0,138,2,2,0,447,466,24,808,24,5902,2186,2,3333,200
DEFAULT_EQ,Q6,DEFAULT,baseSeed=626|nTx=24|nValidators=10|nShards=4|committee=4|quorum=3|loadThreshold=75|maxTime=180|crossShardPct=0|requestOfflinePct=0|receiptDropPct=0|ownerCap=3000|mobileThreshold=35,6,51,626,50,COMPLETE,24,24,24,1,24,6,4,1,24,24,24,0,137,2,2,0,447,440,24,770,24,6554,2688,2,3959,300
DEFAULT_EQ,Q6,DEFAULT,baseSeed=626|nTx=24|nValidators=10|nShards=4|committee=4|quorum=3|loadThreshold=75|maxTime=180|crossShardPct=0|requestOfflinePct=0|receiptDropPct=0|ownerCap=3000|mobileThreshold=35,6,52,626,50,COMPLETE,24,24,24,2,24,6,4,2,24,24,24,0,137,2,2,0,447,454,24,790,24,6115,2384,2,3901,200
DEFAULT_EQ,Q6,DEFAULT,baseSeed=626|nTx=24|nValidators=10|nShards=4|committee=4|quorum=3|loadThreshold=75|maxTime=180|crossShardPct=0|requestOfflinePct=0|receiptDropPct=0|ownerCap=3000|mobileThreshold=35,6,53,626,62,COMPLETE,24,24,24,4,24,6,4,1,24,24,24,0,136,2,2,0,447,479,24,827,24,5947,2218,2,3575,300
DEFAULT_EQ,Q6,DEFAULT,baseSeed=626|nTx=24|nValidators=10|nShards=4|committee=4|quorum=3|loadThreshold=75|maxTime=180|crossShardPct=0|requestOfflinePct=0|receiptDropPct=0|ownerCap=3000|mobileThreshold=35,6,54,626,62,COMPLETE,24,24,24,5,24,6,4,1,24,24,24,0,136,2,2,0,447,493,24,847,24,6232,2482,2,4186,200
DEFAULT_EQ,Q6,DEFAULT,baseSeed=626|nTx=24|nValidators=10|nShards=4|committee=4|quorum=3|loadThreshold=75|maxTime=180|crossShardPct=0|requestOfflinePct=0|receiptDropPct=0|ownerCap=3000|mobileThreshold=35,6,55,626,62,COMPLETE,24,24,24,3,24,6,4,1,24,24,24,0,136,2,2,0,447,466,24,808,24,5970,2234,2,3517,300
DEFAULT_EQ,Q6,DEFAULT,baseSeed=626|nTx=24|nValidators=10|nShards=4|committee=4|quorum=3|loadThreshold=75|maxTime=180|crossShardPct=0|requestOfflinePct=0|receiptDropPct=0|ownerCap=3000|mobileThreshold=35,6,56,626,62,COMPLETE,24,24,24,5,24,6,4,1,24,24,24,0,137,2,2,0,447,492,24,846,24,6127,2364,2,3959,200
DEFAULT_EQ,Q6,DEFAULT,baseSeed=626|nTx=24|nValidators=10|nShards=4|committee=4|quorum=3|loadThreshold=75|maxTime=180|crossShardPct=0|requestOfflinePct=0|receiptDropPct=0|ownerCap=3000|mobileThreshold=35,6,57,626,50,COMPLETE,24,24,24,1,24,6,4,1,24,24,24,0,136,2,2,0,447,440,24,770,24,6029,2268,2,3720,300
DEFAULT_EQ,Q6,DEFAULT,baseSeed=626|nTx=24|nValidators=10|nShards=4|committee=4|quorum=3|loadThreshold=75|maxTime=180|crossShardPct=0|requestOfflinePct=0|receiptDropPct=0|ownerCap=3000|mobileThreshold=35,6,58,626,50,COMPLETE,24,24,24,5,24,6,4,1,24,24,24,0,136,2,2,0,447,493,24,847,24,5866,2273,2,3720,200
DEFAULT_EQ,Q6,DEFAULT,baseSeed=626|nTx=24|nValidators=10|nShards=4|committee=4|quorum=3|loadThreshold=75|maxTime=180|crossShardPct=0|requestOfflinePct=0|receiptDropPct=0|ownerCap=3000|mobileThreshold=35,6,59,626,49,COMPLETE,24,24,24,1,24,6,4,1,24,24,24,0,137,2,2,0,447,440,24,770,24,6109,2307,2,3959,300
DEFAULT_EQ,Q6,DEFAULT,baseSeed=626|nTx=24|nValidators=10|nShards=4|committee=4|quorum=3|loadThreshold=75|maxTime=180|crossShardPct=0|requestOfflinePct=0|receiptDropPct=0|ownerCap=3000|mobileThreshold=35,6,60,626,63,COMPLETE,24,24,24,4,24,6,4,1,24,24,24,0,137,2,2,0,447,481,24,829,24,5947,2441,2,4104,200
DEFAULT_EQ,Q6,DEFAULT,baseSeed=626|nTx=24|nValidators=10|nShards=4|committee=4|quorum=3|loadThreshold=75|maxTime=180|crossShardPct=0|requestOfflinePct=0|receiptDropPct=0|ownerCap=3000|mobileThreshold=35,6,61,626,49,COMPLETE,24,24,24,4,24,6,4,2,24,24,24,0,136,2,2,0,447,479,24,827,24,6075,2304,2,3779,200
DEFAULT_EQ,Q6,DEFAULT,baseSeed=626|nTx=24|nValidators=10|nShards=4|committee=4|quorum=3|loadThreshold=75|maxTime=180|crossShardPct=0|requestOfflinePct=0|receiptDropPct=0|ownerCap=3000|mobileThreshold=35,6,62,626,48,COMPLETE,24,24,24,2,24,6,4,1,24,24,24,0,136,2,2,0,447,454,24,790,24,6593,2698,2,3720,200
DEFAULT_EQ,Q6,DEFAULT,baseSeed=626|nTx=24|nValidators=10|nShards=4|committee=4|quorum=3|loadThreshold=75|maxTime=180|crossShardPct=0|requestOfflinePct=0|receiptDropPct=0|ownerCap=3000|mobileThreshold=35,6,63,626,50,COMPLETE,24,24,24,4,24,6,4,2,24,24,24,0,137,2,2,0,447,478,24,826,24,5907,2191,2,3352,200
DEFAULT_EQ,Q6,DEFAULT,baseSeed=626|nTx=24|nValidators=10|nShards=4|committee=4|quorum=3|loadThreshold=75|maxTime=180|crossShardPct=0|requestOfflinePct=0|receiptDropPct=0|ownerCap=3000|mobileThreshold=35,6,64,626,62,COMPLETE,24,24,24,6,24,6,4,1,24,24,24,0,135,2,2,0,447,504,24,864,24,6309,2453,2,4152,200
DEFAULT_EQ,Q6,DEFAULT,baseSeed=626|nTx=24|nValidators=10|nShards=4|committee=4|quorum=3|loadThreshold=75|maxTime=180|crossShardPct=0|requestOfflinePct=0|receiptDropPct=0|ownerCap=3000|mobileThreshold=35,6,65,626,62,COMPLETE,24,24,24,3,24,6,4,1,24,24,24,0,137,2,2,0,447,465,24,807,24,6000,2293,2,3699,200
DEFAULT_EQ,Q6,DEFAULT,baseSeed=626|nTx=24|nValidators=10|nShards=4|committee=4|quorum=3|loadThreshold=75|maxTime=180|crossShardPct=0|requestOfflinePct=0|receiptDropPct=0|ownerCap=3000|mobileThreshold=35,6,66,626,50,COMPLETE,24,24,24,2,24,6,4,1,24,24,24,0,138,2,2,0,447,454,24,790,24,5367,1934,3,2729,200
DEFAULT_EQ,Q6,DEFAULT,baseSeed=626|nTx=24|nValidators=10|nShards=4|committee=4|quorum=3|loadThreshold=75|maxTime=180|crossShardPct=0|requestOfflinePct=0|receiptDropPct=0|ownerCap=3000|mobileThreshold=35,6,67,626,62,COMPLETE,24,24,24,2,24,6,4,1,24,24,24,0,136,2,2,0,447,454,24,790,24,5848,2263,2,3720,300
DEFAULT_EQ,Q6,DEFAULT,baseSeed=626|nTx=24|nValidators=10|nShards=4|committee=4|quorum=3|loadThreshold=75|maxTime=180|crossShardPct=0|requestOfflinePct=0|receiptDropPct=0|ownerCap=3000|mobileThreshold=35,6,68,626,47,COMPLETE,24,24,24,1,24,6,4,2,24,24,24,0,138,2,2,0,447,439,24,769,24,5988,2243,2,3189,300
DEFAULT_EQ,Q6,DEFAULT,baseSeed=626|nTx=24|nValidators=10|nShards=4|committee=4|quorum=3|loadThreshold=75|maxTime=180|crossShardPct=0|requestOfflinePct=0|receiptDropPct=0|ownerCap=3000|mobileThreshold=35,6,69,626,49,COMPLETE,24,24,24,2,24,6,4,2,24,24,24,0,136,2,2,0,447,454,24,790,24,5825,2174,2,3313,200
DEFAULT_EQ,Q6,DEFAULT,baseSeed=626|nTx=24|nValidators=10|nShards=4|committee=4|quorum=3|loadThreshold=75|maxTime=180|crossShardPct=0|requestOfflinePct=0|receiptDropPct=0|ownerCap=3000|mobileThreshold=35,6,70,626,62,COMPLETE,24,24,24,6,24,6,4,0,24,24,24,0,134,2,2,0,447,504,24,864,24,6229,2448,2,3558,300
DEFAULT_EQ,Q6,DEFAULT,baseSeed=626|nTx=24|nValidators=10|nShards=4|committee=4|quorum=3|loadThreshold=75|maxTime=180|crossShardPct=0|requestOfflinePct=0|receiptDropPct=0|ownerCap=3000|mobileThreshold=35,6,71,626,48,COMPLETE,24,24,24,2,24,6,4,2,24,24,24,0,137,2,2,0,447,454,24,790,24,6092,2414,2,3901,200
DEFAULT_EQ,Q6,DEFAULT,baseSeed=626|nTx=24|nValidators=10|nShards=4|committee=4|quorum=3|loadThreshold=75|maxTime=180|crossShardPct=0|requestOfflinePct=0|receiptDropPct=0|ownerCap=3000|mobileThreshold=35,6,72,626,62,COMPLETE,24,24,24,4,24,6,4,1,24,24,24,0,136,2,2,1,448,479,24,827,24,6302,2559,2,4098,900
DEFAULT_EQ,Q6,DEFAULT,baseSeed=626|nTx=24|nValidators=10|nShards=4|committee=4|quorum=3|loadThreshold=75|maxTime=180|crossShardPct=0|requestOfflinePct=0|receiptDropPct=0|ownerCap=3000|mobileThreshold=35,6,73,626,50,COMPLETE,24,24,24,2,24,6,4,1,24,24,24,0,136,2,2,0,447,455,24,791,24,5982,2268,2,3313,200
DEFAULT_EQ,Q6,DEFAULT,baseSeed=626|nTx=24|nValidators=10|nShards=4|committee=4|quorum=3|loadThreshold=75|maxTime=180|crossShardPct=0|requestOfflinePct=0|receiptDropPct=0|ownerCap=3000|mobileThreshold=35,6,74,626,49,COMPLETE,24,24,24,1,24,6,4,1,24,24,24,0,137,2,2,0,447,441,24,771,24,6063,2295,2,3352,300
DEFAULT_EQ,Q6,DEFAULT,baseSeed=626|nTx=24|nValidators=10|nShards=4|committee=4|quorum=3|loadThreshold=75|maxTime=180|crossShardPct=0|requestOfflinePct=0|receiptDropPct=0|ownerCap=3000|mobileThreshold=35,6,75,626,62,COMPLETE,24,24,24,5,24,6,4,1,24,24,24,0,135,2,2,0,447,492,24,846,24,5450,2007,3,2631,200
DEFAULT_EQ,Q6,DEFAULT,baseSeed=626|nTx=24|nValidators=10|nShards=4|committee=4|quorum=3|loadThreshold=75|maxTime=180|crossShardPct=0|requestOfflinePct=0|receiptDropPct=0|ownerCap=3000|mobileThreshold=35,6,76,626,50,COMPLETE,24,24,24,2,24,6,4,1,24,24,24,0,138,2,2,0,447,454,24,790,24,6212,2385,2,3390,200
DEFAULT_EQ,Q6,DEFAULT,baseSeed=626|nTx=24|nValidators=10|nShards=4|committee=4|quorum=3|loadThreshold=75|maxTime=180|crossShardPct=0|requestOfflinePct=0|receiptDropPct=0|ownerCap=3000|mobileThreshold=35,6,77,626,50,COMPLETE,24,24,24,1,24,6,4,1,24,24,24,0,136,2,2,0,447,440,24,770,24,5343,1972,3,2412,300
DEFAULT_EQ,Q6,DEFAULT,baseSeed=626|nTx=24|nValidators=10|nShards=4|committee=4|quorum=3|loadThreshold=75|maxTime=180|crossShardPct=0|requestOfflinePct=0|receiptDropPct=0|ownerCap=3000|mobileThreshold=35,6,78,626,62,COMPLETE,24,24,24,3,24,6,4,2,24,24,24,0,137,2,2,0,447,466,24,808,24,6583,2939,2,4104,200
DEFAULT_EQ,Q6,DEFAULT,baseSeed=626|nTx=24|nValidators=10|nShards=4|committee=4|quorum=3|loadThreshold=75|maxTime=180|crossShardPct=0|requestOfflinePct=0|receiptDropPct=0|ownerCap=3000|mobileThreshold=35,6,79,626,62,COMPLETE,24,24,24,5,24,6,4,0,24,24,24,0,135,2,2,0,447,493,24,847,24,5426,1973,3,3128,100
DEFAULT_EQ,Q6,DEFAULT,baseSeed=626|nTx=24|nValidators=10|nShards=4|committee=4|quorum=3|loadThreshold=75|maxTime=180|crossShardPct=0|requestOfflinePct=0|receiptDropPct=0|ownerCap=3000|mobileThreshold=35,6,80,626,62,COMPLETE,24,24,24,3,24,6,4,2,24,24,24,0,134,2,2,0,447,466,24,808,24,6541,2982,2,3764,300
DEFAULT_EQ,Q6,DEFAULT,baseSeed=626|nTx=24|nValidators=10|nShards=4|committee=4|quorum=3|loadThreshold=75|maxTime=180|crossShardPct=0|requestOfflinePct=0|receiptDropPct=0|ownerCap=3000|mobileThreshold=35,6,81,626,50,COMPLETE,24,24,24,4,24,6,4,1,24,24,24,0,138,2,2,0,447,481,24,829,24,6086,2305,2,3132,200
DEFAULT_EQ,Q6,DEFAULT,baseSeed=626|nTx=24|nValidators=10|nShards=4|committee=4|quorum=3|loadThreshold=75|maxTime=180|crossShardPct=0|requestOfflinePct=0|receiptDropPct=0|ownerCap=3000|mobileThreshold=35,6,82,626,62,COMPLETE,24,24,24,2,24,6,4,2,24,24,24,0,136,2,2,0,447,454,24,790,24,6290,2547,2,3924,300
DEFAULT_EQ,Q6,DEFAULT,baseSeed=626|nTx=24|nValidators=10|nShards=4|committee=4|quorum=3|loadThreshold=75|maxTime=180|crossShardPct=0|requestOfflinePct=0|receiptDropPct=0|ownerCap=3000|mobileThreshold=35,6,83,626,62,COMPLETE,24,24,24,7,24,6,4,0,24,24,24,0,134,2,2,0,447,518,24,884,24,6352,2553,2,3970,300
DEFAULT_EQ,Q6,DEFAULT,baseSeed=626|nTx=24|nValidators=10|nShards=4|committee=4|quorum=3|loadThreshold=75|maxTime=180|crossShardPct=0|requestOfflinePct=0|receiptDropPct=0|ownerCap=3000|mobileThreshold=35,6,84,626,62,COMPLETE,24,24,24,5,24,6,4,2,24,24,24,0,139,2,2,0,447,492,24,846,24,6297,2663,2,3514,200
DEFAULT_EQ,Q6,DEFAULT,baseSeed=626|nTx=24|nValidators=10|nShards=4|committee=4|quorum=3|loadThreshold=75|maxTime=180|crossShardPct=0|requestOfflinePct=0|receiptDropPct=0|ownerCap=3000|mobileThreshold=35,6,85,626,62,COMPLETE,24,24,24,4,24,6,4,0,24,24,24,0,136,2,2,0,447,479,24,827,24,5546,2037,3,2848,300
DEFAULT_EQ,Q6,DEFAULT,baseSeed=626|nTx=24|nValidators=10|nShards=4|committee=4|quorum=3|loadThreshold=75|maxTime=180|crossShardPct=0|requestOfflinePct=0|receiptDropPct=0|ownerCap=3000|mobileThreshold=35,6,86,626,63,COMPLETE,24,24,24,3,24,6,4,1,24,24,24,0,137,2,2,0,447,467,24,809,24,6294,2562,2,4104,200
DEFAULT_EQ,Q6,DEFAULT,baseSeed=626|nTx=24|nValidators=10|nShards=4|committee=4|quorum=3|loadThreshold=75|maxTime=180|crossShardPct=0|requestOfflinePct=0|receiptDropPct=0|ownerCap=3000|mobileThreshold=35,6,87,626,50,COMPLETE,24,24,24,2,24,6,4,1,24,24,24,0,138,2,2,0,447,453,24,789,24,5534,2005,2,2643,200
DEFAULT_EQ,Q6,DEFAULT,baseSeed=626|nTx=24|nValidators=10|nShards=4|committee=4|quorum=3|loadThreshold=75|maxTime=180|crossShardPct=0|requestOfflinePct=0|receiptDropPct=0|ownerCap=3000|mobileThreshold=35,6,88,626,62,COMPLETE,24,24,24,3,24,6,4,0,24,24,24,0,134,2,2,0,447,465,24,807,24,5688,2083,2,2735,300
DEFAULT_EQ,Q6,DEFAULT,baseSeed=626|nTx=24|nValidators=10|nShards=4|committee=4|quorum=3|loadThreshold=75|maxTime=180|crossShardPct=0|requestOfflinePct=0|receiptDropPct=0|ownerCap=3000|mobileThreshold=35,6,89,626,63,COMPLETE,24,24,24,7,24,6,4,1,24,24,24,0,139,2,2,0,447,519,24,885,24,5794,2142,2,3114,300
DEFAULT_EQ,Q6,DEFAULT,baseSeed=626|nTx=24|nValidators=10|nShards=4|committee=4|quorum=3|loadThreshold=75|maxTime=180|crossShardPct=0|requestOfflinePct=0|receiptDropPct=0|ownerCap=3000|mobileThreshold=35,6,90,626,50,COMPLETE,24,24,24,3,24,6,4,1,24,24,24,0,136,2,2,0,447,466,24,808,24,5872,2182,2,3633,300
DEFAULT_EQ,Q6,DEFAULT,baseSeed=626|nTx=24|nValidators=10|nShards=4|committee=4|quorum=3|loadThreshold=75|maxTime=180|crossShardPct=0|requestOfflinePct=0|receiptDropPct=0|ownerCap=3000|mobileThreshold=35,6,91,626,47,COMPLETE,24,24,24,1,24,6,4,1,24,24,24,0,136,2,2,0,447,439,24,769,24,6238,2478,2,3924,300
DEFAULT_EQ,Q6,DEFAULT,baseSeed=626|nTx=24|nValidators=10|nShards=4|committee=4|quorum=3|loadThreshold=75|maxTime=180|crossShardPct=0|requestOfflinePct=0|receiptDropPct=0|ownerCap=3000|mobileThreshold=35,6,92,626,49,COMPLETE,24,24,24,3,24,6,4,1,24,24,24,0,138,2,2,0,447,468,24,810,24,6143,2432,2,3879,300
DEFAULT_EQ,Q6,DEFAULT,baseSeed=626|nTx=24|nValidators=10|nShards=4|committee=4|quorum=3|loadThreshold=75|maxTime=180|crossShardPct=0|requestOfflinePct=0|receiptDropPct=0|ownerCap=3000|mobileThreshold=35,6,93,626,50,COMPLETE,24,24,24,3,24,6,4,1,24,24,24,0,136,2,2,0,447,467,24,809,24,6046,2272,2,3372,300
DEFAULT_EQ,Q6,DEFAULT,baseSeed=626|nTx=24|nValidators=10|nShards=4|committee=4|quorum=3|loadThreshold=75|maxTime=180|crossShardPct=0|requestOfflinePct=0|receiptDropPct=0|ownerCap=3000|mobileThreshold=35,6,94,626,50,COMPLETE,24,24,24,3,24,6,4,1,24,24,24,0,135,2,2,0,447,465,24,807,24,6157,2403,2,3742,300
DEFAULT_EQ,Q6,DEFAULT,baseSeed=626|nTx=24|nValidators=10|nShards=4|committee=4|quorum=3|loadThreshold=75|maxTime=180|crossShardPct=0|requestOfflinePct=0|receiptDropPct=0|ownerCap=3000|mobileThreshold=35,6,95,626,49,COMPLETE,24,24,24,4,24,6,4,2,24,24,24,0,138,2,2,0,447,479,24,827,24,5821,2191,2,3189,100
DEFAULT_EQ,Q6,DEFAULT,baseSeed=626|nTx=24|nValidators=10|nShards=4|committee=4|quorum=3|loadThreshold=75|maxTime=180|crossShardPct=0|requestOfflinePct=0|receiptDropPct=0|ownerCap=3000|mobileThreshold=35,6,96,626,49,COMPLETE,24,24,24,2,24,6,4,1,24,24,24,0,134,2,2,0,447,455,24,791,24,6076,2316,2,3352,200
DEFAULT_EQ,Q6,DEFAULT,baseSeed=626|nTx=24|nValidators=10|nShards=4|committee=4|quorum=3|loadThreshold=75|maxTime=180|crossShardPct=0|requestOfflinePct=0|receiptDropPct=0|ownerCap=3000|mobileThreshold=35,6,97,626,62,COMPLETE,24,24,24,3,24,6,4,2,24,24,24,0,138,2,2,0,447,465,24,807,24,6097,2319,2,3620,300
DEFAULT_EQ,Q6,DEFAULT,baseSeed=626|nTx=24|nValidators=10|nShards=4|committee=4|quorum=3|loadThreshold=75|maxTime=180|crossShardPct=0|requestOfflinePct=0|receiptDropPct=0|ownerCap=3000|mobileThreshold=35,6,98,626,50,COMPLETE,24,24,24,2,24,6,4,1,24,24,24,0,137,2,2,0,447,452,24,788,24,6028,2287,2,3959,300
DEFAULT_EQ,Q6,DEFAULT,baseSeed=626|nTx=24|nValidators=10|nShards=4|committee=4|quorum=3|loadThreshold=75|maxTime=180|crossShardPct=0|requestOfflinePct=0|receiptDropPct=0|ownerCap=3000|mobileThreshold=35,6,99,626,49,COMPLETE,24,24,24,2,24,6,4,2,24,24,24,0,136,2,2,0,447,455,24,791,24,6209,2463,2,4244,200
DEFAULT_EQ,Q6,DEFAULT,baseSeed=626|nTx=24|nValidators=10|nShards=4|committee=4|quorum=3|loadThreshold=75|maxTime=180|crossShardPct=0|requestOfflinePct=0|receiptDropPct=0|ownerCap=3000|mobileThreshold=35,6,100,626,62,COMPLETE,24,24,24,3,24,6,4,1,24,24,24,0,137,2,2,0,447,466,24,808,24,5705,2137,2,3583,200
DEFAULT_EQ,Q7,DEFAULT,baseSeed=626|nTx=32|nValidators=10|nShards=4|committee=3|quorum=2|loadThreshold=55|maxTime=180|crossShardPct=0|requestOfflinePct=0|receiptDropPct=0|ownerCap=3000|mobileThreshold=35,7,1,626,50,COMPLETE,32,32,32,15,32,10,4,0,32,32,32,0,160,0,0,9,534,773,32,1297,32,6442,2934,2,4759,500
DEFAULT_EQ,Q7,DEFAULT,baseSeed=626|nTx=32|nValidators=10|nShards=4|committee=3|quorum=2|loadThreshold=55|maxTime=180|crossShardPct=0|requestOfflinePct=0|receiptDropPct=0|ownerCap=3000|mobileThreshold=35,7,2,626,50,COMPLETE,32,32,32,16,32,10,4,0,32,32,32,0,160,0,0,7,532,785,32,1315,32,5399,2170,2,3798,1000
DEFAULT_EQ,Q7,DEFAULT,baseSeed=626|nTx=32|nValidators=10|nShards=4|committee=3|quorum=2|loadThreshold=55|maxTime=180|crossShardPct=0|requestOfflinePct=0|receiptDropPct=0|ownerCap=3000|mobileThreshold=35,7,3,626,50,COMPLETE,32,32,32,14,32,10,4,0,32,32,32,0,160,0,0,7,532,760,32,1278,32,6634,3038,2,4879,1300
DEFAULT_EQ,Q7,DEFAULT,baseSeed=626|nTx=32|nValidators=10|nShards=4|committee=3|quorum=2|loadThreshold=55|maxTime=180|crossShardPct=0|requestOfflinePct=0|receiptDropPct=0|ownerCap=3000|mobileThreshold=35,7,4,626,50,COMPLETE,32,32,32,16,32,10,4,0,32,32,32,0,160,0,0,7,532,785,32,1315,32,5831,2282,2,3798,1000
DEFAULT_EQ,Q7,DEFAULT,baseSeed=626|nTx=32|nValidators=10|nShards=4|committee=3|quorum=2|loadThreshold=55|maxTime=180|crossShardPct=0|requestOfflinePct=0|receiptDropPct=0|ownerCap=3000|mobileThreshold=35,7,5,626,50,COMPLETE,32,32,32,16,32,10,4,0,32,32,32,0,160,0,0,7,532,783,32,1313,32,5620,2162,2,3461,1000
DEFAULT_EQ,Q7,DEFAULT,baseSeed=626|nTx=32|nValidators=10|nShards=4|committee=3|quorum=2|loadThreshold=55|maxTime=180|crossShardPct=0|requestOfflinePct=0|receiptDropPct=0|ownerCap=3000|mobileThreshold=35,7,6,626,50,COMPLETE,32,32,32,16,32,10,4,0,32,32,32,0,160,0,0,7,532,783,32,1313,32,6918,3218,2,4975,1000
DEFAULT_EQ,Q7,DEFAULT,baseSeed=626|nTx=32|nValidators=10|nShards=4|committee=3|quorum=2|loadThreshold=55|maxTime=180|crossShardPct=0|requestOfflinePct=0|receiptDropPct=0|ownerCap=3000|mobileThreshold=35,7,7,626,50,COMPLETE,32,32,32,16,32,10,4,0,32,32,32,0,160,0,0,7,532,779,32,1309,32,4692,1887,2,3461,1000
DEFAULT_EQ,Q7,DEFAULT,baseSeed=626|nTx=32|nValidators=10|nShards=4|committee=3|quorum=2|loadThreshold=55|maxTime=180|crossShardPct=0|requestOfflinePct=0|receiptDropPct=0|ownerCap=3000|mobileThreshold=35,7,8,626,50,COMPLETE,32,32,32,16,32,10,4,0,32,32,32,0,160,0,0,7,532,784,32,1314,32,5399,2146,2,3701,1000
DEFAULT_EQ,Q7,DEFAULT,baseSeed=626|nTx=32|nValidators=10|nShards=4|committee=3|quorum=2|loadThreshold=55|maxTime=180|crossShardPct=0|requestOfflinePct=0|receiptDropPct=0|ownerCap=3000|mobileThreshold=35,7,9,626,51,COMPLETE,32,32,32,16,32,10,4,0,32,32,32,0,160,0,0,13,538,787,32,1317,32,5451,2182,2,3750,500
DEFAULT_EQ,Q7,DEFAULT,baseSeed=626|nTx=32|nValidators=10|nShards=4|committee=3|quorum=2|loadThreshold=55|maxTime=180|crossShardPct=0|requestOfflinePct=0|receiptDropPct=0|ownerCap=3000|mobileThreshold=35,7,10,626,50,COMPLETE,32,32,32,16,32,10,4,0,32,32,32,0,160,0,0,7,532,784,32,1314,32,5129,1992,2,3461,1000
DEFAULT_EQ,Q7,DEFAULT,baseSeed=626|nTx=32|nValidators=10|nShards=4|committee=3|quorum=2|loadThreshold=55|maxTime=180|crossShardPct=0|requestOfflinePct=0|receiptDropPct=0|ownerCap=3000|mobileThreshold=35,7,11,626,50,COMPLETE,32,32,32,17,32,10,4,0,32,32,32,0,160,0,0,8,533,792,32,1328,32,5836,2254,2,3581,1000
DEFAULT_EQ,Q7,DEFAULT,baseSeed=626|nTx=32|nValidators=10|nShards=4|committee=3|quorum=2|loadThreshold=55|maxTime=180|crossShardPct=0|requestOfflinePct=0|receiptDropPct=0|ownerCap=3000|mobileThreshold=35,7,12,626,50,COMPLETE,32,32,32,15,32,10,4,0,32,32,32,0,160,0,0,8,533,771,32,1295,32,4562,1967,2,3677,1000
DEFAULT_EQ,Q7,DEFAULT,baseSeed=626|nTx=32|nValidators=10|nShards=4|committee=3|quorum=2|loadThreshold=55|maxTime=180|crossShardPct=0|requestOfflinePct=0|receiptDropPct=0|ownerCap=3000|mobileThreshold=35,7,13,626,50,COMPLETE,32,32,32,16,32,10,4,0,32,32,32,0,160,0,0,7,532,782,32,1312,32,5850,2631,2,4543,1000
DEFAULT_EQ,Q7,DEFAULT,baseSeed=626|nTx=32|nValidators=10|nShards=4|committee=3|quorum=2|loadThreshold=55|maxTime=180|crossShardPct=0|requestOfflinePct=0|receiptDropPct=0|ownerCap=3000|mobileThreshold=35,7,14,626,50,COMPLETE,32,32,32,15,32,10,4,0,32,32,32,0,160,0,0,8,533,771,32,1295,32,5668,2344,2,4014,1000
DEFAULT_EQ,Q7,DEFAULT,baseSeed=626|nTx=32|nValidators=10|nShards=4|committee=3|quorum=2|loadThreshold=55|maxTime=180|crossShardPct=0|requestOfflinePct=0|receiptDropPct=0|ownerCap=3000|mobileThreshold=35,7,15,626,50,COMPLETE,32,32,32,14,32,10,4,0,32,32,32,0,160,0,0,9,534,763,32,1281,32,5408,2229,2,3894,500
DEFAULT_EQ,Q7,DEFAULT,baseSeed=626|nTx=32|nValidators=10|nShards=4|committee=3|quorum=2|loadThreshold=55|maxTime=180|crossShardPct=0|requestOfflinePct=0|receiptDropPct=0|ownerCap=3000|mobileThreshold=35,7,16,626,50,COMPLETE,32,32,32,16,32,10,4,0,32,32,32,0,160,0,0,7,532,781,32,1311,32,5889,2328,2,3798,1000
DEFAULT_EQ,Q7,DEFAULT,baseSeed=626|nTx=32|nValidators=10|nShards=4|committee=3|quorum=2|loadThreshold=55|maxTime=180|crossShardPct=0|requestOfflinePct=0|receiptDropPct=0|ownerCap=3000|mobileThreshold=35,7,17,626,50,COMPLETE,32,32,32,16,32,10,4,0,32,32,32,0,160,0,0,7,532,783,32,1313,32,5754,2269,2,3798,1000
DEFAULT_EQ,Q7,DEFAULT,baseSeed=626|nTx=32|nValidators=10|nShards=4|committee=3|quorum=2|loadThreshold=55|maxTime=180|crossShardPct=0|requestOfflinePct=0|receiptDropPct=0|ownerCap=3000|mobileThreshold=35,7,18,626,50,COMPLETE,32,32,32,16,32,10,4,0,32,32,32,0,160,0,0,7,532,784,32,1314,32,6278,2765,2,4543,1000
DEFAULT_EQ,Q7,DEFAULT,baseSeed=626|nTx=32|nValidators=10|nShards=4|committee=3|quorum=2|loadThreshold=55|maxTime=180|crossShardPct=0|requestOfflinePct=0|receiptDropPct=0|ownerCap=3000|mobileThreshold=35,7,19,626,50,COMPLETE,32,32,32,17,32,10,4,0,32,32,32,0,160,0,0,8,533,793,32,1329,32,5423,2135,2,3581,1000
DEFAULT_EQ,Q7,DEFAULT,baseSeed=626|nTx=32|nValidators=10|nShards=4|committee=3|quorum=2|loadThreshold=55|maxTime=180|crossShardPct=0|requestOfflinePct=0|receiptDropPct=0|ownerCap=3000|mobileThreshold=35,7,20,626,50,COMPLETE,32,32,32,14,32,10,4,0,32,32,32,0,160,0,0,8,533,761,32,1279,32,6105,3000,2,5048,1000
DEFAULT_EQ,Q7,DEFAULT,baseSeed=626|nTx=32|nValidators=10|nShards=4|committee=3|quorum=2|loadThreshold=55|maxTime=180|crossShardPct=0|requestOfflinePct=0|receiptDropPct=0|ownerCap=3000|mobileThreshold=35,7,21,626,51,COMPLETE,32,32,32,16,32,10,4,0,32,32,32,0,160,0,0,11,536,784,32,1314,32,5355,2156,2,3750,500
DEFAULT_EQ,Q7,DEFAULT,baseSeed=626|nTx=32|nValidators=10|nShards=4|committee=3|quorum=2|loadThreshold=55|maxTime=180|crossShardPct=0|requestOfflinePct=0|receiptDropPct=0|ownerCap=3000|mobileThreshold=35,7,22,626,50,COMPLETE,32,32,32,16,32,10,4,0,32,32,32,0,160,0,0,7,532,784,32,1314,32,5581,2144,2,3461,1000
DEFAULT_EQ,Q7,DEFAULT,baseSeed=626|nTx=32|nValidators=10|nShards=4|committee=3|quorum=2|loadThreshold=55|maxTime=180|crossShardPct=0|requestOfflinePct=0|receiptDropPct=0|ownerCap=3000|mobileThreshold=35,7,23,626,50,COMPLETE,32,32,32,15,32,10,4,0,32,32,32,0,160,0,0,8,533,770,32,1294,32,5711,2277,2,3870,1000
DEFAULT_EQ,Q7,DEFAULT,baseSeed=626|nTx=32|nValidators=10|nShards=4|committee=3|quorum=2|loadThreshold=55|maxTime=180|crossShardPct=0|requestOfflinePct=0|receiptDropPct=0|ownerCap=3000|mobileThreshold=35,7,24,626,50,COMPLETE,32,32,32,15,32,10,4,0,32,32,32,0,160,0,0,8,533,771,32,1295,32,5120,2154,2,3918,1100
DEFAULT_EQ,Q7,DEFAULT,baseSeed=626|nTx=32|nValidators=10|nShards=4|committee=3|quorum=2|loadThreshold=55|maxTime=180|crossShardPct=0|requestOfflinePct=0|receiptDropPct=0|ownerCap=3000|mobileThreshold=35,7,25,626,50,COMPLETE,32,32,32,15,32,10,4,0,32,32,32,0,160,0,0,8,533,770,32,1294,32,4629,1961,2,3677,1000
DEFAULT_EQ,Q7,DEFAULT,baseSeed=626|nTx=32|nValidators=10|nShards=4|committee=3|quorum=2|loadThreshold=55|maxTime=180|crossShardPct=0|requestOfflinePct=0|receiptDropPct=0|ownerCap=3000|mobileThreshold=35,7,26,626,50,COMPLETE,32,32,32,16,32,10,4,0,32,32,32,0,160,0,0,7,532,783,32,1313,32,5177,1992,2,3461,1000
DEFAULT_EQ,Q7,DEFAULT,baseSeed=626|nTx=32|nValidators=10|nShards=4|committee=3|quorum=2|loadThreshold=55|maxTime=180|crossShardPct=0|requestOfflinePct=0|receiptDropPct=0|ownerCap=3000|mobileThreshold=35,7,27,626,50,COMPLETE,32,32,32,15,32,10,4,0,32,32,32,0,160,0,0,8,533,770,32,1294,32,5177,2170,2,3677,1000
DEFAULT_EQ,Q7,DEFAULT,baseSeed=626|nTx=32|nValidators=10|nShards=4|committee=3|quorum=2|loadThreshold=55|maxTime=180|crossShardPct=0|requestOfflinePct=0|receiptDropPct=0|ownerCap=3000|mobileThreshold=35,7,28,626,50,COMPLETE,32,32,32,16,32,10,4,0,32,32,32,0,160,0,0,7,532,783,32,1313,32,6264,2765,2,4567,1000
DEFAULT_EQ,Q7,DEFAULT,baseSeed=626|nTx=32|nValidators=10|nShards=4|committee=3|quorum=2|loadThreshold=55|maxTime=180|crossShardPct=0|requestOfflinePct=0|receiptDropPct=0|ownerCap=3000|mobileThreshold=35,7,29,626,50,COMPLETE,32,32,32,15,32,10,4,0,32,32,32,0,160,0,0,8,533,773,32,1297,32,5759,3064,1,5192,1000
DEFAULT_EQ,Q7,DEFAULT,baseSeed=626|nTx=32|nValidators=10|nShards=4|committee=3|quorum=2|loadThreshold=55|maxTime=180|crossShardPct=0|requestOfflinePct=0|receiptDropPct=0|ownerCap=3000|mobileThreshold=35,7,30,626,50,COMPLETE,32,32,32,15,32,10,4,0,32,32,32,0,160,0,0,8,533,773,32,1297,32,5298,2103,2,3677,1000
DEFAULT_EQ,Q7,DEFAULT,baseSeed=626|nTx=32|nValidators=10|nShards=4|committee=3|quorum=2|loadThreshold=55|maxTime=180|crossShardPct=0|requestOfflinePct=0|receiptDropPct=0|ownerCap=3000|mobileThreshold=35,7,31,626,50,COMPLETE,32,32,32,17,32,10,4,0,32,32,32,0,160,0,0,10,535,793,32,1329,32,5855,2622,2,4543,700
DEFAULT_EQ,Q7,DEFAULT,baseSeed=626|nTx=32|nValidators=10|nShards=4|committee=3|quorum=2|loadThreshold=55|maxTime=180|crossShardPct=0|requestOfflinePct=0|receiptDropPct=0|ownerCap=3000|mobileThreshold=35,7,32,626,50,COMPLETE,32,32,32,16,32,10,4,0,32,32,32,0,160,0,0,7,532,782,32,1312,32,4884,1924,2,3461,1000
DEFAULT_EQ,Q7,DEFAULT,baseSeed=626|nTx=32|nValidators=10|nShards=4|committee=3|quorum=2|loadThreshold=55|maxTime=180|crossShardPct=0|requestOfflinePct=0|receiptDropPct=0|ownerCap=3000|mobileThreshold=35,7,33,626,50,COMPLETE,32,32,32,15,32,10,4,0,32,32,32,0,160,0,0,9,534,771,32,1295,32,5985,2409,2,3870,1000
DEFAULT_EQ,Q7,DEFAULT,baseSeed=626|nTx=32|nValidators=10|nShards=4|committee=3|quorum=2|loadThreshold=55|maxTime=180|crossShardPct=0|requestOfflinePct=0|receiptDropPct=0|ownerCap=3000|mobileThreshold=35,7,34,626,50,COMPLETE,32,32,32,16,32,10,4,0,32,32,32,0,160,0,0,7,532,784,32,1314,32,5889,2925,2,4975,1000
DEFAULT_EQ,Q7,DEFAULT,baseSeed=626|nTx=32|nValidators=10|nShards=4|committee=3|quorum=2|loadThreshold=55|maxTime=180|crossShardPct=0|requestOfflinePct=0|receiptDropPct=0|ownerCap=3000|mobileThreshold=35,7,35,626,50,COMPLETE,32,32,32,15,32,10,4,0,32,32,32,0,160,0,0,8,533,770,32,1294,32,6346,2882,2,4735,1000
DEFAULT_EQ,Q7,DEFAULT,baseSeed=626|nTx=32|nValidators=10|nShards=4|committee=3|quorum=2|loadThreshold=55|maxTime=180|crossShardPct=0|requestOfflinePct=0|receiptDropPct=0|ownerCap=3000|mobileThreshold=35,7,36,626,50,COMPLETE,32,32,32,15,32,10,4,0,32,32,32,0,160,0,0,8,533,770,32,1294,32,5947,2655,2,4543,1000
DEFAULT_EQ,Q7,DEFAULT,baseSeed=626|nTx=32|nValidators=10|nShards=4|committee=3|quorum=2|loadThreshold=55|maxTime=180|crossShardPct=0|requestOfflinePct=0|receiptDropPct=0|ownerCap=3000|mobileThreshold=35,7,37,626,50,COMPLETE,32,32,32,16,32,10,4,0,32,32,32,0,160,0,0,7,532,785,32,1315,32,5399,2067,2,3461,1000
DEFAULT_EQ,Q7,DEFAULT,baseSeed=626|nTx=32|nValidators=10|nShards=4|committee=3|quorum=2|loadThreshold=55|maxTime=180|crossShardPct=0|requestOfflinePct=0|receiptDropPct=0|ownerCap=3000|mobileThreshold=35,7,38,626,50,COMPLETE,32,32,32,16,32,10,4,0,32,32,32,0,160,0,0,7,532,784,32,1314,32,5639,2226,2,3798,1000
DEFAULT_EQ,Q7,DEFAULT,baseSeed=626|nTx=32|nValidators=10|nShards=4|committee=3|quorum=2|loadThreshold=55|maxTime=180|crossShardPct=0|requestOfflinePct=0|receiptDropPct=0|ownerCap=3000|mobileThreshold=35,7,39,626,50,COMPLETE,32,32,32,16,32,10,4,0,32,32,32,0,160,0,0,7,532,784,32,1314,32,5543,2232,2,3798,1000
DEFAULT_EQ,Q7,DEFAULT,baseSeed=626|nTx=32|nValidators=10|nShards=4|committee=3|quorum=2|loadThreshold=55|maxTime=180|crossShardPct=0|requestOfflinePct=0|receiptDropPct=0|ownerCap=3000|mobileThreshold=35,7,40,626,50,COMPLETE,32,32,32,15,32,10,4,0,32,32,32,0,160,0,0,8,533,773,32,1297,32,5764,2285,2,4687,1000
DEFAULT_EQ,Q7,DEFAULT,baseSeed=626|nTx=32|nValidators=10|nShards=4|committee=3|quorum=2|loadThreshold=55|maxTime=180|crossShardPct=0|requestOfflinePct=0|receiptDropPct=0|ownerCap=3000|mobileThreshold=35,7,41,626,50,COMPLETE,32,32,32,16,32,10,4,0,32,32,32,0,160,0,0,7,532,784,32,1314,32,5754,2269,2,4134,1000
DEFAULT_EQ,Q7,DEFAULT,baseSeed=626|nTx=32|nValidators=10|nShards=4|committee=3|quorum=2|loadThreshold=55|maxTime=180|crossShardPct=0|requestOfflinePct=0|receiptDropPct=0|ownerCap=3000|mobileThreshold=35,7,42,626,50,COMPLETE,32,32,32,15,32,10,4,0,32,32,32,0,160,0,0,9,534,770,32,1294,32,4788,1981,3,3677,500
DEFAULT_EQ,Q7,DEFAULT,baseSeed=626|nTx=32|nValidators=10|nShards=4|committee=3|quorum=2|loadThreshold=55|maxTime=180|crossShardPct=0|requestOfflinePct=0|receiptDropPct=0|ownerCap=3000|mobileThreshold=35,7,43,626,50,COMPLETE,32,32,32,16,32,10,4,0,32,32,32,0,160,0,0,7,532,785,32,1315,32,5543,2216,2,3798,1000
DEFAULT_EQ,Q7,DEFAULT,baseSeed=626|nTx=32|nValidators=10|nShards=4|committee=3|quorum=2|loadThreshold=55|maxTime=180|crossShardPct=0|requestOfflinePct=0|receiptDropPct=0|ownerCap=3000|mobileThreshold=35,7,44,626,50,COMPLETE,32,32,32,14,32,10,4,0,32,32,32,0,160,0,0,7,532,756,32,1274,32,6235,2742,2,4423,1300
DEFAULT_EQ,Q7,DEFAULT,baseSeed=626|nTx=32|nValidators=10|nShards=4|committee=3|quorum=2|loadThreshold=55|maxTime=180|crossShardPct=0|requestOfflinePct=0|receiptDropPct=0|ownerCap=3000|mobileThreshold=35,7,45,626,50,COMPLETE,32,32,32,15,32,10,4,0,32,32,32,0,160,0,0,8,533,771,32,1295,32,5437,2138,2,3677,1000
DEFAULT_EQ,Q7,DEFAULT,baseSeed=626|nTx=32|nValidators=10|nShards=4|committee=3|quorum=2|loadThreshold=55|maxTime=180|crossShardPct=0|requestOfflinePct=0|receiptDropPct=0|ownerCap=3000|mobileThreshold=35,7,46,626,50,COMPLETE,32,32,32,15,32,10,4,0,32,32,32,0,160,0,0,8,533,768,32,1292,32,6668,3165,2,4975,1000
DEFAULT_EQ,Q7,DEFAULT,baseSeed=626|nTx=32|nValidators=10|nShards=4|committee=3|quorum=2|loadThreshold=55|maxTime=180|crossShardPct=0|requestOfflinePct=0|receiptDropPct=0|ownerCap=3000|mobileThreshold=35,7,47,626,50,COMPLETE,32,32,32,15,32,10,4,0,32,32,32,0,160,0,0,9,534,773,32,1297,32,5317,2199,2,3918,500
DEFAULT_EQ,Q7,DEFAULT,baseSeed=626|nTx=32|nValidators=10|nShards=4|committee=3|quorum=2|loadThreshold=55|maxTime=180|crossShardPct=0|requestOfflinePct=0|receiptDropPct=0|ownerCap=3000|mobileThreshold=35,7,48,626,50,COMPLETE,32,32,32,16,32,10,4,0,32,32,32,0,160,0,0,7,532,785,32,1315,32,6307,2772,2,4543,1000
DEFAULT_EQ,Q7,DEFAULT,baseSeed=626|nTx=32|nValidators=10|nShards=4|committee=3|quorum=2|loadThreshold=55|maxTime=180|crossShardPct=0|requestOfflinePct=0|receiptDropPct=0|ownerCap=3000|mobileThreshold=35,7,49,626,50,COMPLETE,32,32,32,16,32,10,4,0,32,32,32,0,160,0,0,7,532,782,32,1312,32,5831,2282,2,3798,1000
DEFAULT_EQ,Q7,DEFAULT,baseSeed=626|nTx=32|nValidators=10|nShards=4|committee=3|quorum=2|loadThreshold=55|maxTime=180|crossShardPct=0|requestOfflinePct=0|receiptDropPct=0|ownerCap=3000|mobileThreshold=35,7,50,626,50,COMPLETE,32,32,32,15,32,10,4,0,32,32,32,0,160,0,0,8,533,772,32,1296,32,5524,2156,2,3677,1000
DEFAULT_EQ,Q7,DEFAULT,baseSeed=626|nTx=32|nValidators=10|nShards=4|committee=3|quorum=2|loadThreshold=55|maxTime=180|crossShardPct=0|requestOfflinePct=0|receiptDropPct=0|ownerCap=3000|mobileThreshold=35,7,51,626,50,COMPLETE,32,32,32,16,32,10,4,0,32,32,32,0,160,0,0,7,532,784,32,1314,32,6918,3218,2,4975,1000
DEFAULT_EQ,Q7,DEFAULT,baseSeed=626|nTx=32|nValidators=10|nShards=4|committee=3|quorum=2|loadThreshold=55|maxTime=180|crossShardPct=0|requestOfflinePct=0|receiptDropPct=0|ownerCap=3000|mobileThreshold=35,7,52,626,50,COMPLETE,32,32,32,15,32,10,4,0,32,32,32,0,160,0,0,8,533,769,32,1293,32,5341,2249,2,4014,1000
DEFAULT_EQ,Q7,DEFAULT,baseSeed=626|nTx=32|nValidators=10|nShards=4|committee=3|quorum=2|loadThreshold=55|maxTime=180|crossShardPct=0|requestOfflinePct=0|receiptDropPct=0|ownerCap=3000|mobileThreshold=35,7,53,626,50,COMPLETE,32,32,32,16,32,10,4,0,32,32,32,0,160,0,0,7,532,785,32,1315,32,6307,2772,2,4543,1000
DEFAULT_EQ,Q7,DEFAULT,baseSeed=626|nTx=32|nValidators=10|nShards=4|committee=3|quorum=2|loadThreshold=55|maxTime=180|crossShardPct=0|requestOfflinePct=0|receiptDropPct=0|ownerCap=3000|mobileThreshold=35,7,54,626,50,COMPLETE,32,32,32,15,32,10,4,0,32,32,32,0,160,0,0,9,534,773,32,1297,32,5778,2339,2,3966,500
DEFAULT_EQ,Q7,DEFAULT,baseSeed=626|nTx=32|nValidators=10|nShards=4|committee=3|quorum=2|loadThreshold=55|maxTime=180|crossShardPct=0|requestOfflinePct=0|receiptDropPct=0|ownerCap=3000|mobileThreshold=35,7,55,626,50,COMPLETE,32,32,32,16,32,10,4,0,32,32,32,0,160,0,0,7,532,784,32,1314,32,5447,2113,2,3461,1000
DEFAULT_EQ,Q7,DEFAULT,baseSeed=626|nTx=32|nValidators=10|nShards=4|committee=3|quorum=2|loadThreshold=55|maxTime=180|crossShardPct=0|requestOfflinePct=0|receiptDropPct=0|ownerCap=3000|mobileThreshold=35,7,56,626,50,COMPLETE,32,32,32,15,32,10,4,0,32,32,32,0,160,0,0,9,534,769,32,1293,32,5985,2401,2,3966,500
DEFAULT_EQ,Q7,DEFAULT,baseSeed=626|nTx=32|nValidators=10|nShards=4|committee=3|quorum=2|loadThreshold=55|maxTime=180|crossShardPct=0|requestOfflinePct=0|receiptDropPct=0|ownerCap=3000|mobileThreshold=35,7,57,626,50,COMPLETE,32,32,32,15,32,10,4,0,32,32,32,0,160,0,0,8,533,768,32,1292,32,5764,2402,2,4110,1100
DEFAULT_EQ,Q7,DEFAULT,baseSeed=626|nTx=32|nValidators=10|nShards=4|committee=3|quorum=2|loadThreshold=55|maxTime=180|crossShardPct=0|requestOfflinePct=0|receiptDropPct=0|ownerCap=3000|mobileThreshold=35,7,58,626,50,COMPLETE,32,32,32,16,32,10,4,0,32,32,32,0,160,0,0,7,532,785,32,1315,32,5543,2091,2,3461,1000
DEFAULT_EQ,Q7,DEFAULT,baseSeed=626|nTx=32|nValidators=10|nShards=4|committee=3|quorum=2|loadThreshold=55|maxTime=180|crossShardPct=0|requestOfflinePct=0|receiptDropPct=0|ownerCap=3000|mobileThreshold=35,7,59,626,50,COMPLETE,32,32,32,15,32,10,4,0,32,32,32,0,160,0,0,8,533,773,32,1297,32,6000,2431,2,4206,1000
DEFAULT_EQ,Q7,DEFAULT,baseSeed=626|nTx=32|nValidators=10|nShards=4|committee=3|quorum=2|loadThreshold=55|maxTime=180|crossShardPct=0|requestOfflinePct=0|receiptDropPct=0|ownerCap=3000|mobileThreshold=35,7,60,626,50,COMPLETE,32,32,32,15,32,10,4,0,32,32,32,0,160,0,0,8,533,772,32,1296,32,5591,2299,2,4014,1000
DEFAULT_EQ,Q7,DEFAULT,baseSeed=626|nTx=32|nValidators=10|nShards=4|committee=3|quorum=2|loadThreshold=55|maxTime=180|crossShardPct=0|requestOfflinePct=0|receiptDropPct=0|ownerCap=3000|mobileThreshold=35,7,61,626,50,COMPLETE,32,32,32,16,32,10,4,0,32,32,32,0,160,0,0,7,532,784,32,1314,32,6158,2902,2,4879,1000
DEFAULT_EQ,Q7,DEFAULT,baseSeed=626|nTx=32|nValidators=10|nShards=4|committee=3|quorum=2|loadThreshold=55|maxTime=180|crossShardPct=0|requestOfflinePct=0|receiptDropPct=0|ownerCap=3000|mobileThreshold=35,7,62,626,50,COMPLETE,32,32,32,16,32,10,4,0,32,32,32,0,160,0,0,7,532,784,32,1314,32,6514,2632,2,3990,1000
DEFAULT_EQ,Q7,DEFAULT,baseSeed=626|nTx=32|nValidators=10|nShards=4|committee=3|quorum=2|loadThreshold=55|maxTime=180|crossShardPct=0|requestOfflinePct=0|receiptDropPct=0|ownerCap=3000|mobileThreshold=35,7,63,626,50,COMPLETE,32,32,32,16,32,10,4,0,32,32,32,0,160,0,0,7,532,782,32,1312,32,5774,2221,2,3461,1000
DEFAULT_EQ,Q7,DEFAULT,baseSeed=626|nTx=32|nValidators=10|nShards=4|committee=3|quorum=2|loadThreshold=55|maxTime=180|crossShardPct=0|requestOfflinePct=0|receiptDropPct=0|ownerCap=3000|mobileThreshold=35,7,64,626,50,COMPLETE,32,32,32,16,32,10,4,0,32,32,32,0,160,0,0,7,532,783,32,1313,32,6668,3165,2,4975,1000
DEFAULT_EQ,Q7,DEFAULT,baseSeed=626|nTx=32|nValidators=10|nShards=4|committee=3|quorum=2|loadThreshold=55|maxTime=180|crossShardPct=0|requestOfflinePct=0|receiptDropPct=0|ownerCap=3000|mobileThreshold=35,7,65,626,50,COMPLETE,32,32,32,17,32,10,4,0,32,32,32,0,160,0,0,9,534,794,32,1330,32,5144,2019,2,3581,600
DEFAULT_EQ,Q7,DEFAULT,baseSeed=626|nTx=32|nValidators=10|nShards=4|committee=3|quorum=2|loadThreshold=55|maxTime=180|crossShardPct=0|requestOfflinePct=0|receiptDropPct=0|ownerCap=3000|mobileThreshold=35,7,66,626,50,COMPLETE,32,32,32,16,32,10,4,0,32,32,32,0,160,0,0,7,532,783,32,1313,32,5990,2692,2,4543,1000
DEFAULT_EQ,Q7,DEFAULT,baseSeed=626|nTx=32|nValidators=10|nShards=4|committee=3|quorum=2|loadThreshold=55|maxTime=180|crossShardPct=0|requestOfflinePct=0|receiptDropPct=0|ownerCap=3000|mobileThreshold=35,7,67,626,50,COMPLETE,32,32,32,15,32,10,4,0,32,32,32,0,160,0,0,9,534,770,32,1294,32,6302,2521,2,3918,500
DEFAULT_EQ,Q7,DEFAULT,baseSeed=626|nTx=32|nValidators=10|nShards=4|committee=3|quorum=2|loadThreshold=55|maxTime=180|crossShardPct=0|requestOfflinePct=0|receiptDropPct=0|ownerCap=3000|mobileThreshold=35,7,68,626,50,COMPLETE,32,32,32,15,32,10,4,0,32,32,32,0,160,0,0,8,533,772,32,1296,32,5413,2126,2,4062,1000
DEFAULT_EQ,Q7,DEFAULT,baseSeed=626|nTx=32|nValidators=10|nShards=4|committee=3|quorum=2|loadThreshold=55|maxTime=180|crossShardPct=0|requestOfflinePct=0|receiptDropPct=0|ownerCap=3000|mobileThreshold=35,7,69,626,50,COMPLETE,32,32,32,15,32,10,4,0,32,32,32,0,160,0,0,8,533,773,32,1297,32,6625,2985,2,4759,1100
DEFAULT_EQ,Q7,DEFAULT,baseSeed=626|nTx=32|nValidators=10|nShards=4|committee=3|quorum=2|loadThreshold=55|maxTime=180|crossShardPct=0|requestOfflinePct=0|receiptDropPct=0|ownerCap=3000|mobileThreshold=35,7,70,626,50,COMPLETE,32,32,32,15,32,10,4,0,32,32,32,0,160,0,0,8,533,770,32,1294,32,5302,2115,2,3677,1000
DEFAULT_EQ,Q7,DEFAULT,baseSeed=626|nTx=32|nValidators=10|nShards=4|committee=3|quorum=2|loadThreshold=55|maxTime=180|crossShardPct=0|requestOfflinePct=0|receiptDropPct=0|ownerCap=3000|mobileThreshold=35,7,71,626,50,COMPLETE,32,32,32,16,32,10,4,0,32,32,32,0,160,0,0,7,532,783,32,1313,32,5052,2048,2,3701,1000
DEFAULT_EQ,Q7,DEFAULT,baseSeed=626|nTx=32|nValidators=10|nShards=4|committee=3|quorum=2|loadThreshold=55|maxTime=180|crossShardPct=0|requestOfflinePct=0|receiptDropPct=0|ownerCap=3000|mobileThreshold=35,7,72,626,50,COMPLETE,32,32,32,14,32,10,4,0,32,32,32,0,160,0,0,8,533,762,32,1280,32,5980,2484,2,4182,1000
DEFAULT_EQ,Q7,DEFAULT,baseSeed=626|nTx=32|nValidators=10|nShards=4|committee=3|quorum=2|loadThreshold=55|maxTime=180|crossShardPct=0|requestOfflinePct=0|receiptDropPct=0|ownerCap=3000|mobileThreshold=35,7,73,626,50,COMPLETE,32,32,32,15,32,10,4,0,32,32,32,0,160,0,0,8,533,771,32,1295,32,5826,2346,2,3677,1000
DEFAULT_EQ,Q7,DEFAULT,baseSeed=626|nTx=32|nValidators=10|nShards=4|committee=3|quorum=2|loadThreshold=55|maxTime=180|crossShardPct=0|requestOfflinePct=0|receiptDropPct=0|ownerCap=3000|mobileThreshold=35,7,74,626,50,COMPLETE,32,32,32,16,32,10,4,0,32,32,32,0,160,0,0,7,532,781,32,1311,32,5524,2210,2,3798,1000
DEFAULT_EQ,Q7,DEFAULT,baseSeed=626|nTx=32|nValidators=10|nShards=4|committee=3|quorum=2|loadThreshold=55|maxTime=180|crossShardPct=0|requestOfflinePct=0|receiptDropPct=0|ownerCap=3000|mobileThreshold=35,7,75,626,50,COMPLETE,32,32,32,16,32,10,4,0,32,32,32,0,160,0,0,7,532,783,32,1313,32,5365,2214,2,3461,1000
DEFAULT_EQ,Q7,DEFAULT,baseSeed=626|nTx=32|nValidators=10|nShards=4|committee=3|quorum=2|loadThreshold=55|maxTime=180|crossShardPct=0|requestOfflinePct=0|receiptDropPct=0|ownerCap=3000|mobileThreshold=35,7,76,626,50,COMPLETE,32,32,32,15,32,10,4,0,32,32,32,0,160,0,0,8,533,771,32,1295,32,6500,3081,2,4975,1100
DEFAULT_EQ,Q7,DEFAULT,baseSeed=626|nTx=32|nValidators=10|nShards=4|committee=3|quorum=2|loadThreshold=55|maxTime=180|crossShardPct=0|requestOfflinePct=0|receiptDropPct=0|ownerCap=3000|mobileThreshold=35,7,77,626,50,COMPLETE,32,32,32,14,32,10,4,0,32,32,32,0,160,0,0,8,533,758,32,1276,32,4860,2226,2,4134,1100
DEFAULT_EQ,Q7,DEFAULT,baseSeed=626|nTx=32|nValidators=10|nShards=4|committee=3|quorum=2|loadThreshold=55|maxTime=180|crossShardPct=0|requestOfflinePct=0|receiptDropPct=0|ownerCap=3000|mobileThreshold=35,7,78,626,50,COMPLETE,32,32,32,15,32,10,4,0,32,32,32,0,160,0,0,10,535,771,32,1295,32,5783,2333,2,3966,600
DEFAULT_EQ,Q7,DEFAULT,baseSeed=626|nTx=32|nValidators=10|nShards=4|committee=3|quorum=2|loadThreshold=55|maxTime=180|crossShardPct=0|requestOfflinePct=0|receiptDropPct=0|ownerCap=3000|mobileThreshold=35,7,79,626,50,COMPLETE,32,32,32,15,32,10,4,0,32,32,32,0,160,0,0,8,533,769,32,1293,32,5293,2234,2,4014,1000
DEFAULT_EQ,Q7,DEFAULT,baseSeed=626|nTx=32|nValidators=10|nShards=4|committee=3|quorum=2|loadThreshold=55|maxTime=180|crossShardPct=0|requestOfflinePct=0|receiptDropPct=0|ownerCap=3000|mobileThreshold=35,7,80,626,50,COMPLETE,32,32,32,15,32,10,4,0,32,32,32,0,160,0,0,8,533,772,32,1296,32,5985,2344,2,3677,1000
DEFAULT_EQ,Q7,DEFAULT,baseSeed=626|nTx=32|nValidators=10|nShards=4|committee=3|quorum=2|loadThreshold=55|maxTime=180|crossShardPct=0|requestOfflinePct=0|receiptDropPct=0|ownerCap=3000|mobileThreshold=35,7,81,626,50,COMPLETE,32,32,32,16,32,10,4,0,32,32,32,0,160,0,0,7,532,785,32,1315,32,5870,2319,2,3701,1000
DEFAULT_EQ,Q7,DEFAULT,baseSeed=626|nTx=32|nValidators=10|nShards=4|committee=3|quorum=2|loadThreshold=55|maxTime=180|crossShardPct=0|requestOfflinePct=0|receiptDropPct=0|ownerCap=3000|mobileThreshold=35,7,82,626,50,COMPLETE,32,32,32,15,32,10,4,0,32,32,32,0,160,0,0,8,533,771,32,1295,32,5932,3080,1,5192,1000
DEFAULT_EQ,Q7,DEFAULT,baseSeed=626|nTx=32|nValidators=10|nShards=4|committee=3|quorum=2|loadThreshold=55|maxTime=180|crossShardPct=0|requestOfflinePct=0|receiptDropPct=0|ownerCap=3000|mobileThreshold=35,7,83,626,50,COMPLETE,32,32,32,16,32,10,4,0,32,32,32,0,160,0,0,7,532,779,32,1309,32,5831,2634,2,4543,1000
DEFAULT_EQ,Q7,DEFAULT,baseSeed=626|nTx=32|nValidators=10|nShards=4|committee=3|quorum=2|loadThreshold=55|maxTime=180|crossShardPct=0|requestOfflinePct=0|receiptDropPct=0|ownerCap=3000|mobileThreshold=35,7,84,626,50,COMPLETE,32,32,32,15,32,10,4,0,32,32,32,0,160,0,0,8,533,770,32,1294,32,5947,2655,2,4543,1000
DEFAULT_EQ,Q7,DEFAULT,baseSeed=626|nTx=32|nValidators=10|nShards=4|committee=3|quorum=2|loadThreshold=55|maxTime=180|crossShardPct=0|requestOfflinePct=0|receiptDropPct=0|ownerCap=3000|mobileThreshold=35,7,85,626,50,COMPLETE,32,32,32,15,32,10,4,0,32,32,32,0,160,0,0,8,533,772,32,1296,32,5302,2109,2,3677,1000
DEFAULT_EQ,Q7,DEFAULT,baseSeed=626|nTx=32|nValidators=10|nShards=4|committee=3|quorum=2|loadThreshold=55|maxTime=180|crossShardPct=0|requestOfflinePct=0|receiptDropPct=0|ownerCap=3000|mobileThreshold=35,7,86,626,50,COMPLETE,32,32,32,16,32,10,4,0,32,32,32,0,160,0,0,7,532,782,32,1312,32,4668,1976,2,3701,1000
DEFAULT_EQ,Q7,DEFAULT,baseSeed=626|nTx=32|nValidators=10|nShards=4|committee=3|quorum=2|loadThreshold=55|maxTime=180|crossShardPct=0|requestOfflinePct=0|receiptDropPct=0|ownerCap=3000|mobileThreshold=35,7,87,626,50,COMPLETE,32,32,32,15,32,10,4,0,32,32,32,0,160,0,0,8,533,773,32,1297,32,5673,2340,2,4014,1000
DEFAULT_EQ,Q7,DEFAULT,baseSeed=626|nTx=32|nValidators=10|nShards=4|committee=3|quorum=2|loadThreshold=55|maxTime=180|crossShardPct=0|requestOfflinePct=0|receiptDropPct=0|ownerCap=3000|mobileThreshold=35,7,88,626,50,COMPLETE,32,32,32,15,32,10,4,0,32,32,32,0,160,0,0,8,533,771,32,1295,32,4466,1937,2,3677,1000
DEFAULT_EQ,Q7,DEFAULT,baseSeed=626|nTx=32|nValidators=10|nShards=4|committee=3|quorum=2|loadThreshold=55|maxTime=180|crossShardPct=0|requestOfflinePct=0|receiptDropPct=0|ownerCap=3000|mobileThreshold=35,7,89,626,50,COMPLETE,32,32,32,15,32,10,4,0,32,32,32,0,160,0,0,8,533,771,32,1295,32,5264,2090,2,3677,1000
DEFAULT_EQ,Q7,DEFAULT,baseSeed=626|nTx=32|nValidators=10|nShards=4|committee=3|quorum=2|loadThreshold=55|maxTime=180|crossShardPct=0|requestOfflinePct=0|receiptDropPct=0|ownerCap=3000|mobileThreshold=35,7,90,626,50,COMPLETE,32,32,32,15,32,10,4,0,32,32,32,0,160,0,0,8,533,769,32,1293,32,5495,2143,2,3677,1000
DEFAULT_EQ,Q7,DEFAULT,baseSeed=626|nTx=32|nValidators=10|nShards=4|committee=3|quorum=2|loadThreshold=55|maxTime=180|crossShardPct=0|requestOfflinePct=0|receiptDropPct=0|ownerCap=3000|mobileThreshold=35,7,91,626,50,COMPLETE,32,32,32,16,32,10,4,0,32,32,32,0,160,0,0,7,532,785,32,1315,32,6067,2454,2,4038,1000
DEFAULT_EQ,Q7,DEFAULT,baseSeed=626|nTx=32|nValidators=10|nShards=4|committee=3|quorum=2|loadThreshold=55|maxTime=180|crossShardPct=0|requestOfflinePct=0|receiptDropPct=0|ownerCap=3000|mobileThreshold=35,7,92,626,50,COMPLETE,32,32,32,15,32,10,4,0,32,32,32,0,160,0,0,8,533,769,32,1293,32,6403,3319,1,5384,1000
DEFAULT_EQ,Q7,DEFAULT,baseSeed=626|nTx=32|nValidators=10|nShards=4|committee=3|quorum=2|loadThreshold=55|maxTime=180|crossShardPct=0|requestOfflinePct=0|receiptDropPct=0|ownerCap=3000|mobileThreshold=35,7,93,626,50,COMPLETE,32,32,32,15,32,10,4,0,32,32,32,0,160,0,0,8,533,770,32,1294,32,5653,2212,2,3677,1100
DEFAULT_EQ,Q7,DEFAULT,baseSeed=626|nTx=32|nValidators=10|nShards=4|committee=3|quorum=2|loadThreshold=55|maxTime=180|crossShardPct=0|requestOfflinePct=0|receiptDropPct=0|ownerCap=3000|mobileThreshold=35,7,94,626,50,COMPLETE,32,32,32,16,32,10,4,0,32,32,32,0,160,0,0,7,532,781,32,1311,32,5956,2865,2,4879,1000
DEFAULT_EQ,Q7,DEFAULT,baseSeed=626|nTx=32|nValidators=10|nShards=4|committee=3|quorum=2|loadThreshold=55|maxTime=180|crossShardPct=0|requestOfflinePct=0|receiptDropPct=0|ownerCap=3000|mobileThreshold=35,7,95,626,50,COMPLETE,32,32,32,16,32,10,4,0,32,32,32,0,160,0,0,7,532,783,32,1313,32,5158,2030,2,3461,1000
DEFAULT_EQ,Q7,DEFAULT,baseSeed=626|nTx=32|nValidators=10|nShards=4|committee=3|quorum=2|loadThreshold=55|maxTime=180|crossShardPct=0|requestOfflinePct=0|receiptDropPct=0|ownerCap=3000|mobileThreshold=35,7,96,626,50,COMPLETE,32,32,32,16,32,10,4,0,32,32,32,0,160,0,0,7,532,782,32,1312,32,5447,2069,2,3461,1000
DEFAULT_EQ,Q7,DEFAULT,baseSeed=626|nTx=32|nValidators=10|nShards=4|committee=3|quorum=2|loadThreshold=55|maxTime=180|crossShardPct=0|requestOfflinePct=0|receiptDropPct=0|ownerCap=3000|mobileThreshold=35,7,97,626,50,COMPLETE,32,32,32,16,32,10,4,0,32,32,32,0,160,0,0,7,532,779,32,1309,32,5173,2117,2,3798,1000
DEFAULT_EQ,Q7,DEFAULT,baseSeed=626|nTx=32|nValidators=10|nShards=4|committee=3|quorum=2|loadThreshold=55|maxTime=180|crossShardPct=0|requestOfflinePct=0|receiptDropPct=0|ownerCap=3000|mobileThreshold=35,7,98,626,50,COMPLETE,32,32,32,15,32,10,4,0,32,32,32,0,160,0,0,9,534,769,32,1293,32,6086,2844,2,4759,500
DEFAULT_EQ,Q7,DEFAULT,baseSeed=626|nTx=32|nValidators=10|nShards=4|committee=3|quorum=2|loadThreshold=55|maxTime=180|crossShardPct=0|requestOfflinePct=0|receiptDropPct=0|ownerCap=3000|mobileThreshold=35,7,99,626,50,COMPLETE,32,32,32,15,32,10,4,0,32,32,32,0,160,0,0,8,533,769,32,1293,32,5615,2317,2,4206,1000
DEFAULT_EQ,Q7,DEFAULT,baseSeed=626|nTx=32|nValidators=10|nShards=4|committee=3|quorum=2|loadThreshold=55|maxTime=180|crossShardPct=0|requestOfflinePct=0|receiptDropPct=0|ownerCap=3000|mobileThreshold=35,7,100,626,50,COMPLETE,32,32,32,16,32,10,4,0,32,32,32,0,160,0,0,7,532,785,32,1315,32,4966,1981,2,3461,1000
